y_true,y_prob
0,0.96175224
0,0.70094585
0,0.29409897
0,0.19525242
0,0.943527
0,0.8848399
0,0.33645636
0,0.22952148
0,0.85010624
0,0.9684659
0,0.16590793
0,0.23849462
0,0.58831203
0,0.8975184
0,0.6301046
0,0.23037615
0,0.5010483
0,0.9636283
0,0.87163234
0,0.1547507
0,0.01611204
0,0.00914261
0,0.017617228
0,0.009060156
0,0.03709159
0,0.7464816
0,0.03965458
0,0.06720558
0,0.072857745
0,0.006934894
0,0.044176806
0,0.05092676
0,0.04413374
0,0.09900784
0,0.014129513
0,0.030857503
0,0.008346337
0,0.006744759
0,0.011235425
0,0.023228642
0,0.0269308
0,0.0854469
0,0.023569005
0,0.02069731
0,0.056146473
0,0.057871025
0,0.03082401
0,0.07530416
0,0.9060855
0,0.12413432
0,0.008125973
0,0.010110239
0,0.034571525
0,0.03465241
0,0.03994579
0,0.017500315
0,0.01616406
0,0.07110308
0,0.03383157
0,0.029234717
0,0.043010484
0,0.052313928
0,0.030657198
0,0.012852956
0,0.028380157
0,0.039213076
0,0.006091326
0,0.042764314
0,0.02127526
0,0.015558678
0,0.025502386
0,0.04296952
0,0.046049606
0,0.044371475
0,0.018724414
0,0.017377228
0,0.021730293
0,0.009635113
0,0.018348498
0,0.0053448575
0,0.02487622
0,0.023309916
0,0.021980967
0,0.0155692
0,0.047747806
0,0.031758748
0,0.032331686
0,0.024942718
0,0.024850411
0,0.048576143
0,0.025485909
0,0.034003694
0,0.019738996
0,0.026676925
0,0.026381368
0,0.24307112
0,0.028050043
0,0.0058156266
0,0.045459457
0,0.053138204
0,0.020458521
0,0.014592319
0,0.007624587
0,0.045147162
0,0.0387548
0,0.010374788
0,0.0064825057
0,0.018512316
0,0.025662865
0,0.04310204
0,0.0078941835
0,0.009001603
0,0.021702921
0,0.022740867
0,0.02364614
0,0.01579779
0,0.020577116
0,0.03496074
0,0.12020586
0,0.015541568
0,0.026278825
0,0.08447618
0,0.02917247
0,0.088778496
0,0.03186529
0,0.025070095
0,0.059658635
0,0.056070972
0,0.04538849
0,0.028303837
0,0.014000592
0,0.069625996
0,0.04984815
0,0.036159076
0,0.024828969
0,0.04192773
0,0.05353117
0,0.023582079
0,0.052015174
0,0.02785169
0,0.92595506
0,0.026330214
0,0.02014408
0,0.11869717
0,0.02521463
0,0.03159078
0,0.054701746
0,0.037133247
0,0.016724791
0,0.014674179
0,0.02644536
0,0.010081022
0,0.010910547
0,0.17588995
0,0.043812715
0,0.0769277
0,0.02038377
0,0.025979154
0,0.024630362
0,0.0154012805
0,0.09667096
0,0.023059338
0,0.033360697
0,0.4174521
0,0.10616201
0,0.051045746
0,0.0069699716
0,0.01003858
0,0.0133042615
0,0.012608264
0,0.037211906
0,0.0062056663
0,0.014684573
0,0.009518632
0,0.008290607
0,0.024825644
0,0.03337296
0,0.016499376
0,0.029131591
0,0.028385807
0,0.030469319
0,0.016012631
0,0.01109352
0,0.044685684
0,0.03305803
0,0.021162372
0,0.0055292123
0,0.022795845
0,0.024099747
0,0.014983209
0,0.024345528
0,0.013371512
0,0.007826645
0,0.054071415
0,0.069988646
0,0.018102234
0,0.035647053
0,0.052038282
0,0.0566786
0,0.030964438
0,0.013361263
0,0.055008374
0,0.03254084
0,0.03091967
0,0.019382456
0,0.004378629
0,0.005270083
0,0.040981255
0,0.00976133
0,0.21238057
0,0.04027028
0,0.011020263
0,0.07155401
0,0.0077332035
0,0.03752291
0,0.011251629
0,0.008202141
0,0.011922687
0,0.013737921
0,0.012344126
0,0.028057238
0,0.014607918
0,0.014697308
0,0.042050287
0,0.040871166
0,0.017369682
0,0.028108958
0,0.024969231
0,0.014814038
0,0.021340236
0,0.024807716
0,0.022506526
0,0.22007321
0,0.015342396
0,0.03170629
0,0.032660622
0,0.019220838
0,0.03239663
0,0.013377818
0,0.02042899
0,0.013191481
0,0.030638725
0,0.03781828
0,0.008881004
0,0.01038877
0,0.025569526
0,0.014068752
0,0.010935497
0,0.02309384
0,0.022988329
0,0.043394502
0,0.032280885
0,0.011375241
0,0.009373062
0,0.020600526
0,0.22121963
0,0.06431616
0,0.025613302
0,0.05312921
0,0.008439024
0,0.031403452
0,0.056471698
0,0.029995667
0,0.03878277
0,0.03432474
0,0.016316094
0,0.012951281
0,0.0075141755
0,0.052727178
0,0.014801274
0,0.004799593
0,0.010437612
0,0.014649949
0,0.035349987
0,0.011832813
0,0.025728358
0,0.004873956
0,0.039709892
0,0.20977606
0,0.016675716
0,0.01288104
0,0.011739637
0,0.0049922103
0,0.011530818
0,0.013674973
0,0.06881666
0,0.009772051
0,0.02070693
0,0.010805954
0,0.009015655
0,0.02724759
0,0.02298455
0,0.0032006209
0,0.013694906
0,0.012105568
0,0.023528941
0,0.029097177
0,0.019363925
0,0.12698244
0,0.037528664
0,0.033199858
0,0.14532751
0,0.061181825
0,0.15436944
0,0.0888419
0,0.09994248
0,0.017136836
0,0.014686498
0,0.008076727
0,0.00299528
0,0.015604084
0,0.013161548
0,0.026842795
0,0.032403506
0,0.022004383
0,0.023634925
0,0.021319104
0,0.032604795
0,0.047170043
0,0.015971685
0,0.020653728
0,0.035450276
0,0.0337673
0,0.062012598
0,0.11246691
0,0.01969006
0,0.009294882
0,0.060103226
0,0.009862943
0,0.01676321
0,0.023283616
0,0.034481596
0,0.027844505
0,0.047096774
0,0.034410294
0,0.023056902
0,0.02692141
0,0.025285592
0,0.022146976
0,0.012691835
0,0.012024538
0,0.031918116
0,0.019808047
0,0.009484516
0,0.03335972
0,0.052023392
0,0.019081648
0,0.6594348
0,0.018566804
0,0.032221753
0,0.057206172
0,0.027305685
0,0.021684498
0,0.062150564
0,0.032478627
0,0.023888458
0,0.018308291
0,0.06412071
0,0.032780692
0,0.03005204
0,0.016807225
0,0.012190016
0,0.009518619
0,0.04554102
0,0.03581361
0,0.09731097
0,0.054817922
0,0.023917941
0,0.015621235
0,0.050184816
0,0.052962277
0,0.030174967
0,0.04140489
0,0.048737604
0,0.019052664
0,0.039881315
0,0.04620399
0,0.053401932
0,0.034808267
0,0.075061746
0,0.009800512
0,0.039345756
0,0.055681277
0,0.02646588
0,0.031853754
0,0.058273587
0,0.040305533
0,0.012565907
0,0.023965035
0,0.00905256
0,0.01862718
0,0.0142149525
0,0.1019376
0,0.0079682
0,0.019389616
0,0.017745223
0,0.0060494575
0,0.008341918
0,0.005291391
0,0.018161286
0,0.00440752
0,0.009996828
0,0.015738742
0,0.0071631307
0,0.010467866
0,0.024258021
0,0.009383552
0,0.009391894
0,0.009894201
0,0.02199347
0,0.037674
0,0.029023567
0,0.0100527145
0,0.020956162
0,0.0066199102
0,0.010403232
0,0.020399572
0,0.015697304
0,0.027781907
0,0.0074132835
0,0.014605901
0,0.01684584
0,0.02960574
0,0.007211785
0,0.016719695
0,0.014656622
0,0.058128096
0,0.035215534
0,0.0059187594
0,0.008194019
0,0.010526866
0,0.010927614
0,0.020902297
0,0.031822328
0,0.0059328177
0,0.007422942
0,0.012897463
0,0.025184536
0,0.28884816
0,0.018089592
0,0.03036748
0,0.021080486
0,0.006246686
0,0.010551081
0,0.020953981
0,0.015369383
0,0.013447807
0,0.18597838
0,0.009495427
0,0.060304757
0,0.006639119
0,0.01311977
0,0.026207196
0,0.011269634
0,0.01734834
0,0.005590564
0,0.00748267
0,0.013265464
0,0.018908273
0,0.056248657
0,0.014283028
0,0.99780995
0,0.00448886
0,0.002270122
0,0.023276145
0,0.028147515
0,0.015723746
0,0.05129549
0,0.016186325
0,0.018126583
0,0.0065001543
0,0.011724367
0,0.022891935
0,0.0048968033
0,0.018799989
0,0.034484018
0,0.015667163
0,0.012280682
0,0.014544145
0,0.0047489554
0,0.04307015
0,0.042193484
0,0.009191427
0,0.013350631
0,0.09983324
0,0.012077681
0,0.05001447
0,0.14535066
0,0.049336966
0,0.024921678
0,0.017044656
0,0.03866154
0,0.033370867
0,0.025797717
0,0.03127254
0,0.09988644
0,0.012726183
0,0.035465244
0,0.009864973
0,0.008381722
0,0.009213874
0,0.014349292
0,0.009778948
0,0.018887585
0,0.014395956
0,0.013757898
0,0.030120166
0,0.083024964
0,0.028359076
0,0.012886807
0,0.032869585
0,0.0049225874
0,0.00770274
0,0.005710064
0,0.014818515
0,0.028658072
0,0.02238038
0,0.09426218
0,0.022451982
0,0.008291477
0,0.057374086
0,0.04199425
0,0.03316603
0,0.050157994
0,0.027756374
0,0.012633887
0,0.015686274
0,0.06537358
0,0.10310456
0,0.054858085
0,0.45587185
0,0.053562198
0,0.027804868
0,0.07034065
0,0.15897283
0,0.05294433
0,0.006165803
0,0.021655688
0,0.010135286
0,0.009354424
0,0.018638005
0,0.011569262
0,0.0248403
0,0.0072422577
0,0.036036894
0,0.04451164
0,0.03244238
0,0.07962894
0,0.019703383
0,0.049188763
0,0.04936794
0,0.011770619
0,0.32009777
0,0.041966386
0,0.012441875
0,0.048496895
0,0.028434386
0,0.027603848
0,0.04448861
0,0.034888662
0,0.073874444
0,0.1564923
0,0.03706163
0,0.082105644
0,0.022563312
0,0.06602694
0,0.0336944
0,0.048924625
0,0.03601986
0,0.05411518
0,0.013059097
0,0.021116633
0,0.055773146
0,0.059171394
0,0.9248631
0,0.014336215
0,0.035208844
0,0.07182063
0,0.01400763
0,0.025729341
0,0.045639507
0,0.044800997
0,0.07357096
0,0.04591612
0,0.047931384
0,0.06438128
0,0.054166265
0,0.18568061
0,0.035244513
0,0.027370108
0,0.123321384
0,0.035575837
0,0.04126711
0,0.4856083
0,0.30681777
0,0.094908364
0,0.20252554
0,0.13876516
0,0.040955693
0,0.052668177
0,0.1574894
0,0.06299536
0,0.11889922
0,0.024142094
0,0.14865941
0,0.05428393
0,0.0528147
0,0.2050089
0,0.030422946
0,0.028879995
0,0.081669465
0,0.03159149
0,0.17735043
0,0.1454794
0,0.22636305
0,0.08197956
0,0.06233545
0,0.003832413
0,0.052251022
0,0.056826968
0,0.063330986
0,0.07858384
0,0.053549305
0,0.025994968
0,0.076098174
0,0.032939427
0,0.0631795
0,0.06731706
0,0.0402339
0,0.0150302
0,0.05130845
0,0.044756435
0,0.075306214
0,0.14364126
0,0.035465803
0,0.019427149
0,0.015073379
0,0.032416068
0,0.021923553
0,0.066458374
0,0.019064033
0,0.017815718
0,0.2107485
0,0.008028758
0,0.016089417
0,0.03399677
0,0.029869355
0,0.011181299
0,0.047151003
0,0.010928206
0,0.024902096
0,0.02694124
0,0.014764973
0,0.008424469
0,0.052401654
0,0.012321777
0,0.018339006
0,0.014459638
0,0.04931082
0,0.048555072
0,0.059258938
0,0.029360896
0,0.041638725
0,0.040014606
0,0.07267851
0,0.029592784
0,0.043528695
0,0.061292533
0,0.06051607
0,0.017420117
0,0.107959956
0,0.072841205
0,0.052848823
0,0.023098746
0,0.05925364
0,0.01919773
0,0.040330738
0,0.11390391
0,0.034023903
0,0.023140246
0,0.025916314
0,0.041043192
0,0.038043913
0,0.008860155
0,0.0075192912
0,0.030907596
0,0.015500751
0,0.823058
0,0.04220314
0,0.009896106
0,0.033954997
0,0.036228422
0,0.028068796
0,0.05301795
0,0.029579718
0,0.01687872
0,0.009373305
0,0.02517555
0,0.04181202
0,0.0408566
0,0.13570042
0,0.20842382
0,0.08850226
0,0.13473795
0,0.14125171
0,0.03806467
0,0.05282056
0,0.044568602
0,0.09948117
0,0.16992174
0,0.026457217
0,0.036034707
0,0.034557194
0,0.0086977985
0,0.0894754
0,0.07685456
0,0.044164486
0,0.06264285
0,0.86426
0,0.073066235
0,0.39229107
0,0.039383445
0,0.065886594
0,0.039365586
0,0.032478403
0,0.018342689
0,0.01707032
0,0.02528582
0,0.026629817
0,0.012036603
0,0.016427608
0,0.037955407
0,0.903417
0,0.004135042
0,0.04311787
0,0.0199912
0,0.04227166
0,0.047342744
0,0.01918016
0,0.047774024
0,0.034718327
0,0.032009937
0,0.0433348
0,0.018850148
0,0.02591924
0,0.03179766
0,0.07956262
0,0.16354053
0,0.03488868
0,0.05563248
0,0.0158252
0,0.07238432
0,0.08544261
0,0.05514449
0,0.3169689
0,0.037873786
0,0.0068763234
0,0.03275102
0,0.036481217
0,0.049647972
0,0.05595599
0,0.05416289
0,0.013196723
0,0.032365896
0,0.027051983
0,0.06401837
0,0.10590383
0,0.04342191
0,0.08658833
0,0.05857496
0,0.02837407
0,0.05779069
0,0.025147881
0,0.037353534
0,0.19202596
0,0.034328822
0,0.926782
0,0.35225224
0,0.047572754
0,0.035329126
0,0.03174195
0,0.04888667
0,0.07707862
0,0.056658886
0,0.035522867
0,0.06462894
0,0.04157147
0,0.03978574
0,0.09523939
0,0.044310175
0,0.07109957
0,0.038565975
0,0.027901726
0,0.078213796
0,0.19635615
0,0.032845158
0,0.031611476
0,0.07215098
0,0.030719545
0,0.2556071
0,0.03901796
0,0.103314795
0,0.043235775
0,0.088814676
0,0.12376315
0,0.041062094
0,0.12593946
0,0.14100434
0,0.022330828
0,0.078644596
0,0.10941779
0,0.04532504
0,0.061004225
0,0.042721156
0,0.0109962365
0,0.041160747
0,0.049543858
0,0.07114177
0,0.08027373
0,0.24096327
0,0.5443654
0,0.16743807
0,0.07026688
0,0.09475586
0,0.10792995
0,0.15105863
0,0.42953682
0,0.5481299
0,0.0954121
0,0.28745127
0,0.11878379
0,0.7849973
0,0.16271655
0,0.14244795
0,0.06116207
0,0.09189644
0,0.22780783
0,0.2691134
0,0.7059018
0,0.10327474
0,0.15105493
0,0.034826573
0,0.07266657
0,0.21811543
0,0.5240684
0,0.37677315
0,0.25117296
0,0.11180052
0,0.08972029
0,0.24784712
0,0.11870637
0,0.13222861
0,0.08673724
0,0.069629125
0,0.11386847
0,0.13303302
0,0.03401006
0,0.03518221
0,0.030254582
0,0.461697
0,0.061700802
0,0.047328833
0,0.09550946
0,0.033810724
0,0.06879909
0,0.21328144
0,0.94526345
0,0.09034648
0,0.025437776
0,0.050758533
0,0.1255049
0,0.20238182
0,0.7712054
0,0.14591236
0,0.029753134
0,0.059195418
0,0.0789598
0,0.055072665
0,0.052691247
0,0.08560122
0,0.044078827
0,0.08334872
0,0.053712245
0,0.071931295
0,0.052205868
0,0.084745884
0,0.052567974
0,0.02704266
0,0.08052054
0,0.05114725
0,0.060324173
0,0.017603047
0,0.074832
0,0.07579454
0,0.3473396
0,0.089967884
0,0.037258957
0,0.118465416
0,0.10351392
0,0.10431978
0,0.12517446
0,0.046515446
0,0.042025972
0,0.042271078
0,0.028397407
0,0.040046215
0,0.07980013
0,0.25828847
0,0.029530153
0,0.074850425
0,0.08248777
0,0.81553835
0,0.22276059
0,0.028620353
0,0.07339189
0,0.036373116
0,0.17891245
0,0.034577683
0,0.009931317
0,0.15283749
0,0.13331829
0,0.03630637
0,0.14456525
0,0.088347495
0,0.24352533
0,0.47167993
0,0.115807384
0,0.051282242
0,0.03333674
0,0.0813025
0,0.06847546
0,0.0441436
0,0.19821191
0,0.26042184
0,0.15224648
0,0.10973601
0,0.067765
0,0.0529604
0,0.15425193
0,0.78762776
0,0.18123491
0,0.5275877
0,0.045102566
0,0.12956762
0,0.03862659
0,0.105428495
0,0.052500915
0,0.09422958
0,0.04715085
0,0.07239849
0,0.10413976
0,0.06222394
0,0.11352855
0,0.08750049
0,0.053647906
0,0.040401038
0,0.80927414
0,0.099851266
0,0.0315195
0,0.17472212
0,0.08579364
0,0.03998498
0,0.019976385
0,0.05603606
0,0.026213257
0,0.08613034
0,0.03106922
0,0.031770892
0,0.008899578
0,0.061503135
0,0.051781982
0,0.18307184
0,0.06300439
0,0.023515463
0,0.064617075
0,0.071517944
0,0.098542444
0,0.21643972
0,0.03052628
0,0.22141401
0,0.031048378
0,0.049334705
0,0.029156316
0,0.012521917
0,0.025767282
0,0.04590455
0,0.16852544
0,0.6384885
0,0.08500021
0,0.015008474
0,0.8577276
0,0.05865221
0,0.12568915
0,0.0482644
0,0.13308452
0,0.021845235
0,0.025319517
0,0.014763925
0,0.027966445
0,0.024553705
0,0.26229122
0,0.08856761
0,0.9079154
0,0.13433765
0,0.11472998
0,0.09670009
0,0.16407289
0,0.019784613
0,0.0954219
0,0.079551354
0,0.027709087
0,0.033959866
0,0.040230583
0,0.028398076
0,0.26861545
0,0.0913205
0,0.027379474
0,0.0346916
0,0.014510847
0,0.115633026
0,0.047392808
0,0.03324835
0,0.03803784
0,0.09090517
0,0.17390452
0,0.46267426
0,0.05964147
0,0.10690016
0,0.039602768
0,0.04941858
0,0.04290212
0,0.077618025
0,0.028367229
0,0.030665275
0,0.015987288
0,0.05888799
0,0.025214769
0,0.01793079
0,0.01715846
0,0.023234257
0,0.033613436
0,0.023751413
0,0.03973407
0,0.019995376
0,0.020281265
0,0.07270462
0,0.034880772
0,0.96441865
0,0.0051526055
0,0.010263544
0,0.0347488
0,0.012190762
0,0.02689315
0,0.02548685
0,0.012193507
0,0.083292745
0,0.025892105
0,0.022005003
0,0.02935562
0,0.041814085
0,0.004842989
0,0.03983313
0,0.028216723
0,0.034337837
0,0.008245614
0,0.047828626
0,0.023939826
0,0.028585333
0,0.9538023
0,0.48523036
0,0.02177758
0,0.05267578
0,0.053666238
0,0.034927443
0,0.050241377
0,0.008908272
0,0.012808359
0,0.020014923
0,0.06464831
0,0.076644495
0,0.0029775242
0,0.023086118
0,0.040701814
0,0.044785064
0,0.07123861
0,0.08649439
0,0.021268507
0,0.076530896
0,0.015640616
0,0.043743107
0,0.10368635
0,0.39322576
0,0.038555663
0,0.014863922
0,0.046259332
0,0.02168056
0,0.038741425
0,0.13287592
0,0.06553193
0,0.23997296
0,0.059428975
0,0.023041211
0,0.06514157
0,0.036973555
0,0.04062327
0,0.09726599
0,0.08694334
0,0.08205299
0,0.065007105
0,0.047894146
0,0.15215486
0,0.099364616
0,0.041660238
0,0.94369704
0,0.65524256
0,0.053276584
0,0.012476844
0,0.0064632143
0,0.02469789
0,0.024391167
0,0.048021726
0,0.046512064
0,0.02645273
0,0.049302276
0,0.016044369
0,0.040588032
0,0.021312106
0,0.062469468
0,0.09442016
0,0.012470083
0,0.022165526
0,0.0308973
0,0.024974542
0,0.021168077
0,0.02808626
0,0.04730086
0,0.2744164
0,0.11292849
0,0.06599257
0,0.035489228
0,0.04282079
0,0.019035904
0,0.038907785
0,0.056970444
0,0.007850791
0,0.055444535
0,0.024275763
0,0.016017584
0,0.07749966
0,0.019189466
0,0.024974423
0,0.011988646
0,0.03654795
0,0.74695534
0,0.025909489
0,0.019895464
0,0.018506963
0,0.029120164
0,0.05145933
0,0.8977471
0,0.5948999
0,0.032318473
0,0.123048425
0,0.01766116
0,0.016070375
0,0.053830612
0,0.023745842
0,0.026660895
0,0.03480101
0,0.028530026
0,0.02780937
0,0.0466744
0,0.09356416
0,0.22275773
0,0.056186564
0,0.17587796
0,0.0588286
0,0.02740688
0,0.041953873
0,0.087493636
0,0.024494627
0,0.070771106
0,0.7528815
0,0.019593745
0,0.021744149
0,0.2061965
0,0.063838474
0,0.32837266
0,0.029035056
0,0.06932686
0,0.05100604
0,0.111753196
0,0.048709318
0,0.10910286
0,0.030476417
0,0.07957049
0,0.013550697
0,0.05869305
0,0.012763231
0,0.0050656716
0,0.12261434
0,0.0956665
0,0.0076103983
0,0.04214891
0,0.040558193
0,0.68694806
0,0.13864431
0,0.10840945
0,0.0057944255
0,0.031256016
0,0.021272331
0,0.032110356
0,0.035418827
0,0.011275666
0,0.012216042
0,0.01250503
0,0.016543632
0,0.06810321
0,0.03092789
0,0.04124381
0,0.058711633
0,0.0056103263
0,0.030259088
0,0.04020874
0,0.016678587
0,0.07339948
0,0.10474175
0,0.23958676
0,0.03551999
0,0.015630042
0,0.023066733
0,0.06046162
0,0.01983508
0,0.030167876
0,0.039133955
0,0.014989544
0,0.04213236
0,0.01246298
0,0.002509454
0,0.21972163
0,0.05199664
0,0.050634235
0,0.06375468
0,0.032550167
0,0.05000398
0,0.016839387
0,0.023876565
0,0.022279387
0,0.007179815
0,0.064545214
0,0.8871212
0,0.04433269
0,0.013957856
0,0.048010655
0,0.05674868
0,0.022532424
0,0.108005226
0,0.0063975253
0,0.681708
0,0.027075702
0,0.029314775
0,0.016110748
0,0.009207217
0,0.007211884
0,0.08375853
0,0.04299973
0,0.7989844
0,0.013913889
0,0.010951553
0,0.09557566
0,0.09253132
0,0.09849353
0,0.18392967
0,0.9704484
0,0.067053124
0,0.005726955
0,0.035028458
0,0.026002808
0,0.032117758
0,0.02824117
0,0.13150366
0,0.016519235
0,0.04408778
0,0.056398965
0,0.044364102
0,0.027364006
0,0.030362697
0,0.027913272
0,0.0053964294
0,0.018871844
0,0.043570414
0,0.056934204
0,0.06740736
0,0.068971045
0,0.008786985
0,0.2992343
0,0.27169403
0,0.047295675
0,0.15207578
0,0.020696798
0,0.09169686
0,0.065673545
0,0.011984376
0,0.02151597
0,0.036756583
0,0.046594728
0,0.048274223
0,0.04282082
0,0.04454132
0,0.025931468
0,0.0240226
0,0.12277376
0,0.04198437
0,0.023690326
0,0.022670373
0,0.01020065
0,0.045043953
0,0.026989464
0,0.4907026
0,0.0924096
0,0.081448786
0,0.026444066
0,0.029617792
0,0.03055775
0,0.10283551
0,0.03769071
0,0.13357139
0,0.034007687
0,0.045585696
0,0.047451254
0,0.03859442
0,0.050264727
0,0.007041679
0,0.04311364
0,0.020370495
0,0.029146807
0,0.019966468
0,0.051789626
0,0.0036799544
0,0.03334035
0,0.060344864
0,0.99759895
0,0.011713355
0,0.018280296
0,0.036668867
0,0.05147332
0,0.018247439
0,0.023300784
0,0.011783373
0,0.026969261
0,0.012860326
0,0.041842084
0,0.024158409
0,0.011119774
0,0.005036011
0,0.00365574
0,0.0053842254
0,0.023182748
0,0.07465422
0,0.007199678
0,0.071303405
0,0.025914779
0,0.033670157
0,0.36804268
0,0.054094974
0,0.005025497
0,0.017830951
0,0.013845726
0,0.0077087046
0,0.01417248
0,0.0116329705
0,0.0046184305
0,0.048025806
0,0.019017352
0,0.03423036
0,0.0048707235
0,0.053481918
0,0.013482754
0,0.022459488
0,0.04138032
0,0.017412642
0,0.016972361
0,0.012333237
0,0.010818597
0,0.03125915
0,0.07645942
0,0.87429875
0,0.21360295
0,0.02754076
0,0.039302647
0,0.06604388
0,0.114627056
0,0.028226933
0,0.02336201
0,0.17141812
0,0.067303784
0,0.016875923
0,0.02950015
0,0.049250137
0,0.015555428
0,0.011000776
0,0.031124793
0,0.029581606
0,0.025492717
0,0.1372893
0,0.028826954
0,0.04173085
0,0.17855251
0,0.81043863
0,0.727197
0,0.012679184
0,0.014622965
0,0.10623868
0,0.18083937
0,0.07305064
0,0.041174937
0,0.010856937
0,0.02100589
0,0.0186447
0,0.02143129
0,0.0052732714
0,0.025770392
0,0.064165644
0,0.033593733
0,0.027765898
0,0.022404894
0,0.019460252
0,0.02291613
0,0.09457769
0,0.014559094
0,0.030886706
0,0.67881
0,0.92807126
0,0.32352915
0,0.08215965
0,0.06817508
0,0.10905218
0,0.0032663269
0,0.08984323
0,0.027819289
0,0.010152201
0,0.0072138743
0,0.021591378
0,0.09888647
0,0.044753823
0,0.032710567
0,0.03173889
0,0.017040461
0,0.0018894218
0,0.014246989
0,0.041865155
0,0.053187966
0,0.04139009
0,0.015515748
0,0.021340393
0,0.5260111
0,0.11166046
0,0.019704692
0,0.021255689
0,0.0020079482
0,0.01905572
0,0.011085429
0,0.058244575
0,0.07435922
0,0.10721265
0,0.0066244896
0,0.01025691
0,0.034103714
0,0.014042532
0,0.014192227
0,0.041022927
0,0.08349829
0,0.11056205
0,0.054024596
0,0.023576183
0,0.023241453
0,0.06398752
0,0.30250204
0,0.21623515
0,0.007237781
0,0.015354849
0,0.011688331
0,0.021141311
0,0.029295135
0,0.061792377
0,0.06401293
0,0.004455673
0,0.0028375913
0,0.045071464
0,0.02619107
0,0.026960816
0,0.0048265597
0,0.012896637
0,0.019395482
0,0.037712462
0,0.04869253
0,0.037182625
0,0.007412323
0,0.038191393
0,0.6062875
0,0.23762172
0,0.011832507
0,0.04889079
0,0.008815011
0,0.08816047
0,0.03240841
0,0.062701784
0,0.107498854
0,0.03269144
0,0.057288397
0,0.109389134
0,0.05502191
0,0.058277354
0,0.0959557
0,0.06424945
0,0.007833513
0,0.08151581
0,0.008066423
0,0.05774055
0,0.024967303
0,0.011956484
0,0.048697963
0,0.37414396
0,0.017364083
0,0.010039628
0,0.011730833
0,0.05277035
0,0.039326932
0,0.026688237
0,0.09552738
0,0.025743464
0,0.0029495766
0,0.24238499
0,0.013304767
0,0.010314933
0,0.01611775
0,0.026207007
0,0.04084521
0,0.0062057017
0,0.01501326
0,0.055411607
0,0.044650644
0,0.02231821
0,0.0166909
0,0.7933102
0,0.18598336
0,0.0070582386
0,0.00032798774
0,0.004008418
0,0.010520168
0,0.039442133
0,0.033734478
0,0.008478952
0,0.016553782
0,0.03600138
0,0.030562595
0,0.120035574
0,0.046044435
0,0.0316656
0,0.097410165
0,0.006936033
0,0.009279321
0,0.02259081
0,0.028874014
0,0.120279364
0,0.06723647
0,0.05673754
0,0.703053
0,0.98583025
0,0.12727235
0,0.009197869
0,0.023644125
0,0.043903846
0,0.013053867
0,0.024547031
0,0.011115554
0,0.0194019
0,0.067092136
0,0.0103824185
0,0.013487506
0,0.0023430886
0,0.007053929
0,0.009427464
0,0.022851335
0,0.0050294474
0,0.04121598
0,0.011383529
0,0.081108466
0,0.04502084
0,0.012865716
0,0.052973628
0,0.55669916
0,0.002849663
0,0.02961609
0,0.018530488
0,0.0055659595
0,0.0456338
0,0.023874575
0,0.053386375
0,0.09582757
0,0.036622208
0,0.024537241
0,0.0016540326
0,0.003973187
0,0.02035008
0,0.008352725
0,0.0977273
0,0.043102894
0,0.006514199
0,0.0049854787
0,0.007462452
0,0.0040267925
0,0.015246408
0,0.13116181
0,0.025036769
0,0.004707698
0,0.02353066
0,0.047025155
0,0.027342742
0,0.032375373
0,0.0891471
0,0.0108202
0,0.029617885
0,0.008388418
0,0.034270573
0,0.06302131
0,0.0070967306
0,0.014202611
0,0.009634503
0,0.021231685
0,0.022552336
0,0.01320783
0,0.027610676
0,0.034659985
0,0.021428378
0,0.027671734
0,0.7890975
0,0.017806599
0,0.014311534
0,0.019861104
0,0.019039743
0,0.072091915
0,0.030093968
0,0.009020999
0,0.011502661
0,0.012514201
0,0.0052665547
0,0.012232387
0,0.026516901
0,0.08789332
0,0.020889759
0,0.008363641
0,0.029528212
0,0.02182907
0,0.038688064
0,0.009848987
0,0.014200254
0,0.0051891496
0,0.09931559
0,0.8855405
0,0.012641389
0,0.041628342
0,0.018257236
0,0.1016898
0,0.022513475
0,0.047182087
0,0.011092316
0,0.022565158
0,0.056362018
0,0.004214473
0,0.0035191253
0,0.028873175
0,0.031674244
0,0.020914137
0,0.017371815
0,0.0152437305
0,0.08093254
0,0.022782186
0,0.019700475
0,0.0020069222
0,0.034328926
0,0.99715924
0,0.7921061
0,0.016981527
0,0.015162026
0,0.0048814593
0,0.0074287313
0,0.0056557204
0,0.03634254
0,0.12559484
0,0.025112582
0,0.014080875
0,0.0036481994
0,0.038407806
0,0.007959822
0,0.0058469917
0,0.01739229
0,0.013769576
0,0.05692363
0,0.013970875
0,0.020860344
0,0.016408628
0,0.00507789
0,0.3362176
0,0.1422569
0,0.009325665
0,0.0059364443
0,0.010556408
0,0.0070344047
0,0.020381797
0,0.020643005
0,0.037999615
0,0.008865885
0,0.015749922
0,0.025337948
0,0.016380208
0,0.0060343775
0,0.012925868
0,0.010795892
0,0.014496779
0,0.012010264
0,0.008381987
0,0.011450971
0,0.0038203457
0,0.0226844
0,0.28104493
0,0.64959794
0,0.019661212
0,0.008556825
0,0.017276667
0,0.038754284
0,0.025414083
0,0.006062669
0,0.0043610237
0,0.021063402
0,0.014345449
0,0.050605796
0,0.031738117
0,0.01337761
0,0.14869712
0,0.12538591
0,0.10259526
0,0.11635932
0,0.025495254
0,0.028714675
0,0.0076070926
0,0.0018819916
0,0.031761684
0,0.98131186
0,0.2007189
0,0.048339747
0,0.039410148
0,0.051387668
0,0.1085963
0,0.11405115
0,0.028093718
0,0.023893565
0,0.011025102
0,0.02050972
0,0.04992488
0,0.013761878
0,0.026677016
0,0.01121901
0,0.008030183
0,0.0038599954
0,0.035787523
0,0.09519741
0,0.004871597
0,0.01612861
0,0.0092240395
0,0.028806975
0,0.7834835
0,0.32579058
0,0.036097545
0,0.028749553
0,0.11218244
0,0.038783908
0,0.025095783
0,0.03008335
0,0.0042523956
0,0.006657632
0,0.011893983
0,0.008171987
0,0.024368905
0,0.06541059
0,0.021093266
0,0.010401965
0,0.0334195
0,0.046854828
0,0.010869406
0,0.0067738015
0,0.0066718566
0,0.008874748
0,0.00982677
0,0.8031141
0,0.094462425
0,0.0051729972
0,0.04331073
0,0.03978176
0,0.011406139
0,0.01636246
0,0.010108154
0,0.0065725977
0,0.019467434
0,0.011478055
0,0.007939989
0,0.023900213
0,0.06553111
0,0.037332054
0,0.019890834
0,0.013988262
0,0.016856447
0,0.010295923
0,0.02269039
0,0.0121426955
0,0.011805007
0,0.021672923
0,0.25052935
0,0.6794983
0,0.0014555756
0,0.002219639
0,0.016098425
0,0.009456493
0,0.019079689
0,0.010653883
0,0.011286728
0,0.033778258
0,0.015872585
0,0.04601752
0,0.0444865
0,0.023810048
0,0.012141844
0,0.007780046
0,0.016482051
0,0.02760388
0,0.009395758
0,0.042661596
0,0.013123988
0,0.0031549179
0,0.0060416292
0,0.01682161
0,0.93231606
0,0.01985541
0,0.016194604
0,0.035371736
0,0.0092037935
0,0.033774532
0,0.019196952
0,0.014248307
0,0.031006431
0,0.025242703
0,0.03132571
0,0.014758848
0,0.0071962574
0,0.026028384
0,0.067009404
0,0.032729417
0,0.03408671
0,0.006818615
0,0.006292714
0,0.02097192
0,0.014973851
0,0.04205113
0,0.09384666
0,0.43181857
0,0.0033611516
0,0.014390503
0,0.00836516
0,0.018107027
0,0.021685896
0,0.027751336
0,0.03218524
0,0.015112683
0,0.012435087
0,0.020839734
0,0.026644535
0,0.032142807
0,0.051121756
0,0.004779006
0,0.004170466
0,0.011101055
0,0.0042336253
0,0.0075069144
0,0.07265542
0,0.028130682
0,0.024319094
0,0.0148773
0,0.84864354
0,0.019621795
0,0.016255997
0,0.020724332
0,0.057043985
0,0.018373659
0,0.036640275
0,0.031643976
0,0.016127061
0,0.20832713
0,0.01720015
0,0.025671864
0,0.010541518
0,0.018831003
0,0.025458764
0,0.047033936
0,0.02083563
0,0.08875565
0,0.08893563
0,0.006984137
0,0.06224819
0,0.016604044
0,0.08688764
0,0.1941688
0,0.042230424
0,0.032037497
0,0.033702187
0,0.01507825
0,0.020433083
0,0.036529474
0,0.033329904
0,0.04993643
0,0.07129611
0,0.01841033
0,0.019124422
0,0.012252338
0,0.01991303
0,0.013142429
0,0.01645678
0,0.0034998476
0,0.039653588
0,0.013887026
0,0.026073141
0,0.018556995
0,0.02777567
0,0.043997735
0,0.165543
0,0.01882448
0,0.051211115
0,0.005958422
0,0.030192135
0,0.027885633
0,0.033194818
0,0.029453164
0,0.019147176
0,0.01664358
0,0.0970369
0,0.038046878
0,0.08690482
0,0.03862659
0,0.053321347
0,0.010990948
0,0.02549982
0,0.11414526
0,0.027847914
0,0.06693457
0,0.05307026
0,0.02002233
0,0.19445778
0,0.04224755
0,0.08471028
0,0.096868716
0,0.13927141
0,0.18162385
0,0.05446121
0,0.030478507
0,0.30024004
0,0.07271364
0,0.06532526
0,0.033297822
0,0.021404507
0,0.07643038
0,0.06650674
0,0.018449944
0,0.044820186
0,0.21133223
0,0.025231177
0,0.41942662
0,0.043238834
0,0.09363985
0,0.14331092
0,0.9545279
0,0.089429885
0,0.052401844
0,0.09585308
0,0.0196878
0,0.08344052
0,0.056807414
0,0.16000412
0,0.03233851
0,0.050695375
0,0.19088097
0,0.029619318
0,0.105851784
0,0.1675266
0,0.1557621
0,0.08991059
0,0.11014484
0,0.03161682
0,0.049217306
0,0.045131132
0,0.17465758
0,0.03992546
0,0.07290479
0,0.3671344
0,0.08874948
0,0.10022946
0,0.1713583
0,0.8096204
0,0.1130789
0,0.12622266
0,0.046415087
0,0.07461605
0,0.29299673
0,0.047063045
0,0.14855409
0,0.085283734
0,0.030990897
0,0.036427494
0,0.04735619
0,0.13872299
0,0.085215464
0,0.040502816
0,0.070645936
0,0.06526589
0,0.018586041
0,0.03176095
0,0.5346059
0,0.023128515
0,0.038873527
0,0.08523318
0,0.03888781
0,0.01299602
0,0.033078924
0,0.058501143
0,0.12916386
0,0.019157765
0,0.03781741
0,0.02084704
0,0.024810221
0,0.09004478
0,0.028841522
0,0.11780013
0,0.032894835
0,0.09000635
0,0.021179372
0,0.030271456
0,0.022680057
0,0.13023359
0,0.923091
0,0.17152965
0,0.0639536
0,0.018244578
0,0.03647458
0,0.018445307
0,0.09263043
0,0.07420054
0,0.023943124
0,0.021376053
0,0.018454641
0,0.00373465
0,0.03078575
0,0.022480294
0,0.027452333
0,0.073963426
0,0.027478483
0,0.033194564
0,0.03260036
0,0.06056393
0,0.058205355
0,0.039414454
0,0.04793156
0,0.15562104
0,0.081516884
0,0.095385976
0,0.03549481
0,0.110144794
0,0.039359853
0,0.021620892
0,0.025063809
0,0.04060535
0,0.042098235
0,0.14832418
0,0.059612665
0,0.027114058
0,0.35335672
0,0.0678125
0,0.043378074
0,0.07019626
0,0.038816433
0,0.037749376
0,0.03159818
0,0.046936926
0,0.031070037
0,0.10815386
0,0.88097423
0,0.021444859
0,0.16772601
0,0.045157485
0,0.021328554
0,0.09643328
0,0.032135446
0,0.08235089
0,0.102441005
0,0.017256988
0,0.043588378
0,0.018878601
0,0.011292359
0,0.088873506
0,0.040669516
0,0.019715644
0,0.017834535
0,0.019351043
0,0.11411405
0,0.08135441
0,0.1285433
0,0.09300718
0,0.19818914
0,0.04862476
0,0.05945454
0,0.03217843
0,0.019961607
0,0.051861
0,0.032106087
0,0.21487561
0,0.10335589
0,0.089220144
0,0.092027955
0,0.052705284
0,0.10281274
0,0.047715575
0,0.0644401
0,0.09319708
0,0.09247652
0,0.054392263
0,0.18723848
0,0.11899896
0,0.18577637
0,0.016082505
0,0.18530789
0,0.52663285
0,0.09495298
0,0.12903658
0,0.058521546
0,0.05496321
0,0.038357463
0,0.03533165
0,0.06366641
0,0.07089184
0,0.08274982
0,0.08852232
0,0.019224888
0,0.036472738
0,0.05926914
0,0.06191454
0,0.14778885
0,0.2395221
0,0.06401123
0,0.014307774
0,0.022939904
0,0.02694881
0,0.03598998
0,0.052264035
0,0.9494537
0,0.05933617
0,0.016205752
0,0.124678396
0,0.09859871
0,0.024536928
0,0.1751848
0,0.049454365
0,0.037259582
0,0.055592306
0,0.07460459
0,0.39630803
0,0.04456124
0,0.037542768
0,0.051170606
0,0.107955456
0,0.0638588
0,0.049058754
0,0.036584195
0,0.09132382
0,0.029133758
0,0.056468524
0,0.13393018
0,0.0458896
0,0.032209698
0,0.10255988
0,0.025366578
0,0.2649873
0,0.027778067
0,0.041092016
0,0.06514848
0,0.03263538
0,0.059712637
0,0.043760415
0,0.018317634
0,0.030806735
0,0.031626742
0,0.052245248
0,0.037155896
0,0.02132844
0,0.049922112
0,0.031627633
0,0.046161983
0,0.07184987
0,0.7292753
0,0.015018564
0,0.18466222
0,0.020550461
0,0.021028679
0,0.044498786
0,0.027899131
0,0.024592068
0,0.07189971
0,0.019762704
0,0.061244648
0,0.058875013
0,0.08307691
0,0.027252669
0,0.019526815
0,0.18476377
0,0.044209175
0,0.03498406
0,0.09109663
0,0.07587983
0,0.060659196
0,0.039733127
0,0.87870145
0,0.065902315
0,0.075235315
0,0.10123706
0,0.4067274
0,0.08379946
0,0.17684017
0,0.09156794
0,0.10283865
0,0.14416046
0,0.061146
0,0.17065065
0,0.17377687
0,0.035353713
0,0.07725287
0,0.04028737
0,0.058549087
0,0.097417
0,0.022407359
0,0.032736603
0,0.017222313
0,0.0041652694
0,0.9924143
0,0.024225837
0,0.030914819
0,0.090445355
0,0.051860973
0,0.03824406
0,0.038698778
0,0.017778765
0,0.051945176
0,0.042081278
0,0.025597723
0,0.17615269
0,0.06958756
0,0.027348394
0,0.10070941
0,0.047963336
0,0.01778258
0,0.051462308
0,0.05610153
0,0.038535554
0,0.022546167
0,0.04331063
0,0.15243234
0,0.037571777
0,0.034435034
0,0.048355408
0,0.01071405
0,0.0071620215
0,0.028991105
0,0.008781803
0,0.09435014
0,0.07097703
0,0.07379599
0,0.054890715
0,0.073189475
0,0.13323987
0,0.034241028
0,0.014753413
0,0.047626346
0,0.009639455
0,0.017506253
0,0.025183482
0,0.058704637
0,0.01117586
0,0.006321906
0,0.099971056
0,0.026848003
0,0.06632031
0,0.0529582
0,0.13554591
0,0.034116395
0,0.061208554
0,0.068353176
0,0.016684312
0,0.009258364
0,0.05128294
0,0.0400801
0,0.012172447
0,0.023570003
0,0.028013628
0,0.0428274
0,0.02877694
0,0.11030045
0,0.034243267
0,0.03936454
0,0.018765725
0,0.026674367
0,0.4209125
0,0.023996888
0,0.013203549
0,0.020714391
0,0.016834706
0,0.079429425
0,0.052343316
0,0.04559749
0,0.08913483
0,0.005990762
0,0.01507337
0,0.02702612
0,0.035580974
0,0.060928922
0,0.06001824
0,0.113240525
0,0.028219253
0,0.038840353
0,0.058609094
0,0.07396414
0,0.028819254
0,0.10192031
0,0.10815636
0,0.032126606
0,0.019114813
0,0.0427647
0,0.023575298
0,0.008174511
0,0.043877378
0,0.11946138
0,0.019438801
0,0.07453799
0,0.051264588
0,0.09316279
0,0.052984804
0,0.017495569
0,0.039563622
0,0.013903922
0,0.030906461
0,0.046082657
0,0.019417033
0,0.03537047
0,0.021590788
0,0.04630573
0,0.3835767
0,0.0803849
0,0.08958258
0,0.064320944
0,0.03170457
0,0.0077068517
0,0.007990179
0,0.01300335
0,0.01648635
0,0.028164648
0,0.019168431
0,0.01861435
0,0.016156169
0,0.033106454
0,0.063869655
0,0.03826345
0,0.07525731
0,0.012404758
0,0.008408242
0,0.07175148
0,0.027961195
0,0.017175237
0,0.7555268
0,0.06182669
0,0.041003697
0,0.036228817
0,0.01989726
0,0.017785212
0,0.092421554
0,0.06633311
0,0.055642664
0,0.06741417
0,0.052641932
0,0.04892382
0,0.027643342
0,0.01867526
0,0.05505968
0,0.027580492
0,0.056672
0,0.032774772
0,0.01681405
0,0.30998433
0,0.019061243
0,0.054718886
0,0.60322547
0,0.0039619976
0,0.020920258
0,0.11581998
0,0.024921
0,0.05503343
0,0.009527113
0,0.0171342
0,0.14005388
0,0.07887746
0,0.047376983
0,0.038207326
0,0.038774613
0,0.022466535
0,0.07492265
0,0.16490756
0,0.01569067
0,0.083664864
0,0.023077764
0,0.003292166
0,0.09211837
0,0.029156933
0,0.045973133
0,0.037740376
0,0.06626859
0,0.017294608
0,0.08021821
0,0.033195306
0,0.030217638
0,0.014667975
0,0.112371214
1,0.026196325
1,0.98984694
1,0.99890506
1,0.99691594
1,0.9858595
1,0.99996436
1,0.9979374
1,0.9998323
1,0.9982273
1,0.9999584
1,0.91894674
1,0.99973375
1,0.99951506
1,0.9577855
1,0.94686335
1,0.9998981
1,0.9998412
1,0.9988065
1,0.9998981
1,0.99965024
1,0.9507596
1,0.9922271
1,0.9922084
1,0.9998003
1,0.9931318
1,0.9898745
1,0.43909666
1,0.8287646
1,0.9954549
1,0.8343553
1,0.93525076
1,0.99883455
1,0.9659909
1,0.9990663
1,0.8518434
1,0.9973163
1,0.99694294
1,0.99785477
1,0.99888235
1,0.8929541
1,0.9976615
1,0.92923737
1,0.9792966
1,0.97666293
1,0.918676
1,0.86787635
1,0.987741
1,0.62683725
1,0.94515365
1,0.9997539
1,0.47391048
1,0.93991226
1,0.9628155
1,0.99812466
1,0.9993511
1,0.92124254
1,0.956611
1,0.97351235
1,0.8117272
1,0.95756483
1,0.9044825
1,0.98545873
1,0.9863357
1,0.98605585
1,0.892915
1,0.99945706
1,0.9974899
1,0.99908197
1,0.9836992
1,0.99961793
1,0.95185405
1,0.99935955
1,0.97506475
1,0.9991278
1,0.99773383
1,0.9321117
1,0.9995757
1,0.70110035
1,0.9957799
1,0.9999229
1,0.9836776
1,0.9956919
1,0.99527866
1,0.994716
1,0.95989484
1,0.92994976
1,0.8343231
1,0.99670696
1,0.999387
1,0.9906618
1,0.99911433
1,0.99150604
1,0.9999105
1,0.7659704
1,0.9992049
1,0.99130255
1,0.06348539
1,0.9996234
1,0.58320105
1,0.09719106
1,0.56459713
1,0.94464105
1,0.9997222
1,0.9941876
1,0.9673622
1,0.9941321
1,0.8971656
1,0.88291615
1,0.98322636
1,0.9529175
1,0.8581967
1,0.9957514
1,0.97463804
1,0.99880767
1,0.9386765
1,0.99391997
1,0.9912423
1,0.99716336
1,0.9530116
1,0.99287546
1,0.9971142
1,0.9433344
1,0.99124205
1,0.99800473
1,0.9944208
1,0.9952175
1,0.9985909
1,0.9972698
1,0.999982
1,0.9993055
1,0.9950278
1,0.9990633
1,0.99362
1,0.0859282
1,0.65327126
1,0.17762223
1,0.99230146
1,0.99624914
1,0.9968316
1,0.9982815
1,0.9957127
1,0.9972851
1,0.99891555
1,0.99964166
1,0.9991711
1,0.98615927
1,0.9993246
1,0.98687124
1,0.9984669
1,0.99974555
1,0.9989612
1,0.98642004
1,0.9989691
1,0.998131
1,0.99305433
1,0.99991405
1,0.9927712
1,0.9967372
1,0.9997224
1,0.9982653
1,0.9947176
1,0.99982
1,0.95997083
1,0.9926582
1,0.9943897
1,0.9966096
1,0.98604494
1,0.99740064
1,0.9347303
1,0.9997199
1,0.9144109
1,0.9386624
1,0.61270016
1,0.9887139
1,0.8639774
1,0.98562706
1,0.19817713
1,0.9992119
1,0.61980927
1,0.6087562
1,0.9988398
1,0.95158285
1,0.96057457
1,0.99965656
1,0.9954713
1,0.50337416
1,0.99934083
1,0.9750509
1,0.9767974
1,0.9992438
1,0.99873644
1,0.99276406
1,0.95182806
1,0.9996726
1,0.992549
1,0.9995998
1,0.9846725
1,0.98790747
1,0.95943296
1,0.9998919
1,0.92374045
1,0.9988243
1,0.99482864
1,0.99942774
1,0.9987898
1,0.9947438
1,0.99983144
1,0.9849454
1,0.9616635
1,0.99938333
1,0.9973212
1,0.98482716
1,0.9650159
1,0.9849941
1,0.99875486
1,0.993441
1,0.9996949
1,0.9997708
1,0.998599
1,0.99347126
1,0.986623
1,0.9988361
1,0.9981735
1,0.9997578
1,0.9869702
1,0.9978027
1,0.8856734
1,0.9969307
1,0.9976943
1,0.9932347
1,0.9990973
1,0.91639864
1,0.99246734
1,0.9967044
1,0.9961605
1,0.9040932
1,0.98634803
1,0.9959663
1,0.9961248
1,0.9999299
1,0.9910368
1,0.9551758
1,0.9884593
1,0.9994781
1,0.9987721
1,0.939616
1,0.996574
1,0.9697645
1,0.7618198
1,0.9117526
1,0.9956351
1,0.9977731
1,0.8983992
1,0.9931223
1,0.28760758
1,0.9960584
1,0.20900366
1,0.9796969
1,0.985881
1,0.99629813
1,0.17896205
1,0.9369097
1,0.99843365
1,0.99994445
1,0.9557636
1,0.99179244
1,0.97641516
1,0.987728
1,0.97392523
1,0.9698757
1,0.9929107
1,0.73459065
1,0.9947042
1,0.982722
1,0.98068935
1,0.998741
1,0.9795553
1,0.99820423
1,0.79329187
1,0.9966325
1,0.9935441
1,0.9921799
1,0.9847884
1,0.999388
1,0.996487
1,0.73178846
1,0.6850969
1,0.955218
1,0.97184426
1,0.71152997
1,0.9955175
1,0.99984694
1,0.9906624
1,0.19528472
1,0.9759103
1,0.9913238
1,0.9980544
1,0.991888
1,0.9972308
1,0.9990656
1,0.997401
1,0.99929965
1,0.9399033
1,0.9913426
1,0.9998044
1,0.94938165
1,0.999959
1,0.95447254
1,0.9626017
1,0.9912873
1,0.98205906
1,0.99722135
1,0.27942917
1,0.9825483
1,0.5276971
1,0.98652923
1,0.9968844
1,0.9608485
1,0.99703014
1,0.9975059
1,0.99999285
1,0.94568926
1,0.97607774
1,0.6790817
1,0.99973303
1,0.99851435
1,0.99919385
1,0.9997507
1,0.9940601
1,0.9898974
1,0.97214216
1,0.9977889
1,0.99956423
1,0.98810196
1,0.9982816
1,0.9998224
1,0.8029672
1,0.99405104
1,0.8541128
1,0.91361
1,0.99531543
1,0.9996135
1,0.68379974
1,0.99872667
1,0.999345
1,0.07064187
1,0.9999478
1,0.9996191
1,0.9889703
1,0.99728537
1,0.99825484
1,0.9996201
1,0.99308056
1,0.9991811
1,0.99927384
1,0.8833051
1,0.71364033
1,0.9676531
1,0.92751724
1,0.99931824
1,0.9749221
1,0.9994417
1,0.9842068
1,0.9997839
1,0.77504426
1,0.99991095
1,0.80608624
1,0.96458286
1,0.23467767
1,0.9924206
1,0.9994555
1,0.9995299
1,0.94581646
1,0.98555446
1,0.99602956
1,0.8888264
1,0.9874718
1,0.99686664
1,0.96554303
1,0.42683986
1,0.9995935
1,0.21728803
1,0.9686168
1,0.89672184
1,0.99555624
1,0.9797547
1,0.9741665
1,0.9998505
1,0.9741761
1,0.99582976
1,0.9755308
1,0.99995923
1,0.99353987
1,0.99749714
1,0.9948658
1,0.99972194
1,0.99951756
1,0.99557173
1,0.99920726
1,0.97349685
1,0.99980414
1,0.81613064
1,0.9999621
1,0.999949
1,0.99619186
1,0.9966137
1,0.9142044
1,0.99833775
1,0.99991214
1,0.9378305
1,0.9911698
1,0.99865305
1,0.9971541
1,0.9985262
1,0.7260527
1,0.9999279
1,0.9925625
1,0.86106825
1,0.9859849
1,0.9808869
1,0.9987649
1,0.9790365
1,0.9905845
1,0.9996759
1,0.9656275
1,0.96940243
1,0.98664373
1,0.99890447
1,0.98690015
1,0.99807477
1,0.99702376
1,0.9996775
1,0.99348533
1,0.99623823
1,0.9820958
1,0.9996506
1,0.99956137
1,0.99864155
1,0.9998926
1,0.99981105
1,0.5710525
1,0.99968606
1,0.9386772
1,0.99747986
1,0.9996839
1,0.9999182
1,0.9868875
1,0.9969401
1,0.99889624
1,0.7552674
1,0.996765
1,0.99866784
1,0.99927706
1,0.9990346
1,0.9530634
1,0.69385815
1,0.9782134
1,0.81010395
1,0.99993324
1,0.95832264
1,0.9994294
1,0.95394224
1,0.99205893
1,0.9996326
1,0.999461
1,0.99986935
1,0.9691909
1,0.5142779
1,0.9996282
1,0.99988973
1,0.999468
1,0.9999833
1,0.9896526
1,0.98532814
1,0.94614655
1,0.95878685
1,0.9980235
1,0.99753463
1,0.99500704
1,0.98248845
1,0.99813855
1,0.9945479
1,0.99777454
1,0.98469627
1,0.99855345
1,0.14856833
1,0.9230795
1,0.99939
1,0.9875682
1,0.886885
1,0.9988524
1,0.99659437
1,0.9959137
1,0.89847094
1,0.9947555
1,0.9852335
1,0.9849268
1,0.9995704
1,0.9993968
1,0.9997557
1,0.999233
1,0.99213177
1,0.9934057
1,0.99881524
1,0.9999411
1,0.98979425
1,0.9999758
1,0.99502236
1,0.9999505
1,0.99873513
1,0.99825853
1,0.9973999
1,0.9999138
1,0.9807418
1,0.10143947
1,0.9945971
1,0.9551544
1,0.9986166
1,0.98433906
1,0.6757054
1,0.3604991
1,0.9936574
1,0.9997821
1,0.8827664
1,0.90493107
1,0.86373
1,0.999193
1,0.9562121
1,0.97737783
1,0.99463034
1,0.54136604
1,0.962614
1,0.96549356
1,0.99909705
1,0.9993957
1,0.9744553
1,0.998376
1,0.9939533
1,0.9999964
1,0.59259343
1,0.99984825
1,0.9999677
1,0.9040969
1,0.99587524
1,0.9796411
1,0.99713016
1,0.9890398
1,0.9703799
1,0.99183196
1,0.9301762
1,0.9997681
1,0.97963935
1,0.99901485
1,0.3055401
1,0.99974304
1,0.9998776
1,0.795045
1,0.999966
1,0.99730444
1,0.99038213
1,0.97313875
1,0.99417555
1,0.99856097
1,0.8815063
1,0.99977446
1,0.60649616
1,0.99260676
1,0.4618426
1,0.99880195
1,0.96944493
1,0.99999905
1,0.9993616
1,0.99993277
1,0.99937356
1,0.9999918
1,0.997736
1,0.7337037
1,0.9916085
1,0.99950767
1,0.89156854
1,0.9988267
1,0.99970144
1,0.9474936
1,0.98805386
1,0.9983125
1,0.99942356
1,0.9996588
1,0.98427045
1,0.9972747
1,0.99884415
1,0.996309
1,0.9839915
1,0.9662752
1,0.9984505
1,0.9979874
1,0.99627054
1,0.999908
1,0.999548
1,0.9998251
1,0.9848273
1,0.9966905
1,0.9999697
1,0.99166965
1,0.99995196
1,0.94586396
1,0.9998727
1,0.9676921
1,0.99453574
1,0.9787823
1,0.995263
1,0.99933225
1,0.9991572
1,0.99977374
1,0.9996858
1,0.99254465
1,0.9998287
1,0.99421436
1,0.99953705
1,0.99743724
1,0.99981344
1,0.9979248
1,0.9997963
1,0.9987399
1,0.9999502
1,0.99981534
1,0.9999485
1,0.99964404
1,0.99943167
1,0.99973017
1,0.99169546
1,0.9999598
1,0.99996006
1,0.98259616
1,0.99979234
1,0.99684167
1,0.9948336
1,0.8963573
1,0.934309
1,0.9699672
1,0.9958668
1,0.9748561
1,0.98569536
1,0.9969895
1,0.99795544
1,0.99959683
1,0.97944593
1,0.9977018
1,0.8889887
1,0.99797064
1,0.9988783
1,0.99866796
1,0.9292195
1,0.97514445
1,0.98765916
1,0.9992802
1,0.9997321
1,0.9998292
1,0.9898892
1,0.99999154
1,0.9993257
1,0.9668014
1,0.99972564
1,0.96488357
1,0.99096435
1,0.9677458
1,0.9845414
1,0.6255834
1,0.9914069
1,0.8237961
1,0.98924506
1,0.9867203
1,0.99412763
1,0.99253875
1,0.9798711
1,0.98785955
1,0.9923432
1,0.9998853
1,0.9930305
1,0.8951862
1,0.90147436
1,0.980029
1,0.9227566
1,0.9608289
1,0.995129
1,0.9813053
1,0.99998415
1,0.999501
1,0.98864925
1,0.9962792
1,0.99103177
1,0.9969367
1,0.40686417
1,0.99602544
1,0.56129795
1,0.9873798
1,0.9938262
1,0.9648001
1,0.754904
1,0.9912484
1,0.97914803
1,0.99847645
1,0.9951898
1,0.9956534
1,0.99177015
1,0.976872
1,0.9839978
1,0.99999917
1,0.9648676
1,0.98900175
1,0.9987698
1,0.9996837
1,0.9995882
1,0.99308324
1,0.99265337
1,0.9581989
1,0.99992394
1,0.9919688
1,0.8968879
1,0.99942344
1,0.99724066
1,0.9782391
1,0.9962877
1,0.9993942
1,0.9962684
1,0.78133607
1,0.998187
1,0.9947388
1,0.8916688
1,0.99034894
1,0.9947142
1,0.9975364
1,0.9026123
1,0.9955479
1,0.922621
1,0.99524325
1,0.99936074
1,0.98370117
1,0.9996555
1,0.9950429
1,0.37158728
1,0.9779101
1,0.99137783
1,0.18035518
1,0.99983525
1,0.99993443
1,0.972338
1,0.99880433
1,0.9990102
1,0.99779934
1,0.99767786
1,0.13374302
1,0.9879181
1,0.99967796
1,0.9839429
1,0.7541316
1,0.5076564
1,0.9954482
1,0.57836175
1,0.99743736
1,0.26591545
1,0.9973809
1,0.9227566
1,0.25693908
1,0.9892163
1,0.9997392
1,0.14818649
1,0.9976151
1,0.9863116
1,0.9947813
1,0.99160767
1,0.994876
1,0.26066077
1,0.98583347
1,0.99996877
1,0.99785906
1,0.092712656
1,0.99796885
1,0.85360193
1,0.9996233
1,0.9821261
1,0.95460594
1,0.99562764
1,0.99832505
1,0.9998313
1,0.98583037
1,0.9955996
1,0.9997286
1,0.9986123
1,0.9787967
1,0.9976156
1,0.9701351
1,0.9995288
1,0.972524
1,0.9993581
1,0.9710354
1,0.98171073
1,0.97417045
1,0.96675986
1,0.99989617
1,0.988278
1,0.9996907
1,0.9998654
1,0.77290606
1,0.9999201
1,0.9799105
1,0.99947166
1,0.99938893
1,0.99890006
1,0.99834895
1,0.99573374
1,0.9932661
1,0.99765366
1,0.999736
1,0.98908293
1,0.99863344
1,0.99480844
1,0.98520374
1,0.9998721
1,0.9609546
1,0.9986498
1,0.72254246
1,0.99103445
1,0.99839526
1,0.9974421
1,0.9956985
1,0.9987489
1,0.9820854
1,0.94073695
1,0.100467995
1,0.9606798
1,0.9913659
1,0.9974228
1,0.8378489
1,0.87841576
1,0.99413407
1,0.9819162
1,0.99984336
1,0.9957503
1,0.9641653
1,0.9984523
1,0.13137604
1,0.99997187
1,0.96060413
1,0.9999628
1,0.99656254
1,0.99897975
1,0.99967724
1,0.963319
1,0.9998077
1,0.9932007
1,0.97589123
1,0.9972946
1,0.5554191
1,0.99803644
1,0.99965894
1,0.95858437
1,0.9980234
1,0.99822146
1,0.9985079
1,0.9852824
1,0.9963503
1,0.98950607
1,0.9617986
1,0.3444761
1,0.9984041
1,0.99623764
1,0.7081693
1,0.99989057
1,0.95196265
1,0.998931
1,0.9992244
1,0.8418936
1,0.9927153
1,0.9997702
1,0.9987218
1,0.99753964
1,0.9977538
1,0.9874235
1,0.86964726
1,0.9930449
1,0.9992124
1,0.962086
1,0.9854487
1,0.9854735
1,0.99692935
1,0.98866767
1,0.9993783
1,0.96810895
1,0.9953316
1,0.9982845
1,0.9967686
1,0.99016076
1,0.9970644
1,0.9944393
1,0.9995336
1,0.9981375
1,0.9931144
1,0.45361638
1,0.8822684
1,0.9667768
1,0.999666
1,0.99813485
1,0.9989495
1,0.9998801
1,0.99437463
1,0.9998927
1,0.97958654
1,0.9922093
1,0.9897509
1,0.99980354
1,0.987107
1,0.99971205
1,0.96683127
1,0.96946585
1,0.9998102
1,0.9943338
1,0.9509409
1,0.9858945
1,0.9774645
1,0.99958616
1,0.96428186
1,0.98876
1,0.98937
1,0.99594736
1,0.97910345
1,0.9659706
1,0.98511547
1,0.99243134
1,0.99379265
1,0.99844235
1,0.8087121
1,0.95333934
1,0.595935
1,0.83717597
1,0.8100768
1,0.99667656
1,0.9922502
1,0.99993634
1,0.9995666
1,0.9726644
1,0.9811102
1,0.99492043
1,0.9960077
1,0.9284287
1,0.9266861
1,0.99949014
1,0.9818013
1,0.99970955
1,0.9627752
1,0.9975057
1,0.9978617
1,0.7603149
1,0.9960018
1,0.9937935
1,0.99837506
1,0.9923987
1,0.96594274
1,0.9987942
1,0.7743691
1,0.9534931
1,0.99871874
1,0.9526171
1,0.99261194
1,0.9923636
1,0.99817383
1,0.9881173
1,0.9994974
1,0.24408859
1,0.96911454
1,0.9843321
1,0.9720742
1,0.9843998
1,0.83945304
1,0.99698275
1,0.9969477
1,0.9814456
1,0.99799865
1,0.99914193
1,0.99328786
1,0.9295572
1,0.9752391
1,0.8769285
1,0.9952122
1,0.9989808
1,0.97373194
1,0.9951899
1,0.7497669
1,0.9952867
1,0.99622333
1,0.89732456
1,0.99977815
1,0.9944477
1,0.99883634
1,0.99987245
1,0.988074
1,0.9977991
1,0.99621695
1,0.9979721
1,0.9995961
1,0.9996586
1,0.9987974
1,0.9629341
1,0.99781287
1,0.9987984
1,0.94009936
1,0.9923926
1,0.9913698
1,0.99870527
1,0.95377886
1,0.9816493
1,0.9998207
1,0.99800855
1,0.99975604
1,0.99112976
1,0.9879836
1,0.9955532
1,0.9997497
1,0.9918365
1,0.9354955
1,0.9905282
1,0.9890364
1,0.99313205
1,0.9999851
1,0.96846604
1,0.99447197
1,0.9996893
1,0.86600614
1,0.96369714
1,0.9910361
1,0.9922597
1,0.9476042
1,0.99839276
1,0.8208895
1,0.97197014
1,0.1326881
1,0.9914887
1,0.9987846
1,0.9985832
1,0.99893695
1,0.6794603
1,0.89817923
1,0.33161446
1,0.37391874
1,0.75059474
1,0.11131243
1,0.97701627
1,0.44667175
1,0.9617545
1,0.82333255
1,0.28601906
1,0.96142256
1,0.99847835
1,0.7674019
1,0.9815347
1,0.99929464
1,0.9342104
1,0.99262637
1,0.990848
1,0.14873034
1,0.9950586
1,0.8443442
1,0.9642599
1,0.9947229
1,0.967427
1,0.85766715
1,0.9907726
1,0.22871077
1,0.9772816
1,0.2958108
1,0.98933756
1,0.48239145
1,0.98368746
1,0.9996719
1,0.9483617
1,0.87326944
1,0.9959461
1,0.9359146
1,0.98102325
1,0.7791675
1,0.98394763
1,0.9614671
1,0.9141699
1,0.8089507
1,0.98931575
1,0.9418011
1,0.99570835
1,0.98904675
1,0.9968856
1,0.9767352
1,0.98826337
1,0.994932
1,0.9897016
1,0.99999547
1,0.9866537
1,0.32368365
1,0.9987148
1,0.9948299
1,0.99999595
1,0.9989243
1,0.99990034
1,0.99924916
1,0.9995244
1,0.99878305
1,0.658189
1,0.96101946
1,0.99837995
1,0.9998889
1,0.9777387
1,0.9829183
1,0.94730616
1,0.9998487
1,0.9474872
1,0.9993781
1,0.35690016
1,0.84553504
1,0.58512944
1,0.91524506
1,0.51468647
1,0.9325918
1,0.9931787
1,0.9898969
1,0.97198886
1,0.97536093
1,0.6079203
1,0.95986176
1,0.9988135
1,0.74158025
1,0.8407209
1,0.9983424
1,0.51749635
1,0.56690717
1,0.99191475
1,0.9394233
1,0.9953505
1,0.9945813
1,0.6736774
1,0.12378092
1,0.9677548
1,0.9804064
1,0.93429077
1,0.84126496
1,0.8307776
1,0.9839341
1,0.9930836
1,0.9685118
1,0.13561136
1,0.9983321
1,0.996745
1,0.99702775
1,0.9942068
1,0.5162472
1,0.40585107
1,0.89932984
1,0.8934354
1,0.9475153
1,0.9536322
1,0.98778206
1,0.98506135
1,0.9927585
1,0.9966415
1,0.9986337
1,0.8832528
1,0.9945986
1,0.99240655
1,0.9505157
1,0.9984554
1,0.9762222
1,0.7825019
1,0.9751663
1,0.9961868
1,0.6635472
1,0.95688313
1,0.8835448
1,0.9835788
1,0.9018226
1,0.99122196
1,0.81626105
1,0.053597912
1,0.9583271
1,0.2606495
1,0.98406845
1,0.98675907
1,0.99463636
1,0.99519163
1,0.9974076
1,0.99629855
1,0.99781346
1,0.96092963
1,0.9885972
1,0.90277016
1,0.9724681
1,0.9137349
1,0.51610404
1,0.90443367
1,0.9887166
1,0.9329875
1,0.5071515
1,0.037929915
1,0.94689864
1,0.880162
1,0.9743454
1,0.9730938
1,0.15149045
1,0.9236806
1,0.9816923
1,0.39915246
1,0.9980701
1,0.99996567
1,0.076903865
1,0.9640017
1,0.9765412
1,0.9999312
1,0.90873456
1,0.94056875
1,0.99427325
1,0.76616627
1,0.9955747
1,0.8849465
1,0.9260213
1,0.5220407
1,0.49431425
1,0.98483443
1,0.8418171
1,0.96932817
1,0.98852533
1,0.87678415
1,0.9893791
1,0.99855477
1,0.82688344
1,0.14470161
1,0.9989586
1,0.9860383
1,0.9390107
1,0.99628913
1,0.9948766
1,0.46176884
1,0.9622589
1,0.91167176
1,0.98276365
1,0.98821414
1,0.9838207
1,0.9221623
1,0.9797031
1,0.87331975
1,0.4021225
1,0.98079914
1,0.27279612
1,0.8839832
1,0.9992275
1,0.87230045
1,0.938482
1,0.97837
1,0.9537889
1,0.10144164
1,0.4383414
1,0.88308114
1,0.9989579
1,0.95756155
1,0.9731674
1,0.9932521
1,0.9953276
1,0.9821838
1,0.93036115
1,0.55462176
1,0.98758006
1,0.9888037
1,0.9901992
1,0.9909476
1,0.96408004
1,0.98079145
1,0.99790514
1,0.9899545
1,0.6581916
1,0.9879528
1,0.95779496
1,0.94869137
1,0.9840546
1,0.98430043
1,0.97918963
1,0.9908109
1,0.752625
1,0.9636948
1,0.9827715
1,0.988565
1,0.92268884
1,0.9986386
1,0.9997885
1,0.6614466
1,0.9539496
1,0.9835947
1,0.06905097
1,0.99924177
1,0.837064
1,0.8557638
1,0.9916761
1,0.87037915
1,0.82027847
1,0.939201
1,0.9434423
1,0.97676533
1,0.2789929
1,0.99595946
1,0.8942367
1,0.9328095
1,0.69097483
1,0.9949839
1,0.59893924
1,0.86777985
1,0.7524627
1,0.51451284
1,0.9067184
1,0.99973303
1,0.87235373
1,0.81242245
1,0.09296322
1,0.7387212
1,0.9323196
1,0.8771649
1,0.35189477
1,0.27911222
1,0.98421174
1,0.8153287
1,0.80984676
1,0.993533
1,0.9939556
1,0.78475904
1,0.77496165
1,0.99446076
1,0.150095
1,0.1950036
1,0.3235757
1,0.9828479
1,0.9690449
1,0.9949225
1,0.9945847
1,0.986067
1,0.8249252
1,0.94981277
1,0.2980012
1,0.98791784
1,0.99916595
1,0.89635044
1,0.99539715
1,0.8922446
1,0.98570687
1,0.12599152
1,0.15100397
1,0.3897439
1,0.85003716
1,0.93792677
1,0.99685705
1,0.16441377
1,0.121516936
1,0.99843794
1,0.47699195
1,0.013590074
0,0.0010005792
0,0.02755101
0,0.022683434
0,0.0026649665
0,0.009306552
0,0.034149025
0,0.10310918
0,0.07141498
0,0.21013054
0,0.088340946
0,0.04625765
0,0.13965404
0,0.06503718
0,0.022295717
0,0.46002492
0,0.030806448
0,0.013539081
0,0.11621816
0,0.040386897
0,0.0385589
0,0.07369775
0,0.06894503
0,0.032598466
0,0.025710696
0,0.04591443
0,0.070479006
0,0.028133342
0,0.025102075
0,0.09751468
0,0.03930116
0,0.034940276
0,0.027765334
0,0.018901445
0,0.031800997
0,0.046030037
0,0.050174225
0,0.084012516
0,0.01176875
0,0.04188925
0,0.018707434
0,0.06667743
0,0.04042648
0,0.0046956213
0,0.086821765
0,0.0149044525
0,0.08582764
0,0.035983033
0,0.07391115
0,0.067792304
0,0.06617477
0,0.10969665
0,0.08960271
0,0.016622273
0,0.02160138
0,0.025845202
0,0.022791179
0,0.021960832
0,0.014557009
0,0.039359536
0,0.015511233
0,0.015837086
0,0.024494035
0,0.02437855
0,0.1299882
0,0.05858198
0,0.017884508
0,0.079492465
0,0.03426278
0,0.04251298
0,0.02758085
0,0.01859623
0,0.015347381
0,0.018252846
0,0.04166062
0,0.011310116
0,0.03697184
0,0.029836481
0,0.0152093265
0,0.0596477
0,0.036078893
0,0.034523603
0,0.012892061
0,0.02510306
0,0.030408498
0,0.033351846
0,0.009234482
0,0.030428505
0,0.034173824
0,0.039313648
0,0.06079055
0,0.030381741
0,0.04634049
0,0.089731365
0,0.03353215
0,0.020814609
0,0.026951998
0,0.028335448
0,0.11749218
0,0.014670249
0,0.021524435
0,0.011133205
0,0.049375653
0,0.24454074
0,0.040626813
0,0.039756075
0,0.03766907
0,0.07044083
0,0.010515811
0,0.007877136
0,0.018194491
0,0.015487572
0,0.043036498
0,0.02483044
0,0.016079893
0,0.028490977
0,0.009027729
0,0.022415986
0,0.042330828
0,0.039485984
0,0.08360575
0,0.04090652
0,0.037053667
0,0.050366174
0,0.116498746
0,0.02344471
0,0.9882477
0,0.048484642
0,0.025293343
0,0.09152389
0,0.016678149
0,0.010681072
0,0.019714875
0,0.02433932
0,0.015257445
0,0.012534216
0,0.0141105885
0,0.0122390445
0,0.07686562
0,0.03514724
0,0.023152392
0,0.04708003
0,0.03041669
0,0.015353522
0,0.041242085
0,0.011576658
0,0.041368138
0,0.013571441
0,0.020570131
0,0.20132369
0,0.020006634
0,0.02346598
0,0.046726204
0,0.029958835
0,0.023370085
0,0.016056057
0,0.035712026
0,0.0557172
0,0.038880687
0,0.04069742
0,0.10332288
0,0.16607213
0,0.027418666
0,0.012944571
0,0.017187959
0,0.022604903
0,0.016874656
0,0.018736288
0,0.13307017
0,0.00761852
0,0.011922692
0,0.10491321
0,0.075443044
0,0.057145037
0,0.22950134
0,0.017321113
0,0.014572106
0,0.07289737
0,0.024617707
0,0.015381951
0,0.06662021
0,0.016082043
0,0.020680385
0,0.015114443
0,0.01279883
0,0.03073681
0,0.04944448
0,0.016714247
0,0.07839043
0,0.021135878
0,0.026392374
0,0.076656915
0,0.0118387975
0,0.06614095
0,0.22974662
0,0.014893975
0,0.013714849
0,0.047258224
0,0.06250719
0,0.061299365
0,0.037827995
0,0.048921492
0,0.10847267
0,0.018451298
0,0.12919772
0,0.09495923
0,0.121576846
0,0.096147686
0,0.024088439
0,0.010571137
0,0.021952555
0,0.024244446
0,0.07311618
0,0.01419292
0,0.01652437
0,0.035112053
0,0.09334545
0,0.055485155
0,0.025434984
0,0.039794832
0,0.018473957
0,0.021038959
0,0.067519285
0,0.032280162
0,0.008329422
0,0.06489906
0,0.028809436
0,0.07137026
0,0.0598164
0,0.0074564493
0,0.05264928
0,0.011363181
0,0.055209048
0,0.19122386
0,0.051339373
0,0.060050413
0,0.097839974
0,0.102296844
0,0.946079
0,0.098772615
0,0.05469622
0,0.07351705
0,0.04628307
0,0.052771088
0,0.14011875
0,0.23429376
0,0.069066755
0,0.013497406
0,0.036020514
0,0.080033414
0,0.044144884
0,0.14101167
0,0.10450418
0,0.08767461
0,0.23513646
0,0.023357399
0,0.036694292
0,0.10040953
0,0.07939225
0,0.036223345
0,0.29787058
0,0.050897695
0,0.014715618
0,0.02428394
0,0.031069433
0,0.07922801
0,0.32901645
0,0.07209428
0,0.018213632
0,0.02431431
0,0.028149277
0,0.07737354
0,0.19518529
0,0.0695171
0,0.016422793
0,0.011718838
0,0.060731415
0,0.34929478
0,0.35578224
0,0.06012023
0,0.044147756
0,0.010296704
0,0.25324726
0,0.04727261
0,0.091207445
0,0.09053323
0,0.034781545
0,0.026786614
0,0.037128348
0,0.01710413
0,0.09579907
0,0.031045495
0,0.019217087
0,0.029040933
0,0.023189109
0,0.036102306
0,0.018919524
0,0.0327012
0,0.05305923
0,0.034770988
0,0.025826178
0,0.008702918
0,0.025373684
0,0.06291231
0,0.11322389
0,0.032638453
0,0.069296435
0,0.007077387
0,0.06389456
0,0.042267296
0,0.08631405
0,0.049407907
0,0.028810132
0,0.018836025
0,0.015434253
0,0.0402064
0,0.03327135
0,0.035349593
0,0.01987947
0,0.05659121
0,0.041441064
0,0.037049763
0,0.15514888
0,0.024012953
0,0.042708736
0,0.03482607
0,0.02048658
0,0.07317528
0,0.04812378
0,0.028038297
0,0.04886603
0,0.046719626
0,0.029038984
0,0.06401757
0,0.033975955
0,0.03400167
0,0.025476648
0,0.01036624
0,0.007047019
0,0.01658799
0,0.048895516
0,0.007088434
0,0.02710751
0,0.010413324
0,0.07560473
0,0.038400393
0,0.035109583
0,0.03223907
0,0.043674417
0,0.48337737
0,0.091884226
0,0.053715583
0,0.08402646
0,0.048685197
0,0.09203189
0,0.010705448
0,0.016233502
0,0.02088742
0,0.028549355
0,0.09456216
0,0.08191785
0,0.04300399
0,0.025066491
0,0.008311603
0,0.0074807582
0,0.009942735
0,0.008590789
0,0.015545609
0,0.0035723043
0,0.01681259
0,0.007813564
0,0.017309492
0,0.43179277
0,0.0205665
0,0.019999793
0,0.028011305
0,0.03980797
0,0.022319142
0,0.028584009
0,0.012941154
0,0.019704161
0,0.0157922
0,0.015319231
0,0.04212524
0,0.018029032
0,0.008018701
0,0.018803723
0,0.023081945
0,0.007476836
0,0.010510067
0,0.03232298
0,0.04129454
0,0.028993804
0,0.054962933
0,0.038261466
0,0.023337012
0,0.02507719
0,0.015191481
0,0.03920318
0,0.015023848
0,0.038970135
0,0.017222226
0,0.005773044
0,0.020853119
0,0.04223956
0,0.021097176
0,0.019560408
0,0.006994834
0,0.005450024
0,0.017540665
0,0.019475019
0,0.0072520627
0,0.014286769
0,0.026307167
0,0.067590766
0,0.028725293
0,0.0059735393
0,0.002847117
0,0.0029910225
0,0.11113438
0,0.018416608
0,0.038660992
0,0.005375479
0,0.017036907
0,0.007398226
0,0.02635816
0,0.0086341845
0,0.02086131
0,0.037242234
0,0.008410993
0,0.007962937
0,0.029926382
0,0.01536405
0,0.041479267
0,0.08336477
0,0.32520008
0,0.008205054
0,0.02145163
0,0.0060978364
0,0.02787972
0,0.048613887
0,0.0062688296
0,0.050962415
0,0.035934135
0,0.079894826
0,0.06778039
0,0.037347395
0,0.0076376447
0,0.008070736
0,0.08601309
0,0.02687996
0,0.013766409
0,0.015218722
0,0.048813853
0,0.053523708
0,0.0397029
0,0.4284589
0,0.024807438
0,0.014689969
0,0.021126907
0,0.009820155
0,0.021790398
0,0.021804983
0,0.07298919
0,0.0195972
0,0.05065098
0,0.040974326
0,0.020860389
0,0.029522583
0,0.036876783
0,0.10105199
0,0.045583736
0,0.027115393
0,0.05964553
0,0.042043734
0,0.049436413
0,0.04207611
0,0.0892107
0,0.8154941
0,0.041491706
0,0.014393818
0,0.019779857
0,0.051995628
0,0.22561933
0,0.09633324
0,0.03082277
0,0.01661226
0,0.020022973
0,0.02759169
0,0.029162904
0,0.12533827
0,0.32966557
0,0.023233073
0,0.08073647
0,0.079772115
0,0.048191532
0,0.11395463
0,0.02309021
0,0.11160189
0,0.12919173
0,0.025738446
0,0.3690541
0,0.07329816
0,0.09252111
0,0.12154939
0,0.06963985
0,0.40160155
0,0.10510974
0,0.113296956
0,0.10151517
0,0.06938965
0,0.04683721
0,0.0350772
0,0.1495448
0,0.068551384
0,0.028920274
0,0.052201062
0,0.018068565
0,0.037020005
0,0.0904838
0,0.24220547
0,0.04752366
0,0.075139046
0,0.07101665
0,0.030854564
0,0.039266188
0,0.044410855
0,0.06208186
0,0.02187564
0,0.15030022
0,0.12082125
0,0.118101105
0,0.06742003
0,0.0818008
0,0.02659883
0,0.06176935
0,0.07280613
0,0.12735587
0,0.11000735
0,0.09815175
0,0.12920238
0,0.019410865
0,0.01873641
0,0.014090966
0,0.008649511
0,0.022673018
0,0.09046133
0,0.06877295
0,0.03631091
0,0.0821946
0,0.037877977
0,0.07948076
0,0.69252366
0,0.060440533
0,0.05378849
0,0.028339555
0,0.046076808
0,0.042692322
0,0.0673919
0,0.060059458
0,0.040993344
0,0.41418746
0,0.06865675
0,0.08013723
0,0.5518265
0,0.82444286
0,0.17419371
0,0.14887163
0,0.07165484
0,0.3266612
0,0.72043926
0,0.08420142
0,0.039512377
0,0.23101135
0,0.05694084
0,0.060126048
0,0.06937072
0,0.033700023
0,0.05697869
0,0.07651609
0,0.042859334
0,0.21511523
0,0.04777275
0,0.59781
0,0.31365255
0,0.016548714
0,0.08044795
0,0.026061054
0,0.06579071
0,0.025055893
0,0.11346901
0,0.064217895
0,0.08702544
0,0.10070983
0,0.20772839
0,0.03364019
0,0.17299934
0,0.0749861
0,0.012778393
0,0.019129222
0,0.020564742
0,0.061901413
0,0.046170786
0,0.04439716
0,0.03599365
0,0.55787945
0,0.045562536
0,0.07839715
0,0.118168905
0,0.04623582
0,0.059150938
0,0.024130685
0,0.08558187
0,0.05435827
0,0.06495736
0,0.08953029
0,0.074973844
0,0.039449807
0,0.03846428
0,0.028357038
0,0.053575132
0,0.02549203
0,0.031562336
0,0.00668513
0,0.017619785
0,0.015388777
0,0.033035
0,0.08839964
0,0.017229361
0,0.017927753
0,0.023093238
0,0.008747096
0,0.0070821336
0,0.019564902
0,0.0077371933
0,0.024158364
0,0.025942417
0,0.017489921
0,0.025058398
0,0.019773439
0,0.02040531
0,0.015634628
0,0.022896102
0,0.127673
0,0.013767911
0,0.008733751
0,0.027376572
0,0.010839232
0,0.10126173
0,0.043505087
0,0.047063902
0,0.017801363
0,0.015719814
0,0.08293913
0,0.025685947
0,0.017455302
0,0.020610457
0,0.0067585707
0,0.07672877
0,0.016952397
0,0.007766314
0,0.03409288
0,0.044599924
0,0.035246056
0,0.01916968
0,0.029937414
0,0.02886145
0,0.019593408
0,0.012196534
0,0.017949501
0,0.03222589
0,0.024266431
0,0.20668663
0,0.026179256
0,0.030848356
0,0.2758185
0,0.18770784
0,0.051901214
0,0.0428192
0,0.020796511
0,0.014342853
0,0.01884547
0,0.019042673
0,0.013590656
0,0.015218414
0,0.011558182
0,0.009441894
0,0.025695596
0,0.017973
0,0.010821133
0,0.011523504
0,0.012922657
0,0.035636853
0,0.030734124
0,0.7975322
0,0.040583167
0,0.07870949
0,0.007372411
0,0.012837864
0,0.10652471
0,0.033244167
0,0.017020702
0,0.37507313
0,0.03168541
0,0.008514261
0,0.20096381
0,0.11793973
0,0.0642303
0,0.031316146
0,0.010095732
0,0.03499015
0,0.022879578
0,0.028607866
0,0.074393265
0,0.04579226
0,0.0071544447
0,0.051797774
0,0.08290357
0,0.16955817
0,0.053372268
0,0.033042826
0,0.08951384
0,0.03823124
0,0.06879181
0,0.035312537
0,0.027062207
0,0.049361575
0,0.018958699
0,0.0160336
0,0.050304234
0,0.024668286
0,0.04664165
0,0.019299781
0,0.07653872
0,0.07464826
0,0.040348217
0,0.010096818
0,0.010427432
0,0.03334693
0,0.021280145
0,0.015528879
0,0.08732916
0,0.034110285
0,0.015984228
0,0.035025377
0,0.028561406
0,0.06458505
0,0.114654005
0,0.0229564
0,0.018623536
0,0.02188481
0,0.0523092
0,0.0162775
0,0.042748347
0,0.0527587
0,0.02702418
0,0.010599418
0,0.0047501
0,0.0040937467
0,0.0077157835
0,0.016193025
0,0.23021962
0,0.03263151
0,0.010808609
0,0.02469796
0,0.015659222
0,0.033724487
0,0.009740822
0,0.0060178204
0,0.03977679
0,0.034074925
0,0.016915945
0,0.012088466
0,0.010121154
0,0.031785943
0,0.008119342
0,0.01799389
0,0.0066454075
0,0.04782609
0,0.122959346
0,0.017423455
0,0.06709052
0,0.018705118
0,0.0056571774
0,0.022789044
0,0.15034962
0,0.027718691
0,0.01766733
0,0.02634984
0,0.062953345
0,0.0478465
0,0.10583443
0,0.12080894
0,0.033301722
0,0.022353556
0,0.05163569
0,0.23160738
0,0.029049834
0,0.07603402
0,0.016843155
0,0.054029495
0,0.25289384
0,0.054897197
0,0.07461711
0,0.09403474
0,0.033282526
0,0.031083617
0,0.10332023
0,0.6354384
0,0.01355431
0,0.025306426
0,0.024287134
0,0.090744086
0,0.0390551
0,0.09782792
0,0.058838885
0,0.027898801
0,0.10340044
0,0.009943246
0,0.09824554
0,0.022739047
0,0.10609704
0,0.018918404
0,0.05070592
0,0.12277348
0,0.09545154
0,0.098268114
0,0.031105429
0,0.008620464
0,0.056251448
0,0.047071267
0,0.0488794
0,0.021701515
0,0.022685654
0,0.039160103
0,0.0021862325
0,0.01932027
0,0.016279468
0,0.034054447
0,0.00494155
0,0.010580597
0,0.0048724986
0,0.015579098
0,0.063019626
0,0.029646501
0,0.0054776454
0,0.013089959
0,0.023887524
0,0.01666161
0,0.019689286
0,0.01319363
0,0.02759903
0,0.0067497254
0,0.0032017545
0,0.07353238
1,0.03915015
1,0.9983266
1,0.99610907
1,0.99974984
1,0.9999417
1,0.99999774
1,0.9996654
1,0.99780816
1,0.9990651
1,0.99989974
1,0.9994187
1,0.99926406
1,0.9998412
1,0.9988305
1,0.9998175
1,0.99932975
1,0.99992716
1,0.9996696
1,0.9992487
1,0.99356526
1,0.99857605
1,0.99996185
1,0.9990797
1,0.9996133
1,0.9999591
1,0.99936706
1,0.99941987
1,0.9986461
1,0.99987626
1,0.999959
1,0.99953395
1,0.99827754
1,0.9968706
1,0.99974126
1,0.9998112
1,0.9999614
1,0.999974
1,0.9997815
1,0.9998927
1,0.99979496
1,0.997124
1,0.99988043
1,0.999129
1,0.9993888
1,0.999889
1,0.9977706
1,0.9999987
1,0.9999845
1,0.99683124
1,0.9942981
1,0.9999808
1,0.999985
1,0.9973199
1,0.9943356
1,0.9997802
1,0.9998009
1,0.99982154
1,0.98926735
1,0.9997865
1,0.99992263
1,0.9990735
1,0.9994118
1,0.99685645
1,0.99306995
1,0.9983735
1,0.9998343
1,0.9999864
1,0.999799
1,0.9997827
1,0.99994683
1,0.9998088
1,0.99378973
1,0.99969274
1,0.99963975
1,0.98346764
1,0.9998354
1,0.9999176
1,0.99956757
1,0.998784
1,0.99980104
1,0.99807286
1,0.9899247
1,0.9998567
1,0.99900323
1,0.9998555
1,0.9998492
1,0.999752
1,0.9998573
1,0.99917465
1,0.9996856
1,0.9985561
1,0.9985563
1,0.9999893
1,0.99998236
1,0.9985227
1,0.9938799
1,0.99844956
1,0.9999634
1,0.9999459
1,0.9996981
1,0.99949586
1,0.9772915
1,0.99974567
1,0.9990673
1,0.99803156
1,0.97735935
1,0.99908435
1,0.9999628
1,0.99914753
1,0.9996096
1,0.99832934
1,0.9999598
1,0.9999641
1,0.9986203
1,0.9967399
1,0.9999583
1,0.9995875
1,0.9975484
1,0.9994481
1,0.99883634
1,0.9989029
1,0.99013513
1,0.9999299
1,0.99986184
1,0.99200165
1,0.9968273
1,0.996786
1,0.9999188
1,0.9999658
1,0.9999896
1,0.8917032
1,0.99992645
1,0.99923885
1,0.9953086
1,0.99948764
1,0.88245934
1,0.9990169
1,0.99999225
1,0.9992099
1,0.99429905
1,0.9999864
1,0.99988246
1,0.99854124
1,0.99986327
1,0.9419661
1,0.99999416
1,0.9993511
1,0.9943421
1,0.999982
1,0.99995184
1,0.9963425
1,0.9983479
1,0.9997833
1,0.9999137
1,0.9995942
1,0.9999671
1,0.9999938
1,0.99958605
1,0.9953011
1,0.99981534
1,0.9957009
1,0.9999976
1,0.99989986
1,0.9968273
1,0.9997582
1,0.9789883
1,0.99998295
1,0.99995804
1,0.9997752
1,0.9933854
1,0.9998808
1,0.99998903
1,0.99836046
1,0.9989699
1,0.9293635
1,0.9999238
1,0.9999869
1,0.992705
1,0.9985298
1,0.99654144
1,0.9999975
1,0.9976132
1,0.98352265
1,0.9987501
1,0.99980974
1,0.9999864
1,0.9998838
1,0.9957445
1,0.99670345
1,0.999944
1,0.9999789
1,0.9992137
1,0.97016597
1,0.9967726
1,0.8391321
1,0.99981356
1,0.99980986
1,0.9989838
1,0.9971263
1,0.9945354
1,0.99999595
1,0.9999871
1,0.99811554
1,0.99780995
1,0.9929246
1,0.9999883
1,0.9999808
1,0.9995317
1,0.9977919
1,0.99997234
1,0.99993277
1,0.998215
1,0.99418086
1,0.9947531
1,0.9999964
1,0.991742
1,0.9996425
1,0.9999759
1,0.99999166
1,0.999954
1,0.994397
1,0.99995685
1,0.9999814
1,0.99989283
1,0.9996041
1,0.989789
1,0.99971396
1,0.9999013
1,0.9999126
1,0.99922717
1,0.9990746
1,0.99957377
1,0.99997663
1,0.9997607
1,0.9933292
1,0.990991
1,0.9999418
1,0.9999467
1,0.99967474
1,0.99590117
1,0.9983839
1,0.99999535
1,0.99991417
1,0.9984951
1,0.99786687
1,0.99986935
1,0.9996654
1,0.99999607
1,0.997866
1,0.9999124
1,0.9997054
1,0.9984285
1,0.9988869
1,0.9999852
1,0.99994373
1,0.9996752
1,0.9989517
1,0.9999869
1,0.99999225
1,0.99958295
1,0.999913
1,0.9991235
1,0.9998565
1,0.9999486
1,0.99999654
1,0.9999429
1,0.99241114
1,0.99971575
1,0.99981606
1,0.9996166
1,0.9999832
1,0.9999882
1,0.99957615
1,0.9999616
1,0.9998909
1,0.9996611
1,0.99999666
1,0.9980203
1,0.99940646
1,0.83231705
1,0.9985629
1,0.99950075
1,0.99991167
1,0.9978713
1,0.9999864
1,0.9961431
1,0.5801137
1,0.99749607
1,0.9999602
1,0.99996734
1,0.99942595
1,0.99694806
1,0.99981236
1,0.9999523
1,0.99999905
1,0.998334
1,0.9982576
1,0.9924856
1,0.9997895
1,0.9999988
1,0.99532896
1,0.78616
1,0.99998295
1,0.99383307
1,0.9476767
1,0.99502736
1,0.99788755
1,0.9998969
1,0.9741974
1,0.99915123
1,0.9974962
1,0.97659075
1,0.999995
1,0.99875164
1,0.9994842
1,0.99873036
1,0.56303716
1,0.998672
1,0.99146456
1,0.9998827
1,0.9986872
1,0.9996035
1,0.9997847
1,0.9999982
1,0.998481
1,0.9879589
1,0.99820364
1,0.99987996
1,0.99946904
1,0.9999769
1,0.9999553
1,0.99973255
1,0.9990947
1,0.9978483
1,0.9959305
1,0.99957436
1,0.9998652
1,0.99977684
1,0.9994622
1,0.99998677
1,0.9999343
1,0.9991707
1,0.9998324
1,0.9998218
1,0.9979842
1,0.9955087
1,0.9904062
1,0.9860058
1,0.9990502
1,0.99985516
1,0.9998472
1,0.99999976
1,0.9999472
1,0.99961233
1,0.9997297
1,0.9940999
1,0.9999987
1,0.9999827
1,0.9998994
1,0.99895096
1,0.99981344
1,0.9999969
1,0.99997747
1,0.99996376
1,0.9973162
1,0.9865733
1,0.9999708
1,0.99999547
1,0.99975365
1,0.98369056
1,0.9992544
1,0.99986935
1,0.9971956
1,0.99999595
1,0.99999964
1,0.9999629
1,0.9999112
1,0.9996756
1,0.99961066
1,0.9999845
1,0.99999917
1,0.9999963
1,0.9998423
1,0.9995298
1,0.9999138
1,0.99998033
1,0.9997701
1,0.99996924
1,0.99999726
1,0.999907
1,0.9999844
1,0.99691045
1,0.99938226
1,0.9912021
1,0.9947306
1,0.9998628
1,0.9999951
1,0.9968922
1,0.99995244
1,0.9999627
1,0.9961253
1,0.99919575
1,0.998963
1,0.9993418
1,0.9983475
1,0.9992304
1,0.9998034
1,0.9994018
1,0.9997784
1,0.9985872
1,0.9568158
1,0.9999032
1,0.9999312
1,0.99850345
1,0.99935144
1,0.99932915
1,0.99045783
1,0.99973196
1,0.9363138
1,0.99907255
1,0.9993193
1,0.9999558
1,0.99817955
1,0.99999535
1,0.9999124
1,0.9985171
1,0.99382776
1,0.9997118
1,0.99987185
1,0.9858088
1,0.99783874
1,0.9993849
1,0.99999523
1,0.99956363
1,0.96722156
1,0.99703586
1,0.99980915
1,0.99996626
1,0.99977577
1,0.99958247
1,0.9985374
1,0.9999342
1,0.9998903
1,0.99978423
1,0.9999484
1,0.9997565
1,0.9985586
1,0.99956936
1,0.9981432
1,0.99997926
1,0.9999747
1,0.99990976
1,0.99997556
1,0.9999237
1,0.9996358
1,0.99780124
1,0.99999905
1,0.9999964
1,0.9996059
1,0.99958616
1,0.99970514
1,0.99999917
1,0.9999188
1,0.7949209
1,0.999385
1,0.9959631
1,0.99973303
1,0.9999876
1,0.9999943
1,0.9997785
1,0.99593014
1,0.99917084
1,0.99976915
1,0.9984024
1,0.9998938
1,0.9980944
1,0.99855405
1,0.9999397
1,0.9996234
1,0.9983778
1,0.999203
1,0.9963911
1,0.99415684
1,0.999548
1,0.9997094
1,0.99990463
1,0.9997198
1,0.9977126
1,0.9930512
1,0.93546
1,0.9769703
1,0.99999213
1,0.80576295
1,0.9853843
1,0.99991477
1,0.9995084
1,0.9999485
1,0.99421644
1,0.99909955
1,0.99502295
1,0.9994012
1,0.9999993
1,0.99998784
1,0.994468
1,0.98966205
1,0.98735064
1,0.9944499
1,0.9998975
1,0.97613573
1,0.99995613
1,0.99987125
1,0.9991623
1,0.9936866
1,0.998645
1,0.9863515
1,0.99906486
1,0.9996184
1,0.7395467
1,0.9983815
1,0.9990515
1,0.9983298
1,0.9992837
1,0.99993396
1,0.9959455
1,0.93007684
1,0.9675915
1,0.9999838
1,0.99998283
1,0.9991674
1,0.99970835
1,0.9999422
1,0.9998392
1,0.9996507
1,0.9995397
1,0.9818223
1,0.9998926
1,0.9999784
1,0.9995267
1,0.99945647
1,0.98793566
1,0.99986875
1,0.9999969
1,0.9999479
1,0.9984491
1,0.9974957
1,0.9678113
1,0.9998609
1,0.9999821
1,0.9954021
1,0.999057
1,0.9999671
1,0.9965502
1,0.9999887
1,0.9922122
1,0.99708325
1,0.9968881
1,0.9996172
1,0.9958644
1,0.99794525
1,0.98916936
1,0.94409406
1,0.9996787
1,0.9991748
1,0.999851
1,0.99986434
1,0.99988973
1,0.99998903
1,0.99980867
1,0.99672276
1,0.99986374
1,0.989268
1,0.99990416
1,0.99998176
1,0.9992069
1,0.99998057
1,0.9998311
1,0.99574697
1,0.9743041
1,0.9909751
1,0.9940778
1,0.9999001
1,0.9999509
1,0.9996338
1,0.9998734
1,0.9998636
1,0.99697566
1,0.9993861
1,0.998425
1,0.9993888
1,0.99985814
1,0.9999987
1,0.9999664
1,0.9997403
1,0.9999627
1,0.9984661
1,0.9999151
1,0.9992347
1,0.99867433
1,0.9997234
1,0.9931773
1,0.9990945
1,0.99998116
1,0.99993813
1,0.9999652
1,0.99971336
1,0.99988174
1,0.9840566
1,0.9811676
1,0.99849415
1,0.99988055
1,0.9995141
1,0.9976669
1,0.6895088
1,0.9933242
1,0.9999001
1,0.9981786
1,0.99659747
1,0.9680522
1,0.9998108
1,0.9997735
1,0.95650727
1,0.9948311
1,0.9989415
1,0.973329
1,0.9937835
1,0.977432
1,0.99924797
1,0.9990219
1,0.99998987
1,0.9997633
1,0.99989796
1,0.9999982
1,0.9949826
1,0.99518776
1,0.99871325
1,0.9974733
1,0.8919755
1,0.9999709
1,0.9993948
1,0.9977102
1,0.9984623
1,0.99991155
1,0.99999833
1,0.9982185
1,0.9956898
1,0.9700884
1,0.9987922
1,0.99977493
1,0.99999475
1,0.9995399
1,0.99964666
1,0.993501
1,0.99999034
1,0.99924016
1,0.9926642
1,0.9523705
1,0.99998045
1,0.9946354
1,0.9984505
1,0.99587363
1,0.9997671
1,0.9999871
1,0.08282214
1,0.9977124
1,0.9986902
1,0.13606799
1,0.9637038
1,0.9982693
1,0.99934584
1,0.99926764
1,0.9995828
1,0.9996882
1,0.7262586
1,0.9871968
1,0.9988312
1,0.9981744
1,0.99998176
1,0.96959955
1,0.9984468
1,0.99897254
1,0.99998736
1,0.99987054
1,0.99959433
1,0.99934
1,0.9930472
1,0.9984554
1,0.9998369
1,0.9967579
1,0.9994444
1,0.9996511
1,0.9996152
1,0.9986677
1,0.9992462
1,0.996775
1,0.99763155
1,0.9997897
1,0.9996703
1,0.99938476
1,0.9996726
1,0.9999465
1,0.99955636
1,0.9998169
1,0.9955551
1,0.99950826
1,0.9996868
1,0.9999604
1,0.99936926
1,0.9996801
1,0.99331105
1,0.9998516
1,0.98213255
1,0.9961437
1,0.98365825
1,0.9988304
1,0.97776854
1,0.99921525
1,0.9991984
1,0.9959981
1,0.999708
1,0.9999105
1,0.9906884
1,0.99367034
1,0.9981408
1,0.99933594
1,0.99930775
1,0.99958616
1,0.9918132
1,0.99954873
1,0.99879074
1,0.9983681
1,0.21202616
1,0.99780613
1,0.9961713
1,0.99906594
1,0.99347746
1,0.9964898
1,0.99752647
1,0.9999418
1,0.99974686
1,0.99998116
1,0.99766326
1,0.9972765
1,0.9983846
1,0.99943906
1,0.9980123
1,0.99978995
1,0.999979
1,0.99977946
1,0.9993049
1,0.9983071
1,0.99423116
1,0.9991623
1,0.99943644
1,0.9119465
1,0.9951362
1,0.9885683
1,0.9810574
1,0.99241173
1,0.9993325
1,0.99989593
1,0.99911207
1,0.9870869
1,0.9998859
1,0.99585694
1,0.9999913
1,0.99998856
1,0.99965847
1,0.99247265
1,0.9439667
1,0.99991846
1,0.9522835
1,0.9951444
1,0.99948585
1,0.9999777
1,0.9999049
1,0.99967223
1,0.99954385
1,0.99916005
1,0.99708277
1,0.9888842
1,0.99853015
1,0.9998492
1,0.998818
1,0.8582275
1,0.9988121
1,0.9999738
1,0.9999484
1,0.8880787
1,0.99759066
1,0.99925
1,0.998863
1,0.996792
1,0.99990237
1,0.9992994
1,0.9998419
1,0.99995697
1,0.99921787
1,0.9821321
1,0.99997497
1,0.99978065
1,0.99952835
1,0.9896197
1,0.9988758
1,0.99831414
1,0.99997747
1,0.98798066
1,0.9991336
1,0.99795246
1,0.9999249
1,0.9995897
1,0.9998001
1,0.99993646
1,0.99622273
1,0.38539335
1,0.9979546
1,0.9959035
1,0.99847335
1,0.9279401
1,0.82827306
1,0.99990666
1,0.9992876
1,0.9958828
1,0.9857007
1,0.9988223
1,0.9577516
1,0.99931955
1,0.9999987
1,0.99613696
1,0.9998021
1,0.9942034
1,0.9996876
1,0.99998164
1,0.9994634
1,0.99061036
1,0.9997735
1,0.9999682
1,0.9989466
1,0.9683423
1,0.9938432
1,0.9953317
1,0.93854475
1,0.98699224
1,0.9983821
1,0.9999931
1,0.9681646
1,0.9995381
1,0.99969655
1,0.9992964
1,0.99985087
1,0.9979369
1,0.9998951
1,0.9999969
1,0.9926657
1,0.9854438
1,0.99992704
1,0.9986469
1,0.99980104
1,0.993606
1,0.99776745
1,0.83542556
1,0.87351435
1,0.9981108
1,0.99975926
1,0.9999355
1,0.99628866
1,0.99554515
1,0.9994263
1,0.99968714
1,0.99998856
1,0.9999776
1,0.9936678
1,0.99851304
1,0.9945701
1,0.99905485
1,0.9998226
1,0.7008798
1,0.9993168
1,0.99451345
1,0.99901354
1,0.9867877
1,0.9684221
1,0.99994564
1,0.9999988
1,0.9999044
1,0.9997959
1,0.9992864
1,0.99981844
1,0.997161
1,0.9995877
1,0.99259746
1,0.9996814
1,0.99987864
1,0.99999607
1,0.99987876
1,0.9997928
1,0.98570174
1,0.9970197
1,0.99980986
1,0.9999758
1,0.9984314
1,0.9881092
1,0.9961264
1,0.99999416
1,0.9961474
1,0.99745965
1,0.9054416
1,0.999972
1,0.99997413
1,0.9988539
1,0.9996455
1,0.9994617
1,0.99731016
1,0.9997829
1,0.9988558
1,0.99626875
1,0.99883765
1,0.99980724
1,0.99995625
1,0.99993694
1,0.9998076
1,0.9999397
1,0.9994562
1,0.9994469
1,0.9998592
1,0.9999939
1,0.99996114
1,0.99485
1,0.99975413
1,0.974071
1,0.9998319
1,0.9939891
1,0.99254465
1,0.999951
1,0.9997193
1,0.5596109
1,0.99739385
1,0.99990785
1,0.99992144
1,0.9994879
1,0.9989192
1,0.99774975
1,0.96360695
1,0.9982432
1,0.9998286
1,0.9961354
1,0.99978936
1,0.99004716
1,0.999759
1,0.999964
1,0.99949706
1,0.97628695
1,0.99673504
1,0.998201
1,0.99999475
1,0.99922323
1,0.9995221
1,0.9975165
1,0.99993205
1,0.99995303
1,0.99969417
1,0.99741
1,0.99958414
1,0.9991854
1,0.9998987
1,0.9836776
1,0.9997865
1,0.99500704
1,0.99603266
1,0.9996733
1,0.9994807
1,0.99744874
1,0.9997212
1,0.9998684
1,0.9998263
1,0.9999852
1,0.9999118
1,0.99839526
1,0.9930294
1,0.99900985
1,0.99999845
1,0.99982226
1,0.9999509
1,0.998365
1,0.9998853
1,0.9999453
1,0.9999888
1,0.9978144
1,0.98419225
1,0.9980444
1,0.99971074
1,0.99999785
1,0.99898726
1,0.999982
1,0.9997608
1,0.98870474
1,0.9995554
1,0.9966941
1,0.99967355
1,0.9997822
1,0.9999716
1,0.9998776
1,0.9993969
1,0.9999454
1,0.9999056
1,0.9999385
1,0.999398
1,0.9999356
1,0.99929714
1,0.9999596
1,0.99935347
1,0.99833786
1,0.9998461
1,0.99999034
1,0.999997
1,0.99989367
1,0.9978738
1,0.9983975
1,0.9991978
1,0.9999162
1,0.9999701
1,0.9999962
1,0.9999944
1,0.99998534
1,0.9998987
1,0.99135077
1,0.9999924
1,0.99999547
1,0.9994398
1,0.9991055
1,0.998679
1,0.9937133
1,0.9962935
1,0.999295
1,0.9898607
1,0.9988481
1,0.98747146
1,0.9980888
1,0.9950918
1,0.99792093
1,0.9989015
1,0.99985504
1,0.99999154
1,0.9999956
1,0.8912617
1,0.9966911
1,0.99999356
1,0.99992573
1,0.99985397
1,0.9994499
1,0.9989513
1,0.9998108
1,0.94146824
1,0.9999821
1,0.99984014
1,0.999598
1,0.99913585
1,0.99808216
1,0.99941254
1,0.99980664
1,0.9999975
1,0.99995935
1,0.9994374
1,0.9956933
1,0.99998844
1,0.9332509
1,0.9999559
1,0.9980172
1,0.9999987
1,0.9958484
1,0.99984276
1,0.999797
1,0.9990281
1,0.9867681
1,0.9997178
1,0.99920255
1,0.9999567
1,0.99900335
1,0.9998623
1,0.998998
1,0.94194025
1,0.999747
1,0.9998939
1,0.99995553
1,0.9924068
1,0.9998599
1,0.99950624
1,0.99868375
1,0.9918417
1,0.99689555
1,0.99605656
1,0.99985063
1,0.9961467
1,0.99931896
1,0.9933757
1,0.99506533
1,0.99932176
1,0.9997652
1,0.9997707
1,0.99155843
1,0.9793804
1,0.9932154
1,0.9999598
1,0.9999919
1,0.99994266
1,0.99975735
1,0.99957377
1,0.9988151
1,0.9996575
1,0.9999535
1,0.76934934
1,0.998517
1,0.99991
1,0.9949949
1,0.9790607
1,0.9872529
1,0.99997926
1,0.99996316
1,0.99995005
1,0.9990508
1,0.99979556
1,0.9916487
1,0.99999654
1,0.9999963
1,0.9999907
1,0.9999832
1,0.998104
1,0.9991161
1,0.99992776
1,0.9998802
1,0.9999435
1,0.99995244
1,0.99999106
1,0.9506977
1,0.91677636
1,0.99997175
1,0.9999107
1,0.9874542
1,0.93435204
1,0.999463
1,0.99973196
1,0.984665
1,0.9996462
1,0.99997914
1,0.9999989
1,0.99963
1,0.99975544
1,0.99985826
1,0.9999025
1,0.999019
1,0.9994054
1,0.99995613
1,0.99990857
1,0.99999225
1,0.9979267
1,0.99995685
1,0.9987195
1,0.99990535
1,0.9965293
1,0.9998139
1,0.9997429
1,0.99997056
1,0.9999198
1,0.9998708
1,0.9999957
1,0.9938606
1,0.96751237
1,0.99932545
1,0.99765825
1,0.9999906
1,0.9999238
1,0.9989127
1,0.99928
1,0.9914153
1,0.999835
1,0.9997099
1,0.9983302
1,0.9998369
1,0.9987143
1,0.999315
1,0.99997485
1,0.9999602
1,0.99999464
1,0.999742
1,0.99958897
1,0.99990284
1,0.995664
1,0.9996283
1,0.99966204
1,0.99997365
1,0.9987276
1,0.9980058
1,0.9743386
1,0.9996782
1,0.99454826
1,0.9983393
1,0.99242896
1,0.9487544
1,0.9998697
1,0.9921971
1,0.99844766
1,0.9849605
1,0.99955994
1,0.99998415
1,0.9997526
1,0.99843127
1,0.9985825
1,0.99999523
1,0.99975675
1,0.9956575
1,0.9944952
1,0.999982
1,0.9999014
1,0.99707055
1,0.9996058
1,0.9993893
1,0.9972428
1,0.98186666
1,0.9998934
1,0.99987566
1,0.99999666
1,0.9948784
1,0.9998914
1,0.99995935
1,0.99998116
1,0.9995672
1,0.9725513
1,0.99754035
1,0.9996654
1,0.9997254
1,0.99881965
1,0.9996141
1,0.964481
1,0.9999981
1,0.9999732
1,0.9986223
1,0.99506605
1,0.99868625
1,0.9978257
1,0.9998903
1,0.99799013
1,0.9999672
1,0.9996122
1,0.99759406
1,0.9886857
1,0.99932015
1,0.99816704
1,0.99974006
1,0.9991493
1,0.99969536
1,0.9885671
1,0.9998318
1,0.9937098
1,0.9998468
1,0.9999949
1,0.9997596
1,0.4635217
1,0.9997409
1,0.99421257
1,0.9993092
1,0.99802595
1,0.998831
1,0.99955076
1,0.9999949
1,0.9999914
1,0.99973434
1,0.9090086
1,0.9916284
1,0.99764
1,0.9995691
1,0.999874
1,0.99965036
1,0.9979595
1,0.9999809
1,0.99915123
1,0.96684676
1,0.9996844
1,0.9994201
1,0.9980392
1,0.9931514
1,0.99995637
1,0.99997556
1,0.9999863
1,0.9996476
1,0.997993
1,0.9992772
1,0.99896216
1,0.9995484
1,0.9522346
1,0.9998516
1,0.99993205
1,0.99876577
1,0.9999027
1,0.99999607
1,0.9996458
1,0.99711573
1,0.99993575
1,0.99993813
1,0.9999993
1,0.99999547
1,0.99838257
1,0.99926347
1,0.9994485
1,0.9999957
1,0.9999374
1,0.99985373
1,0.99978113
1,0.9999846
1,0.999987
1,0.9993005
1,0.99788266
1,0.99993455
1,0.9999789
1,0.9997613
1,0.98866814
1,0.99828786
1,0.996837
1,0.9976168
1,0.99996805
1,0.9999981
1,0.9999542
1,0.99833965
1,0.99932224
1,0.9967996
1,0.99958897
1,0.9829865
1,0.94604516
1,0.9948435
1,0.9998568
1,0.9999864
1,0.9999863
1,0.999183
1,0.99947
1,0.99919695
1,0.99995124
1,0.99999356
1,0.9991504
1,0.9999621
1,0.99967414
1,0.9999523
1,0.9998331
1,0.99940145
1,0.99997354
1,0.9990389
1,0.99993575
1,0.93263334
1,0.9988156
1,0.9997708
1,0.99948347
1,0.99972683
1,0.99987626
1,0.9999796
1,0.99999964
1,0.99994683
1,0.99965227
1,0.9921272
1,0.99995315
1,0.99988186
1,0.9999968
1,0.9999132
1,0.9995227
1,0.9995461
1,0.9999175
1,0.99997485
1,0.9999876
1,0.99943954
1,0.99946064
1,0.99836546
1,0.99986076
1,0.9998311
1,0.9998081
1,0.99987507
1,0.9981805
1,0.9965371
1,0.9977446
1,0.99955875
1,0.9997802
1,0.9905901
1,0.9975504
1,0.96085006
1,0.9949225
1,0.9989242
1,0.9808019
1,0.9988393
1,0.9950646
1,0.99819285
1,0.99977094
1,0.99875116
1,0.9999609
1,0.9982796
1,0.9999573
1,0.9998592
1,0.9997018
1,0.9998025
1,0.9999987
1,0.99998057
1,0.9999995
1,0.99985945
1,0.9999621
1,0.9999913
1,0.99760133
1,0.9908286
1,0.9954684
1,0.98391587
1,0.9996701
1,0.99975866
1,0.9998138
1,0.99983776
1,0.998879
1,0.9985832
1,0.99856085
1,0.9975684
1,0.9862464
1,0.9996047
1,0.99987614
1,0.9999844
1,0.999265
1,0.99991965
1,0.999728
1,0.9996531
1,0.9996826
1,0.99973875
1,0.99999034
1,0.99999785
1,0.99910873
1,0.99658895
1,0.99764127
1,0.996851
1,0.9999995
1,0.9999212
1,0.99993646
1,0.9997759
1,0.9993426
1,0.9990366
1,0.99976975
1,0.9999951
1,0.99999714
1,0.99999857
1,0.99916905
1,0.99926835
1,0.9989442
1,0.99985003
1,0.9846048
1,0.9996257
1,0.9974124
1,0.9988574
1,0.9997994
1,0.99931717
1,0.99956447
1,0.98688644
1,0.9964136
1,0.99999857
1,0.99951756
1,0.99999917
1,0.9999825
1,0.9936799
1,0.999874
1,0.99999857
1,0.99973947
1,0.9955871
1,0.9993882
1,0.9901813
1,0.9994855
1,0.9998025
1,0.99164045
1,0.99989533
1,0.9998423
1,0.9991941
1,0.99866426
1,0.9999063
1,0.99998784
1,0.9550674
1,0.9999678
1,0.98632514
1,0.9914119
1,0.997448
1,0.9996308
1,0.9999994
1,0.99526525
1,0.99999976
1,0.99919254
1,0.99995434
1,0.9999764
1,0.99986625
1,0.99820364
1,0.99971324
1,0.98390883
1,0.99977106
1,0.99996877
1,0.99949753
1,0.99899215
1,0.99599034
1,0.99992096
1,0.9999815
1,0.99944764
1,0.99832565
1,0.99362624
1,0.99454534
1,0.9989059
1,0.99975723
1,0.9983376
1,0.99996734
1,0.9999622
1,0.9996444
1,0.9788667
1,0.99967414
1,0.9993874
1,0.99908936
1,0.9955537
1,0.99999976
1,0.9762783
1,0.9993269
1,0.9989218
1,0.99856466
1,0.9997753
1,0.99996376
1,0.9995397
1,0.9989102
1,0.9999324
1,0.9995135
1,0.9999962
1,0.99490684
1,0.9971775
1,0.99949086
1,0.9992741
1,0.9986609
1,0.999967
1,0.9999943
1,0.99989617
1,0.99972385
1,0.9975395
1,0.9997752
1,0.9948554
1,0.998747
1,0.99922824
1,0.99980295
1,0.9984628
1,0.998354
1,0.99999833
1,0.9996918
1,0.99994516
1,0.9976166
1,0.97636116
1,0.9999368
1,0.9988047
1,0.9998096
1,0.99927515
1,0.9989309
1,0.9154547
1,0.96174884
1,0.9995897
1,0.9999913
1,0.99933547
1,0.9968021
1,0.99999964
1,0.9847134
1,0.99679047
1,0.96216184
1,0.9995886
1,0.9958477
1,0.9728081
1,0.999332
1,0.998642
1,0.99996865
1,0.99964404
1,0.98848164
1,0.9420987
1,0.99914825
1,0.9973922
1,0.99986696
1,0.9999883
1,0.9993849
1,0.9989459
1,0.999604
1,0.99989986
1,0.9953957
1,0.99957365
1,0.6237609
1,0.9998002
1,1.0
1,0.99938357
1,0.99943155
1,0.99941546
1,0.99996066
1,0.9977422
1,0.98635197
1,0.99959934
1,0.9989041
1,0.9999907
1,0.9999646
1,0.94248325
1,0.9930057
1,0.98200816
1,0.9860225
1,0.9989415
1,0.9999118
1,0.9999832
1,0.99999774
1,0.9999778
1,0.9984864
1,0.9985443
1,0.9862498
1,0.99986064
1,0.9979354
1,0.99977875
1,0.9999881
1,0.99929404
1,0.98618996
1,0.9995104
1,0.999845
1,0.9999974
1,0.9979748
0,0.09051768
0,0.046703395
0,0.010948887
0,0.106060915
0,0.010536485
0,0.04347686
0,0.01347457
0,0.13271856
0,0.07626209
0,0.07288746
0,0.49518242
0,0.035490774
0,0.14998716
0,0.08640932
0,0.9198696
0,0.6446988
0,0.36038488
0,0.1449333
0,0.0858898
0,0.26559868
0,0.041366734
0,0.09327628
0,0.03923188
0,0.14858082
0,0.10642831
0,0.047040395
0,0.20144589
0,0.30453786
0,0.11513506
0,0.042551305
0,0.19799185
0,0.02825961
0,0.10312307
0,0.18049853
0,0.03923986
0,0.026065927
0,0.012151629
0,0.33321348
0,0.051079873
0,0.19273126
0,0.021344436
0,0.076090485
0,0.066754475
0,0.054395597
0,0.0536539
0,0.056703832
0,0.034851313
0,0.013817264
0,0.11122442
0,0.010599079
0,0.035192262
0,0.15594
0,0.10208514
0,0.9107311
0,0.11966251
0,0.05195423
0,0.07849682
0,0.2572615
0,0.0964526
0,0.042926814
0,0.37561944
0,0.02080618
0,0.07429803
0,0.03968894
0,0.0047643166
0,0.19755764
0,0.039239045
0,0.109650224
0,0.050374612
0,0.058759224
0,0.051609788
0,0.08029399
0,0.09443043
0,0.19531423
0,0.1381298
0,0.026750674
0,0.109516166
0,0.030465359
0,0.020231213
0,0.73641837
0,0.024358625
0,0.06654998
0,0.0320483
0,0.16782697
0,0.22648227
0,0.22955233
0,0.5184055
0,0.23713823
0,0.13070476
0,0.6520116
0,0.06108857
0,0.12345059
0,0.042234857
0,0.19158386
0,0.65506405
0,0.11741454
0,0.119337775
0,0.03679076
0,0.10303
0,0.80888927
0,0.015451449
0,0.10804983
0,0.0550609
0,0.056971483
0,0.006431539
0,0.027315078
0,0.10271909
0,0.054754093
0,0.17938441
0,0.096059166
0,0.027237568
0,0.059636716
0,0.11663079
0,0.056114856
0,0.06652374
0,0.029980037
0,0.09772563
0,0.06723546
0,0.04254061
0,0.041565944
0,0.0239933
0,0.049120363
0,0.06667114
0,0.077831425
0,0.05649987
0,0.0834409
0,0.02319221
0,0.056828342
0,0.0377546
0,0.045266446
0,0.08812716
0,0.044194065
0,0.06366276
0,0.027586516
0,0.07564178
0,0.021199673
0,0.05383733
0,0.10255171
0,0.07693647
0,0.062334515
0,0.041268867
0,0.06687813
0,0.06183343
0,0.039999805
0,0.039188392
0,0.071284935
0,0.036961265
0,0.07719346
0,0.14133093
0,0.13647662
0,0.016366707
0,0.059468098
0,0.09070424
0,0.0307968
0,0.03498488
0,0.14018655
0,0.1960924
0,0.020699998
0,0.0450309
0,0.06054559
0,0.018854884
0,0.74682003
0,0.11374611
0,0.056541175
0,0.09405803
0,0.071766585
0,0.058841493
0,0.038438845
0,0.024408398
0,0.19229555
0,0.02339057
0,0.036085095
0,0.055696093
0,0.116467565
0,0.013584284
0,0.052010756
0,0.0439632
0,0.032361183
0,0.051690813
0,0.025968157
0,0.03283872
0,0.019526578
0,0.02053899
0,0.02418112
0,0.02494316
0,0.110644564
0,0.036121745
0,0.13977072
0,0.10903161
0,0.114148304
0,0.25065488
0,0.06817227
0,0.05631747
0,0.019704552
0,0.34121007
0,0.011242892
0,0.17701365
0,0.07242123
0,0.028779881
0,0.07258685
0,0.07596192
0,0.69726753
0,0.09460198
0,0.0932976
0,0.048595242
0,0.025442261
0,0.08479128
0,0.09236026
0,0.0812938
0,0.13959143
0,0.11700866
0,0.016948018
0,0.05627811
0,0.055811845
0,0.19948699
0,0.18487617
0,0.13453346
0,0.026382549
0,0.3455848
0,0.0032850215
0,0.17826355
0,0.014892388
0,0.06391707
0,0.02527749
0,0.20836897
0,0.024592757
0,0.06669412
0,0.005175614
0,0.049038935
0,0.2546973
0,0.054231312
0,0.11268412
0,0.03959927
0,0.0726484
0,0.065023996
0,0.023554595
0,0.110756576
0,0.008536348
0,0.093097396
0,0.044896778
0,0.12518154
0,0.045303047
0,0.08581166
0,0.07301836
0,0.01704996
0,0.101960495
0,0.032384522
0,0.019675609
0,0.030382179
0,0.037112616
0,0.009613951
0,0.033368316
0,0.016676078
0,0.031440206
0,0.023894772
0,0.053699933
0,0.01835205
0,0.06968449
0,0.04903081
0,0.03912922
0,0.02061443
0,0.010309824
0,0.03009772
0,0.01794467
0,0.08533722
0,0.010768107
0,0.019968608
0,0.106867895
0,0.013900699
0,0.025055958
0,0.023429135
0,0.009119228
0,0.015262775
0,0.007460855
0,0.023277583
0,0.029672323
0,0.029404601
0,0.19311747
0,0.023910517
0,0.015933419
0,0.02973109
0,0.10633511
0,0.05675399
0,0.095279746
0,0.037280627
0,0.03526933
0,0.007946737
0,0.047839016
0,0.016637282
0,0.053145308
0,0.08027609
0,0.048042823
0,0.029807314
0,0.11586958
0,0.059302386
0,0.70468783
0,0.11069244
0,0.09768068
0,0.14489627
0,0.14038914
0,0.10116455
0,0.021738866
0,0.04749096
0,0.0077644764
0,0.04438114
0,0.033195622
0,0.18422903
0,0.045063503
0,0.061951723
0,0.17006399
0,0.06759046
0,0.097461045
0,0.028970443
0,0.07054313
0,0.016631301
0,0.022677235
0,0.02651776
0,0.105188586
0,0.03877883
0,0.01618631
0,0.025681203
0,0.009197608
0,0.16161525
0,0.10342416
0,0.26079676
0,0.043282736
0,0.056744337
0,0.13486886
0,0.0119879
0,0.014415007
0,0.028618846
0,0.045621265
0,0.020622082
0,0.08516469
0,0.06542861
0,0.04802938
0,0.05634424
0,0.06747382
0,0.019249544
0,0.009421152
0,0.05511215
0,0.013179327
0,0.08733839
0,0.004916691
0,0.007929782
0,0.02151856
0,0.172199
0,0.06385151
0,0.05113166
0,0.04932878
0,0.081977025
0,0.0581782
0,0.07934921
0,0.09717925
0,0.06684499
0,0.08479318
0,0.04246649
0,0.009046629
0,0.17075846
0,0.05508112
0,0.090052724
0,0.0400409
0,0.021907706
0,0.024449062
0,0.06964499
0,0.08079262
0,0.0459259
0,0.028029641
0,0.03127074
0,0.025185088
0,0.06855907
0,0.023968711
0,0.0673048
0,0.071139194
0,0.026178196
0,0.11013995
0,0.13083829
0,0.044091817
0,0.069873974
0,0.0809372
0,0.04888228
0,0.088436574
0,0.018819032
0,0.030398631
0,0.019940844
0,0.017864034
0,0.022937214
0,0.012055375
0,0.030989036
0,0.0072659724
0,0.02807401
0,0.0086045
0,0.011407967
0,0.059717547
0,0.054027088
0,0.0115881385
0,0.044781554
0,0.015499602
0,0.05601729
0,0.015482302
0,0.020845488
0,0.01692686
0,0.034897238
0,0.04024041
0,0.011297322
0,0.10563925
0,0.01673469
0,0.05258507
0,0.011784588
0,0.042942155
0,0.014908241
0,0.0156053435
0,0.0317971
0,0.14799699
0,0.0074874205
0,0.034735896
0,0.017328119
0,0.019159745
0,0.07160047
0,0.10110529
0,0.03131818
0,0.036746614
0,0.053978447
0,0.034902602
0,0.047453094
0,0.023043238
0,0.04978673
0,0.031833753
0,0.014403184
0,0.032444213
0,0.0116742505
0,0.022150915
0,0.009709665
0,0.015360415
0,0.18965802
0,0.060935054
0,0.04758289
0,0.19128364
0,0.03409797
0,0.059474576
0,0.101424344
0,0.036486413
0,0.019700797
0,0.9286781
0,0.036710378
0,0.030571762
0,0.29365405
0,0.059953738
0,0.018801348
0,0.33481494
0,0.08561652
0,0.16951199
0,0.108100235
0,0.043114606
0,0.036115568
0,0.08937418
0,0.1479909
0,0.052493032
0,0.034858316
0,0.045866933
0,0.062629566
0,0.049189486
0,0.07371344
0,0.03525236
0,0.049715076
0,0.078828864
0,0.03725966
0,0.055824872
0,0.036954544
0,0.0607053
0,0.05036872
0,0.043229107
0,0.0433542
0,0.124655984
0,0.040087514
0,0.042870782
0,0.07086411
0,0.083434485
0,0.037465677
0,0.038986415
0,0.0924031
0,0.024299527
0,0.04036661
0,0.040741954
0,0.039455358
0,0.05151311
0,0.025094226
0,0.024166334
0,0.044851888
0,0.044835925
0,0.061074324
0,0.039935082
0,0.034521226
0,0.02656903
0,0.031824987
0,0.008656371
0,0.17132726
0,0.21353182
0,0.10009073
0,0.022715814
0,0.025303079
0,0.038590644
0,0.11485494
0,0.033903554
0,0.055662896
0,0.16143575
0,0.09431508
0,0.10352464
0,0.3313368
0,0.05242553
0,0.063368164
0,0.082175784
0,0.051498268
0,0.056673467
0,0.055314876
0,0.14489616
0,0.06146476
0,0.0377182
0,0.10108184
0,0.09326551
0,0.1927166
0,0.15582015
0,0.08815303
0,0.11222571
0,0.04639871
0,0.024914762
0,0.45583275
0,0.035077676
0,0.23433751
0,0.051960785
0,0.1029715
0,0.051089037
0,0.5578934
0,0.16880238
0,0.1687459
0,0.12879479
0,0.097672224
0,0.03065431
0,0.014267199
0,0.04023414
0,0.07881849
0,0.032838598
0,0.053966295
0,0.05197702
0,0.022720935
0,0.032404613
0,0.072853655
0,0.07155803
0,0.026892439
0,0.037697196
0,0.21218687
0,0.04958311
0,0.028655555
0,0.12779361
0,0.11688791
0,0.032030612
0,0.03565399
0,0.05023438
0,0.07917111
0,0.04674631
0,0.05415377
0,0.05195749
0,0.11798017
0,0.06592006
0,0.05086061
0,0.062217563
0,0.0319681
0,0.08536974
0,0.037034538
0,0.07244343
0,0.027029792
0,0.022180688
0,0.09666438
0,0.12490601
0,0.16192225
0,0.05194561
0,0.11385894
0,0.03096495
0,0.023845255
0,0.024830095
0,0.04114686
0,0.018370295
0,0.01820169
0,0.051108986
0,0.044465557
0,0.021203997
0,0.08612697
0,0.03103456
0,0.040200394
0,0.021442343
0,0.007978324
0,0.04571544
0,0.031179957
0,0.053458568
0,0.13085592
0,0.01472081
0,0.058135394
0,0.042159986
0,0.05341659
0,0.057719503
0,0.12162332
0,0.17064169
0,0.029129487
0,0.02294258
0,0.012625704
0,0.027430804
0,0.053576645
0,0.14274809
0,0.03437408
0,0.05322342
0,0.049128972
0,0.09008021
0,0.09197011
0,0.048328143
0,0.027125701
0,0.028369905
0,0.050487947
0,0.054399278
0,0.074586794
0,0.041247327
0,0.031630967
0,0.04379577
0,0.038874224
0,0.03841981
0,0.08639596
0,0.06024425
0,0.028148727
0,0.057655204
0,0.034640387
0,0.04735821
0,0.052488286
0,0.014909537
0,0.025406016
0,0.023524066
0,0.019026672
0,0.046963915
0,0.016727237
0,0.01394976
0,0.056797285
0,0.07275155
0,0.06672677
0,0.091579504
0,0.04012593
0,0.02921918
0,0.074042566
0,0.01417705
0,0.28758314
0,0.07047472
0,0.07599756
0,0.045484044
0,0.047531813
0,0.09276073
0,0.056281146
0,0.066109985
0,0.22150221
0,0.15770273
0,0.03509762
0,0.09573969
0,0.09302704
0,0.02694556
0,0.081917025
0,0.012813666
0,0.18549597
0,0.1127713
0,0.026579786
0,0.042467944
0,0.07446862
0,0.04903131
0,0.073425904
0,0.06921828
0,0.038478266
0,0.0704027
0,0.088084064
0,0.030524481
0,0.020268042
0,0.09512856
0,0.019947546
0,0.037979845
0,0.053200204
0,0.08930958
0,0.10712686
0,0.12478728
0,0.023228176
0,0.032882955
0,0.07011669
0,0.026846193
0,0.016247626
0,0.050829437
0,0.058316518
0,0.019370146
0,0.027449194
0,0.13062
0,0.05354252
0,0.04203839
0,0.08961477
0,0.016104499
0,0.020059174
0,0.03969803
0,0.009673227
0,0.018200148
0,0.029771708
0,0.020377409
0,0.026986817
0,0.04624463
0,0.19813508
0,0.040869486
0,0.08171304
0,0.048792217
0,0.07049497
0,0.035289265
0,0.03222863
0,0.04925158
0,0.021446014
0,0.03821069
0,0.02965465
0,0.0328681
0,0.12743898
0,0.10570801
0,0.033717215
0,0.04584217
0,0.038204968
0,0.027112743
0,0.041398823
0,0.08698393
0,0.010270357
0,0.015948934
0,0.096755184
0,0.009790887
0,0.034075268
0,0.04467508
0,0.036130916
0,0.014430441
0,0.025764719
0,0.14001311
0,0.05639811
0,0.03679748
0,0.087525696
0,0.027112195
0,0.034595475
0,0.041897245
0,0.034231033
0,0.0501947
0,0.0751112
0,0.070221074
0,0.02042333
0,0.027871437
0,0.08808276
0,0.14039785
0,0.3546406
0,0.20416342
0,0.07972672
0,0.031768713
0,0.028622605
0,0.03173663
0,0.05542816
0,0.10893652
0,0.08688077
0,0.022026382
0,0.020620037
0,0.122530036
0,0.030363062
0,0.019269755
0,0.067707725
0,0.033925153
0,0.081567146
0,0.076552086
0,0.0551898
0,0.054364707
0,0.057349112
0,0.08303342
0,0.39241952
0,0.042992126
0,0.035222292
0,0.071855254
0,0.052236747
0,0.042141117
0,0.119836666
0,0.021677367
0,0.014274291
0,0.017097156
0,0.04693846
0,0.018566463
0,0.047362242
0,0.036896896
0,0.014908311
0,0.016492303
0,0.016464198
0,0.02722509
0,0.04138073
0,0.10605484
0,0.014510717
0,0.019216804
0,0.032024343
0,0.05745671
0,0.06475161
0,0.057964176
0,0.04782881
0,0.05313696
0,0.020507783
0,0.029788036
0,0.048509866
0,0.14643918
0,0.053152557
0,0.047279548
0,0.07235686
0,0.071559936
0,0.08102783
0,0.055503946
0,0.07933675
0,0.062012613
0,0.10980993
0,0.09480057
0,0.059509557
0,0.027100522
0,0.030414242
0,0.110582314
0,0.024603272
0,0.055483352
0,0.15313871
0,0.046993922
0,0.033408806
0,0.029746473
0,0.08446826
0,0.11895916
0,0.063595645
0,0.06601693
0,0.031792123
0,0.053380195
0,0.027652266
0,0.041853763
0,0.020141056
0,0.056054432
0,0.018857764
0,0.01616463
0,0.044717766
0,0.09845606
0,0.046055883
0,0.04605469
0,0.06533498
0,0.047407117
0,0.11819074
0,0.040590372
0,0.049193703
0,0.15602835
0,0.06880238
0,0.07397576
0,0.09414594
0,0.18116759
0,0.16134834
0,0.23687984
0,0.065575555
0,0.21708843
0,0.08943055
0,0.20079195
0,0.06532336
0,0.5049218
0,0.6865529
0,0.055390533
0,0.10158747
0,0.055869896
0,0.14648803
0,0.048401665
0,0.026799541
0,0.0916838
0,0.071962275
0,0.1501994
0,0.05913157
0,0.15375979
0,0.40054265
0,0.07957758
0,0.021513028
0,0.0826906
0,0.11359189
0,0.06933252
0,0.027061328
0,0.05543622
0,0.035022337
0,0.02879116
0,0.0706711
0,0.08081014
0,0.03483031
0,0.1892581
0,0.1329841
0,0.020211753
0,0.038935162
0,0.050277293
0,0.05822715
0,0.011272806
0,0.28107044
0,0.03011066
0,0.032631308
0,0.05219796
0,0.022741633
0,0.079276204
0,0.06219309
0,0.07605851
0,0.06273983
0,0.015699929
0,0.043006863
0,0.059510518
0,0.041415907
0,0.061155636
0,0.027459793
0,0.107010074
0,0.05579903
0,0.04019424
0,0.096099675
0,0.057008628
0,0.024848752
0,0.03410303
0,0.028977122
0,0.21872227
0,0.10807157
0,0.028167576
0,0.04007792
0,0.03684499
0,0.07040143
0,0.06594398
0,0.027815027
0,0.08320571
0,0.07158323
0,0.07409787
0,0.038533594
0,0.060871415
0,0.04594945
0,0.050647136
0,0.08650163
0,0.15949908
0,0.06923436
0,0.04277539
0,0.043140974
0,0.032290798
0,0.02807051
0,0.5805502
0,0.04772598
0,0.043702763
0,0.022399802
0,0.026982892
0,0.043438677
0,0.029756714
0,0.019100012
0,0.018839255
0,0.08187775
0,0.048070274
0,0.015136605
0,0.0493289
0,0.05444315
0,0.038108766
0,0.09023677
0,0.08150542
0,0.06085561
0,0.009744259
0,0.05548138
0,0.046465658
0,0.03688349
0,0.02112611
0,0.030387474
0,0.02188762
0,0.1375949
0,0.06042283
0,0.07921553
0,0.020154297
0,0.024096757
0,0.04774062
0,0.19904286
0,0.12254275
0,0.03379506
0,0.03487624
0,0.035159275
0,0.06998326
0,0.50766265
0,0.04758706
0,0.04944465
0,0.05825331
0,0.10774282
0,0.06518912
0,0.55995125
0,0.05337977
0,0.1067202
0,0.4810178
0,0.05234034
0,0.022300549
0,0.042706802
0,0.051860202
0,0.08505342
0,0.07173384
0,0.03812939
0,0.041410558
0,0.045929797
0,0.13225651
0,0.15871285
0,0.1553574
0,0.08085905
0,0.16918398
0,0.051913872
0,0.017414698
0,0.04727729
0,0.039997686
0,0.048682634
0,0.04890523
0,0.07600064
0,0.04122114
0,0.02658866
0,0.08412039
0,0.12372018
0,0.07079238
0,0.033188313
0,0.09061803
0,0.04763017
0,0.045085702
0,0.039743133
0,0.032182567
0,0.15991804
0,0.20144235
0,0.028555837
0,0.2016205
0,0.09199754
0,0.05875796
0,0.13397984
0,0.057709895
0,0.026584005
0,0.02729486
0,0.03529111
0,0.033611387
0,0.03666141
0,0.0648616
0,0.048988786
0,0.06943194
0,0.044703152
0,0.07192788
0,0.08015961
0,0.123431906
0,0.06926373
0,0.044641107
0,0.052725438
0,0.060404822
0,0.05083784
0,0.115801975
0,0.23962092
0,0.2964291
0,0.028733503
0,0.043499377
0,0.03491221
0,0.04099868
0,0.061902802
0,0.03542139
0,0.06400982
0,0.044691782
0,0.11586638
0,0.15238082
0,0.085128486
0,0.07839952
0,0.14291723
0,0.08058348
0,0.06344531
0,0.10405874
0,0.05684094
0,0.08263406
0,0.18090537
0,0.14610289
0,0.0590075
0,0.08142432
0,0.17508905
0,0.023562586
0,0.10630095
0,0.05415718
0,0.07791694
0,0.08158912
0,0.15136679
0,0.26569825
0,0.07415216
0,0.06277685
0,0.77566904
0,0.27613294
0,0.085551165
0,0.22554018
0,0.032386024
0,0.19726965
0,0.14002216
0,0.30011386
0,0.17027205
0,0.17003992
0,0.7827238
0,0.7559089
0,0.2001874
0,0.17954783
0,0.13754845
0,0.043684695
0,0.15668216
0,0.7987056
0,0.02980316
0,0.039322037
0,0.103141725
0,0.103793755
0,0.28935456
0,0.088104285
0,0.27328295
0,0.21550074
0,0.53485787
0,0.22968994
0,0.09886118
0,0.26436126
0,0.2447393
0,0.07007296
0,0.30258644
0,0.20987672
0,0.042632785
0,0.15648468
0,0.1584898
0,0.062483225
0,0.05968665
0,0.17936116
0,0.10469848
0,0.09893266
0,0.20789677
0,0.32075113
0,0.20484005
0,0.05396431
0,0.09688599
0,0.044969834
0,0.028847994
0,0.14104892
0,0.030005533
0,0.19630732
0,0.19559415
0,0.054624815
0,0.07685376
0,0.23519038
0,0.12943514
0,0.030992882
0,0.26033747
0,0.053199016
0,0.068350956
0,0.032039694
0,0.07744421
0,0.04115946
0,0.06237655
0,0.09323276
0,0.22359924
0,0.14224145
0,0.16373995
0,0.05086801
0,0.1042992
0,0.25129658
0,0.035663337
0,0.06016296
0,0.06128537
0,0.08954271
0,0.0945524
0,0.35624015
0,0.080964826
0,0.2627543
0,0.30783853
0,0.08677374
0,0.11497773
0,0.08307364
0,0.107169054
0,0.08752599
0,0.1153478
0,0.05307745
0,0.10687005
0,0.08165689
0,0.022178363
0,0.06937507
0,0.062880814
0,0.042953525
0,0.046631586
0,0.040789362
0,0.14508094
0,0.10210344
0,0.17987776
0,0.6780342
0,0.44733965
0,0.06364281
0,0.05533753
0,0.072216
0,0.04000876
0,0.22514981
0,0.04573199
0,0.06949565
0,0.038085658
0,0.10026349
0,0.084517784
0,0.13741136
0,0.051963955
0,0.049010083
0,0.066877596
0,0.04799703
0,0.08819121
0,0.35616192
0,0.12439112
0,0.08483773
0,0.12592974
0,0.18944749
0,0.083550334
0,0.09573017
0,0.09691383
0,0.025818298
0,0.036176663
0,0.07345463
0,0.093065254
0,0.11206128
0,0.099912375
0,0.099056765
0,0.05724978
0,0.18209587
0,0.036703162
0,0.08124096
0,0.13334401
0,0.019392747
0,0.24690272
0,0.073067464
0,0.045322448
0,0.24251115
0,0.05272412
0,0.9861344
0,0.9638749
0,0.05823241
0,0.06481552
0,0.065937
0,0.033623103
0,0.050590158
0,0.097104505
0,0.13165897
0,0.06799068
0,0.17666022
0,0.049595855
0,0.16209291
0,0.1788967
0,0.0881916
0,0.55898005
0,0.117791876
0,0.017447937
0,0.07109409
0,0.10875476
0,0.88036555
0,0.06471373
0,0.8244546
0,0.70815265
0,0.14593194
0,0.031192653
0,0.55989337
0,0.36458072
0,0.7219118
0,0.038566124
0,0.02992816
0,0.15049489
0,0.108234696
0,0.8799661
0,0.25965884
0,0.09422018
0,0.10755043
0,0.075541504
0,0.0358979
0,0.029935855
0,0.053064965
0,0.54636496
0,0.35525832
0,0.1257693
0,0.076026596
0,0.25367928
0,0.15622607
0,0.07634579
0,0.071265094
0,0.06601786
0,0.020643845
0,0.2009666
0,0.055173464
0,0.115946464
0,0.044402048
0,0.05791585
0,0.10250087
0,0.07415759
0,0.06913609
0,0.14108692
0,0.021402702
0,0.06112419
0,0.0682103
0,0.035488013
0,0.06590035
0,0.055501215
0,0.018908592
1,0.9971847
1,0.99587584
1,0.87975293
1,0.99997497
1,0.99999726
1,0.99999857
1,0.999998
1,0.99999976
1,0.99999964
1,0.99999976
1,0.9999999
1,0.99968404
1,0.9999869
1,0.9999999
1,0.9999913
1,0.9999789
1,0.99999726
1,0.9999945
1,0.99999917
1,0.9999136
1,0.9999995
1,0.9999999
1,0.9999976
1,0.99999905
1,1.0
1,0.99999905
1,0.9987734
1,0.99996805
1,0.99999535
1,1.0
1,0.9999994
1,0.9999939
1,0.9999982
1,1.0
1,0.9079118
1,0.9999888
1,0.99999714
1,0.99998534
1,0.99996233
1,0.99999964
1,0.9999999
1,0.99996734
1,0.9999981
1,0.9999734
1,0.9999999
1,1.0
1,0.9999975
1,0.9999969
1,0.99999475
1,0.99999607
1,1.0
1,0.9999981
1,0.99998426
1,0.99998057
1,1.0
1,0.99998176
1,0.9999962
1,0.99999475
1,0.9999838
1,0.9999988
1,0.99999905
1,0.99996054
1,0.9999989
1,0.9999993
1,0.9999999
1,0.99996114
1,0.9995189
1,0.99995446
1,0.9999949
1,0.99998677
1,1.0
1,0.999995
1,0.99996734
1,0.9999995
1,1.0
1,0.9999995
1,0.99999964
1,0.99999607
1,0.99995506
1,1.0
1,0.999781
1,0.9994122
1,0.99999046
1,0.9999982
1,1.0
1,0.9999887
1,0.99991345
1,0.999864
1,0.9999989
1,0.99994373
1,0.9999267
1,0.9984742
1,0.99999905
1,0.99999905
1,0.99999464
1,0.9999901
1,0.9999478
1,1.0
1,0.9999907
1,0.9718346
1,0.9997316
1,0.9999888
1,0.9999747
1,0.9999994
1,0.9999994
1,0.9999814
1,0.9999821
1,0.9999763
1,0.99999785
1,0.9999473
1,0.99990475
1,0.99998283
1,0.99999964
1,1.0
1,0.99998915
1,0.9999765
1,0.99959254
1,0.999998
1,0.9998282
1,0.9998573
1,0.9999794
1,0.9999995
1,0.9999999
1,0.99996555
1,0.99989986
1,0.9998679
1,0.9999989
1,0.9999927
1,0.9999876
1,0.99992776
1,0.99983287
1,1.0
1,0.7459862
1,0.99974555
1,0.9999913
1,0.9999939
1,0.9999982
1,0.9999999
1,0.9999943
1,0.99992895
1,0.9998772
1,0.9999994
1,0.9999567
1,0.9999831
1,0.9999585
1,1.0
1,0.99999344
1,0.9999573
1,0.99998987
1,0.99999523
1,0.9999999
1,0.99999547
1,0.99995136
1,0.9999988
1,0.99997425
1,0.99999833
1,0.99999964
1,0.9999838
1,0.9999598
1,0.9999505
1,0.9999882
1,0.9999403
1,0.99995327
1,0.9999912
1,0.99999976
1,0.94034964
1,0.99998236
1,0.9999932
1,0.999997
1,0.9999639
1,0.9993656
1,0.99999976
1,0.9999957
1,0.9999918
1,0.9999827
1,0.9999995
1,0.99999976
1,0.9999423
1,0.9999932
1,0.99999774
1,0.99999964
1,0.99960804
1,0.99986696
1,0.99801576
1,0.9999851
1,0.9999987
1,0.9999912
1,0.9999864
1,0.99998426
1,0.999998
1,0.99998987
1,0.9999944
1,0.99999857
1,1.0
1,0.99999976
1,0.9999627
1,0.9999492
1,0.9999927
1,0.7375102
1,0.99999917
1,0.9999974
1,0.99999666
1,0.999995
1,0.9999703
1,0.9999999
1,0.9999968
1,0.99998415
1,0.99998
1,1.0
1,0.99999523
1,0.9999691
1,0.9999989
1,0.999998
1,0.99999976
1,0.9999616
1,0.99975556
1,0.999995
1,0.9999505
1,0.9999949
1,0.9999976
1,0.99999905
1,0.99999964
1,0.99996555
1,0.99996805
1,0.9999901
1,0.9999987
1,0.9999963
1,0.99860954
1,0.9999989
1,0.9999988
1,0.9999527
1,0.99996305
1,0.99705386
1,0.9999933
1,0.99999714
1,0.9999851
1,0.9999999
1,0.99999964
1,0.99992025
1,0.9971674
1,0.9999684
1,1.0
1,0.9999449
1,0.99980664
1,0.99999666
1,0.99999857
1,0.9999914
1,0.9999999
1,0.99999905
1,0.9999826
1,0.9998094
1,0.9999982
1,0.99999976
1,0.9999529
1,0.99999547
1,0.9999993
1,0.9999999
1,0.9999707
1,0.99997663
1,0.9999788
1,0.99999607
1,0.9999993
1,0.9999995
1,0.9989655
1,0.9974585
1,0.999997
1,0.999997
1,1.0
1,0.99999964
1,0.9999788
1,0.9999856
1,0.99999845
1,0.9999975
1,0.999984
1,0.9999902
1,0.99994445
1,0.9999945
1,0.99999785
1,0.9999542
1,0.999949
1,0.9999968
1,0.9999964
1,0.99998546
1,0.99992394
1,0.9999912
1,0.9999995
1,0.99969774
1,0.99998856
1,0.9999995
1,0.9999999
1,0.9999664
1,0.99999964
1,0.9999802
1,0.9996563
1,0.99999976
1,0.9999478
1,0.999944
1,0.9371958
1,0.99999976
1,0.9999999
1,0.9999695
1,0.99999905
1,0.9999652
1,0.99999905
1,0.9999949
1,0.999984
1,0.9999784
1,0.9999825
1,0.9999938
1,0.99998844
1,0.9999666
1,0.99989796
1,0.9999521
1,0.9999925
1,0.99996936
1,0.9999838
1,0.99999404
1,0.9999958
1,0.9996178
1,0.99982524
1,0.99999356
1,0.99999905
1,0.9998225
1,0.99986756
1,0.9999485
1,0.9999999
1,0.99999225
1,0.9999925
1,0.9997243
1,0.99997115
1,0.22750033
1,0.9999994
1,0.9999629
1,0.9999893
1,0.9999951
1,0.9996662
1,0.99999857
1,0.9999999
1,0.99936527
1,0.99974424
1,0.9999994
1,0.9999995
1,0.9999832
1,0.9999032
1,0.99989927
1,0.9999869
1,0.99999917
1,0.99986994
1,0.99873406
1,0.9999993
1,0.9999982
1,0.9997835
1,0.9999995
1,0.99996114
1,0.999995
1,0.9999801
1,0.99993837
1,0.9989756
1,0.99999976
1,0.9999963
1,0.9999546
1,0.99997735
1,0.9999981
1,0.9130786
1,0.9999856
1,0.9999932
1,0.99995995
1,0.9999378
1,0.9999907
1,1.0
1,0.9999424
1,0.9999056
1,0.9994875
1,0.9999429
1,0.9999528
1,0.99987555
1,0.9999467
1,0.9999999
1,0.9999881
1,0.99998343
1,0.9999713
1,0.9999913
1,0.9999969
1,0.99999154
1,0.9999223
1,0.999998
1,0.9999999
1,0.99997723
1,0.99999845
1,0.9999995
1,1.0
1,0.9999926
1,0.99964035
1,0.9999956
1,0.9999999
1,0.99998355
1,0.99976474
1,0.9998528
1,0.99999774
1,0.99999726
1,0.9999995
1,0.9999393
1,0.99999535
1,0.99882966
1,0.99997044
1,0.9999994
1,0.9999981
1,0.9999672
1,0.99999905
1,0.9999999
1,1.0
1,1.0
1,0.99999976
1,0.9999926
1,0.99998415
1,0.9999778
1,0.9999999
1,0.99996626
1,0.9999912
1,0.9999969
1,0.9999999
1,0.9999989
1,0.99998546
1,0.99999774
1,0.99998736
1,0.9999809
1,0.9999956
1,0.99999833
1,0.99998784
1,0.99975663
1,0.9999989
1,0.9999987
1,0.99999666
1,0.99975306
1,0.99989426
1,0.9999927
1,0.9999918
1,1.0
1,0.9999918
1,0.99972075
1,0.9999654
1,0.9999999
1,0.9997247
1,0.99984074
1,0.9995604
1,1.0
1,0.9999032
1,0.9996727
1,0.9999982
1,1.0
1,0.99999964
1,0.99999416
1,0.99996567
1,0.99999297
1,0.99999845
1,0.9997303
1,0.9999682
1,0.9999974
1,0.9999995
1,0.9999926
1,0.9999863
1,0.999889
1,0.72228587
1,0.99998283
1,0.9999697
1,0.99997044
1,0.9988078
1,0.9899114
1,0.99981153
1,0.9999248
1,0.999998
1,0.99999666
1,0.99995875
1,0.99999964
1,1.0
1,0.9999957
1,0.99997306
1,0.9999459
1,1.0
1,0.9999995
1,0.9998579
1,0.9998987
1,0.99998796
1,0.99999344
1,0.999997
1,0.99995875
1,0.99997485
1,0.99999714
1,0.9999989
1,0.99995303
1,0.9999926
1,0.99996305
1,0.9999999
1,0.99959934
1,0.99982655
1,0.9259039
1,0.9999871
1,0.99995327
1,0.99995375
1,0.99944204
1,0.9999981
1,0.999998
1,0.9999895
1,0.99993324
1,0.9999932
1,1.0
1,0.9999995
1,0.999619
1,0.9996988
1,0.99999607
1,0.9999989
1,0.9994479
1,0.9999778
1,0.99999666
1,0.99999976
1,0.9999988
1,0.9995653
1,0.99996483
1,0.9999995
1,0.9999945
1,0.9999734
1,0.99999166
1,0.99999833
1,0.9999901
1,0.9999131
1,0.9999964
1,0.99999964
1,0.99997354
1,0.99906874
1,0.96064794
1,0.9998704
1,0.999998
1,0.9999981
1,0.9999968
1,0.99999404
1,0.9999732
1,0.99999976
1,0.9999895
1,0.999998
1,0.9998809
1,0.9999999
1,0.99999964
1,0.9999864
1,0.9999995
1,0.99999964
1,0.99999166
1,0.99999845
1,0.9999769
1,0.99999964
1,0.9998152
1,0.9999968
1,0.9999994
1,0.9999641
1,1.0
1,0.9999895
1,0.9999896
1,0.99995303
1,0.9999987
1,0.99999285
1,0.99999285
1,0.99996805
1,1.0
1,0.9914591
1,0.9999937
1,0.99999976
1,0.99996674
1,0.9999894
1,0.9997614
1,0.9996362
1,0.9999999
1,0.99992216
1,0.9999672
1,0.99999964
1,0.9999932
1,0.9997914
1,0.99996054
1,0.9999392
1,0.9999894
1,0.99998915
1,0.9999894
1,0.99999595
1,0.99999964
1,0.9999795
1,0.99998236
1,0.999997
1,0.99999964
1,0.9999981
1,0.9999933
1,0.999974
1,0.99998474
1,0.9999999
1,0.99989295
1,0.99913466
1,0.9997321
1,0.9999951
1,0.9364747
1,0.99995494
1,0.9997155
1,0.99997914
1,0.9999691
1,0.9999995
1,0.9999964
1,0.9999639
1,0.9999982
1,0.99999666
1,0.99999976
1,0.9999887
1,0.99993706
1,0.99998593
1,0.9999994
1,0.99999726
1,0.9997346
1,0.9999943
1,0.99995756
1,0.99942046
1,0.99999964
1,0.99932426
1,0.99993396
1,0.999574
1,0.99999964
1,0.9999908
1,0.9998615
1,0.99998915
1,0.9999709
1,0.99999964
1,0.99998176
1,0.9999794
1,0.9976804
1,0.99941134
1,0.9999068
1,0.999979
1,0.99978137
1,0.99999666
1,0.99999976
1,0.99999416
1,0.99994004
1,0.9999865
1,0.9999995
1,0.9999889
1,0.99998367
1,0.99999213
1,0.99999976
1,0.9999987
1,0.9999802
1,0.9999616
1,0.99999225
1,0.9999975
1,0.9954306
1,0.99987495
1,0.9999989
1,0.999985
1,0.9999987
1,0.9992906
1,0.99999833
1,0.9999957
1,0.99990606
1,0.9999912
1,0.9999974
1,0.9999988
1,0.9999652
1,0.90227437
1,0.9651155
1,0.99997973
1,0.99999976
1,0.9999995
1,0.99999523
1,0.999154
1,0.9999862
1,0.9999999
1,0.9997383
1,0.99997365
1,0.9997877
1,0.99996424
1,0.99999845
1,0.9999994
1,0.9997594
1,0.9999707
1,0.9999994
1,0.9999734
1,0.9999546
1,0.99997544
1,0.9999702
1,0.9999999
1,0.99998844
1,0.9999969
1,0.9994666
1,1.0
1,0.9999145
1,0.99998605
1,0.99996996
1,0.9999988
1,0.999925
1,0.9998357
1,0.99922323
1,0.8166671
1,0.99999225
1,0.9999999
1,0.99996865
1,0.999995
1,0.9998945
1,0.99999464
1,0.9999974
1,0.9999486
1,0.99996996
1,0.9999999
1,0.9999931
1,0.999843
1,0.99992335
1,0.9999987
1,0.9999995
1,0.99975616
1,0.99988735
1,0.9999999
1,0.99999917
1,0.99999845
1,0.99978364
1,0.99987376
1,0.9999932
1,0.99998903
1,0.9996721
1,0.99998605
1,0.9999999
1,0.9999939
1,0.9999964
1,0.99998295
1,0.9999641
1,0.9999999
1,0.788269
1,0.99998665
1,0.9999951
1,0.9999989
1,0.999995
1,0.9999901
1,0.99996436
1,0.999998
1,0.9999999
1,0.99996257
1,0.99964404
1,0.99995756
1,0.9999993
1,0.99999714
1,0.9999871
1,0.9999852
1,1.0
1,0.9999995
1,0.99999154
1,0.9996936
1,0.9999993
1,0.9999994
1,0.9999939
1,0.99994695
1,0.99998057
1,0.99999976
1,0.9998096
1,0.9999969
1,0.9999995
1,0.9999664
1,0.9988593
1,0.9998381
1,0.99999094
1,0.9999994
1,0.9971808
1,0.99995077
1,0.9999999
1,0.9999609
1,0.9999987
1,0.9999987
1,0.99999404
1,0.99989426
1,0.99995136
1,0.9999994
1,0.9999887
1,0.9998765
1,0.99999976
1,0.99999905
1,0.9999912
1,0.99999905
1,0.99998915
1,0.9999963
1,0.99999547
1,0.99994946
1,0.9999478
1,1.0
1,0.9999974
1,0.9999957
1,0.99998176
1,0.99999917
1,0.99999785
1,0.9998436
1,0.9998338
1,0.9998671
1,0.9999999
1,0.752096
0,0.085951746
0,0.25526884
0,0.03451
0,0.022031602
0,0.064795025
0,0.039827794
0,0.016724115
0,0.016040718
0,0.023100566
0,0.046689805
0,0.027010322
0,0.03055461
0,0.06817875
0,0.009544918
0,0.021177683
0,0.041790746
0,0.016455306
0,0.013658698
0,0.00842676
0,0.016453285
0,0.08922883
0,0.06783551
0,0.03278949
0,0.212827
0,0.14514095
0,0.069113895
0,0.05419391
0,0.01865224
0,0.039384685
0,0.10270792
0,0.017730154
0,0.027770441
0,0.01818299
0,0.020583889
0,0.028354818
0,0.016392997
0,0.05960255
0,0.011410926
0,0.02277264
0,0.017430745
0,0.029828522
0,0.009779576
0,0.068916924
0,0.096786104
0,0.014728821
0,0.35970837
0,0.024971042
0,0.046055987
0,0.032567486
0,0.028233903
0,0.05569085
0,0.05014366
0,0.124849975
0,0.024560105
0,0.034857146
0,0.060057964
0,0.04915052
0,0.08046439
0,0.035481054
0,0.041181132
0,0.03876214
0,0.028095309
0,0.734732
0,0.055815108
0,0.1141579
0,0.20095305
0,0.021872722
0,0.091668665
0,0.59760386
0,0.091603845
0,0.11852115
0,0.21750982
0,0.06708157
0,0.042190842
0,0.05478614
0,0.07983293
0,0.08361609
0,0.039857414
0,0.027103696
0,0.032124136
0,0.008867704
0,0.009719546
0,0.048864305
0,0.030406974
0,0.10024772
0,0.1189048
0,0.03248476
0,0.04425802
0,0.08980204
0,0.061563477
0,0.7964565
0,0.15085906
0,0.019881621
0,0.07317565
0,0.015366676
0,0.011603835
0,0.04164918
0,0.04992377
0,0.080588385
0,0.118605845
0,0.0039998414
0,0.027126383
0,0.042534377
0,0.028694397
0,0.15426284
0,0.044865817
0,0.03523127
0,0.014880906
0,0.0069374195
0,0.05824018
0,0.049307927
0,0.03472011
0,0.03033417
0,0.9306843
0,0.01290967
0,0.07306511
0,0.07712106
0,0.13808773
0,0.0465227
0,0.052094094
0,0.015373677
0,0.031038392
0,0.03255483
0,0.034087244
0,0.042789657
0,0.03534777
0,0.015964888
0,0.046637256
0,0.036782112
0,0.050505377
0,0.04737513
0,0.07483999
0,0.033473343
0,0.030741397
0,0.063385636
0,0.2462671
0,0.074301936
0,0.006846501
0,0.09672906
0,0.19826299
0,0.065985695
0,0.07603725
0,0.05368818
0,0.3705361
0,0.045826446
0,0.17930938
0,0.04287865
0,0.043847397
0,0.06603206
0,0.11278598
0,0.097024724
0,0.051378187
0,0.02516607
0,0.09640861
0,0.016578082
0,0.05476841
0,0.100657396
0,0.05855496
0,0.23677012
0,0.06788923
0,0.06254484
0,0.038721878
0,0.0474391
0,0.009223177
0,0.057652973
0,0.044402722
0,0.08434471
0,0.058657367
0,0.037575908
0,0.042697564
0,0.10410805
0,0.026879614
0,0.07775584
0,0.16067109
0,0.12891622
0,0.047438875
0,0.08450982
0,0.056313522
0,0.07943502
0,0.069545805
0,0.3091221
0,0.05033751
0,0.038018167
0,0.043108817
0,0.106192686
0,0.15244569
0,0.116103396
0,0.04892125
0,0.021481905
0,0.033746295
0,0.08612221
0,0.1502333
0,0.087727495
0,0.10964683
0,0.53929734
0,0.06513154
0,0.017313614
0,0.13607815
0,0.08160942
0,0.02748852
0,0.07217494
0,0.027756196
0,0.35784486
0,0.2399757
0,0.14858457
0,0.048502766
0,0.122883625
0,0.024602465
0,0.1961729
0,0.08561503
0,0.018287562
0,0.06927492
0,0.08580497
0,0.042184602
0,0.13456006
0,0.037235323
0,0.05936865
0,0.036390543
0,0.01168978
0,0.029769143
0,0.04237154
0,0.04420285
0,0.09308479
0,0.11985948
0,0.13190281
0,0.42016074
0,0.095665924
0,0.12857325
0,0.040675115
0,0.2898576
0,0.05520296
0,0.069544286
0,0.08996859
0,0.14046991
0,0.03169171
0,0.03943607
0,0.041176677
0,0.005559249
0,0.014883003
0,0.0122993905
0,0.022908399
0,0.036256555
0,0.030541494
0,0.08299591
0,0.02356465
0,0.022905892
0,0.026377253
0,0.28751755
0,0.052640896
0,0.023258142
0,0.008205905
0,0.038595457
0,0.008228381
0,0.02889624
0,0.051340256
0,0.026330186
0,0.046049397
0,0.03245573
0,0.012099092
0,0.016979491
0,0.02625547
0,0.048710644
0,0.17977639
0,0.05258591
0,0.026139766
0,0.06061949
0,0.023422657
0,0.16495715
0,0.0762095
0,0.2777592
0,0.030011307
0,0.035759807
0,0.012373857
0,0.02172849
0,0.050005835
0,0.074482456
0,0.025897995
0,0.020623537
0,0.031463463
0,0.027112605
0,0.08154141
0,0.020811109
0,0.034552217
0,0.11569669
0,0.031900674
0,0.026886804
0,0.028291998
0,0.014789444
0,0.15350226
0,0.07272687
0,0.029545013
0,0.96046424
0,0.024858011
0,0.029006893
0,0.049197342
0,0.1480568
0,0.07665809
0,0.02856516
0,0.026126612
0,0.019989463
0,0.072328106
0,0.06719837
0,0.08547569
0,0.0060817176
0,0.008516484
0,0.048649605
0,0.06664132
0,0.07443519
0,0.11083693
0,0.0633581
0,0.054379907
0,0.06049529
0,0.19478859
0,0.9556095
0,0.032064147
0,0.016168764
0,0.0575818
0,0.0033181233
0,0.009276323
0,0.030270435
0,0.034828603
0,0.14973696
0,0.066280544
0,0.014153845
0,0.02279102
0,0.013004818
0,0.10546993
0,0.06307513
0,0.06624133
0,0.093370676
0,0.0330349
0,0.046162814
0,0.04617019
0,0.033804655
0,0.07079531
0,0.8033602
0,0.08400711
0,0.012370302
0,0.17131853
0,0.052106403
0,0.03753672
0,0.11883933
0,0.14283067
0,0.009952028
0,0.041246857
0,0.04647306
0,0.043550707
0,0.01961139
0,0.09446114
0,0.019094484
0,0.008938085
0,0.044855002
0,0.019939892
0,0.043648776
0,0.10904845
0,0.068526
0,0.086796224
0,0.26439488
0,0.027240157
0,0.08132607
0,0.045064088
0,0.06355813
0,0.046030376
0,0.065674394
0,0.0634942
0,0.07443064
0,0.063602
0,0.07290807
0,0.035674762
0,0.052443013
0,0.0378388
0,0.03480705
0,0.047901087
0,0.0353815
0,0.0969982
0,0.11248668
0,0.048180543
0,0.05753898
0,0.055879254
0,0.23906055
0,0.21301313
0,0.088390686
0,0.06949392
0,0.018114122
0,0.02850168
0,0.037623618
0,0.06435458
0,0.03132796
0,0.10378809
0,0.057785083
0,0.035543818
0,0.026288249
0,0.029187458
0,0.09695769
0,0.015436598
0,0.068304636
0,0.071527116
0,0.10456295
0,0.067091025
0,0.140064
0,0.062402964
0,0.13374116
0,0.13404712
0,0.040273633
0,0.056634754
0,0.07784652
0,0.06473764
0,0.026563983
0,0.045357894
0,0.045710675
0,0.060474902
0,0.19422701
0,0.044053677
0,0.17053322
0,0.02499368
0,0.10849706
0,0.06531532
0,0.036921144
0,0.057394046
0,0.10156441
0,0.028129939
0,0.046919435
0,0.018981958
0,0.8144269
0,0.77440006
0,0.07216849
0,0.13621339
0,0.058576576
0,0.048450027
0,0.15405335
0,0.056793507
0,0.10699545
0,0.29484892
0,0.055907708
0,0.10095909
0,0.043912314
0,0.023460675
0,0.1354926
0,0.27254388
0,0.08176628
0,0.11040704
0,0.04556372
0,0.15313244
0,0.1560397
0,0.060164217
0,0.66196537
0,0.9496486
0,0.06949852
0,0.06566594
0,0.02466625
0,0.08898959
0,0.14840643
0,0.12384381
0,0.13446343
0,0.1214239
0,0.14440456
0,0.13188903
0,0.17199083
0,0.09212586
0,0.10742533
0,0.07625057
0,0.036952898
0,0.011542808
0,0.05905957
0,0.038188536
0,0.16988376
0,0.08673837
0,0.0776475
0,0.17300677
0,0.7066863
0,0.016908659
0,0.08104579
0,0.09932767
0,0.107127294
0,0.032398466
0,0.0631684
0,0.07526734
0,0.029697262
0,0.03088779
0,0.036280084
0,0.031115161
0,0.018803932
0,0.065583006
0,0.077985264
0,0.040487047
0,0.047348663
0,0.06885198
0,0.03271847
0,0.027736237
0,0.053408258
0,0.102021195
0,0.030445354
0,0.04383412
0,0.056980535
0,0.05691542
0,0.3133704
0,0.04164139
0,0.06092779
0,0.10189958
0,0.08619387
0,0.045797598
0,0.06926942
0,0.03546336
0,0.036924154
0,0.036923
0,0.025098378
0,0.052303303
0,0.04214558
0,0.010837003
0,0.06363151
0,0.022244535
0,0.065809496
0,0.087006085
0,0.6881513
0,0.06570694
0,0.10195449
0,0.022204837
0,0.058974218
0,0.019838734
0,0.2493128
0,0.058373895
0,0.026986308
0,0.018603211
0,0.054939013
0,0.06232414
0,0.060947075
0,0.010092802
0,0.19721812
0,0.038663153
0,0.13210139
0,0.32414383
0,0.15768908
0,0.71736366
0,0.06591781
0,0.1881774
0,0.9566495
0,0.06701774
0,0.030074323
0,0.0565412
0,0.11826553
0,0.1087858
0,0.33873215
0,0.04603137
0,0.50568396
0,0.6940288
0,0.02464016
0,0.06980782
0,0.07705874
0,0.5532942
0,0.38344416
0,0.050829347
0,0.019670522
0,0.042749282
0,0.1330884
0,0.15614177
0,0.018971095
0,0.040475916
0,0.4148881
0,0.031591605
0,0.14704543
0,0.027015023
0,0.18672068
0,0.051266838
0,0.01807912
0,0.053305153
0,0.030423759
0,0.095077425
0,0.03785711
0,0.022161694
0,0.013044589
0,0.031481195
0,0.033858173
0,0.0477888
0,0.04868873
0,0.05214989
0,0.080054075
0,0.046943195
0,0.03207203
0,0.039663434
0,0.51391345
0,0.10713767
0,0.036105193
0,0.054461617
0,0.06096035
0,0.016084014
0,0.01517578
0,0.043953832
0,0.16082454
0,0.06970095
0,0.021857435
0,0.09677855
0,0.10486025
0,0.061698914
0,0.029977465
0,0.072175324
0,0.10616945
0,0.06429244
0,0.026223946
0,0.015477868
0,0.022953603
0,0.027921164
0,0.6192469
0,0.77353704
0,0.1542347
0,0.06858434
0,0.11680526
0,0.036457695
0,0.06927114
0,0.16391705
0,0.08759941
0,0.019645019
0,0.020805286
0,0.013189888
0,0.057003334
0,0.06230071
0,0.1256501
0,0.075772144
0,0.025507933
0,0.041895166
0,0.009643366
0,0.13104048
0,0.100152135
0,0.09239518
0,0.037907805
0,0.24015494
0,0.023111409
0,0.18023553
0,0.04146887
0,0.08446363
0,0.10230556
0,0.05869022
0,0.033116415
0,0.09173197
0,0.10966916
0,0.058758315
0,0.14797519
0,0.11780877
0,0.06154147
0,0.015650325
0,0.030521354
0,0.036674798
0,0.08922774
0,0.06710579
0,0.0977924
0,0.009835431
0,0.5208229
0,0.15889226
0,0.040815163
0,0.090627745
0,0.21460325
0,0.23951449
0,0.05702029
0,0.015193857
0,0.108620584
0,0.1858609
0,0.12825108
0,0.066757746
0,0.01425084
0,0.06803579
0,0.122955225
0,0.154132
0,0.1824408
0,0.14252056
0,0.33547738
0,0.10860988
0,0.0850402
0,0.20785522
0,0.89220315
0,0.62078524
0,0.091108106
0,0.13194388
0,0.05940204
0,0.07975385
0,0.2694952
0,0.30305892
0,0.43795493
0,0.26281068
0,0.88481134
0,0.096425824
0,0.055939306
0,0.13146102
0,0.15975486
0,0.15929475
0,0.12020444
0,0.024734102
0,0.023166861
0,0.04730965
0,0.12267139
0,0.10796108
0,0.8828353
0,0.06537617
0,0.119827315
0,0.05555274
0,0.042386543
0,0.053971943
0,0.04953418
0,0.07003034
0,0.13763104
0,0.06746736
0,0.30993208
0,0.061523702
0,0.091810085
0,0.13349698
0,0.026123166
0,0.36675286
0,0.15334632
0,0.08651892
0,0.1291238
0,0.046288677
0,0.06636209
0,0.07174848
0,0.26395708
0,0.14438207
0,0.032874282
0,0.0952421
0,0.020059923
0,0.04179867
0,0.083302535
0,0.10433097
0,0.029258167
0,0.035557754
0,0.05262888
0,0.04176942
0,0.0600537
0,0.07602591
0,0.018129082
0,0.09079116
0,0.043095354
0,0.06633975
0,0.66452646
0,0.06609677
0,0.11872101
0,0.078869574
0,0.048411895
0,0.1736843
0,0.30439183
0,0.06195601
0,0.16088517
0,0.041121
0,0.25255904
0,0.059291776
0,0.08962555
0,0.03434525
0,0.07169254
0,0.050012656
0,0.1985026
0,0.030323025
0,0.08303663
0,0.072421476
0,0.09031204
0,0.069071464
0,0.9150324
0,0.08401344
0,0.2612735
0,0.08804066
0,0.7638792
0,0.8603827
0,0.4913872
0,0.13221894
0,0.0871915
0,0.58370394
0,0.06288327
0,0.046278585
0,0.006201545
0,0.33557144
0,0.19085103
0,0.4884628
0,0.12241251
0,0.11800886
0,0.04724509
0,0.27261445
0,0.12926516
0,0.17449275
0,0.086930044
0,0.08546221
0,0.057810985
0,0.09717112
0,0.3447023
0,0.9066078
0,0.064305864
0,0.4143343
0,0.14353676
0,0.29339996
0,0.37697086
0,0.13916129
0,0.68024164
0,0.0951885
0,0.08616259
0,0.028455162
0,0.05549665
0,0.015724367
0,0.080499366
0,0.19520138
0,0.065323636
0,0.04001872
0,0.062506005
0,0.050420128
0,0.1366318
0,0.095655896
0,0.057568125
0,0.72195023
0,0.026364552
0,0.09409004
0,0.0295141
0,0.09055609
0,0.089344606
0,0.09753328
0,0.03787361
0,0.091277875
0,0.05957179
0,0.26805285
0,0.17540468
0,0.1735352
0,0.03451294
0,0.043303944
0,0.13132545
0,0.060714535
0,0.20065895
0,0.15950659
0,0.05738015
0,0.0638712
0,0.025927301
0,0.21309276
0,0.13460138
0,0.100542314
0,0.27966866
0,0.16231345
0,0.052038837
0,0.12458124
0,0.0772371
0,0.07012033
0,0.12582041
0,0.11295523
0,0.1030231
0,0.036356688
0,0.07301802
0,0.021450395
0,0.14920907
0,0.034432624
0,0.07177693
0,0.031566437
0,0.07274201
0,0.072126195
0,0.118072964
0,0.6586114
0,0.14634319
0,0.11466634
0,0.014706536
0,0.061526503
0,0.042061113
0,0.045469422
0,0.031010011
0,0.029079998
0,0.023279365
0,0.12188881
0,0.2527553
0,0.016060788
0,0.099047855
0,0.14311397
0,0.04031367
0,0.045848858
0,0.19734465
0,0.11373651
0,0.20010096
0,0.073475875
0,0.080503136
0,0.91545457
0,0.122801445
0,0.07243565
0,0.12232342
0,0.06258296
0,0.06437299
0,0.07079011
0,0.023839101
0,0.32571346
0,0.06943434
0,0.074603625
0,0.045947738
0,0.015338729
0,0.09908241
0,0.107904255
0,0.052683063
0,0.059435084
0,0.021068288
0,0.01459284
0,0.051609896
0,0.09848454
0,0.17874582
0,0.59682083
0,0.021097586
0,0.068490945
0,0.07005213
0,0.049611494
0,0.11543332
0,0.07389832
0,0.27880207
0,0.09127025
0,0.11308612
0,0.039607793
0,0.092454575
0,0.017975567
0,0.08243495
0,0.044337858
0,0.091096744
0,0.17309515
0,0.062255036
1,0.9962451
1,0.95809275
0,0.47999415
1,0.04876987
1,0.99613434
1,0.07929622
0,0.69904345
0,0.0876304
1,0.02181971
1,0.99838793
0,0.03709082
0,0.14761655
1,0.99272364
1,0.8852142
0,0.04020511
0,0.032188397
1,0.99846244
1,0.1228582
0,0.072293736
1,0.2291113
1,0.9985551
1,0.90025806
0,0.23957665
1,0.13335419
1,0.99840623
0,0.016028674
0,0.0332036
1,0.85761285
1,0.994961
0,0.07404073
1,0.14329566
1,0.9984964
1,0.057631806
0,0.028716912
1,0.77345955
1,0.9933107
0,0.9449247
0,0.024106933
0,0.11002789
1,0.99497306
1,0.9597403
0,0.12984672
1,0.2113092
1,0.9983046
0,0.122199945
0,0.053110003
1,0.8255208
1,0.99612516
0,0.3115433
0,0.13962749
1,0.9725384
1,0.9765361
0,0.024612784
0,0.03134721
1,0.9626742
1,0.9878825
0,0.04450286
0,0.12696092
1,0.99674857
1,0.85393333
0,0.02918926
0,0.049936913
1,0.9790582
1,0.22670995
0,0.023973258
0,0.105660304
0,0.17803305
1,0.99906635
1,0.17680724
0,0.03089443
1,0.41526315
1,0.99746776
0,0.02401421
0,0.07699345
1,0.9240835
1,0.9958651
0,0.09321816
0,0.017507294
1,0.98890287
1,0.48906788
0,0.01879032
0,0.01826418
1,0.99281174
1,0.75868434
0,0.070803225
1,0.8145784
1,0.9980282
0,0.018675707
0,0.033268046
1,0.9740123
1,0.9866443
0,0.07020551
0,0.1220141
1,0.9921827
1,0.6285593
0,0.9138924
0,0.1410624
1,0.08894046
1,0.99866486
1,0.13542145
0,0.04471986
1,0.77715564
1,0.9978308
0,0.13012987
0,0.023862276
1,0.9762913
1,0.98890066
0,0.09614709
0,0.04124933
1,0.99527925
1,0.92259616
0,0.10654528
1,0.30626354
1,0.9974583
1,0.87634826
0,0.65098625
1,0.057490706
1,0.9985428
1,0.22424795
0,0.20047334
1,0.9861199
1,0.99679524
0,0.07550351
0,0.040469564
1,0.90074146
1,0.9926906
0,0.88961095
0,0.031869188
0,0.037397638
1,0.99630034
1,0.87038904
0,0.06893795
1,0.6473411
1,0.99851733
0,0.05086296
0,0.060972244
1,0.96622765
1,0.9902642
0,0.086641386
0,0.027590867
1,0.9749372
1,0.96759665
0,0.043576915
0,0.07439838
1,0.99202853
1,0.847377
0,0.041278053
0,0.10058784
1,0.998019
1,0.32154357
0,0.018177124
1,0.91954905
1,0.9871164
0,0.052773304
0,0.0704815
0,0.9917326
1,0.9972034
1,0.9763521
0,0.05964036
1,0.11705522
1,0.9989266
1,0.18901809
0,0.096921645
1,0.15501624
1,0.9974222
1,0.24637218
0,0.040124312
1,0.9693115
1,0.9961566
0,0.065917164
0,0.1258383
1,0.7884184
1,0.9750166
0,0.09148975
0,0.020639323
1,0.9904542
1,0.9006766
0,0.04251796
0,0.10937264
1,0.9956403
1,0.47168833
0,0.055700578
1,0.032842007
1,0.99856037
1,0.16741796
0,0.48112595
0,0.12649418
1,0.29381758
1,0.99840194
0,0.0104605
0,0.04811649
1,0.7746924
1,0.97086245
0,0.01320765
0,0.021013424
1,0.99389416
1,0.80257356
0,0.03549447
0,0.061663404
1,0.99736184
1,0.32848036
0,0.076477975
0,0.08109183
1,0.9958016
1,0.8514993
0,0.11892608
1,0.7292591
1,0.9982577
0,0.07144673
0,0.011828762
1,0.87559557
1,0.93476135
0,0.03029359
0,0.04096698
1,0.9725692
1,0.90472966
0,0.45974684
0,0.19122271
0,0.06813352
1,0.9986929
1,0.26906648
0,0.02258921
1,0.25383264
1,0.99801373
0,0.10206671
0,0.07282546
1,0.8489525
1,0.97380924
0,0.031002691
0,0.029777749
1,0.9908975
1,0.65633833
0,0.07883492
0,0.041403726
1,0.9987887
1,0.15102826
0,0.033943262
1,0.18940952
1,0.9979873
1,0.12123923
0,0.1133189
1,0.9770782
1,0.9958289
0,0.4865263
0,0.12694001
1,0.41089517
1,0.9877757
1,0.97446334
0,0.019197283
0,0.08783691
1,0.9954472
1,0.8600782
0,0.119134896
0,0.0910774
1,0.99785775
1,0.4484093
0,0.03374774
1,0.21569772
1,0.99863476
1,0.6975365
0,0.07357604
1,0.20435713
1,0.9982601
0,0.10120239
0,0.11348134
1,0.9446865
1,0.9923403
0,0.06685026
0,0.07645213
1,0.99823016
1,0.98374027
0,0.044096485
1,0.018625053
1,0.9988772
1,0.0941898
0,0.066914596
0,0.44625065
1,0.8542878
1,0.9969183
0,0.10297295
0,0.034725074
1,0.91449356
1,0.96655065
0,0.049809873
0,0.02220402
1,0.9990476
1,0.23523821
0,0.033447318
1,0.9167258
1,0.9957724
0,0.082670815
0,0.036179733
1,0.93197393
1,0.98612493
0,0.046983756
0,0.08402423
1,0.997618
1,0.64542836
0,0.04652325
1,0.3256072
1,0.99701226
1,0.19915609
0,0.03244529
1,0.46816313
1,0.9924162
0,0.11500122
0,0.8004774
0,0.17110634
1,0.9821707
1,0.87915677
0,0.026767809
0,0.06745234
1,0.9979018
1,0.8921737
0,0.032011755
1,0.36003438
1,0.99589795
0,0.10186832
0,0.020212729
1,0.79391295
1,0.99734616
0,0.075265706
0,0.0956471
1,0.9716377
1,0.9909498
0,0.17947072
0,0.0631305
1,0.9768822
1,0.9245478
0,0.05788309
0,0.2198731
1,0.99874085
1,0.891211
0,0.025782611
1,0.09558753
1,0.9906818
1,0.21450137
0,0.5156315
0,0.025428154
1,0.8603875
1,0.9917317
0,0.038708497
0,0.0746446
1,0.98740095
1,0.9889837
0,0.19006923
0,0.045356516
1,0.99894005
1,0.7420521
0,0.051412426
1,0.6746977
1,0.9901001
1,0.8126797
0,0.46266773
1,0.07262932
1,0.998279
1,0.075332545
0,0.08632416
1,0.20439963
1,0.997324
1,0.2746261
0,0.25173274
1,0.9175605
1,0.9896723
0,0.04151953
0,0.044444613
1,0.99378264
1,0.93012846
0,0.26149896
0,0.102159254
1,0.71776164
1,0.99562454
0,0.054421015
0,0.11172415
1,0.92508066
1,0.91113096
0,0.08538652
0,0.06058743
1,0.9706698
1,0.90358067
0,0.20658256
1,0.110631876
1,0.99828845
1,0.10516732
0,0.044284873
1,0.23377718
1,0.9988451
0,0.13209878
0,0.039708592
1,0.8316699
1,0.9968086
0,0.043024965
0,0.019982915
1,0.9813492
1,0.9485753
0,0.03039721
0,0.16001281
1,0.6260989
1,0.9970644
0,0.033172727
0,0.5936083
1,0.48677742
1,0.9973937
0,0.16819324
0,0.1014752
1,0.96489763
1,0.9922191
0,0.06436047
0,0.18395554
1,0.97939587
1,0.75121313
0,0.09818775
1,0.17002308
1,0.99795234
0,0.1100138
0,0.08356724
1,0.121454656
1,0.98892504
1,0.38961482
0,0.10818507
1,0.9880563
1,0.99250907
0,0.7741271
1,0.04053342
1,0.9992142
1,0.15815276
0,0.9067643
0,0.23087226
1,0.9776988
1,0.9911882
0,0.02171824
0,0.045228045
1,0.99823016
1,0.25418606
0,0.05641766
1,0.04640906
1,0.9935269
1,0.924743
0,0.13448001
1,0.26815173
1,0.9980069
0,0.29028887
0,0.07685977
1,0.9753974
1,0.99002147
0,0.14334653
0,0.19396335
1,0.99804235
1,0.6812817
0,0.13495009
1,0.31463364
1,0.9910925
1,0.07723967
0,0.05648739
1,0.98111045
1,0.9955703
0,0.6994696
0,0.20464666
0,0.08122811
1,0.99547887
1,0.9825689
0,0.19931918
0,0.26180705
1,0.99769217
1,0.776819
0,0.30358556
1,0.12876663
1,0.9983625
1,0.04844775
0,0.056727983
1,0.6843717
1,0.9983285
0,0.07510313
0,0.33220044
1,0.9917908
1,0.98310584
0,0.08128608
1,0.02643458
1,0.9987644
1,0.93895364
0,0.85914737
0,0.054411054
1,0.9987666
1,0.69009465
0,0.93019885
1,0.94535977
1,0.9041307
1,0.58811957
0,0.024637891
0,0.057516452
1,0.92344564
1,0.9855854
0,0.21563135
1,0.12821
1,0.9988551
1,0.07610073
0,0.018634794
1,0.35761276
1,0.9959981
0,0.07885189
1,0.10914125
1,0.9983717
1,0.16699283
0,0.106213436
1,0.08806733
1,0.9988421
0,0.02856012
0,0.041120183
1,0.9753808
1,0.9571286
0,0.03921171
0,0.031136587
1,0.996422
1,0.3331392
0,0.033912636
0,0.28587818
1,0.14709225
1,0.9994801
1,0.31132883
0,0.055823676
1,0.22622423
1,0.9909242
1,0.7629513
0,0.07282315
0,0.05731655
1,0.9986475
1,0.22744119
0,0.01604647
1,0.9155503
1,0.99704367
0,0.109844014
0,0.042047594
1,0.8885504
1,0.99000204
0,0.020044181
0,0.02175493
1,0.8830525
1,0.99403006
0,0.14437553
0,0.050953764
1,0.99624205
1,0.92541504
0,0.117603965
0,0.05581064
1,0.98929405
1,0.90494037
0,0.41745925
0,0.6692491
1,0.12139145
1,0.9987772
1,0.04765898
0,0.04389298
1,0.3006787
1,0.96901757
0,0.10950035
0,0.14217678
1,0.99708927
1,0.8574173
0,0.27144372
1,0.22546329
1,0.9987117
1,0.6796945
0,0.06541936
1,0.95472056
1,0.9958937
0,0.07816056
0,0.011133075
1,0.9981425
1,0.7098209
0,0.09344037
1,0.096916825
1,0.99813676
1,0.49132058
0,0.3603575
1,0.8130247
1,0.99767536
0,0.39848348
0,0.26932997
0,0.19760074
1,0.99443084
1,0.9844797
0,0.0780754
0,0.37068108
1,0.9990329
1,0.35422856
0,0.090221226
1,0.64072007
1,0.99741304
1,0.20592931
0,0.03990861
1,0.39575085
1,0.9985678
0,0.043507688
0,0.046190377
1,0.8876648
1,0.9944483
0,0.0726601
0,0.0248679
1,0.9946941
1,0.813548
0,0.039200734
1,0.108648464
1,0.99832314
0,0.021226538
0,0.053302232
1,0.1822285
1,0.98149085
1,0.8844299
0,0.008764056
0,0.035832867
1,0.99865866
1,0.7639307
0,0.015104233
0,0.124978095
1,0.99832577
1,0.16018744
0,0.048519686
1,0.3154486
1,0.9895517
1,0.030023219
0,0.032629568
1,0.21345532
1,0.99768996
0,0.15823011
0,0.110482715
1,0.97717845
1,0.9741856
0,0.06583239
0,0.015737776
1,0.9985341
1,0.33696485
0,0.0826508
1,0.06072046
1,0.9986119
1,0.030539505
0,0.008816661
0,0.23450983
1,0.69601077
1,0.99505377
0,0.032402862
0,0.07490278
1,0.9949208
1,0.9499313
0,0.032647703
1,0.95283604
1,0.9958566
0,0.047898933
0,0.035292484
1,0.9982408
1,0.17545755
0,0.04960774
1,0.91504556
1,0.9944069
1,0.21372491
0,0.01807341
1,0.48838022
1,0.97624207
0,0.008864251
0,0.068196274
1,0.9983335
1,0.84010524
0,0.09524354
1,0.8883228
1,0.99739647
0,0.058916494
0,0.8494675
0,0.03376388
1,0.6516833
1,0.98087513
0,0.079196274
0,0.041527007
1,0.99044293
1,0.28820586
0,0.017254118
0,0.007887509
1,0.9946389
1,0.550093
0,0.034737073
1,0.07180106
1,0.99834466
1,0.11464633
0,0.06764512
1,0.32631582
1,0.9956201
0,0.01558132
0,0.030054327
1,0.95957714
1,0.9605137
0,0.067197
0,0.0368619
1,0.9827964
1,0.6015687
0,0.020692967
0,0.01328574
1,0.99776495
1,0.8640818
0,0.37523523
0,0.087684244
1,0.22997215
1,0.99771035
0,0.03382138
0,0.0115931
1,0.9722868
1,0.37314802
0,0.019980423
0,0.018887118
1,0.9880726
1,0.5145169
0,0.044641253
0,0.04927515
1,0.99759054
1,0.3078321
0,0.0094766
1,0.91932225
1,0.99006164
0,0.02045162
0,0.06317142
1,0.99474275
1,0.55712056
0,0.013629345
0,0.028458906
0,0.032331277
0,0.07977083
1,0.9243751
1,0.98585963
0,0.8450834
0,0.045625873
0,0.0129492385
1,0.9985713
1,0.08251311
0,0.012932014
0,0.033443864
1,0.998723
1,0.09832868
0,0.17534661
1,0.06923382
1,0.9983002
1,0.06726949
0,0.076438494
1,0.9254545
1,0.9951586
0,0.03982827
0,0.07937845
1,0.9703277
1,0.98362494
0,0.07645947
0,0.045172103
1,0.94512373
1,0.94427544
0,0.095603526
1,0.06023766
1,0.99890435
1,0.056438908
0,0.03800767
0,0.71439886
1,0.9455005
1,0.9859141
0,0.052588902
0,0.055307705
1,0.8811389
1,0.97310716
0,0.026637074
0,0.043543033
1,0.9842583
1,0.9578209
0,0.11372765
0,0.034217913
1,0.99019957
1,0.8974068
0,0.024001312
0,0.07436151
1,0.99541134
1,0.78900915
0,0.06887101
1,0.8008548
1,0.98989946
0,0.006393308
0,0.027179992
1,0.99472094
1,0.7675017
0,0.072837986
0,0.09700209
1,0.9958054
1,0.84358484
0,0.21533059
0,0.8533866
1,0.4608412
1,0.9924148
0,0.036196593
0,0.018770423
1,0.98479664
1,0.98252743
0,0.04527987
0,0.03296838
1,0.96209466
1,0.7297424
0,0.007657635
0,0.023332674
1,0.9982358
1,0.8664703
0,0.13954538
1,0.110306926
1,0.9978834
1,0.06707325
0,0.0327838
1,0.3084082
1,0.9981831
0,0.114324756
0,0.05849775
1,0.77594686
1,0.94512576
0,0.02812548
0,0.042213008
1,0.99700385
1,0.7031631
0,0.23477754
0,0.05107105
1,0.20490658
1,0.99823666
0,0.059336614
0,0.06414737
1,0.6677942
1,0.99416023
0,0.032991506
0,0.015007176
1,0.5826643
1,0.97995824
0,0.058856957
0,0.031543825
1,0.9971263
1,0.28335068
0,0.027767602
1,0.07444651
1,0.99900514
1,0.02722331
0,0.021871861
1,0.52147025
1,0.9947779
0,0.031879954
0,0.012443054
1,0.40709078
1,0.9866958
0,0.12529315
0,0.056366406
1,0.6697714
1,0.97494954
1,0.68976253
0,0.0144314105
0,0.022216907
1,0.9986393
1,0.30043444
0,0.03814711
1,0.059844427
1,0.99837124
1,0.037868455
0,0.040056903
1,0.90426
1,0.9261731
0,0.003572637
0,0.017678177
1,0.9859734
1,0.966609
0,0.040413793
0,0.3690849
1,0.9915663
1,0.8968108
0,0.018417366
1,0.04357302
1,0.9983102
1,0.13344371
0,0.08573825
1,0.4636274
1,0.99744606
1,0.095464386
0,0.07258484
0,0.5811516
1,0.6074571
1,0.99717176
0,0.055468015
0,0.43071026
1,0.90822846
1,0.99699676
0,0.20946611
0,0.30388877
1,0.71173173
1,0.993487
0,0.059126005
0,0.08265134
1,0.76284236
1,0.96841395
0,0.119243674
0,0.7130968
1,0.96242005
1,0.9377773
0,0.03684098
0,0.037081502
1,0.9969047
1,0.45665997
0,0.044104543
1,0.0905061
1,0.9979498
1,0.86632985
0,0.08036901
1,0.60387063
1,0.99623525
0,0.11925171
0,0.963292
0,0.012118988
1,0.9970853
1,0.26889092
0,0.07077328
0,0.041007783
1,0.99731344
1,0.7948338
0,0.01611756
1,0.53129894
1,0.99643207
0,0.03167115
0,0.010662109
1,0.9269933
1,0.99468154
0,0.041815806
0,0.022775428
1,0.8215637
1,0.99098235
0,0.025008319
0,0.04141498
1,0.97344685
1,0.9833692
0,0.087626435
0,0.037305336
1,0.604602
1,0.92851794
0,0.046909884
0,0.023484318
1,0.9871698
1,0.659755
0,0.23009661
0,0.06287087
1,0.94234854
1,0.9774264
0,0.062241923
0,0.055161923
1,0.8330425
1,0.9852706
0,0.012635143
0,0.123959646
1,0.99632794
1,0.20349577
0,0.088471375
1,0.04843894
1,0.9862514
1,0.021123935
0,0.018588247
0,0.045609646
1,0.99843556
1,0.40623263
0,0.089297876
1,0.056469843
1,0.9978484
1,0.21834756
0,0.04651166
1,0.18109123
1,0.9980179
1,0.15368061
0,0.13324633
1,0.7416052
1,0.96238524
0,0.10420992
0,0.025819138
0,0.012266023
1,0.9890348
1,0.5033885
0,0.10911674
1,0.09512513
1,0.9977087
1,0.11889253
0,0.036737103
1,0.18180196
1,0.99782795
1,0.15080312
0,0.042501435
1,0.25216576
1,0.99724483
1,0.07965581
0,0.030633803
1,0.15148294
1,0.9976305
1,0.057375602
0,0.018173099
1,0.13565168
1,0.99820685
0,0.026208013
0,0.02726839
1,0.8997254
1,0.9939381
0,0.050101772
0,0.74952596
1,0.8242683
1,0.9977452
1,0.05184141
0,0.05080661
0,0.044098996
0,0.023783179
0,0.039258868
0,0.047979087
0,0.05039062
0,0.017849416
0,0.007614476
0,0.06290119
0,0.115471736
0,0.08001656
0,0.13813795
0,0.043536767
0,0.1367887
0,0.07133149
0,0.5011488
0,0.039491944
0,0.31399092
0,0.089477435
0,0.019660939
0,0.11010023
0,0.04119052
0,0.05894712
0,0.037561797
0,0.09715136
0,0.13795792
0,0.12232247
0,0.045672666
0,0.24741934
0,0.030451473
0,0.011064744
0,0.088647306
0,0.02767365
0,0.030409567
0,0.016773013
0,0.009741398
0,0.022422804
0,0.09847639
0,0.11312107
0,0.08927182
0,0.0060550165
0,0.037712637
0,0.031106455
0,0.48315006
0,0.029463647
0,0.14632522
0,0.053041566
0,0.041095097
0,0.030323824
0,0.040185392
0,0.0929118
0,0.07056341
0,0.5269513
0,0.35442963
0,0.05816524
0,0.01836317
0,0.046454944
0,0.049655586
0,0.24716654
0,0.02842911
0,0.03862071
0,0.067160174
0,0.031245317
0,0.07614301
0,0.082196206
0,0.4994457
0,0.074164696
0,0.055012103
0,0.027039437
0,0.10837736
0,0.10267192
0,0.24246208
0,0.23902316
0,0.016892575
0,0.03325935
0,0.08638384
0,0.03771369
0,0.05171963
0,0.227282
0,0.048062205
0,0.029929949
0,0.30453318
0,0.08422964
0,0.10107222
0,0.12929124
0,0.2814516
0,0.05070003
0,0.068050265
0,0.03859356
0,0.021676488
0,0.062224872
0,0.0756317
0,0.037230924
0,0.02709584
0,0.043700233
0,0.024257755
0,0.02716756
0,0.021957459
0,0.09586263
0,0.043913674
0,0.041654985
0,0.048975874
0,0.02843591
0,0.06936696
0,0.065535024
0,0.09214375
0,0.050276726
0,0.029385902
0,0.11128998
0,0.057793625
0,0.049988102
0,0.06844858
0,0.085795894
0,0.036713094
0,0.113343
0,0.048342638
0,0.044920135
0,0.0357507
0,0.032045737
0,0.12218625
0,0.111328974
0,0.0669345
0,0.062433336
0,0.024802502
0,0.031939957
0,0.0349368
0,0.039228447
0,0.010730383
0,0.058683164
0,0.034833264
0,0.12551592
0,0.6770348
0,0.037014395
0,0.1471621
0,0.060657457
0,0.17569648
0,0.084978946
0,0.21534579
0,0.099183194
0,0.07590602
0,0.026781304
0,0.010679033
0,0.105301306
0,0.08944243
0,0.07438728
0,0.025160382
0,0.009947242
0,0.08461315
0,0.1028598
0,0.05402692
0,0.13189702
0,0.071257666
0,0.037510548
0,0.04479456
0,0.046501406
0,0.050776277
0,0.043733872
0,0.023774035
0,0.025251033
0,0.015400421
0,0.0589999
0,0.049021073
0,0.010641366
0,0.018017974
0,0.12827885
0,0.005374082
0,0.019173838
0,0.01910843
0,0.035674687
0,0.0153788375
0,0.032171547
0,0.020102115
0,0.016487619
0,0.039996438
0,0.08189003
0,0.011748747
0,0.06970821
0,0.14231737
0,0.007490689
0,0.043531504
0,0.05189532
0,0.02472622
0,0.01672113
0,0.0202356
0,0.06809148
0,0.027280089
0,0.02000276
0,0.013575124
0,0.08902279
0,0.04179429
0,0.03601636
0,0.04035749
0,0.04177093
0,0.020378299
0,0.022189448
0,0.10464611
0,0.03385652
0,0.006079824
0,0.20676051
0,0.019288257
0,0.017588489
0,0.008551253
0,0.014777263
0,0.027101332
0,0.061765146
0,0.03519542
0,0.0110221645
0,0.013417336
0,0.025359483
0,0.052137498
0,0.017455034
0,0.016711121
0,0.019702129
0,0.015804946
0,0.04079052
0,0.023951985
0,0.0076928213
0,0.029444374
0,0.016575882
0,0.014751326
0,0.054342393
0,0.08613053
0,0.10771036
0,0.04727859
0,0.019705163
0,0.01073138
0,0.012340731
0,0.025763318
0,0.06076334
0,0.034512375
0,0.023308935
0,0.04009949
0,0.03006312
0,0.035189144
0,0.029464556
0,0.047994267
0,0.10156405
0,0.04801037
0,0.022019029
0,0.030902939
0,0.015102234
0,0.012666047
0,0.095720604
0,0.9447921
0,0.031625357
0,0.1304225
0,0.029373433
0,0.018659327
0,0.07900654
0,0.11593867
0,0.06792584
0,0.09178359
0,0.024372073
0,0.002381835
0,0.01633619
0,0.040615644
0,0.057096023
0,0.07250865
0,0.00703653
0,0.01583075
0,0.015375728
0,0.009495167
0,0.062755585
0,0.058960516
0,0.02468085
0,0.019505564
0,0.17296673
0,0.005505088
0,0.0031461169
0,0.029365787
0,0.02219725
0,0.06927467
0,0.010910857
0,0.012059788
0,0.012432616
0,0.022352055
0,0.060665235
0,0.04946909
0,0.027703544
0,0.019919002
0,0.0021351867
0,0.0065795314
0,0.04070272
0,0.030642902
0,0.035368927
0,0.041452598
0,0.0109939035
0,0.0083180005
0,0.01881156
0,0.040373888
0,0.040853348
0,0.020523699
0,0.013216831
0,0.0335148
0,0.015796449
0,0.049640287
0,0.04080288
0,0.012006214
0,0.00461593
0,0.0071680667
0,0.0083941
0,0.014467141
0,0.035139002
0,0.12193494
0,0.02421014
0,0.010135864
0,0.03398969
0,0.010905496
0,0.03813864
0,0.103937656
0,0.06162949
0,0.018703679
0,0.029243637
0,0.009567434
0,0.016350163
0,0.023515215
0,0.025239222
0,0.013850557
0,0.038359378
0,0.16897912
0,0.013450008
0,0.015659496
0,0.026635231
0,0.031178359
0,0.013659437
0,0.032745317
0,0.02304953
0,0.010754179
0,0.0088058
0,0.0676716
0,0.010239267
0,0.012193289
0,0.020798542
0,0.07346868
0,0.08259914
0,0.014400821
0,0.041764062
0,0.035733625
0,0.11067836
0,0.031829756
0,0.004297759
0,0.012593651
0,0.025683928
0,0.009395719
0,0.012286045
0,0.045390286
0,0.0855938
0,0.019675802
0,0.024630621
0,0.061683524
0,0.017601645
0,0.02627978
0,0.03590694
0,0.03765482
0,0.016614659
0,0.072725825
0,0.07040291
0,0.030517384
0,0.016112048
0,0.0949538
0,0.035377055
0,0.008456867
0,0.031646922
0,0.031276137
0,0.031534456
0,0.030622724
0,0.047445048
0,0.018190997
0,0.103048064
0,0.021000478
0,0.031534106
0,0.01408498
0,0.031628586
0,0.024677223
0,0.019625759
0,0.121933736
0,0.058261238
0,0.013512526
0,0.053807814
0,0.022982135
0,0.0071995566
0,0.010922513
0,0.013428007
0,0.036239877
0,0.09599265
0,0.022056613
0,0.08539957
0,0.039651103
0,0.012293291
0,0.015604656
0,0.08367353
0,0.041750416
0,0.065283015
0,0.030798288
0,0.032932054
0,0.025157738
0,0.009451626
0,0.042907193
0,0.060848165
0,0.19614854
0,0.078310184
0,0.013581255
0,0.0058595776
0,0.05742024
0,0.032973092
0,0.107873686
0,0.055164866
0,0.07666312
0,0.059717685
0,0.0118037565
0,0.03870376
0,0.19961546
0,0.11504583
0,0.84868747
0,0.010988736
0,0.030365597
0,0.01952743
0,0.0069974745
0,0.074001566
0,0.040329833
0,0.23888208
0,0.048918072
0,0.061063007
0,0.07143292
0,0.07214161
0,0.026399495
0,0.054032646
0,0.08878304
0,0.018639958
0,0.018083487
0,0.028620763
0,0.012850547
0,0.10648581
0,0.09770264
0,0.04175906
0,0.03192905
0,0.09987885
0,0.17085381
0,0.06252634
0,0.10675035
0,0.07758909
0,0.11873311
0,0.022865983
0,0.040848978
0,0.9434545
0,0.14293505
0,0.066182
0,0.08756687
0,0.09203799
0,0.107152976
0,0.08228799
0,0.16686645
0,0.08709525
0,0.111010775
0,0.25612915
0,0.034730513
0,0.05654681
0,0.1103276
0,0.06762901
0,0.67172545
0,0.26000294
0,0.026729463
0,0.11164064
0,0.19694026
0,0.053053044
0,0.031441405
0,0.10278142
0,0.13198721
0,0.10209238
0,0.12791997
0,0.2262756
0,0.918161
0,0.22678779
0,0.087189965
0,0.4201767
0,0.037383147
0,0.08139734
0,0.117310956
0,0.016743826
0,0.103556104
0,0.08053763
0,0.0983978
0,0.27016005
0,0.12158326
0,0.07792455
0,0.11348744
0,0.064833775
0,0.30947742
0,0.38806343
0,0.14359799
0,0.19111857
0,0.039506264
0,0.064485334
0,0.022387944
0,0.07181321
0,0.071421206
0,0.04885597
0,0.040994808
0,0.071342185
0,0.026625223
0,0.09126085
0,0.07338285
0,0.03642126
0,0.075681
0,0.061882783
0,0.04253331
0,0.06562824
0,0.2610351
0,0.07722825
0,0.060221575
0,0.016405048
0,0.06338636
0,0.042197146
0,0.13642715
0,0.07011097
0,0.092189334
0,0.032080617
0,0.047331017
0,0.014993796
0,0.09251375
0,0.0741573
0,0.11373875
0,0.20571887
0,0.054672755
0,0.034260303
0,0.031127583
0,0.056465957
0,0.027860608
0,0.09430636
0,0.12339084
0,0.08530127
0,0.01821927
0,0.022679513
0,0.030189857
0,0.070735075
0,0.036884166
0,0.042820062
0,0.058163743
0,0.04069028
0,0.044911318
0,0.048534192
0,0.05503685
0,0.09188452
0,0.063225165
0,0.052437346
0,0.07865297
0,0.015779242
0,0.15039495
0,0.046582807
0,0.026991319
0,0.019500768
0,0.014493454
0,0.07426495
0,0.03234163
0,0.1298906
0,0.8370736
0,0.13100344
0,0.14398108
0,0.07972915
0,0.14418906
0,0.12932341
0,0.08931825
0,0.089385904
0,0.02226871
0,0.064028166
0,0.027732085
0,0.031409364
0,0.063664824
0,0.073315285
0,0.01848423
0,0.046019655
0,0.010426394
0,0.034822527
0,0.13248003
0,0.040391583
0,0.11616583
0,0.060909074
0,0.024884734
0,0.025984325
0,0.044447154
0,0.086001314
0,0.20380811
0,0.083499484
0,0.034314536
0,0.051366102
0,0.052271698
0,0.060260896
0,0.12944116
0,0.106310025
0,0.1674217
0,0.08752066
0,0.039803408
0,0.19452532
0,0.060415793
0,0.04866837
0,0.118848115
0,0.033447377
0,0.061159745
0,0.04380975
0,0.03309176
0,0.0492281
0,0.11776238
0,0.0313304
0,0.12867534
0,0.12807006
0,0.042867016
0,0.052589573
0,0.08766929
0,0.061702922
0,0.21721835
0,0.03905807
0,0.08492937
0,0.08207587
0,0.0276859
0,0.11113247
0,0.06332881
0,0.024049561
0,0.15424487
0,0.046311885
0,0.11973165
0,0.07259005
0,0.111286886
0,0.079458944
0,0.037073825
0,0.020473445
0,0.077998765
0,0.08880426
0,0.3491706
0,0.47443303
0,0.031517066
0,0.15074922
0,0.2413459
0,0.054708354
0,0.09506499
0,0.08954439
0,0.086023435
0,0.30052844
0,0.06576356
0,0.14066385
0,0.13377823
0,0.19900051
0,0.15448968
0,0.055063058
0,0.13297182
0,0.05079512
0,0.048901614
0,0.17278618
0,0.16555464
0,0.6323698
0,0.066953905
0,0.046483967
0,0.089306876
0,0.059879422
0,0.022120848
0,0.032056965
0,0.035782363
0,0.03589716
0,0.060555127
0,0.01542566
0,0.02652755
0,0.054403562
0,0.047918506
0,0.06137783
0,0.3152134
0,0.032706704
0,0.025305266
0,0.08715734
0,0.06576599
0,0.054953225
0,0.06711127
0,0.043432157
0,0.06837762
0,0.027627645
0,0.016702794
0,0.061597552
0,0.03947766
0,0.074344635
0,0.039985362
0,0.11375482
0,0.12291309
0,0.037741054
0,0.15484169
0,0.21318613
0,0.096375756
0,0.057148907
0,0.020805709
0,0.098374374
0,0.03835767
0,0.13972238
0,0.028340949
0,0.049812738
0,0.093072616
0,0.076003775
0,0.12477777
0,0.14804569
0,0.080834396
0,0.07466048
0,0.081782825
0,0.022100791
0,0.09137648
0,0.058757514
0,0.100658886
0,0.08575288
0,0.08543337
0,0.13594602
0,0.082371674
0,0.059838124
0,0.23684233
0,0.5452131
0,0.11550458
0,0.782015
0,0.045190863
0,0.14757174
0,0.17150034
0,0.025638571
0,0.07377213
0,0.01585553
0,0.04648046
0,0.053056933
0,0.0333797
0,0.035107207
0,0.04028501
0,0.023288816
0,0.059316233
0,0.06638242
0,0.02961704
0,0.022223702
0,0.06794303
0,0.016080994
0,0.01901882
0,0.088578716
0,0.02153024
0,0.018794112
0,0.017074712
0,0.04634445
0,0.04359921
0,0.015009842
0,0.04816093
0,0.03280073
0,0.028467674
0,0.040214922
0,0.0052033616
0,0.07316163
0,0.0782789
0,0.010272481
0,0.043601025
0,0.03702269
0,0.022326803
0,0.040636748
0,0.009706469
0,0.024091812
0,0.009794289
0,0.228525
0,0.021617103
0,0.028796619
0,0.004384249
0,0.015338348
0,0.018571336
0,0.04323262
0,0.013318083
0,0.019151207
0,0.05750904
0,0.020429235
0,0.014280599
0,0.014126185
0,0.06574082
0,0.027113978
0,0.011671522
0,0.019563487
0,0.057349227
0,0.01225852
0,0.018400848
0,0.07168324
0,0.028611366
0,0.27265352
0,0.050034314
0,0.021266796
0,0.03612602
0,0.016281554
0,0.033145666
0,0.0076270546
0,0.035188608
0,0.08160696
0,0.022176906
0,0.010513971
0,0.0077476986
0,0.016553154
0,0.024771657
0,0.0096648345
0,0.020656178
0,0.023723511
0,0.021071209
0,0.0044547445
0,0.002155418
0,0.017670924
0,0.10821566
0,0.0058779274
0,0.046927337
0,0.021523647
0,0.030063722
0,0.008068546
0,0.015996225
0,0.041747537
0,0.034581695
0,0.007968962
0,0.009299656
0,0.009948928
0,0.0153027605
0,0.033097167
0,0.008337943
0,0.013820292
0,0.015927596
0,0.01921749
0,0.0104028685
0,0.015223632
0,0.00966142
0,0.012267289
0,0.067427106
0,0.0071760262
0,0.0055065965
0,0.017951502
0,0.043498363
0,0.0044038994
0,0.03299168
0,0.008198984
0,0.009977742
0,0.020512143
0,0.028823985
0,0.015264933
0,0.028683979
0,0.014803125
0,0.011377751
0,0.018399388
0,0.027586274
0,0.0273732
0,0.038573343
0,0.026944183
0,0.016597942
0,0.7419502
0,0.027164614
0,0.012196299
0,0.011939607
0,0.06860664
0,0.0060492456
0,0.025773002
0,0.013920549
0,0.039455574
0,0.019710904
0,0.2768259
0,0.019951688
0,0.032418113
0,0.014829768
0,0.028729744
1,0.05941643
1,0.9948107
1,0.9859485
1,0.99838865
1,0.9983432
1,0.7742322
1,0.94668525
1,0.97884285
1,0.99593955
1,0.9934225
1,0.83118594
1,0.9992157
1,0.98160505
1,0.9837801
1,0.9793084
1,0.9050224
1,0.8922003
1,0.87960654
1,0.9484455
1,0.9246361
1,0.9896158
1,0.9902477
1,0.999747
1,0.9996394
1,0.99844885
1,0.99975306
1,0.98295
1,0.99146116
1,0.70568293
1,0.9894208
1,0.99827635
1,0.8630424
1,0.9674109
1,0.99915326
1,0.99672854
1,0.9589247
1,0.66411763
1,0.9971113
1,0.8240065
1,0.75474274
1,0.9910513
1,0.9796158
1,0.9895532
1,0.9574333
1,0.98095727
1,0.9990833
1,0.9651772
1,0.89877504
1,0.35754532
1,0.62748396
1,0.98573893
1,0.9974419
1,0.7604639
1,0.880234
1,0.98405373
1,0.9916374
1,0.74790406
1,0.2344032
1,0.8938596
1,0.2625045
1,0.8867881
1,0.97074413
1,0.9345689
1,0.973191
1,0.9474008
1,0.9820906
1,0.6308851
1,0.7143788
1,0.8167523
1,0.98656833
1,0.9766569
1,0.9719393
1,0.9950323
1,0.9998021
1,0.91293174
1,0.9765578
1,0.47258186
1,0.9981536
1,0.9906969
1,0.42485017
1,0.8770365
1,0.24317376
1,0.24955569
1,0.9912072
1,0.99827147
1,0.9984857
1,0.85436547
1,0.9905545
1,0.9877779
1,0.99746644
1,0.69692934
1,0.4374055
1,0.9775672
1,0.9738758
1,0.947201
1,0.77779067
1,0.9935207
1,0.9961437
1,0.9741324
1,0.8170948
1,0.96141684
1,0.9390313
1,0.9971149
1,0.9969152
1,0.9955478
1,0.99388224
1,0.99405646
1,0.93562543
1,0.91023576
1,0.9272584
1,0.98956877
1,0.9353864
1,0.9992638
1,0.9106894
1,0.96706855
1,0.8676694
1,0.93068755
1,0.96594286
1,0.8705824
1,0.97503483
1,0.3841942
1,0.9802908
1,0.917184
1,0.98121876
1,0.9996868
1,0.97911817
1,0.7097846
1,0.91814834
1,0.95191664
1,0.9574176
1,0.99103796
1,0.97134787
1,0.9848631
1,0.9021683
1,0.947335
1,0.6383195
1,0.81460214
1,0.9818956
1,0.9876665
1,0.9757858
1,0.9979899
1,0.9340502
1,0.96963304
1,0.5371292
1,0.974393
1,0.99682564
1,0.9039811
1,0.9669368
1,0.9620247
1,0.9926974
1,0.9998721
1,0.9997532
1,0.9999578
1,0.99927807
1,0.99900615
1,0.9832423
1,0.9272038
1,0.98651147
1,0.9993775
1,0.9990934
1,0.9999809
1,0.9885344
1,0.98313165
1,0.9960358
1,0.996235
1,0.9747138
1,0.9629739
1,0.8965986
1,0.97354263
1,0.90888387
1,0.9319925
1,0.9639604
1,0.54347575
1,0.8903616
1,0.96806026
1,0.9324883
1,0.9053243
1,0.5587087
1,0.9677339
1,0.95895505
1,0.9917481
1,0.6599245
1,0.99634165
1,0.16298361
1,0.99599904
1,0.20770006
1,0.96658003
1,0.9981799
1,0.9956367
1,0.94422483
1,0.99821293
1,0.99786013
1,0.94415003
1,0.96367323
1,0.9923552
1,0.9805259
1,0.9736207
1,0.89914006
1,0.9696072
1,0.9538561
1,0.9641544
1,0.95347834
1,0.86367995
1,0.6252764
1,0.9132926
1,0.46438998
1,0.99753547
1,0.8867292
1,0.960339
1,0.9394286
1,0.9976217
1,0.9854241
1,0.93475467
1,0.9854471
1,0.99946076
1,0.50771195
1,0.90330523
1,0.9959448
1,0.99917394
1,0.9893839
1,0.98593557
1,0.9749606
1,0.9954764
1,0.9709635
1,0.9939143
1,0.89236456
1,0.9995306
1,0.95205307
1,0.87809193
1,0.94650745
1,0.9528017
1,0.9949332
1,0.93456775
1,0.9257308
1,0.9992142
1,0.89504886
1,0.9881043
1,0.8535493
1,0.9980368
1,0.9131689
1,0.8494253
1,0.98887444
1,0.8179651
1,0.97590566
1,0.97800463
1,0.9962572
1,0.87466466
1,0.8349012
1,0.78164226
1,0.94631505
1,0.8323925
1,0.87685126
1,0.9987245
1,0.9964688
1,0.994142
1,0.995037
1,0.9192463
1,0.71472144
1,0.5483941
1,0.9343029
1,0.9997706
1,0.98606974
1,0.98821324
1,0.9981686
1,0.99116665
1,0.9987263
1,0.9973974
1,0.9881017
1,0.9984548
1,0.9997054
1,0.9984466
1,0.97246605
1,0.9980609
1,0.998212
1,0.9945997
1,0.9777974
1,0.70524
1,0.98439425
1,0.15653816
1,0.5043411
1,0.7441921
1,0.23831171
1,0.9991792
1,0.97712576
1,0.97901386
1,0.94667643
1,0.99962425
1,0.9566878
1,0.98726207
1,0.9928879
1,0.9910909
1,0.99869764
1,0.8563127
1,0.99737597
1,0.9969439
1,0.98852634
1,0.9921138
1,0.9934448
1,0.9998853
1,0.97639114
1,0.90499884
1,0.95856136
1,0.9713787
1,0.7593134
1,0.9531912
1,0.997311
1,0.95855445
1,0.9975689
1,0.50522417
1,0.71639305
1,0.9948723
1,0.99670213
1,0.92465794
1,0.999089
1,0.98261863
1,0.98794144
1,0.6866922
1,0.9975867
1,0.98743683
1,0.99726
1,0.9714355
1,0.9989718
1,0.9688899
1,0.35752386
1,0.97652394
1,0.8889831
1,0.9513239
1,0.9743919
1,0.97281003
1,0.99098516
1,0.90137756
1,0.9593478
1,0.46841007
1,0.9263492
1,0.9833353
1,0.98862785
1,0.944256
1,0.9934876
1,0.9997652
1,0.99517465
1,0.99011177
1,0.9989961
1,0.9992415
1,0.99653757
1,0.9911477
1,0.9878213
1,0.9993862
1,0.6508619
1,0.9633115
1,0.96656203
1,0.73491204
1,0.9835576
1,0.9949871
1,0.9749001
1,0.74454737
1,0.9944107
1,0.93808997
1,0.99137247
1,0.97332156
1,0.99717844
1,0.99894255
1,0.45971808
1,0.9273478
1,0.9992342
1,0.99526864
1,0.9262814
1,0.9812569
1,0.9998262
1,0.9857891
1,0.96674204
1,0.7491456
1,0.99842584
1,0.97291845
1,0.99595565
1,0.9895719
1,0.99042624
1,0.993415
1,0.9775438
1,0.9104944
1,0.96983385
1,0.6094934
1,0.997017
1,0.9944552
1,0.9375537
1,0.9989417
1,0.9994135
1,0.96467084
1,0.9890871
1,0.97681546
1,0.99451655
1,0.9991302
1,0.97178197
1,0.9982565
1,0.99954814
1,0.9996387
1,0.9587043
1,0.99115294
1,0.9875052
1,0.99529094
1,0.86561954
1,0.98532605
1,0.9987544
1,0.9724548
1,0.99922943
1,0.9637645
1,0.99772257
1,0.8834061
1,0.15567258
1,0.97847897
1,0.9602937
1,0.9642527
1,0.9951945
1,0.99063885
1,0.99993
1,0.99317414
1,0.93817014
1,0.22756192
1,0.994015
1,0.96009254
1,0.98605525
1,0.981043
1,0.99837124
1,0.24377906
1,0.8785082
1,0.953899
1,0.8684388
1,0.98513097
1,0.910011
1,0.99099416
1,0.90907216
1,0.841715
1,0.9688612
1,0.83066726
1,0.85197127
1,0.9430627
1,0.9416658
1,0.9882223
1,0.20161615
1,0.9793435
1,0.9920631
1,0.99685824
1,0.7719426
1,0.99665296
1,0.9968996
1,0.8967793
1,0.91894525
1,0.905675
1,0.8963938
1,0.99410063
1,0.2018193
1,0.9974383
1,0.986827
1,0.41656443
1,0.9695901
1,0.6216222
1,0.1738891
1,0.58400786
1,0.9899851
1,0.20413691
1,0.9975539
1,0.9769282
1,0.9806718
1,0.99253654
1,0.89616084
1,0.9989453
1,0.9957671
1,0.9839845
1,0.99709296
1,0.98650414
1,0.9976597
1,0.98357016
1,0.99980867
1,0.9966833
1,0.999964
1,0.9928154
1,0.99754816
1,0.99289614
1,0.9641226
1,0.98519033
1,0.9836031
1,0.9915344
1,0.9995578
1,0.99995697
1,0.99982667
1,0.9564079
1,0.97852623
1,0.9403546
1,0.9942361
1,0.9579408
1,0.99782795
1,0.997282
1,0.96372527
1,0.9978682
1,0.99905413
1,0.974942
1,0.99563754
1,0.99739
1,0.801478
1,0.9969273
1,0.9808108
1,0.9918665
1,0.99810946
1,0.9919486
1,0.99702734
1,0.99843484
1,0.98730415
1,0.9978246
1,0.9799573
1,0.982829
1,0.9986098
1,0.9942214
1,0.9996356
1,0.99863166
1,0.9931918
1,0.9991117
1,0.86574256
1,0.7094749
1,0.99600744
1,0.99117273
1,0.9760331
1,0.99370235
1,0.9982314
1,0.99979925
1,0.94878536
1,0.916415
1,0.9658521
1,0.9898769
1,0.90811425
1,0.9849102
1,0.998582
1,0.9955798
1,0.99325997
1,0.99910086
1,0.5550165
1,0.9551173
1,0.45410544
1,0.98790723
1,0.94524616
1,0.9808028
1,0.994841
1,0.9903539
1,0.96976197
1,0.9900772
1,0.9970247
1,0.99985933
1,0.9773496
1,0.84363884
1,0.96872663
1,0.9930775
1,0.91660804
1,0.9143257
1,0.9794724
1,0.9999647
1,0.9582307
1,0.98657215
1,0.99939084
1,0.9276935
1,0.9982064
1,0.99412197
1,0.9977156
1,0.9019982
1,0.6355991
1,0.9987672
1,0.9911018
1,0.98566043
1,0.9652505
1,0.9747799
1,0.9858346
1,0.13940722
1,0.51631725
1,0.98675805
1,0.98473233
1,0.99794203
1,0.9933507
1,0.98912257
1,0.98105514
1,0.9959591
1,0.957759
1,0.90880036
1,0.73621
1,0.3372197
1,0.9876511
1,0.9733829
1,0.9996282
1,0.9727092
1,0.98905945
1,0.9865328
1,0.9805429
1,0.20349568
1,0.9995146
1,0.99980545
1,0.7498048
1,0.9956494
1,0.99943274
1,0.980591
1,0.980846
1,0.79524285
1,0.9983001
1,0.9430859
1,0.994968
1,0.9032098
1,0.9992463
1,0.9959269
1,0.9983228
1,0.79034746
1,0.999869
1,0.982087
1,0.94335014
1,0.9996937
1,0.98581517
1,0.99934226
1,0.98532003
1,0.64585733
1,0.9728184
1,0.5571124
1,0.9939645
1,0.99011016
1,0.9430777
1,0.9961766
1,0.97494704
1,0.22154611
1,0.26006615
1,0.96313053
1,0.95881224
1,0.22100683
1,0.9816859
1,0.9781244
1,0.9944562
1,0.9866109
1,0.99851257
1,0.9936201
1,0.999948
1,0.9869762
1,0.99909544
1,0.98250246
1,0.850671
1,0.9462502
1,0.7900913
1,0.9986399
1,0.98567456
1,0.9951826
1,0.9871195
1,0.97697186
1,0.9993949
1,0.946875
1,0.9739371
1,0.97549736
1,0.98832196
1,0.9947761
1,0.9791868
1,0.9929725
1,0.9168558
1,0.96985716
1,0.99116933
1,0.995162
1,0.9984793
1,0.9922173
1,0.94864994
1,0.9615071
1,0.9978491
1,0.99534506
1,0.59217995
1,0.9819156
1,0.9996091
1,0.997013
1,0.99017954
1,0.99594635
1,0.9981415
1,0.9877132
1,0.784389
1,0.61564827
1,0.9765518
1,0.99567086
1,0.55689967
1,0.9953476
1,0.9931785
1,0.9872451
1,0.9700585
1,0.990108
1,0.9992419
1,0.99444425
1,0.963837
1,0.90664047
1,0.9940735
1,0.9836449
1,0.9994467
1,0.810595
1,0.9802361
1,0.98040295
1,0.99529463
1,0.27753627
1,0.98974144
1,0.62745214
1,0.087677576
1,0.43676236
1,0.96359265
1,0.96956044
1,0.97670877
1,0.20110174
1,0.9931598
1,0.99059594
1,0.9874975
1,0.9488209
1,0.9132165
1,0.98376346
1,0.99261427
1,0.9552431
1,0.90859795
1,0.9930561
1,0.99713814
1,0.9999639
1,0.8790845
1,0.19209583
1,0.6418112
1,0.6751648
1,0.90266526
1,0.97724587
1,0.7757559
1,0.99302894
1,0.7999606
1,0.9030311
1,0.1847297
1,0.85112387
1,0.86826926
1,0.9804899
1,0.99978125
1,0.9999424
1,0.85529083
1,0.99442154
1,0.8513193
1,0.96111363
1,0.89795464
1,0.3416667
1,0.9900603
1,0.9557391
1,0.9125124
1,0.8370931
1,0.96209884
1,0.9905274
1,0.98206687
1,0.9876325
1,0.99347115
1,0.989458
1,0.9992586
1,0.94419694
1,0.9405323
1,0.9759026
1,0.9945518
1,0.9948736
1,0.93836725
1,0.9850981
1,0.9883813
1,0.96564776
1,0.73731333
1,0.9947647
1,0.980977
1,0.97937554
1,0.9940912
1,0.9980679
1,0.9913727
1,0.942106
1,0.9443
1,0.9691161
1,0.9738879
1,0.98877585
1,0.9656554
1,0.9891508
1,0.9526783
1,0.99483
1,0.9993624
1,0.9210799
1,0.91934633
1,0.9904255
1,0.994345
1,0.9326189
1,0.9946724
1,0.9756153
1,0.9639089
1,0.95547324
1,0.9980415
1,0.73824084
1,0.2262562
1,0.8392016
1,0.99622273
1,0.9703043
1,0.95630443
1,0.92295897
1,0.44048563
1,0.98102945
1,0.99256897
1,0.9477838
1,0.88867116
1,0.9654649
1,0.9891406
1,0.99683785
1,0.9360848
1,0.9901148
1,0.6510941
1,0.87347215
1,0.96732527
1,0.95294964
1,0.35048735
1,0.7174057
1,0.9966773
1,0.9996914
1,0.97575617
1,0.9867554
1,0.98023534
1,0.9773079
1,0.0587402
0,0.027612194
0,0.024207048
1,0.14256425
1,0.9856289
1,0.9509707
1,0.9508287
1,0.982979
1,0.99369836
1,0.99682117
1,0.9984225
1,0.8875392
1,0.97539264
1,0.9449507
1,0.9861458
1,0.85387063
1,0.9917795
1,0.9979305
1,0.94010377
1,0.88244826
1,0.965789
1,0.9982143
1,0.908985
1,0.87783134
1,0.59124
1,0.96153784
1,0.975468
1,0.98192114
1,0.98592883
1,0.99823725
1,0.99923587
1,0.9943755
1,0.9914949
1,0.9921681
1,0.9803232
1,0.95721006
1,0.992565
1,0.9661933
1,0.75106
1,0.9866142
1,0.9938945
1,0.98707587
1,0.9945058
1,0.80046546
1,0.96051747
1,0.5691532
1,0.99319226
1,0.95050424
1,0.9995763
1,0.9797707
1,0.98162985
1,0.9953441
1,0.9975591
1,0.992541
1,0.9900143
1,0.9995833
1,0.99740833
1,0.99977696
1,0.99972576
1,0.9973779
1,0.9986811
1,0.98045385
1,0.97980416
1,0.9744601
1,0.933079
1,0.9959591
1,0.9717851
1,0.9900913
1,0.9953162
1,0.99921894
1,0.9810559
1,0.9905136
1,0.76647717
1,0.99978364
1,0.99127746
1,0.9990264
1,0.9879918
1,0.98618823
1,0.9971035
1,0.99966335
1,0.9978531
1,0.9551952
1,0.9951136
1,0.99748164
1,0.9464383
1,0.8971053
1,0.9568591
1,0.9154251
1,0.8713665
1,0.94867057
1,0.26018074
1,0.99806756
1,0.6413074
1,0.23315445
1,0.8994615
1,0.3509967
1,0.974901
1,0.91194946
1,0.9967638
1,0.9933129
1,0.96085685
1,0.8944806
1,0.9898915
1,0.95343065
1,0.84065306
1,0.81685805
1,0.3887947
1,0.9860571
1,0.8379259
1,0.9075466
1,0.9988936
1,0.98787737
1,0.523055
1,0.98220295
1,0.96597254
1,0.96180356
1,0.98845714
1,0.99995375
1,0.9986351
1,0.98987985
1,0.99834
1,0.99625254
1,0.988184
1,0.9890625
1,0.9818773
1,0.99295676
1,0.9922718
1,0.96699876
1,0.99750876
1,0.99178505
1,0.99783677
1,0.98825324
1,0.9759567
1,0.9865035
1,0.9402874
1,0.9992341
1,0.9994497
1,0.9294624
1,0.94568914
1,0.9829403
1,0.9668423
1,0.98687625
1,0.9925862
1,0.9978581
1,0.99983585
1,0.8269476
1,0.9873995
1,0.98768485
1,0.97757256
1,0.9813266
1,0.9531721
1,0.99842924
1,0.7110258
1,0.88620293
1,0.9827791
1,0.5858084
1,0.98329866
1,0.97240955
1,0.9990829
1,0.9694663
1,0.9519907
1,0.99589133
1,0.8619327
1,0.9632138
1,0.9927689
1,0.99954194
1,0.9981983
1,0.98933583
1,0.9965308
1,0.99352205
1,0.9974607
1,0.99581945
1,0.99911135
1,0.98867255
1,0.9728591
1,0.9796051
1,0.29570812
1,0.9930916
1,0.9985215
1,0.9946395
1,0.9832936
1,0.91932964
1,0.998727
1,0.9002831
1,0.98892105
1,0.97097373
1,0.99596274
1,0.9925781
1,0.9961922
1,0.90543795
1,0.9727327
1,0.9409939
1,0.5814744
1,0.98358494
1,0.99859434
1,0.96973306
1,0.998541
1,0.9807968
1,0.9992113
1,0.96882725
1,0.9997878
1,0.9960764
1,0.9965342
1,0.9597339
1,0.9696641
1,0.9905806
1,0.9943797
1,0.9613837
1,0.8844938
1,0.9930767
1,0.98522246
1,0.97592556
1,0.9728893
1,0.69836605
1,0.51750237
1,0.9206873
1,0.9842351
1,0.94287074
1,0.9982497
1,0.8368433
1,0.99954003
1,0.9239373
1,0.953221
1,0.8769544
1,0.8700759
1,0.99708754
1,0.89003223
1,0.99822706
1,0.98464847
1,0.9924123
1,0.89046794
1,0.86078066
1,0.99599564
1,0.97800374
1,0.98410624
1,0.9988091
1,0.96737736
1,0.9962327
1,0.9729436
1,0.32363048
1,0.97718257
1,0.9984888
1,0.904295
1,0.99806696
1,0.9986075
1,0.9735738
1,0.99787724
1,0.65507954
1,0.95706636
1,0.9886126
1,0.99461216
1,0.974179
1,0.99978757
1,0.9986601
1,0.9986771
1,0.9366564
1,0.97050303
1,0.9959015
1,0.99043417
1,0.9102096
1,0.9932982
1,0.90632814
1,0.97072023
1,0.99037045
1,0.99194723
1,0.99961245
1,0.9635691
1,0.9997116
1,0.9935456
1,0.9999584
1,0.9972485
1,0.9841931
1,0.99952704
1,0.98498994
1,0.99982834
1,0.99270463
1,0.9917527
1,0.51742995
1,0.9993199
1,0.9926218
1,0.93105733
1,0.9420113
1,0.9988144
1,0.83031666
1,0.99878794
1,0.9997342
1,0.9836006
1,0.9796529
1,0.93622625
1,0.97577935
1,0.97830904
1,0.90100026
1,0.9883394
1,0.9971058
1,0.95917493
1,0.9368448
1,0.9444131
1,0.9531399
1,0.7345319
1,0.99905485
1,0.9948077
1,0.9529073
1,0.9437916
1,0.19907649
1,0.9791032
1,0.8447846
1,0.92751306
1,0.9992569
1,0.99460626
1,0.9868162
1,0.996894
1,0.99088156
1,0.99305844
1,0.9993337
1,0.58258694
1,0.8805223
1,0.97302383
1,0.989281
1,0.99717283
1,0.9709616
1,0.99929
1,0.992152
1,0.9556311
1,0.98735154
1,0.9987186
1,0.9966678
1,0.7514889
1,0.99486285
1,0.99949324
1,0.9772828
1,0.99863416
1,0.81723136
1,0.93677086
1,0.9481315
1,0.6488837
1,0.99913347
1,0.86203265
1,0.9900429
1,0.9644269
1,0.9981998
1,0.9803576
1,0.957059
1,0.99774987
1,0.6687936
1,0.9984572
1,0.9932406
1,0.9998344
1,0.9912088
1,0.9498983
1,0.8023316
1,0.99583673
1,0.98774195
1,0.99406743
1,0.9867006
1,0.84551024
1,0.9707261
1,0.986459
1,0.9928566
1,0.97519445
1,0.9996145
1,0.98065156
1,0.98974645
1,0.8786732
1,0.9573205
1,0.9967462
1,0.99043185
1,0.9995697
1,0.99749595
1,0.98464245
1,0.9629352
1,0.9986695
1,0.99800247
1,0.9910353
1,0.99007916
1,0.99916846
1,0.9887743
1,0.9553344
1,0.99868125
1,0.9834448
1,0.98021644
1,0.99774474
1,0.9998387
1,0.99884236
1,0.37489712
1,0.17116812
0,0.045350984
0,0.039842945
0,0.15588802
0,0.108928256
0,0.05306276
0,0.06212688
0,0.019929375
0,0.15013395
0,0.057046242
0,0.038131557
0,0.12226495
0,0.0691668
0,0.040066198
0,0.04394631
0,0.050431475
0,0.07703168
0,0.04777342
0,0.056008127
0,0.10724766
0,0.06296123
0,0.016471729
0,0.32447436
0,0.038722787
0,0.048136447
0,0.06146972
0,0.057442725
0,0.026870882
0,0.029784316
0,0.06136929
0,0.053082004
0,0.07080718
0,0.034958284
0,0.071045294
0,0.083165854
0,0.017766232
0,0.043529075
0,0.11881986
0,0.037916005
0,0.07497413
0,0.03444637
0,0.058658734
0,0.021902459
0,0.026166704
0,0.06750534
0,0.12663023
0,0.034392457
0,0.021390058
0,0.07159954
0,0.046390258
0,0.031733003
0,0.05400148
0,0.02507197
0,0.026103087
0,0.06703241
0,0.08837212
0,0.016626615
0,0.074998684
0,0.07764096
0,0.061086077
0,0.14508091
0,0.03969455
0,0.032354936
0,0.009637989
0,0.01512121
0,0.025633547
0,0.07257255
0,0.041843224
0,0.03218496
0,0.03732742
0,0.01628393
0,0.039958317
0,0.031952683
0,0.1696778
0,0.10286321
0,0.020353027
0,0.028589863
0,0.016448315
0,0.02091647
0,0.0388503
0,0.023723617
0,0.018156996
0,0.098983295
0,0.08039076
0,0.05547375
