y_true,y_prob
0,0.74856913
0,0.7211833
0,0.73292696
0,0.6139886
0,0.74101675
0,0.764956
0,0.73556894
0,0.6518449
0,0.7762697
0,0.72756654
0,0.5568156
0,0.63784236
0,0.6944344
0,0.82561266
0,0.6915203
0,0.7465161
0,0.69141155
0,0.8198551
0,0.74622434
0,0.61154824
0,0.5138354
0,0.4577552
0,0.5811275
0,0.43242213
0,0.5184678
0,0.8319136
0,0.49701187
0,0.56081814
0,0.4612712
0,0.34605667
0,0.49330476
0,0.49871632
0,0.49319053
0,0.48316804
0,0.7196393
0,0.6766921
0,0.5866227
0,0.58213234
0,0.554533
0,0.61858857
0,0.7189101
0,0.59888196
0,0.6837709
0,0.79380834
0,0.5328087
0,0.77580833
0,0.488921
0,0.533862
0,0.7264093
0,0.5424654
0,0.49803352
0,0.48474362
0,0.41882953
0,0.5966279
0,0.46931574
0,0.6709446
0,0.54631525
0,0.5583102
0,0.42884967
0,0.5529736
0,0.72055006
0,0.7358566
0,0.48282433
0,0.54458314
0,0.52458936
0,0.5510017
0,0.54614854
0,0.5163902
0,0.42194995
0,0.51273656
0,0.5886059
0,0.48118135
0,0.64032
0,0.5520554
0,0.39714986
0,0.4746
0,0.6297993
0,0.5789688
0,0.53446454
0,0.45796734
0,0.48394525
0,0.5936721
0,0.68428934
0,0.58742297
0,0.5558527
0,0.51968485
0,0.5086414
0,0.48526913
0,0.559649
0,0.56782514
0,0.55722076
0,0.42164287
0,0.6506552
0,0.39279106
0,0.35566765
0,0.5219199
0,0.4034683
0,0.464212
0,0.5698003
0,0.5572692
0,0.6196502
0,0.48937935
0,0.402715
0,0.624287
0,0.6192202
0,0.4586719
0,0.4211095
0,0.5446603
0,0.4794357
0,0.666995
0,0.5927538
0,0.5666778
0,0.48305047
0,0.5441581
0,0.5266749
0,0.71677244
0,0.64600277
0,0.5325259
0,0.69502
0,0.53419155
0,0.7890559
0,0.57528204
0,0.58524543
0,0.56513596
0,0.4715908
0,0.63557184
0,0.54920465
0,0.6317995
0,0.7292573
0,0.38803
0,0.55770195
0,0.73978007
0,0.6085119
0,0.5923192
0,0.6791545
0,0.57336104
0,0.58772254
0,0.4066946
0,0.4747826
0,0.35136583
0,0.6158493
0,0.41777694
0,0.6863236
0,0.540774
0,0.35933074
0,0.5458129
0,0.4045223
0,0.55231535
0,0.59281784
0,0.5278425
0,0.47838852
0,0.6319697
0,0.5010982
0,0.7019016
0,0.57286745
0,0.5414205
0,0.45125797
0,0.4257562
0,0.47991458
0,0.54782844
0,0.6604387
0,0.682929
0,0.38664922
0,0.6477975
0,0.5382267
0,0.6069129
0,0.5200519
0,0.4828675
0,0.5617676
0,0.50242245
0,0.5314601
0,0.4398024
0,0.6802046
0,0.4366915
0,0.41346362
0,0.71689713
0,0.68746406
0,0.5394613
0,0.660037
0,0.38685524
0,0.40736586
0,0.38669646
0,0.61654764
0,0.58249
0,0.58222103
0,0.5037262
0,0.538676
0,0.64706516
0,0.6126594
0,0.4427929
0,0.69392425
0,0.50608265
0,0.5912806
0,0.72631586
0,0.68365175
0,0.58998394
0,0.6196876
0,0.5950388
0,0.6302115
0,0.52779317
0,0.603329
0,0.35085103
0,0.43347588
0,0.55477905
0,0.49228805
0,0.37793624
0,0.53796256
0,0.56759626
0,0.57169265
0,0.72280204
0,0.56226915
0,0.5445315
0,0.5413993
0,0.37570006
0,0.64936304
0,0.5941746
0,0.5971916
0,0.5724129
0,0.44271657
0,0.6424918
0,0.57546407
0,0.55844104
0,0.4875295
0,0.47559017
0,0.6884146
0,0.6633968
0,0.633521
0,0.5775201
0,0.5999011
0,0.570183
0,0.5981687
0,0.7458149
0,0.7645498
0,0.4401049
0,0.49714664
0,0.56292033
0,0.6504807
0,0.5690653
0,0.50987875
0,0.51475894
0,0.4208409
0,0.5520674
0,0.64507776
0,0.42265913
0,0.40984198
0,0.4812483
0,0.42488262
0,0.59140134
0,0.65760994
0,0.5430512
0,0.48423895
0,0.45602772
0,0.5868814
0,0.6189332
0,0.55088437
0,0.75023526
0,0.4729085
0,0.61129004
0,0.7142246
0,0.51177377
0,0.5902886
0,0.48713347
0,0.59804326
0,0.5324605
0,0.64823055
0,0.64312065
0,0.50663614
0,0.41834787
0,0.4662722
0,0.66689944
0,0.65358484
0,0.52345455
0,0.47052866
0,0.5254032
0,0.63280326
0,0.58848387
0,0.534484
0,0.5412034
0,0.6039304
0,0.59090436
0,0.46858743
0,0.49506927
0,0.5963567
0,0.69549793
0,0.44172192
0,0.6234215
0,0.61618036
0,0.5401688
0,0.59526664
0,0.48401704
0,0.5603208
0,0.60817224
0,0.44233623
0,0.43963405
0,0.40335965
0,0.6398563
0,0.78570324
0,0.56051457
0,0.61349136
0,0.60058916
0,0.4477142
0,0.6860175
0,0.689876
0,0.5784539
0,0.48123205
0,0.5767687
0,0.44175878
0,0.6692715
0,0.44760096
0,0.5665336
0,0.42528468
0,0.4371584
0,0.63361895
0,0.61686873
0,0.4805774
0,0.3802506
0,0.56084067
0,0.46790028
0,0.48407614
0,0.67937636
0,0.51028806
0,0.37736553
0,0.4369311
0,0.6218577
0,0.64590865
0,0.69258
0,0.436787
0,0.479622
0,0.36639225
0,0.5077128
0,0.44636562
0,0.45359883
0,0.5200476
0,0.37969163
0,0.6480726
0,0.51556623
0,0.6233596
0,0.53155696
0,0.39449555
0,0.47210875
0,0.53310615
0,0.4800247
0,0.60160947
0,0.4617153
0,0.5456792
0,0.73044753
0,0.54519457
0,0.7085199
0,0.43130863
0,0.57734835
0,0.610583
0,0.45997438
0,0.60087115
0,0.6475783
0,0.5377904
0,0.6169819
0,0.3558903
0,0.6033229
0,0.6205451
0,0.4789549
0,0.4746234
0,0.39721677
0,0.40802547
0,0.69904995
0,0.41203722
0,0.5194727
0,0.37500352
0,0.58080375
0,0.4566467
0,0.48112848
0,0.5366189
0,0.46999177
0,0.37297398
0,0.51036376
0,0.6219737
0,0.60180545
0,0.57111305
0,0.7034472
0,0.6642815
0,0.6531609
0,0.4882126
0,0.39184523
0,0.5955548
0,0.5245246
0,0.6889951
0,0.64583886
0,0.58420825
0,0.360558
0,0.380569
0,0.6446331
0,0.4159562
0,0.5230067
0,0.5571461
0,0.40102336
0,0.51800287
0,0.5258306
0,0.5714736
0,0.37876156
0,0.44691876
0,0.4835931
0,0.6119526
0,0.4670685
0,0.55115724
0,0.38924557
0,0.53961635
0,0.46134588
0,0.45489037
0,0.60231876
0,0.59128934
0,0.4452345
0,0.5336737
0,0.5390818
0,0.64322424
0,0.39568722
0,0.49801165
0,0.6114213
0,0.59311056
0,0.57845
0,0.44937265
0,0.4799877
0,0.54769015
0,0.44079837
0,0.50124186
0,0.45498922
0,0.5782123
0,0.46958962
0,0.61214685
0,0.45622963
0,0.45478043
0,0.50331986
0,0.3761108
0,0.35184255
0,0.34812152
0,0.48151338
0,0.44109282
0,0.565083
0,0.46009532
0,0.5501978
0,0.56618315
0,0.6209998
0,0.4020081
0,0.44495562
0,0.5330375
0,0.63206595
0,0.60864663
0,0.47483888
0,0.35444275
0,0.46466774
0,0.38650355
0,0.60194933
0,0.68448555
0,0.46123433
0,0.47132793
0,0.37146288
0,0.54025257
0,0.6257025
0,0.42613113
0,0.5336698
0,0.4222444
0,0.49776873
0,0.5374101
0,0.8861721
0,0.57863605
0,0.3898562
0,0.44574958
0,0.5547307
0,0.507588
0,0.47833163
0,0.45479336
0,0.4992191
0,0.425563
0,0.63400054
0,0.5594802
0,0.50899285
0,0.43248332
0,0.50043017
0,0.4425382
0,0.6864871
0,0.5967729
0,0.42089874
0,0.5048936
0,0.54649603
0,0.5802556
0,0.5190598
0,0.6630155
0,0.45357886
0,0.60289043
0,0.5838036
0,0.6871562
0,0.54266644
0,0.4396846
0,0.42732257
0,0.5082167
0,0.49157724
0,0.4657241
0,0.5295008
0,0.47310427
0,0.50194657
0,0.4260946
0,0.42859602
0,0.476648
0,0.5041403
0,0.32542515
0,0.5870396
0,0.65702677
0,0.5745486
0,0.6719806
0,0.5390995
0,0.47898358
0,0.53006995
0,0.4398672
0,0.69535846
0,0.65349615
0,0.53614426
0,0.34115976
0,0.46822172
0,0.50989914
0,0.6507526
0,0.67016715
0,0.6481611
0,0.44364876
0,0.7780342
0,0.779732
0,0.7375544
0,0.69159997
0,0.71927613
0,0.73466885
0,0.7387122
0,0.5916088
0,0.6078933
0,0.640942
0,0.69097614
0,0.85821056
0,0.70989645
0,0.67518026
0,0.6123726
0,0.6381912
0,0.615859
0,0.72331804
0,0.60819525
0,0.60979325
0,0.5778387
0,0.56502527
0,0.55778015
0,0.57002085
0,0.6040775
0,0.72081476
0,0.67554116
0,0.4929606
0,0.7856954
0,0.62541074
0,0.57217175
0,0.8344119
0,0.7238446
0,0.6019299
0,0.6117648
0,0.4993974
0,0.5265699
0,0.4368234
0,0.4502756
0,0.757209
0,0.60174394
0,0.57866406
0,0.76074404
0,0.57572144
0,0.50764126
0,0.6046033
0,0.6227631
0,0.5747112
0,0.51598376
0,0.6194101
0,0.6557914
0,0.54038095
0,0.6054277
0,0.69172734
0,0.55153584
0,0.589605
0,0.80563545
0,0.6041629
0,0.5458069
0,0.61413074
0,0.7247158
0,0.60691196
0,0.5803537
0,0.7516086
0,0.5688675
0,0.67637086
0,0.6448926
0,0.45573092
0,0.5401517
0,0.5498982
0,0.5004057
0,0.4986805
0,0.66283715
0,0.6613672
0,0.6992721
0,0.681343
0,0.58999217
0,0.63457453
0,0.5941483
0,0.53749865
0,0.61765975
0,0.7355881
0,0.4020574
0,0.7197781
0,0.4428555
0,0.59339374
0,0.6568776
0,0.55070496
0,0.582218
0,0.7059028
0,0.5922845
0,0.7825278
0,0.6617836
0,0.6544799
0,0.60130924
0,0.568864
0,0.7230078
0,0.5983977
0,0.70298946
0,0.56532973
0,0.78979343
0,0.63756436
0,0.61813563
0,0.5557326
0,0.6612428
0,0.7316452
0,0.6497968
0,0.63497454
0,0.6565503
0,0.44670478
0,0.50453866
0,0.6903388
0,0.60562146
0,0.67912453
0,0.59498173
0,0.40418586
0,0.64168113
0,0.5504945
0,0.7404672
0,0.5591548
0,0.5445572
0,0.78347677
0,0.556833
0,0.6749765
0,0.6213991
0,0.59413123
0,0.59645885
0,0.69317913
0,0.6186928
0,0.54189825
0,0.6119144
0,0.5448044
0,0.6007607
0,0.70812255
0,0.59853554
0,0.6583453
0,0.6560374
0,0.6028041
0,0.64640784
0,0.57704234
0,0.64603615
0,0.63183147
0,0.5601805
0,0.62890285
0,0.57123756
0,0.5646826
0,0.62445444
0,0.5521107
0,0.64726985
0,0.72427917
0,0.665146
0,0.54702574
0,0.7267051
0,0.4534687
0,0.6123432
0,0.74678904
0,0.69225925
0,0.63826203
0,0.6297127
0,0.48774534
0,0.49877977
0,0.71718645
0,0.61784333
0,0.55094117
0,0.64533854
0,0.7204375
0,0.7588312
0,0.67413586
0,0.6404263
0,0.58211327
0,0.4995642
0,0.6304503
0,0.65783393
0,0.5786135
0,0.61003447
0,0.53287256
0,0.67115134
0,0.5359018
0,0.47205585
0,0.69960177
0,0.7125857
0,0.5957038
0,0.7132994
0,0.6586251
0,0.60538274
0,0.7188295
0,0.57383585
0,0.7698807
0,0.663704
0,0.61564875
0,0.59861684
0,0.647859
0,0.56970936
0,0.7700832
0,0.6179694
0,0.5039206
0,0.6327914
0,0.6815698
0,0.6107713
0,0.7201763
0,0.5843925
0,0.5571592
0,0.4759541
0,0.5015958
0,0.59863955
0,0.5443034
0,0.5011302
0,0.65374976
0,0.54256105
0,0.46434858
0,0.7065532
0,0.81465775
0,0.51290196
0,0.61614627
0,0.5744226
0,0.55371016
0,0.61437845
0,0.56561667
0,0.5540036
0,0.50110143
0,0.4322782
0,0.54591066
0,0.53971183
0,0.50039977
0,0.6501268
0,0.67168736
0,0.6936151
0,0.70780206
0,0.63921475
0,0.5664485
0,0.67258126
0,0.49221352
0,0.6829827
0,0.66329795
0,0.65688497
0,0.61209184
0,0.5956192
0,0.5319411
0,0.51669395
0,0.6161138
0,0.59253377
0,0.5666753
0,0.4047903
0,0.50800234
0,0.6018793
0,0.51307505
0,0.45589614
0,0.5592718
0,0.53043205
0,0.5825581
0,0.60148513
0,0.758802
0,0.40380228
0,0.68144864
0,0.54014546
0,0.8087455
0,0.6542535
0,0.6474551
0,0.5167103
0,0.57425463
0,0.5136292
0,0.5738537
0,0.53449166
0,0.4797493
0,0.6114604
0,0.57463086
0,0.47024587
0,0.52971774
0,0.49212402
0,0.4169029
0,0.5568151
0,0.4853723
0,0.7526064
0,0.63639015
0,0.6128891
0,0.46723938
0,0.64295876
0,0.52895904
0,0.49860072
0,0.5242097
0,0.57920337
0,0.66279167
0,0.59878033
0,0.7023804
0,0.5208898
0,0.49982738
0,0.50821906
0,0.500016
0,0.7039982
0,0.63429296
0,0.5405904
0,0.67479134
0,0.5695031
0,0.51266253
0,0.7225859
0,0.6186267
0,0.615196
0,0.64094937
0,0.57699615
0,0.69743717
0,0.7748869
0,0.6904024
0,0.53495747
0,0.6571466
0,0.514872
0,0.5970552
0,0.64327556
0,0.45341212
0,0.5315603
0,0.6450866
0,0.6931231
0,0.55846065
0,0.5852058
0,0.7299183
0,0.639015
0,0.5823073
0,0.6312742
0,0.64185566
0,0.61349565
0,0.65987855
0,0.50937873
0,0.633784
0,0.47612554
0,0.6771012
0,0.38722622
0,0.6780171
0,0.49766314
0,0.5101303
0,0.587877
0,0.5132785
0,0.5993945
0,0.59445333
0,0.46925622
0,0.6272283
0,0.5304943
0,0.5782932
0,0.55126435
0,0.37569487
0,0.43298146
0,0.5345338
0,0.51816213
0,0.5060241
0,0.7460489
0,0.48042464
0,0.5304666
0,0.7436476
0,0.58751965
0,0.47323996
0,0.56830674
0,0.758139
0,0.655795
0,0.61902344
0,0.603023
0,0.38051802
0,0.45527205
0,0.5648096
0,0.38732988
0,0.47206149
0,0.4611939
0,0.5054332
0,0.56833774
0,0.4790256
0,0.5181895
0,0.66252834
0,0.56744134
0,0.40877998
0,0.6679407
0,0.584978
0,0.55310285
0,0.70182014
0,0.6754763
0,0.49003345
0,0.6829684
0,0.6605957
0,0.5235546
0,0.7490504
0,0.64623535
0,0.7904434
0,0.6234246
0,0.7390798
0,0.6678487
0,0.5541666
0,0.526728
0,0.63795394
0,0.43615294
0,0.63704187
0,0.49597397
0,0.58390886
0,0.6159949
0,0.50998425
0,0.702237
0,0.54250073
0,0.5667022
0,0.58664185
0,0.67574316
0,0.5120947
0,0.5873103
0,0.43831182
0,0.5732842
0,0.5300437
0,0.4877568
0,0.52439874
0,0.640383
0,0.6182774
0,0.63337934
0,0.62029684
0,0.5460722
0,0.49955705
0,0.5413117
0,0.51107293
0,0.5900602
0,0.7282761
0,0.670333
0,0.5194477
0,0.5114364
0,0.50515145
0,0.49924296
0,0.62847847
0,0.7918795
0,0.6296252
0,0.62742656
0,0.41959387
0,0.57156855
0,0.5432543
0,0.61996084
0,0.56419176
0,0.40084985
0,0.4269594
0,0.57173234
0,0.57706755
0,0.5032582
0,0.5658256
0,0.48702255
0,0.7503529
0,0.63718
0,0.819515
0,0.59072965
0,0.57631457
0,0.6078827
0,0.6074082
0,0.65752804
0,0.39191192
0,0.5394133
0,0.6419904
0,0.655182
0,0.52401954
0,0.5651297
0,0.4506873
0,0.48252654
0,0.44534293
0,0.550344
0,0.55846846
0,0.43583524
0,0.61338145
0,0.6848553
0,0.6706129
0,0.5158527
0,0.5976441
0,0.57330406
0,0.68087506
0,0.43872124
0,0.63389033
0,0.65032375
0,0.60833585
0,0.50630724
0,0.5357253
0,0.7426504
0,0.48218128
0,0.5403273
0,0.7574438
0,0.42127508
0,0.6502552
0,0.6829588
0,0.4720177
0,0.6049172
0,0.5774864
0,0.44743156
0,0.6426012
0,0.42071578
0,0.5994142
0,0.51756763
0,0.80970824
0,0.53538156
0,0.5802059
0,0.52389085
0,0.570747
0,0.4233776
0,0.6138644
0,0.5442716
0,0.5835617
0,0.40337655
0,0.48627666
0,0.34147906
0,0.5934853
0,0.53645396
0,0.65874213
0,0.71355027
0,0.5044923
0,0.6771608
0,0.5816448
0,0.5148188
0,0.47575212
0,0.61954397
0,0.57823527
0,0.69048744
0,0.49373087
0,0.40058282
0,0.56121975
0,0.57327944
0,0.45152166
0,0.72779006
0,0.61881125
0,0.5673731
0,0.5032664
0,0.5334194
0,0.47163415
0,0.5875765
0,0.32900035
0,0.6165159
0,0.5070009
0,0.68014896
0,0.50016075
0,0.4026032
0,0.49299094
0,0.64474934
0,0.46931133
0,0.784759
0,0.70936686
0,0.50930303
0,0.5501297
0,0.5138579
0,0.5927039
0,0.5005814
0,0.31881252
0,0.42293036
0,0.4756166
0,0.3627552
0,0.41683692
0,0.44987252
0,0.31337672
0,0.49773654
0,0.4046589
0,0.65790796
0,0.6660241
0,0.6443638
0,0.46827108
0,0.51986885
0,0.7849343
0,0.7446312
0,0.5168248
0,0.62722164
0,0.55654645
0,0.44879708
0,0.66791207
0,0.5091412
0,0.392793
0,0.40785688
0,0.44575036
0,0.47686315
0,0.44405225
0,0.29154664
0,0.5409961
0,0.6152709
0,0.47751722
0,0.5346524
0,0.5288602
0,0.60192126
0,0.55689543
0,0.71695185
0,0.6545267
0,0.66862154
0,0.5549919
0,0.52835554
0,0.44820297
0,0.5185865
0,0.70293254
0,0.65395474
0,0.555404
0,0.69119614
0,0.5152023
0,0.4740474
0,0.55115044
0,0.5085965
0,0.50375366
0,0.45226106
0,0.61951643
0,0.40121868
0,0.6459353
0,0.4127995
0,0.56675994
0,0.5674207
0,0.44842148
0,0.8688962
0,0.8380082
0,0.38004422
0,0.46944088
0,0.30286378
0,0.60526866
0,0.37972802
0,0.53769577
0,0.50285614
0,0.6060734
0,0.51904285
0,0.41554677
0,0.43677285
0,0.5566436
0,0.43662378
0,0.50310683
0,0.39832416
0,0.48970124
0,0.49170956
0,0.46118253
0,0.42791265
0,0.52496773
0,0.5155118
0,0.6727251
0,0.48073056
0,0.46897855
0,0.50181574
0,0.6011642
0,0.62938035
0,0.43281156
0,0.5562767
0,0.5026274
0,0.598191
0,0.47649682
0,0.5621678
0,0.5026687
0,0.45147395
0,0.39479673
0,0.47469345
0,0.4669531
0,0.6245612
0,0.5168126
0,0.40932772
0,0.51042604
0,0.43452546
0,0.40315977
0,0.7172071
0,0.716106
0,0.3672817
0,0.47257707
0,0.40199122
0,0.3723086
0,0.60937506
0,0.5853177
0,0.36095268
0,0.49137083
0,0.43110055
0,0.46675175
0,0.41745043
0,0.5421688
0,0.58161426
0,0.45600116
0,0.4899747
0,0.4917551
0,0.57691664
0,0.5043113
0,0.3281978
0,0.4554521
0,0.5884976
0,0.56710804
0,0.4396824
0,0.49015048
0,0.69037914
0,0.58084786
0,0.5068061
0,0.41616935
0,0.49539438
0,0.45077118
0,0.3976751
0,0.43194118
0,0.52675194
0,0.4111018
0,0.48056534
0,0.37625048
0,0.42615885
0,0.48556075
0,0.50420284
0,0.46320704
0,0.5840255
0,0.5063529
0,0.5604965
0,0.5964996
0,0.7331295
0,0.572802
0,0.52713436
0,0.4007488
0,0.36827925
0,0.53618985
0,0.4571402
0,0.54945415
0,0.514023
0,0.4893266
0,0.40115017
0,0.4438461
0,0.45764503
0,0.39142776
0,0.53284013
0,0.6478565
0,0.31812334
0,0.6503541
0,0.46721074
0,0.45851284
0,0.48904166
0,0.49666005
0,0.7188962
0,0.6204311
0,0.5388753
0,0.36112988
0,0.46417728
0,0.40797162
0,0.42980817
0,0.56694585
0,0.43877006
0,0.44155285
0,0.39886084
0,0.3358736
0,0.5726361
0,0.48097375
0,0.61424494
0,0.5053994
0,0.3467257
0,0.5119019
0,0.33618373
0,0.63945633
0,0.5145197
0,0.5346277
0,0.53831416
0,0.8553235
0,0.45601106
0,0.4841892
0,0.5479281
0,0.41262326
0,0.39268157
0,0.55438334
0,0.27478462
0,0.61107266
0,0.48378637
0,0.4980656
0,0.80132324
0,0.43267918
0,0.4817703
0,0.46117812
0,0.43762663
0,0.54519475
0,0.4582271
0,0.4655925
0,0.5487641
0,0.43301684
0,0.5994313
0,0.6622849
0,0.81008166
0,0.3401685
0,0.46054742
0,0.4121679
0,0.35156086
0,0.4946709
0,0.36188635
0,0.6570334
0,0.6036421
0,0.58675617
0,0.5689706
0,0.48524517
0,0.50392354
0,0.47172317
0,0.527087
0,0.5247607
0,0.58965474
0,0.4547974
0,0.4678296
0,0.47322586
0,0.47127095
0,0.39282992
0,0.6498344
0,0.70546204
0,0.55001074
0,0.5308839
0,0.45771885
0,0.5762635
0,0.5693636
0,0.60810983
0,0.48093718
0,0.5082766
0,0.4108992
0,0.350245
0,0.51087654
0,0.40068874
0,0.46258765
0,0.5274342
0,0.35903835
0,0.5496457
0,0.5378319
0,0.35587117
0,0.56374365
0,0.57290775
0,0.5036794
0,0.73809713
0,0.5279833
0,0.5469444
0,0.52233434
0,0.5138569
0,0.35694546
0,0.44004384
0,0.5024294
0,0.5200377
0,0.42402095
0,0.6357009
0,0.6814152
0,0.53318757
0,0.42779407
0,0.35956597
0,0.2752133
0,0.45723996
0,0.5871555
0,0.6157928
0,0.42843297
0,0.39500022
0,0.4311937
0,0.3706908
0,0.7946561
0,0.47129112
0,0.54360545
0,0.5170359
0,0.4944096
0,0.4168473
0,0.47537106
0,0.37379852
0,0.49923074
0,0.41363627
0,0.45161822
0,0.3474788
0,0.4373417
0,0.31211734
0,0.38571793
0,0.42984387
0,0.5463035
0,0.30569342
0,0.51096207
0,0.48378527
0,0.4678559
0,0.42884868
0,0.5997538
0,0.44765243
0,0.50923306
0,0.342228
0,0.45925435
0,0.5326793
0,0.39147094
0,0.51031876
0,0.31012717
0,0.54690766
0,0.46989864
0,0.40162307
0,0.41613027
0,0.42029595
0,0.4318803
0,0.57880247
0,0.37226766
0,0.29171956
0,0.41871724
0,0.3283396
0,0.49950048
0,0.46085083
0,0.5586838
0,0.7757044
0,0.55615824
0,0.33123702
0,0.44147766
0,0.37990278
0,0.4443809
0,0.31304768
0,0.5647633
0,0.507592
0,0.51958054
0,0.48388103
0,0.56121796
0,0.4249575
0,0.38928613
0,0.4752384
0,0.39123768
0,0.33396667
0,0.3067239
0,0.46944192
0,0.5376341
0,0.4539128
0,0.41729113
0,0.6601224
0,0.67445546
0,0.49729177
0,0.4648757
0,0.47301474
0,0.63135
0,0.35833904
0,0.37126252
0,0.4700313
0,0.3915399
0,0.64366066
0,0.38253045
0,0.46228057
0,0.54975545
0,0.4208678
0,0.5457567
0,0.54115325
0,0.33060607
0,0.43266663
0,0.39855465
0,0.604938
0,0.36853763
0,0.27327436
0,0.5810456
0,0.72565925
0,0.46578422
0,0.49589986
0,0.46947324
0,0.4883305
0,0.47332072
0,0.5883824
0,0.47854212
0,0.47127068
0,0.4175688
0,0.33635882
0,0.4637875
0,0.46925604
0,0.48975477
0,0.5405811
0,0.59255075
0,0.3983039
0,0.4527445
0,0.4967757
0,0.5198643
0,0.5114729
0,0.41617444
0,0.34210253
0,0.50388026
0,0.64244163
0,0.43983668
0,0.51737255
0,0.2920121
0,0.55080885
0,0.6429766
0,0.59408736
0,0.4313065
0,0.36898077
0,0.2346438
0,0.49637163
0,0.41520956
0,0.32855165
0,0.25835785
0,0.4337879
0,0.47916585
0,0.43376583
0,0.43647683
0,0.4976293
0,0.35948136
0,0.48409292
0,0.7572251
0,0.6989128
0,0.41940254
0,0.6327817
0,0.3955606
0,0.47937247
0,0.6203703
0,0.5996919
0,0.57256144
0,0.47321835
0,0.552972
0,0.53780293
0,0.46612057
0,0.53961635
0,0.48430544
0,0.53064734
0,0.72536844
0,0.5738003
0,0.4877472
0,0.591153
0,0.40782127
0,0.52474165
0,0.6219115
0,0.61040926
0,0.66188025
0,0.38804975
0,0.4499801
0,0.6315389
0,0.6007365
0,0.48860142
0,0.6470084
0,0.503791
0,0.6829275
0,0.6104123
0,0.65585816
0,0.6175552
0,0.51455986
0,0.6163861
0,0.53538805
0,0.59759265
0,0.65786606
0,0.57908964
0,0.3350879
0,0.4023131
0,0.47339764
0,0.6748775
0,0.5985178
0,0.3303046
0,0.43386716
0,0.3913885
0,0.46496367
0,0.62256116
0,0.53830767
0,0.64949083
0,0.33738554
0,0.6906463
0,0.46102804
0,0.3577465
0,0.4314721
0,0.40510076
0,0.42905998
0,0.47543794
0,0.37599048
0,0.3487994
0,0.433582
0,0.6204014
0,0.48644894
0,0.7870138
0,0.6433014
0,0.4466166
0,0.46420768
0,0.7190243
0,0.464011
0,0.56984526
0,0.56592005
0,0.41337454
0,0.57228357
0,0.5386777
0,0.5543038
0,0.76947016
0,0.65593076
0,0.3957363
0,0.56090325
0,0.39190716
0,0.40854332
0,0.4038173
0,0.49634027
0,0.63359
0,0.69829667
0,0.6858507
0,0.64012927
0,0.751703
0,0.58899444
0,0.42302918
0,0.5157088
0,0.5177097
0,0.78441715
0,0.4385853
0,0.5594283
0,0.59079
0,0.521173
0,0.4224665
0,0.40866706
0,0.4914512
0,0.44133973
0,0.6610194
0,0.50041986
0,0.55167466
0,0.46910527
0,0.47450355
0,0.6926875
0,0.6502978
0,0.5796964
0,0.58811325
0,0.77102315
0,0.5400519
0,0.654238
0,0.68705225
0,0.5707964
0,0.6094563
0,0.5587461
0,0.5607338
0,0.7392719
0,0.393398
0,0.4135962
0,0.40399963
0,0.49133286
0,0.4282171
0,0.36997974
0,0.33952853
0,0.3922472
0,0.41242966
0,0.5637859
0,0.60907733
0,0.42335618
0,0.54436415
0,0.44176942
0,0.43257043
0,0.52139306
0,0.45118105
0,0.6245897
0,0.43439633
0,0.36968008
0,0.5178035
0,0.35005584
0,0.505927
0,0.4811042
0,0.5540998
0,0.45405018
0,0.3778683
0,0.58379847
0,0.46193486
0,0.5240251
0,0.60139316
0,0.8165072
0,0.62665874
0,0.5737721
0,0.62834895
0,0.5964273
0,0.6580773
0,0.47300455
0,0.5549504
0,0.5651314
0,0.4619885
0,0.38302216
0,0.2905654
0,0.53799665
0,0.71233946
0,0.5137989
0,0.4660473
0,0.28480837
0,0.69087046
0,0.6473287
0,0.5440603
0,0.33657598
0,0.5492586
0,0.65291154
0,0.62125
0,0.5353723
0,0.4818685
0,0.56346405
0,0.56941634
0,0.6864217
0,0.34081668
0,0.47935012
0,0.41215697
0,0.5398712
0,0.54787993
0,0.68738794
0,0.36183426
0,0.4551608
0,0.49031642
0,0.52697915
0,0.4254935
0,0.5147706
0,0.5978832
0,0.5735119
0,0.40170032
0,0.64391816
0,0.6529583
0,0.5873901
0,0.50283223
0,0.36455056
0,0.62136644
0,0.8736992
0,0.69481224
0,0.48296013
0,0.6813356
0,0.4104287
0,0.6020489
0,0.45072335
0,0.5837456
0,0.50686425
0,0.4996263
0,0.6150038
0,0.7036779
0,0.5592242
0,0.4898861
0,0.3286674
0,0.56009287
0,0.32223362
0,0.46425834
0,0.58175945
0,0.49218372
0,0.4465036
0,0.453933
0,0.6478315
0,0.5979099
0,0.5712463
0,0.65663487
0,0.3883939
0,0.72856003
0,0.6421237
0,0.63780695
0,0.47248286
0,0.47277662
0,0.5867676
0,0.53233093
0,0.37709743
0,0.64746356
0,0.543698
0,0.5527536
0,0.46680945
0,0.41883403
0,0.4194303
0,0.368799
0,0.4602733
0,0.61633277
0,0.67221475
0,0.6441036
0,0.41741115
0,0.28702715
0,0.44327882
0,0.61096483
0,0.4951535
0,0.55038583
0,0.43436164
0,0.55075383
0,0.58470184
0,0.5066476
0,0.5692062
0,0.46425146
0,0.56143063
0,0.5574767
0,0.578882
0,0.7065619
0,0.43778503
0,0.53927696
0,0.47825304
0,0.49227118
0,0.6085481
0,0.7982213
0,0.6593304
0,0.55005795
0,0.529105
0,0.5327469
0,0.51009554
0,0.66621906
0,0.45564082
0,0.57878214
0,0.52776784
0,0.54648274
0,0.69675577
0,0.60920036
0,0.5232235
0,0.58391184
0,0.5433244
0,0.4412942
0,0.44455197
0,0.4970207
0,0.3024508
0,0.50881135
0,0.5860232
0,0.64413685
0,0.7304031
0,0.675111
0,0.47097012
0,0.46179277
0,0.6895331
0,0.6392481
0,0.5589665
0,0.33107144
0,0.36200264
0,0.49276114
0,0.55678296
0,0.44535825
0,0.6241109
0,0.5945753
0,0.61687994
0,0.6193557
0,0.5060506
0,0.51303107
0,0.49896836
0,0.4793522
0,0.5709551
0,0.35109553
0,0.4187874
0,0.5672752
0,0.45907974
0,0.36397946
0,0.5598489
0,0.6563521
0,0.35598564
0,0.56554127
0,0.47908106
0,0.67542857
0,0.6451466
0,0.59698606
0,0.7951172
0,0.48724157
0,0.6022731
0,0.4734825
0,0.5346783
0,0.5287792
0,0.5112299
0,0.43161818
0,0.4972983
0,0.54310924
0,0.4178312
0,0.36800522
0,0.7014925
0,0.7201746
0,0.27060163
0,0.5890983
0,0.52223676
0,0.55218107
0,0.5205858
0,0.5632447
0,0.5312238
0,0.5451772
0,0.4049113
0,0.523299
0,0.39063385
0,0.46092406
0,0.462981
0,0.54862225
0,0.49359676
0,0.4419508
0,0.30970657
0,0.63366413
0,0.42906028
0,0.51192826
0,0.52049136
0,0.5976738
0,0.8243774
0,0.5733618
0,0.624779
0,0.60801786
0,0.43801814
0,0.5575327
0,0.49068263
0,0.6150406
0,0.58387136
0,0.40709355
0,0.30876666
0,0.3690642
0,0.31831127
0,0.67869455
0,0.6156334
0,0.61654747
0,0.5216552
0,0.5416447
0,0.56765765
0,0.53934777
0,0.5158314
0,0.5272102
0,0.6695659
0,0.61804056
0,0.48254475
0,0.56759673
0,0.45927304
0,0.48772958
0,0.6264955
0,0.474765
0,0.43853343
0,0.36670187
0,0.58749473
0,0.387712
0,0.3715419
0,0.51895183
0,0.52062124
0,0.4176325
0,0.39936352
0,0.44265658
0,0.45713758
0,0.4846087
0,0.5327394
0,0.58291245
0,0.548981
0,0.41848403
0,0.7494093
0,0.7531807
0,0.5656523
0,0.5710686
0,0.6266492
0,0.41289738
0,0.5618412
0,0.56580734
0,0.5200017
0,0.3584445
0,0.3208648
0,0.48994836
0,0.554151
0,0.5197365
0,0.54938304
0,0.47872126
0,0.43959635
0,0.5783612
0,0.6299769
0,0.3165975
0,0.53874636
0,0.44592038
0,0.7327054
0,0.6662165
0,0.61601096
0,0.5491728
0,0.4716561
0,0.4775583
0,0.55249965
0,0.7069463
0,0.49331346
0,0.55214053
0,0.55220115
0,0.4071781
0,0.7079925
0,0.5617243
0,0.5016112
0,0.56067216
0,0.3549215
0,0.42089352
0,0.45828173
0,0.4904911
0,0.525148
0,0.40968755
0,0.44008952
0,0.58787197
0,0.5797843
0,0.42221457
0,0.46689308
0,0.31788662
0,0.412221
0,0.5498358
0,0.5715387
0,0.5179551
0,0.53704363
0,0.6013866
0,0.64624405
0,0.49294484
0,0.48486167
0,0.50995636
0,0.56072897
0,0.6877164
0,0.66140735
0,0.4521995
0,0.708774
0,0.7259957
0,0.6964224
0,0.57577634
0,0.5833333
0,0.42109534
0,0.69187254
0,0.5355692
0,0.55874294
0,0.68131804
0,0.5477922
0,0.68433315
0,0.63633645
0,0.5363775
0,0.5768032
0,0.68231475
0,0.58145756
0,0.57501006
0,0.4168829
0,0.63998604
0,0.5072603
0,0.48668885
0,0.6374829
0,0.5420966
0,0.6050715
0,0.6483559
0,0.6472597
0,0.810057
0,0.62400717
0,0.559933
0,0.5652666
0,0.61397356
0,0.72791517
0,0.6227014
0,0.66783744
0,0.49987563
0,0.5565568
0,0.69157135
0,0.58578545
0,0.576834
0,0.65558714
0,0.6187036
0,0.58550155
0,0.45427728
0,0.56074035
0,0.6122503
0,0.50221205
0,0.55843735
0,0.6230226
0,0.4354058
0,0.64827967
0,0.692169
0,0.5995343
0,0.57407296
0,0.5948171
0,0.48353973
0,0.5502515
0,0.46149105
0,0.48524404
0,0.57393247
0,0.5477967
0,0.43694103
0,0.5365606
0,0.5731178
0,0.7777
0,0.6806515
0,0.7354047
0,0.68112963
0,0.69680554
0,0.6775007
0,0.6208245
0,0.5163826
0,0.5991178
0,0.6299809
0,0.4624351
0,0.6031587
0,0.6053013
0,0.53941214
0,0.5391231
0,0.5486623
0,0.689845
0,0.64841145
0,0.6677776
0,0.52394456
0,0.62514496
0,0.41871598
0,0.6452596
0,0.54742026
0,0.42969698
0,0.5131786
0,0.67633617
0,0.4483905
0,0.4445771
0,0.42641255
0,0.587099
0,0.6533305
0,0.5312342
0,0.56262916
0,0.5215383
0,0.62938476
0,0.41794878
0,0.5276061
0,0.547063
0,0.5123254
0,0.59361446
0,0.46178493
0,0.4168071
0,0.48359215
0,0.6114344
0,0.5623408
0,0.7132058
0,0.54268473
0,0.47868848
0,0.6652467
0,0.5551
0,0.63889945
0,0.51802725
0,0.5049417
0,0.6877132
0,0.5352444
0,0.6302349
0,0.66041327
0,0.72869194
0,0.6798812
0,0.6856194
0,0.5119568
0,0.64816296
0,0.7314793
0,0.8725344
0,0.5836322
0,0.574395
0,0.65207356
0,0.69608796
0,0.5184908
0,0.6835092
0,0.3713709
0,0.4306699
0,0.582592
0,0.47356707
0,0.35737854
0,0.6132432
0,0.80664974
0,0.44952503
0,0.5735544
0,0.6329593
0,0.47127497
0,0.5354584
0,0.48992857
0,0.46528202
0,0.7076502
0,0.49211523
0,0.5594468
0,0.5482515
0,0.3944466
0,0.69320565
0,0.5751436
0,0.6658283
0,0.4725035
0,0.41361848
0,0.51231945
0,0.7130156
0,0.6523123
0,0.64110386
0,0.72524846
0,0.5995749
0,0.60491097
0,0.5531947
0,0.6192232
0,0.6788484
0,0.5131286
0,0.70717055
0,0.5878916
0,0.53903675
0,0.6122646
0,0.5477544
0,0.5161998
0,0.51890254
0,0.6705445
0,0.6290391
0,0.5864368
0,0.49813268
0,0.6149443
0,0.5412432
0,0.43236512
0,0.54656225
0,0.6324563
0,0.65313053
0,0.5951344
0,0.56166446
0,0.48117408
0,0.52355736
0,0.5267633
0,0.524402
0,0.6106014
0,0.5474762
0,0.5247402
0,0.5994117
0,0.38696548
0,0.416579
0,0.52704
0,0.5268612
0,0.6718046
0,0.568791
0,0.52890754
0,0.4802832
0,0.39405113
0,0.76278746
0,0.6290626
0,0.52994716
0,0.8218197
0,0.6200848
0,0.41935977
0,0.55326164
0,0.455206
0,0.5614402
0,0.6716636
0,0.71619064
0,0.6884708
0,0.5082813
0,0.5181477
0,0.7680785
0,0.5971548
0,0.6089462
0,0.5953571
0,0.39207524
0,0.5059878
0,0.6295003
0,0.54569423
0,0.5343209
0,0.38567808
0,0.49526498
0,0.5531168
0,0.43481323
0,0.5475907
0,0.69454604
0,0.54675287
0,0.51661557
0,0.44694707
0,0.4552727
0,0.48427692
0,0.5546206
0,0.49300855
0,0.47204635
0,0.4135462
0,0.57673603
0,0.5710034
0,0.6033926
0,0.5081092
0,0.54348624
0,0.5050716
0,0.50226486
0,0.47975367
0,0.77192855
0,0.74959934
0,0.4767646
0,0.61181
0,0.34681785
0,0.5269606
0,0.48649737
0,0.4312958
0,0.42754158
0,0.5457577
0,0.5675219
0,0.5432012
0,0.54596025
0,0.6533126
0,0.55029386
0,0.5256644
0,0.6271936
0,0.6253045
0,0.63509816
0,0.5866599
0,0.38532844
0,0.68028367
0,0.46598428
0,0.73679805
0,0.5020519
0,0.540456
0,0.38958225
0,0.59463257
0,0.69916123
0,0.68593913
0,0.63960534
0,0.47330403
0,0.5909406
0,0.62933767
0,0.5385399
0,0.70062363
0,0.4057312
0,0.6514517
0,0.5512311
0,0.52906543
0,0.49555463
0,0.38747925
0,0.35288605
0,0.45218673
0,0.57536846
0,0.88991493
0,0.5527111
0,0.55003875
0,0.49194232
0,0.48731992
0,0.5165347
0,0.44145092
0,0.41886443
0,0.5715831
0,0.29863963
0,0.64109915
0,0.54570305
0,0.6401465
0,0.627625
0,0.6070942
0,0.56999195
0,0.55280274
0,0.6425102
0,0.5240798
0,0.5435064
0,0.58743155
0,0.48529878
0,0.6324133
0,0.5202432
0,0.6532077
0,0.5368936
0,0.61796874
0,0.404036
0,0.49815324
0,0.4324379
0,0.38870075
0,0.5405965
0,0.6356087
0,0.6015892
0,0.61153966
0,0.4662696
0,0.48190683
0,0.5692866
0,0.62830454
0,0.42121512
0,0.44726056
0,0.5998424
0,0.53060937
0,0.5279884
0,0.4655311
0,0.73185444
0,0.5040123
0,0.49776295
0,0.58250624
0,0.60100305
0,0.5470571
0,0.6906337
0,0.5520693
0,0.5895066
0,0.5286708
0,0.4792905
0,0.57957494
0,0.38512847
0,0.5015582
0,0.5775786
0,0.5540871
0,0.5760381
0,0.65770936
0,0.50514734
0,0.74380964
0,0.5916187
0,0.5647214
0,0.6890703
0,0.5967222
0,0.4630368
0,0.504628
0,0.4666106
0,0.56684756
0,0.42425022
0,0.46752477
0,0.67099375
0,0.43053567
0,0.5298606
0,0.46112427
0,0.46419916
0,0.44052902
0,0.41836917
0,0.71485597
0,0.5409615
0,0.551366
0,0.58838636
0,0.59747136
0,0.524498
0,0.6215464
0,0.5884662
0,0.5106754
0,0.4833964
0,0.53923047
0,0.46281144
0,0.49086583
0,0.57707614
0,0.7312387
0,0.58431435
0,0.57695556
0,0.7444925
0,0.6043237
0,0.6797191
0,0.44033894
0,0.6645326
0,0.5111618
0,0.399143
0,0.52172524
0,0.46048722
0,0.3647818
0,0.54616153
0,0.5444694
0,0.78299266
0,0.3657422
0,0.43522367
0,0.4309043
0,0.49010444
0,0.52360916
0,0.3947186
0,0.39128587
0,0.6010641
0,0.5895144
0,0.5298573
0,0.43910512
0,0.51616985
0,0.55373466
0,0.5357528
0,0.6035569
0,0.6020167
0,0.36799753
0,0.39998478
0,0.6151717
0,0.53012097
0,0.4318274
0,0.70323074
0,0.4716604
0,0.42172801
0,0.45693582
0,0.40827644
0,0.36701572
0,0.4670687
0,0.4617469
0,0.50329065
0,0.4931126
0,0.5081773
0,0.5706372
0,0.51187783
0,0.4535831
0,0.42841733
0,0.49612534
0,0.5630496
0,0.65931296
0,0.5815797
0,0.6752183
0,0.4294947
0,0.60637087
0,0.72770405
0,0.41540465
0,0.53728473
0,0.5792149
0,0.5535942
0,0.56932455
0,0.61889166
0,0.432843
0,0.44625583
0,0.5248859
0,0.48668146
0,0.48477572
0,0.67626685
0,0.4059127
0,0.4225912
0,0.41247517
0,0.4582968
0,0.45163485
0,0.48120078
0,0.3742536
0,0.51455706
0,0.5370449
0,0.44667128
0,0.58890337
0,0.48344588
0,0.32750538
0,0.39263788
0,0.44769466
0,0.4550057
0,0.57668877
0,0.5815435
1,0.40247247
1,0.7368131
1,0.6398853
1,0.7340796
1,0.62524444
1,0.73700464
1,0.8519242
1,0.721025
1,0.72740173
1,0.58218896
1,0.52773553
1,0.87736344
1,0.5396611
1,0.69171697
1,0.7658731
1,0.77576774
1,0.7869321
1,0.70086765
1,0.80123085
1,0.7109204
1,0.6066908
1,0.61699355
1,0.7245968
1,0.6123843
1,0.6725114
1,0.3955778
1,0.5919374
1,0.4222292
1,0.5431092
1,0.50601345
1,0.65995777
1,0.56196225
1,0.6656064
1,0.65260106
1,0.66535074
1,0.4073111
1,0.6427851
1,0.5441476
1,0.560229
1,0.5340138
1,0.6849833
1,0.55436426
1,0.5093787
1,0.61893475
1,0.7234013
1,0.48253375
1,0.6879165
1,0.31047884
1,0.5494827
1,0.7079036
1,0.5978505
1,0.6994205
1,0.84463584
1,0.7395633
1,0.81861115
1,0.66259545
1,0.34784922
1,0.5554922
1,0.60636055
1,0.78627926
1,0.500789
1,0.44127473
1,0.6496602
1,0.36586237
1,0.7445152
1,0.51435816
1,0.5708539
1,0.5860209
1,0.62977964
1,0.747168
1,0.5957338
1,0.47923598
1,0.5111509
1,0.652392
1,0.43521938
1,0.65290165
1,0.5608179
1,0.4594305
1,0.5447925
1,0.6610764
1,0.6968606
1,0.6428281
1,0.6971761
1,0.73496455
1,0.6337628
1,0.43268383
1,0.70856273
1,0.6618062
1,0.53138465
1,0.721378
1,0.64781004
1,0.7710774
1,0.8383025
1,0.7021327
1,0.6154392
1,0.6173964
1,0.3870474
1,0.5297322
1,0.5567875
1,0.50277233
1,0.61339056
1,0.6910812
1,0.64441425
1,0.617074
1,0.5639319
1,0.5429618
1,0.6811178
1,0.35581985
1,0.7029829
1,0.65103424
1,0.43053496
1,0.75507116
1,0.62378615
1,0.7360679
1,0.53414166
1,0.4467497
1,0.51834345
1,0.48836815
1,0.68904614
1,0.3687861
1,0.77619874
1,0.56517243
1,0.6706101
1,0.70843256
1,0.68393946
1,0.5463093
1,0.618545
1,0.6202877
1,0.7597493
1,0.8221358
1,0.68003553
1,0.7054646
1,0.6189636
1,0.4015383
1,0.61883056
1,0.3937174
1,0.4874853
1,0.5678557
1,0.4135369
1,0.7105497
1,0.5329112
1,0.6959569
1,0.8330404
1,0.73287594
1,0.8091085
1,0.48073575
1,0.6179178
1,0.6968796
1,0.647638
1,0.68255734
1,0.6209254
1,0.47406963
1,0.8355783
1,0.5162164
1,0.83095944
1,0.5591452
1,0.70369506
1,0.49060732
1,0.8684874
1,0.81215525
1,0.5127168
1,0.5431762
1,0.41847628
1,0.5888143
1,0.48471126
1,0.62259924
1,0.6984681
1,0.49855548
1,0.50564414
1,0.6962302
1,0.8420788
1,0.61136276
1,0.50892216
1,0.59435844
1,0.4634804
1,0.71397406
1,0.5649056
1,0.60190284
1,0.6574885
1,0.65164053
1,0.73837507
1,0.6117138
1,0.6522612
1,0.67511284
1,0.811023
1,0.5908821
1,0.73701155
1,0.7166693
1,0.628057
1,0.71164864
1,0.7870679
1,0.61539555
1,0.740591
1,0.65344167
1,0.59570754
1,0.7092057
1,0.6010789
1,0.637286
1,0.6270754
1,0.81467116
1,0.30311894
1,0.74085045
1,0.5548602
1,0.6174954
1,0.7784078
1,0.6927025
1,0.8155299
1,0.79060656
1,0.412085
1,0.81211746
1,0.5427246
1,0.64700353
1,0.57817316
1,0.59994966
1,0.5387557
1,0.7135721
1,0.6272757
1,0.7150655
1,0.72357714
1,0.45296547
1,0.730227
1,0.63877815
1,0.63564306
1,0.7615576
1,0.7584476
1,0.81964123
1,0.56662476
1,0.46244857
1,0.60618055
1,0.67400116
1,0.69929844
1,0.6261291
1,0.7376445
1,0.7820291
1,0.7453465
1,0.6548704
1,0.6667296
1,0.7411946
1,0.5929352
1,0.7468333
1,0.7180288
1,0.5447327
1,0.67554164
1,0.7184925
1,0.5858032
1,0.8724532
1,0.58032286
1,0.46242523
1,0.40617964
1,0.74066526
1,0.5923148
1,0.50557595
1,0.5962849
1,0.4156629
1,0.44730064
1,0.6904972
1,0.3852227
1,0.75428283
1,0.5520774
1,0.6267701
1,0.2907198
1,0.42182785
1,0.72328365
1,0.65717155
1,0.76295584
1,0.5850491
1,0.671542
1,0.44580436
1,0.5609156
1,0.56078523
1,0.64181066
1,0.445246
1,0.58265877
1,0.7903796
1,0.37143025
1,0.7244337
1,0.6639044
1,0.7341627
1,0.41549015
1,0.44525155
1,0.5472199
1,0.7557384
1,0.54776895
1,0.7255421
1,0.42858055
1,0.5116495
1,0.5055765
1,0.6961539
1,0.47288355
1,0.7339036
1,0.518494
1,0.6844801
1,0.56516206
1,0.44951838
1,0.52180177
1,0.5761056
1,0.7476401
1,0.5767834
1,0.62842494
1,0.7662539
1,0.76407164
1,0.82522625
1,0.4238816
1,0.45607018
1,0.7523511
1,0.47710583
1,0.85873294
1,0.65825737
1,0.36881977
1,0.6908267
1,0.51827323
1,0.8080679
1,0.3912227
1,0.4888742
1,0.37927523
1,0.7281563
1,0.66731536
1,0.45164496
1,0.8359979
1,0.44735727
1,0.9015996
1,0.4476378
1,0.66013783
1,0.71419775
1,0.8248032
1,0.84654754
1,0.6067758
1,0.83599186
1,0.75583494
1,0.53388643
1,0.63774043
1,0.70518064
1,0.72858906
1,0.503297
1,0.66416013
1,0.72828203
1,0.41935265
1,0.6612293
1,0.43408683
1,0.70028836
1,0.7111331
1,0.7840486
1,0.39094532
1,0.6884868
1,0.60403687
1,0.49925396
1,0.6994917
1,0.5155107
1,0.67456925
1,0.70924896
1,0.72011435
1,0.6856421
1,0.6996367
1,0.5237876
1,0.7883192
1,0.43418658
1,0.6984309
1,0.5692912
1,0.35534102
1,0.757933
1,0.3703166
1,0.7230256
1,0.5306549
1,0.5260899
1,0.67587274
1,0.69326925
1,0.6960649
1,0.6275968
1,0.6657153
1,0.52042717
1,0.7925001
1,0.7559539
1,0.58503145
1,0.60828274
1,0.71628004
1,0.56718236
1,0.55436707
1,0.68337804
1,0.5346974
1,0.4199071
1,0.7278462
1,0.5017355
1,0.58403385
1,0.39782047
1,0.6324647
1,0.708542
1,0.6773088
1,0.84978527
1,0.61529064
1,0.54969376
1,0.61053836
1,0.6932931
1,0.59449
1,0.57256836
1,0.6864392
1,0.7898774
1,0.8057626
1,0.50012666
1,0.80018663
1,0.6549641
1,0.7395684
1,0.76797944
1,0.8466861
1,0.8356496
1,0.63408536
1,0.76393974
1,0.5443082
1,0.73138326
1,0.6209251
1,0.5539484
1,0.62455136
1,0.54719806
1,0.76202136
1,0.5511279
1,0.52696544
1,0.74395967
1,0.6252463
1,0.55844885
1,0.57400316
1,0.68578273
1,0.75048494
1,0.77991855
1,0.4449762
1,0.68479884
1,0.6437386
1,0.5510061
1,0.49320418
1,0.54531235
1,0.707565
1,0.69803846
1,0.76310223
1,0.80792415
1,0.56745017
1,0.64723027
1,0.69604725
1,0.71856177
1,0.80085486
1,0.70564014
1,0.75059086
1,0.772177
1,0.37531096
1,0.64808565
1,0.81564695
1,0.83642966
1,0.81987584
1,0.79846835
1,0.65802157
1,0.7512159
1,0.77914435
1,0.68019146
1,0.747171
1,0.7064505
1,0.62776077
1,0.70013845
1,0.370429
1,0.4050781
1,0.7860444
1,0.61027604
1,0.80370283
1,0.48489732
1,0.42381015
1,0.6773871
1,0.61462975
1,0.79139185
1,0.60595304
1,0.42062244
1,0.6729876
1,0.40551844
1,0.7490936
1,0.62215793
1,0.80912
1,0.86791044
1,0.53880286
1,0.4741865
1,0.56333596
1,0.60978514
1,0.5298888
1,0.6795272
1,0.6186855
1,0.5447126
1,0.719253
1,0.6078216
1,0.80473626
1,0.85742897
1,0.48694697
1,0.59540117
1,0.60235214
1,0.6701052
1,0.6090544
1,0.5415249
1,0.77279544
1,0.66568106
1,0.8219386
1,0.5969324
1,0.597505
1,0.66597056
1,0.6716148
1,0.7796675
1,0.526815
1,0.7479835
1,0.7380822
1,0.6721386
1,0.63649124
1,0.51425725
1,0.6088972
1,0.58777547
1,0.78707725
1,0.5091064
1,0.7986203
1,0.71343714
1,0.59657997
1,0.76599705
1,0.7708386
1,0.58093315
1,0.5513718
1,0.53393
1,0.5970717
1,0.7679515
1,0.7174229
1,0.6577663
1,0.5311821
1,0.7088217
1,0.8717683
1,0.3783393
1,0.47842693
1,0.59112054
1,0.69560933
1,0.373744
1,0.48697782
1,0.59269965
1,0.45628303
1,0.73508054
1,0.62804884
1,0.7054902
1,0.659848
1,0.6422348
1,0.6917019
1,0.63394904
1,0.835199
1,0.42374086
1,0.7724643
1,0.72564894
1,0.6495131
1,0.7244316
1,0.6923206
1,0.75147927
1,0.622249
1,0.75552005
1,0.72262585
1,0.47727674
1,0.65532005
1,0.5289991
1,0.82668585
1,0.6061517
1,0.77432334
1,0.56997764
1,0.7656929
1,0.6198652
1,0.6474848
1,0.5479656
1,0.61546195
1,0.64076644
1,0.716158
1,0.58581877
1,0.672213
1,0.7626287
1,0.6182215
1,0.58974034
1,0.7566027
1,0.6617203
1,0.86207503
1,0.6529755
1,0.7347205
1,0.8007206
1,0.8149283
1,0.7246328
1,0.4530728
1,0.48051244
1,0.63082874
1,0.5989688
1,0.68108696
1,0.55208886
1,0.6379332
1,0.7727604
1,0.707948
1,0.71280557
1,0.78129786
1,0.51969516
1,0.8228278
1,0.6922933
1,0.765176
1,0.71818054
1,0.5208814
1,0.656463
1,0.7683812
1,0.7473283
1,0.7282281
1,0.85397226
1,0.7859971
1,0.65477747
1,0.6529321
1,0.7230499
1,0.6121261
1,0.8221504
1,0.53020376
1,0.6681743
1,0.571758
1,0.8149912
1,0.64095074
1,0.60870767
1,0.6513289
1,0.8089914
1,0.6341337
1,0.7674152
1,0.6043228
1,0.7329547
1,0.8163536
1,0.7816811
1,0.70865965
1,0.81162304
1,0.5309898
1,0.68674564
1,0.86288327
1,0.6663685
1,0.825382
1,0.66756886
1,0.8498346
1,0.64928305
1,0.86133397
1,0.82836837
1,0.66126335
1,0.74331486
1,0.5921496
1,0.60612065
1,0.819757
1,0.66035473
1,0.67771167
1,0.5160299
1,0.5971253
1,0.57123697
1,0.5772953
1,0.6278852
1,0.5864512
1,0.78418744
1,0.68868184
1,0.46790916
1,0.63006455
1,0.5538145
1,0.7232392
1,0.55350524
1,0.5455063
1,0.53966653
1,0.56065977
1,0.6943043
1,0.7941638
1,0.6812758
1,0.81643677
1,0.52720046
1,0.86560535
1,0.7450311
1,0.6756134
1,0.8096478
1,0.7567978
1,0.70824814
1,0.70675737
1,0.37489
1,0.5672051
1,0.6313523
1,0.3490924
1,0.3275142
1,0.6279841
1,0.8044065
1,0.5655761
1,0.62372625
1,0.5376458
1,0.8032116
1,0.78364974
1,0.69966567
1,0.4919554
1,0.44076034
1,0.72690696
1,0.6710644
1,0.77449524
1,0.69394225
1,0.49796507
1,0.7743015
1,0.6902223
1,0.63643587
1,0.54840577
1,0.40614372
1,0.76102126
1,0.53563666
1,0.70903915
1,0.44823143
1,0.61390454
1,0.47116634
1,0.58091766
1,0.50290227
1,0.46257854
1,0.45773995
1,0.61472476
1,0.6398658
1,0.49050507
1,0.67703134
1,0.465885
1,0.74551535
1,0.8979804
1,0.6727748
1,0.6431325
1,0.68759567
1,0.863282
1,0.5779488
1,0.5175688
1,0.46941745
1,0.5968965
1,0.6883108
1,0.59507537
1,0.45733964
1,0.7557361
1,0.76784384
1,0.44815004
1,0.69413877
1,0.25278777
1,0.6069116
1,0.57216835
1,0.4824542
1,0.6470599
1,0.57308894
1,0.68053836
1,0.38552013
1,0.7257796
1,0.5300317
1,0.68249756
1,0.48177254
1,0.68328375
1,0.693527
1,0.43871665
1,0.4807978
1,0.58619183
1,0.5565123
1,0.58184654
1,0.57636315
1,0.4666725
1,0.5388592
1,0.7964301
1,0.65451914
1,0.65505075
1,0.7870866
1,0.42519575
1,0.52690375
1,0.39619395
1,0.8869674
1,0.7205012
1,0.4847319
1,0.60926545
1,0.17726338
1,0.85462016
1,0.37539828
1,0.69106597
1,0.47269213
1,0.55301404
1,0.6826392
1,0.47776428
1,0.47400784
1,0.71819574
1,0.5284498
1,0.47033146
1,0.49595416
1,0.38354233
1,0.4021099
1,0.7567005
1,0.29450738
1,0.6737999
1,0.8577081
1,0.59296626
1,0.4985207
1,0.6308337
1,0.8008207
1,0.5755061
1,0.40926403
1,0.6746142
1,0.6711591
1,0.68725604
1,0.41762236
1,0.44580188
1,0.5344287
1,0.7184169
1,0.5439551
1,0.5497738
1,0.6974631
1,0.61274606
1,0.6731424
1,0.4028184
1,0.5503357
1,0.47745526
1,0.7279269
1,0.30133945
1,0.47869134
1,0.6554096
1,0.760624
1,0.8886552
1,0.8175751
1,0.6102193
1,0.76152515
1,0.68470055
1,0.8617469
1,0.82525724
1,0.8810969
1,0.68907183
1,0.40058437
1,0.7607628
1,0.7161752
1,0.72625715
1,0.64802045
1,0.7954301
1,0.7330672
1,0.5719354
1,0.84423774
1,0.64703345
1,0.74174005
1,0.8598188
1,0.55407685
1,0.747252
1,0.8198277
1,0.8146142
1,0.68828654
1,0.7205522
1,0.6977859
1,0.61715186
1,0.5864186
1,0.59295225
1,0.63149595
1,0.63220876
1,0.73936707
1,0.79176897
1,0.56126994
1,0.81931907
1,0.6200889
1,0.5802828
1,0.76670897
1,0.38171372
1,0.8360704
1,0.68788016
1,0.8506446
1,0.6836399
1,0.8360756
1,0.76597255
1,0.6774863
1,0.83030224
1,0.7460122
1,0.6702547
1,0.54798555
1,0.69849885
1,0.6196929
1,0.83362687
1,0.5912332
1,0.54876477
1,0.7877541
1,0.6214718
1,0.896569
1,0.74103665
1,0.81501687
1,0.66697276
1,0.46518856
1,0.7827336
1,0.8445496
1,0.63620585
1,0.7306095
1,0.7723331
1,0.61998826
1,0.7335882
1,0.5319598
1,0.6615981
1,0.7179147
1,0.73085004
1,0.76885235
1,0.8566707
1,0.8004034
1,0.614299
1,0.6719864
1,0.69660443
1,0.54770786
1,0.6796708
1,0.62805146
1,0.7332865
1,0.6671872
1,0.6553404
1,0.6948124
1,0.63438296
1,0.76549566
1,0.6863194
1,0.6169055
1,0.7594836
1,0.71664655
1,0.66552454
1,0.7212198
1,0.7895537
1,0.8793328
1,0.6763304
1,0.72923464
1,0.69583637
1,0.65323526
1,0.8505408
1,0.6068989
1,0.7231895
1,0.77226275
1,0.5953994
1,0.7683266
1,0.62774557
1,0.7647037
1,0.6251211
1,0.7609333
1,0.751957
1,0.68458706
1,0.8711552
1,0.5164478
1,0.5280232
1,0.70022964
1,0.6985356
1,0.58178455
1,0.58393675
1,0.81461203
1,0.71340877
1,0.6658105
1,0.6980631
1,0.8216669
1,0.5827802
1,0.5948614
1,0.7197786
1,0.671649
1,0.49414778
1,0.5982537
1,0.54223114
1,0.6897109
1,0.58635557
1,0.8170103
1,0.6010255
1,0.7619892
1,0.8315116
1,0.56737065
1,0.70654815
1,0.61942446
1,0.50570405
1,0.7110802
1,0.4509912
1,0.77003324
1,0.7255885
1,0.7858176
1,0.8035745
1,0.524919
1,0.77168983
1,0.5137235
1,0.81930786
1,0.80940306
1,0.7034819
1,0.6386214
1,0.4998042
1,0.7352657
1,0.43468633
1,0.56529737
1,0.7204436
1,0.4303003
1,0.60394007
1,0.61878026
1,0.624542
1,0.62506384
1,0.5465044
1,0.7281179
1,0.5721073
1,0.7372894
1,0.5083669
1,0.6728239
1,0.8177638
1,0.7773828
1,0.73334885
1,0.63178295
1,0.7895938
1,0.6240353
1,0.6361765
1,0.6064625
1,0.5264326
1,0.70784247
1,0.5710587
1,0.7250172
1,0.69606173
1,0.6530804
1,0.6677315
1,0.8251419
1,0.6278133
1,0.6998395
1,0.7807742
1,0.7444739
1,0.718714
1,0.745512
1,0.56529766
1,0.56684625
1,0.75121695
1,0.8305467
1,0.87093425
1,0.6211341
1,0.7545805
1,0.71218306
1,0.6628193
1,0.79441136
1,0.6999621
1,0.817378
1,0.8392627
1,0.6477193
1,0.62584746
1,0.617359
1,0.7903973
1,0.90056723
1,0.78820664
1,0.62032515
1,0.6625293
1,0.5347932
1,0.7653773
1,0.7204625
1,0.55797744
1,0.7327592
1,0.81187916
1,0.7085702
1,0.8541253
1,0.68119794
1,0.71046215
1,0.73304236
1,0.56573665
1,0.5707052
1,0.70420957
1,0.5943925
1,0.6568583
1,0.54388916
1,0.4847159
1,0.7948462
1,0.43784046
1,0.66160315
1,0.67745847
1,0.53190595
1,0.7508043
1,0.5910351
1,0.71182436
1,0.6866233
1,0.5136023
1,0.5991218
1,0.54504126
1,0.6502809
1,0.41093573
1,0.81150496
1,0.60505474
1,0.55903196
1,0.46236253
1,0.76719826
1,0.46882027
1,0.56050247
1,0.65438426
1,0.704037
1,0.58309096
1,0.7183507
1,0.57594454
1,0.7195183
1,0.6516092
1,0.69943047
1,0.4961798
1,0.7313406
1,0.6840892
1,0.8104774
1,0.40245852
1,0.512812
1,0.4287122
1,0.56887096
1,0.51317495
1,0.5988745
1,0.7911955
1,0.76736957
1,0.5628249
1,0.5289146
1,0.72347057
1,0.64796716
1,0.55143934
1,0.4947555
1,0.5798798
1,0.6580156
1,0.48676702
1,0.7672066
1,0.5989421
1,0.47253546
1,0.4928438
1,0.5704074
1,0.70620084
1,0.6260843
1,0.6901273
1,0.7250197
1,0.80130297
1,0.5939378
1,0.6550995
1,0.64505166
1,0.70632774
1,0.9001896
1,0.8024725
1,0.7152973
1,0.67173284
1,0.7592628
1,0.7458549
1,0.6930593
1,0.71347785
1,0.74072
1,0.8334036
1,0.8196079
1,0.52932006
1,0.65144956
1,0.8381887
1,0.7298655
1,0.83715385
1,0.46478403
1,0.6175147
1,0.531072
1,0.68509316
1,0.6838952
1,0.47058976
1,0.6613416
1,0.51250243
1,0.5849346
1,0.498584
1,0.613564
1,0.66746634
1,0.84331405
1,0.37813687
1,0.6168466
1,0.488718
1,0.61898166
1,0.56274843
1,0.70442736
1,0.62833494
1,0.6757317
1,0.44454366
1,0.43119335
1,0.69316024
1,0.66260254
1,0.5176844
1,0.56279904
1,0.711506
1,0.7714488
1,0.65114206
1,0.6578687
1,0.60462165
1,0.58682936
1,0.7337044
1,0.7947423
1,0.7490953
1,0.63427126
1,0.6202459
1,0.5792829
1,0.72445107
1,0.52969956
1,0.54829973
1,0.801696
1,0.5993039
1,0.47117567
1,0.5999138
1,0.5930676
1,0.7307467
1,0.6920423
1,0.6490775
1,0.6654571
1,0.6699962
1,0.78228146
1,0.6627817
1,0.7188636
1,0.601872
1,0.5919243
1,0.49359506
1,0.6665642
1,0.45191023
1,0.78278756
1,0.6256977
1,0.66806155
1,0.6434461
1,0.33069423
1,0.6435351
1,0.41790622
1,0.6467973
1,0.6366197
1,0.50481725
1,0.66238534
1,0.7023569
1,0.56267124
1,0.6168664
1,0.433141
1,0.68973315
1,0.49581087
1,0.71102154
1,0.71618986
1,0.4058457
1,0.65722066
1,0.6789465
1,0.7277913
1,0.5798308
1,0.41025093
1,0.7455211
1,0.48900083
1,0.7418367
1,0.8246824
1,0.6150472
1,0.7127251
1,0.67221284
1,0.47223112
1,0.552118
1,0.86391395
1,0.8230523
1,0.6455596
1,0.59651977
1,0.70371866
1,0.44269755
1,0.5986124
1,0.6670549
1,0.4829731
1,0.6908425
1,0.64904135
1,0.5538657
1,0.52321404
1,0.8033057
1,0.49053538
1,0.68971556
1,0.48139605
1,0.7313562
1,0.6945454
1,0.71779245
1,0.585168
1,0.6026132
1,0.7606668
1,0.68023574
1,0.64756095
1,0.7077352
1,0.6729813
1,0.8598695
1,0.33506572
1,0.5805503
1,0.6055493
1,0.6451806
1,0.7877725
1,0.7393436
1,0.7717124
1,0.6912517
1,0.6979195
1,0.50401384
1,0.75776565
1,0.523018
1,0.51488125
1,0.7455024
1,0.53809726
1,0.48895472
1,0.54419166
1,0.49015564
1,0.39986303
1,0.3878491
1,0.7608767
1,0.62712383
1,0.6141432
1,0.50403446
1,0.8699311
1,0.7326237
1,0.5175492
1,0.70254916
1,0.49508038
1,0.6841134
1,0.68541384
1,0.6542122
1,0.6271582
1,0.57917523
1,0.65417534
1,0.6584248
1,0.48964658
1,0.53089714
1,0.4257116
1,0.5875495
1,0.57836664
1,0.49450728
1,0.5228429
1,0.7344375
1,0.5700162
1,0.63491386
1,0.6307635
1,0.5613093
1,0.5954823
1,0.6740189
1,0.56755936
1,0.6372927
1,0.5904669
1,0.6129981
1,0.53397477
1,0.42674047
1,0.7737386
1,0.5041428
1,0.5880277
1,0.45283213
1,0.62052095
1,0.59084576
1,0.57791734
1,0.56509197
1,0.6597707
1,0.43217897
1,0.49383834
1,0.32550898
1,0.6248195
1,0.36458975
1,0.6929511
1,0.6446448
1,0.617202
1,0.6569947
1,0.5343156
1,0.8220399
1,0.82636386
1,0.6835271
1,0.6526857
1,0.43301603
1,0.46684828
1,0.6637898
1,0.36004785
1,0.5671829
1,0.61121154
1,0.79469913
1,0.65041983
1,0.5337725
1,0.58233106
1,0.518091
1,0.6367343
1,0.6030744
1,0.7096834
1,0.5335485
1,0.3414492
1,0.5416007
1,0.61948246
1,0.59139425
1,0.48643625
1,0.665192
1,0.681992
1,0.5544438
1,0.55075276
1,0.5372691
1,0.8029571
1,0.7658576
1,0.534073
1,0.5704319
1,0.78333914
1,0.5146693
1,0.59616333
1,0.50915396
1,0.6520825
1,0.5524182
1,0.5861911
1,0.6576142
1,0.55669147
1,0.5282718
1,0.5925592
1,0.6496888
1,0.4407076
0,0.6753847
0,0.70556957
0,0.68298864
0,0.661117
0,0.5755539
0,0.64614165
0,0.6297834
0,0.577929
0,0.75168
0,0.618215
0,0.65213037
0,0.59080154
0,0.71909285
0,0.6137791
0,0.65224767
0,0.48955023
0,0.5694651
0,0.63537073
0,0.57988477
0,0.5511724
0,0.6994826
0,0.530398
0,0.5810987
0,0.60722923
0,0.51913244
0,0.69369274
0,0.6738736
0,0.54096586
0,0.5838184
0,0.4946056
0,0.59983736
0,0.5737217
0,0.57740206
0,0.5318388
0,0.61484057
0,0.6488229
0,0.60280526
0,0.71665555
0,0.643708
0,0.677171
0,0.70544815
0,0.64440566
0,0.5719874
0,0.5844577
0,0.8013184
0,0.7934114
0,0.7468564
0,0.7652863
0,0.49468577
0,0.5763894
0,0.59837663
0,0.52006716
0,0.41738087
0,0.7078024
0,0.5836047
0,0.601865
0,0.69801223
0,0.4411497
0,0.66031265
0,0.48864785
0,0.7757611
0,0.47166377
0,0.4289373
0,0.53889173
0,0.5832333
0,0.5883025
0,0.76232266
0,0.544273
0,0.55104333
0,0.53861517
0,0.55905056
0,0.4794257
0,0.60720176
0,0.61286294
0,0.51034474
0,0.6209565
0,0.4523637
0,0.6238859
0,0.6076874
0,0.64184535
0,0.6614754
0,0.63494444
0,0.47335783
0,0.65411127
0,0.54000473
0,0.5288269
0,0.47212344
0,0.54061395
0,0.42855704
0,0.4981393
0,0.40492728
0,0.60235256
0,0.61692154
0,0.6578074
0,0.73047
0,0.6055242
0,0.5039715
0,0.74909675
0,0.686121
0,0.70943755
0,0.7822633
0,0.6166409
0,0.7164194
0,0.5456775
0,0.5433918
0,0.6008626
0,0.5489798
0,0.5543316
0,0.501499
0,0.630533
0,0.5650388
0,0.71914804
0,0.45395762
0,0.59047186
0,0.6476415
0,0.58391416
0,0.68346554
0,0.5941364
0,0.6120297
0,0.65914744
0,0.6567879
0,0.6767915
0,0.72621876
0,0.67165446
0,0.60839635
0,0.86327523
0,0.57000893
0,0.72382456
0,0.69356996
0,0.57187736
0,0.51488054
0,0.5733892
0,0.53848916
0,0.51340896
0,0.4945607
0,0.4927601
0,0.69639915
0,0.6895489
0,0.48209283
0,0.5919184
0,0.5002923
0,0.48482874
0,0.56478065
0,0.6440962
0,0.5388214
0,0.6123795
0,0.38368386
0,0.7408686
0,0.7267888
0,0.6269981
0,0.5011826
0,0.5109488
0,0.5683014
0,0.681606
0,0.4065899
0,0.65924287
0,0.63696754
0,0.73924595
0,0.46555808
0,0.60703576
0,0.57130605
0,0.7267199
0,0.65629
0,0.58610475
0,0.5686998
0,0.56843084
0,0.7052008
0,0.5626148
0,0.6818991
0,0.6536939
0,0.6064136
0,0.62560153
0,0.6183387
0,0.6982208
0,0.4803037
0,0.65903693
0,0.70693284
0,0.46617362
0,0.41473913
0,0.70894533
0,0.4452906
0,0.539751
0,0.59331954
0,0.65890145
0,0.6224259
0,0.61324656
0,0.5888009
0,0.65648854
0,0.5038594
0,0.7250952
0,0.59143347
0,0.48968506
0,0.52512604
0,0.6556154
0,0.36911234
0,0.45709756
0,0.3605987
0,0.40395302
0,0.6267825
0,0.53803647
0,0.65312934
0,0.4730965
0,0.51455367
0,0.60641927
0,0.504058
0,0.5095205
0,0.39271095
0,0.39111215
0,0.60259783
0,0.34982315
0,0.57719433
0,0.44942215
0,0.4077032
0,0.5111478
0,0.40265977
0,0.5428007
0,0.56420404
0,0.52818877
0,0.43731347
0,0.40964544
0,0.4167289
0,0.4052458
0,0.40652123
0,0.46583953
0,0.64061517
0,0.42187575
0,0.49583203
0,0.35558304
0,0.3454135
0,0.58690274
0,0.5095414
0,0.5283324
0,0.52510536
0,0.4649999
0,0.49503344
0,0.54227895
0,0.5850885
0,0.7395228
0,0.46744162
0,0.5278159
0,0.67283607
0,0.34693438
0,0.5961899
0,0.40683866
0,0.41223207
0,0.4531048
0,0.42158985
0,0.62143683
0,0.6820766
0,0.6047744
0,0.55334306
0,0.46403357
0,0.4685037
0,0.61170816
0,0.4331526
0,0.40963024
0,0.69223505
0,0.57054704
0,0.3745004
0,0.7604001
0,0.4693146
0,0.42187282
0,0.4026873
0,0.50326914
0,0.4901663
0,0.57582015
0,0.52152324
0,0.6112193
0,0.40562463
0,0.4726527
0,0.4854795
0,0.4453451
0,0.5369237
0,0.56782615
0,0.52483696
0,0.37077108
0,0.5232252
0,0.4987736
0,0.40877268
0,0.48544735
0,0.3826446
0,0.727048
0,0.6362686
0,0.6226558
0,0.65832597
0,0.71321154
0,0.56866616
0,0.42521286
0,0.68323684
0,0.66430414
0,0.4781428
0,0.37274888
0,0.38892478
0,0.57987154
0,0.64545494
0,0.46667427
0,0.4542269
0,0.54226434
0,0.5928137
0,0.6601353
0,0.515221
0,0.70814925
0,0.42058903
0,0.5670652
0,0.7306072
0,0.6048411
0,0.70006263
0,0.69533724
0,0.5822231
0,0.5397832
0,0.6419971
0,0.5321909
0,0.6137757
0,0.46293285
0,0.51124865
0,0.53966004
0,0.6147761
0,0.48204628
0,0.6527431
0,0.57032734
0,0.56068355
0,0.6631491
0,0.5782972
0,0.6093959
0,0.5235451
0,0.58250093
0,0.58800274
0,0.5799731
0,0.5119946
0,0.53493214
0,0.48100367
0,0.51450074
0,0.80598277
0,0.64137805
0,0.51148385
0,0.6223414
0,0.6005825
0,0.5844788
0,0.7159082
0,0.67040527
0,0.5181632
0,0.6177939
0,0.5857896
0,0.5441429
0,0.47570112
0,0.5074869
0,0.6226821
0,0.4582083
0,0.7066047
0,0.5330645
0,0.5981198
0,0.62908053
0,0.7024919
0,0.5007736
0,0.44685525
0,0.59044933
0,0.5497067
0,0.5599269
0,0.57539535
0,0.6039859
0,0.52437764
0,0.637831
0,0.5141103
0,0.57999
0,0.5279332
0,0.3946746
0,0.55199426
0,0.43618378
0,0.5509251
0,0.36450675
0,0.5631451
0,0.5526248
0,0.4700719
0,0.5886862
0,0.66758084
0,0.45820087
0,0.45856714
0,0.5653832
0,0.66134155
0,0.597863
0,0.47707164
0,0.57267237
0,0.5663364
0,0.4462677
0,0.4723875
0,0.59090304
0,0.45216304
0,0.5143895
0,0.6348955
0,0.5876398
0,0.5706103
0,0.5450004
0,0.57043463
0,0.71475
0,0.65302515
0,0.58644056
0,0.6393691
0,0.57359797
0,0.5408219
0,0.45730713
0,0.6046519
0,0.40273595
0,0.41866803
0,0.53999573
0,0.54483235
0,0.5152405
0,0.5690112
0,0.4209405
0,0.42462018
0,0.43334982
0,0.5465924
0,0.54926664
0,0.5375972
0,0.42789927
0,0.4227926
0,0.5812633
0,0.381768
0,0.41664922
0,0.45848727
0,0.4333863
0,0.4922915
0,0.5873886
0,0.6001822
0,0.47757486
0,0.39062762
0,0.37715304
0,0.58998066
0,0.62584084
0,0.5201731
0,0.48889163
0,0.51574844
0,0.46241942
0,0.5479836
0,0.6210859
0,0.6639713
0,0.58736473
0,0.48442256
0,0.5003436
0,0.59317344
0,0.54661596
0,0.64598125
0,0.6908817
0,0.701691
0,0.529526
0,0.7759376
0,0.5124227
0,0.46812108
0,0.45988843
0,0.48523977
0,0.4918927
0,0.5065849
0,0.50832295
0,0.35273516
0,0.5205943
0,0.5019601
0,0.7241951
0,0.54062814
0,0.66805124
0,0.44972876
0,0.6291925
0,0.46835056
0,0.6933868
0,0.7279274
0,0.46198335
0,0.5503572
0,0.56507194
0,0.587277
0,0.63056034
0,0.44104126
0,0.559139
0,0.42104223
0,0.45334506
0,0.5173537
0,0.43562627
0,0.5246691
0,0.5128174
0,0.4934662
0,0.65349746
0,0.6075365
0,0.5279029
0,0.50237894
0,0.43692213
0,0.52765656
0,0.47169337
0,0.51297337
0,0.33490285
0,0.58230644
0,0.40690482
0,0.3837493
0,0.5356984
0,0.5587121
0,0.6030274
0,0.49209756
0,0.40907675
0,0.49425554
0,0.575689
0,0.5326722
0,0.5491126
0,0.6170969
0,0.291623
0,0.6179509
0,0.57356286
0,0.69099975
0,0.47911292
0,0.4012009
0,0.59665734
0,0.603768
0,0.6101593
0,0.602277
0,0.60495865
0,0.4084475
0,0.42108458
0,0.4355687
0,0.50378656
0,0.56045246
0,0.59828734
0,0.5017487
0,0.61851406
0,0.70646137
0,0.6414065
0,0.549844
0,0.60058135
0,0.4947345
0,0.57575494
0,0.6167141
0,0.43010095
0,0.48698014
0,0.48470402
0,0.5517067
0,0.58480066
0,0.5491635
0,0.6868523
0,0.6683725
0,0.6254625
0,0.7438554
0,0.63565904
0,0.7308019
0,0.72855914
0,0.36531734
0,0.59231335
0,0.57072645
0,0.55252165
0,0.49524605
0,0.4478842
0,0.5718474
0,0.6051173
0,0.57043827
0,0.603617
0,0.69713026
0,0.64657617
0,0.53877187
0,0.5094028
0,0.75061274
0,0.60337055
0,0.5117507
0,0.58205247
0,0.49063787
0,0.72426516
0,0.5676708
0,0.46285775
0,0.640254
0,0.49276358
0,0.60734916
0,0.6787289
0,0.72306204
0,0.49759665
0,0.5428978
0,0.46256822
0,0.59298277
0,0.6544679
0,0.591018
0,0.6001774
0,0.71486276
0,0.41860157
0,0.63406473
0,0.63018155
0,0.6698224
0,0.75604093
0,0.6919055
0,0.6268404
0,0.57329005
0,0.61986506
0,0.7795536
0,0.72826517
0,0.48028898
0,0.51255924
0,0.56551474
0,0.44870633
0,0.3815714
0,0.4682613
0,0.3679021
0,0.6396634
0,0.70105916
0,0.6433175
0,0.44125032
0,0.6221688
0,0.5130936
0,0.57843906
0,0.66059864
0,0.5642977
0,0.47154996
0,0.4280475
0,0.44287768
0,0.59135437
0,0.6975391
0,0.5387164
0,0.568962
0,0.4956161
0,0.6042363
0,0.5407711
0,0.5433148
0,0.62343407
0,0.44459227
0,0.43011278
0,0.6221257
0,0.41151643
0,0.37591657
0,0.5221512
0,0.5678587
0,0.5938074
0,0.60561675
0,0.45790803
0,0.6288783
0,0.53218824
0,0.5256333
0,0.61866164
0,0.61861473
0,0.48191348
0,0.5152451
0,0.44541284
0,0.46466425
0,0.53598815
0,0.68362117
0,0.41065013
0,0.49216875
0,0.5788227
0,0.72501147
0,0.6898449
0,0.58536243
0,0.5095303
0,0.6611813
0,0.5123409
0,0.5740449
0,0.48096845
0,0.618229
0,0.68915135
0,0.3829958
0,0.5387789
0,0.5990447
0,0.71334034
0,0.57560134
0,0.60396606
0,0.7073783
0,0.55427635
0,0.68932766
0,0.5384247
0,0.58421123
0,0.6013511
0,0.58563364
0,0.59333163
0,0.5432015
0,0.49572068
0,0.5578849
0,0.47987685
0,0.4402209
0,0.574426
0,0.6417215
0,0.58781886
0,0.5262461
0,0.47498196
0,0.63057476
0,0.675586
0,0.5603528
0,0.5039547
0,0.6023331
0,0.5486494
0,0.6118271
0,0.709221
0,0.7376824
0,0.6494106
0,0.4837105
0,0.4506904
0,0.64567876
0,0.5515025
0,0.62700796
0,0.6166996
0,0.5705071
0,0.6343239
0,0.5427308
0,0.60712284
0,0.5922115
0,0.666758
0,0.56248987
0,0.69822955
0,0.62608916
0,0.6099491
0,0.50048065
0,0.39699224
0,0.5765601
0,0.6573622
0,0.6411511
0,0.6993896
0,0.46579927
0,0.4891402
0,0.8481343
0,0.61012346
0,0.63742983
0,0.64284194
0,0.650083
0,0.62317693
0,0.66748095
0,0.7020024
0,0.60775214
0,0.5374404
0,0.4747086
0,0.43102115
0,0.57055014
0,0.7056322
0,0.7133506
0,0.69248366
0,0.6104782
0,0.48502156
0,0.67018723
0,0.74405
0,0.6030076
0,0.49740964
0,0.49866647
0,0.4329732
0,0.59660155
0,0.45361272
0,0.4604027
0,0.45976564
0,0.4743267
0,0.49775857
0,0.44476047
0,0.46059164
0,0.4484989
0,0.4298446
0,0.59807485
0,0.5684973
0,0.6907912
0,0.49113148
0,0.67010355
0,0.4647994
0,0.543633
0,0.53824055
0,0.638816
0,0.55566555
0,0.61018014
0,0.49771228
0,0.5520825
0,0.41363952
0,0.6066752
0,0.52613693
0,0.45236084
0,0.308983
0,0.5372436
0,0.40542883
0,0.4323194
0,0.39895174
0,0.41969204
0,0.44423026
0,0.5992582
0,0.5671178
0,0.50495565
0,0.49712956
0,0.2959381
0,0.5003535
0,0.49330387
0,0.3471346
0,0.39775845
0,0.2631852
0,0.39456558
0,0.4437443
0,0.42622277
0,0.38287175
0,0.49314618
0,0.43887576
0,0.49205738
0,0.45674214
0,0.37517917
0,0.5082896
0,0.57348233
0,0.44946885
0,0.5730779
0,0.41543996
0,0.44455177
0,0.44653717
0,0.7142812
0,0.51732534
0,0.70844406
0,0.6352733
0,0.6332809
0,0.62339604
0,0.417193
0,0.6753782
0,0.5179993
0,0.6860473
0,0.51114005
0,0.7814712
0,0.6393282
0,0.609467
0,0.670197
0,0.72879934
0,0.67613316
0,0.650302
0,0.6279371
0,0.64725554
0,0.62700754
0,0.5465062
0,0.6999324
0,0.60569495
0,0.4827749
0,0.6785641
0,0.62212944
0,0.69024855
0,0.70015913
0,0.58163744
0,0.6160813
0,0.7588198
0,0.70062417
0,0.53098214
0,0.5311326
0,0.5926343
0,0.5281715
0,0.7029329
0,0.63025665
0,0.6908435
0,0.66340005
0,0.49779496
0,0.47632462
0,0.6156348
0,0.51203567
0,0.66240114
0,0.4771589
0,0.43769196
0,0.7174908
0,0.69148564
0,0.47311413
0,0.6772394
0,0.5247472
0,0.4076158
0,0.45482683
0,0.46415693
0,0.642124
0,0.74835855
0,0.55707335
0,0.5947618
0,0.80897516
0,0.4456294
0,0.63726544
0,0.5677808
0,0.5695798
0,0.455973
1,0.6216529
1,0.8146936
1,0.87472016
1,0.8762097
1,0.8967456
1,0.9422489
1,0.89267206
1,0.8690599
1,0.8436624
1,0.9012351
1,0.88424313
1,0.88870883
1,0.84694624
1,0.7965247
1,0.8829514
1,0.8909872
1,0.9100748
1,0.90828806
1,0.85337985
1,0.8928162
1,0.8312452
1,0.9202331
1,0.89832014
1,0.90490437
1,0.8734499
1,0.87497187
1,0.8908565
1,0.9153664
1,0.9191822
1,0.9126853
1,0.8943425
1,0.90451515
1,0.84809166
1,0.89776504
1,0.9186826
1,0.93593806
1,0.953495
1,0.9027316
1,0.8528828
1,0.8897313
1,0.85889196
1,0.880003
1,0.8419891
1,0.8310689
1,0.7823308
1,0.8997398
1,0.94123447
1,0.91506755
1,0.85040915
1,0.79185456
1,0.9243691
1,0.926495
1,0.896334
1,0.7949233
1,0.8864651
1,0.9157523
1,0.89022124
1,0.8445679
1,0.9222261
1,0.8823831
1,0.90991735
1,0.8634142
1,0.88422674
1,0.85119146
1,0.8484685
1,0.9130806
1,0.921133
1,0.9333888
1,0.87023413
1,0.84277827
1,0.87276644
1,0.85488
1,0.86850524
1,0.7339385
1,0.73582435
1,0.88985455
1,0.9132114
1,0.894896
1,0.886945
1,0.8709295
1,0.85135216
1,0.8554644
1,0.922138
1,0.90189886
1,0.8702331
1,0.9044144
1,0.9022075
1,0.9255485
1,0.8785686
1,0.88800347
1,0.9050795
1,0.9103952
1,0.927569
1,0.8982066
1,0.8784175
1,0.90804815
1,0.8962846
1,0.92222655
1,0.89819515
1,0.9029995
1,0.88647497
1,0.84889454
1,0.8989141
1,0.8575009
1,0.85912913
1,0.88893795
1,0.9170296
1,0.91587555
1,0.88994837
1,0.89684945
1,0.9040555
1,0.92881656
1,0.93326515
1,0.853324
1,0.8361114
1,0.93257177
1,0.87327653
1,0.8897541
1,0.8339097
1,0.79288805
1,0.87563396
1,0.8649111
1,0.9022037
1,0.8626556
1,0.87551785
1,0.8945635
1,0.86566883
1,0.916046
1,0.9070928
1,0.90222144
1,0.7750024
1,0.9196606
1,0.87834156
1,0.83104795
1,0.8676111
1,0.8610199
1,0.9104646
1,0.94005024
1,0.8416402
1,0.9123747
1,0.92829835
1,0.90273947
1,0.88362783
1,0.9710834
1,0.88134104
1,0.9107782
1,0.89426273
1,0.8256853
1,0.9220832
1,0.91380376
1,0.79212165
1,0.836848
1,0.8871567
1,0.8984161
1,0.9150713
1,0.91640145
1,0.9184297
1,0.87107706
1,0.8984773
1,0.8574616
1,0.8502686
1,0.9224268
1,0.9009127
1,0.84786975
1,0.8811332
1,0.82556474
1,0.9027765
1,0.9116243
1,0.88146716
1,0.8507017
1,0.9068513
1,0.9232394
1,0.90215015
1,0.8653115
1,0.89387095
1,0.93571675
1,0.89796937
1,0.8681298
1,0.86591977
1,0.8816716
1,0.95295876
1,0.85177755
1,0.8785192
1,0.86685777
1,0.92117506
1,0.94823915
1,0.9062713
1,0.8060928
1,0.8242164
1,0.9041353
1,0.9353231
1,0.9117811
1,0.8341978
1,0.8143299
1,0.7796055
1,0.89723986
1,0.9027755
1,0.87442297
1,0.80837035
1,0.87560534
1,0.9385471
1,0.87136567
1,0.8827736
1,0.83412284
1,0.8553714
1,0.9301373
1,0.87969816
1,0.88478893
1,0.8799549
1,0.93429166
1,0.88607496
1,0.81159025
1,0.8819354
1,0.8859941
1,0.89784366
1,0.8164102
1,0.7739833
1,0.9187234
1,0.9300414
1,0.86699176
1,0.86211747
1,0.8832955
1,0.9406975
1,0.8976845
1,0.9110981
1,0.80047673
1,0.877141
1,0.88237727
1,0.9002743
1,0.876377
1,0.8134479
1,0.9018868
1,0.9242869
1,0.8906097
1,0.8472249
1,0.89335394
1,0.92760867
1,0.93286806
1,0.86587596
1,0.7854947
1,0.9059339
1,0.9184659
1,0.91045153
1,0.8634672
1,0.8834239
1,0.9218779
1,0.87243414
1,0.9354931
1,0.8730438
1,0.8830901
1,0.90242267
1,0.85355043
1,0.8738269
1,0.8963179
1,0.84274876
1,0.8437655
1,0.8845484
1,0.92478424
1,0.89990216
1,0.8860996
1,0.90153235
1,0.82279927
1,0.8394928
1,0.90561193
1,0.93154496
1,0.87176347
1,0.8323747
1,0.8892856
1,0.8753837
1,0.90525275
1,0.9125503
1,0.8990188
1,0.9146818
1,0.9012284
1,0.873218
1,0.916082
1,0.95029396
1,0.8401449
1,0.8524928
1,0.675389
1,0.748527
1,0.9036893
1,0.82715374
1,0.88403094
1,0.92144644
1,0.84925276
1,0.7189935
1,0.9109957
1,0.8992661
1,0.8741965
1,0.79707366
1,0.850357
1,0.8674097
1,0.8985259
1,0.9453873
1,0.8411077
1,0.8960401
1,0.86674565
1,0.908848
1,0.9085518
1,0.8306739
1,0.8498451
1,0.94252867
1,0.84536606
1,0.7947697
1,0.7903504
1,0.88312626
1,0.90558
1,0.7711189
1,0.8346503
1,0.783601
1,0.8500282
1,0.92252177
1,0.90656394
1,0.8418163
1,0.83749694
1,0.69823813
1,0.8798364
1,0.8379859
1,0.9332464
1,0.8223906
1,0.8357319
1,0.91832054
1,0.9397842
1,0.89935195
1,0.80779815
1,0.7631524
1,0.863449
1,0.9189564
1,0.90138704
1,0.90749264
1,0.8067498
1,0.88948596
1,0.8754308
1,0.8078794
1,0.9024985
1,0.9091517
1,0.900313
1,0.9021931
1,0.9077422
1,0.8489034
1,0.86489487
1,0.8113082
1,0.85898876
1,0.7850593
1,0.86084443
1,0.87120277
1,0.871133
1,0.85011554
1,0.87912047
1,0.7714863
1,0.91542584
1,0.8556167
1,0.83103883
1,0.88686764
1,0.89505666
1,0.9406588
1,0.89409727
1,0.87688607
1,0.8134364
1,0.9211703
1,0.935953
1,0.8960199
1,0.89525795
1,0.8584844
1,0.81763
1,0.9153586
1,0.90486777
1,0.87004894
1,0.8100988
1,0.8056348
1,0.8564596
1,0.8664444
1,0.92538536
1,0.9326573
1,0.87832874
1,0.86773056
1,0.67968524
1,0.8283259
1,0.9287065
1,0.93174434
1,0.9128877
1,0.86326826
1,0.8288784
1,0.895713
1,0.88966596
1,0.8967187
1,0.8875065
1,0.950568
1,0.8972486
1,0.9228906
1,0.7435241
1,0.8368341
1,0.8387741
1,0.8329867
1,0.8956383
1,0.93497
1,0.8740951
1,0.9239819
1,0.9049459
1,0.8483266
1,0.8197398
1,0.86648655
1,0.8746946
1,0.8258988
1,0.8563137
1,0.8958745
1,0.8944415
1,0.8488014
1,0.803928
1,0.84842545
1,0.9012132
1,0.88157964
1,0.864529
1,0.8432202
1,0.868777
1,0.79735935
1,0.899847
1,0.83764017
1,0.8672908
1,0.90810275
1,0.8619906
1,0.84245324
1,0.94440895
1,0.8858967
1,0.9125028
1,0.8525907
1,0.87237734
1,0.8659348
1,0.762955
1,0.86814785
1,0.83178777
1,0.8935046
1,0.86360836
1,0.68184227
1,0.8376895
1,0.87883055
1,0.9022823
1,0.91525036
1,0.83473927
1,0.77531797
1,0.9040412
1,0.9128637
1,0.92000616
1,0.89520746
1,0.8534452
1,0.8241142
1,0.83644193
1,0.9083979
1,0.8996138
1,0.9190912
1,0.88461435
1,0.90557784
1,0.91136825
1,0.83737004
1,0.8402536
1,0.94545305
1,0.87841916
1,0.90108556
1,0.8534368
1,0.8882817
1,0.9359933
1,0.89758784
1,0.72075295
1,0.88672394
1,0.87118435
1,0.88925713
1,0.9085582
1,0.9343017
1,0.87093604
1,0.75956243
1,0.8820577
1,0.8534538
1,0.8678327
1,0.89595443
1,0.8767233
1,0.90423286
1,0.92769176
1,0.89723843
1,0.88543016
1,0.7838027
1,0.8994154
1,0.8517443
1,0.8672739
1,0.9002918
1,0.9333295
1,0.90059114
1,0.84880763
1,0.8482003
1,0.8709829
1,0.84522635
1,0.94411904
1,0.76846313
1,0.8798876
1,0.91855156
1,0.9289791
1,0.8898532
1,0.84873194
1,0.8486485
1,0.85280776
1,0.88819593
1,0.9474802
1,0.8867848
1,0.8849242
1,0.85338813
1,0.89038545
1,0.8270634
1,0.9128336
1,0.8491914
1,0.9292175
1,0.8198635
1,0.86862034
1,0.8619776
1,0.780262
1,0.8798869
1,0.90215415
1,0.84109694
1,0.85036165
1,0.8423318
1,0.8762973
1,0.8232919
1,0.8615571
1,0.90504885
1,0.8040155
1,0.8043539
1,0.8089249
1,0.9114277
1,0.9139429
1,0.8563265
1,0.90795225
1,0.90011424
1,0.8206501
1,0.88691163
1,0.8883881
1,0.8477187
1,0.9319069
1,0.88187015
1,0.89002657
1,0.82136905
1,0.83126616
1,0.88888174
1,0.92846614
1,0.9220829
1,0.84467334
1,0.8698933
1,0.8714708
1,0.9249254
1,0.9161161
1,0.88615733
1,0.81824327
1,0.90954834
1,0.8764118
1,0.89022547
1,0.8467303
1,0.8286919
1,0.868136
1,0.83441854
1,0.8864779
1,0.8875202
1,0.8587278
1,0.8331315
1,0.8833794
1,0.8473954
1,0.89983326
1,0.8998447
1,0.9111366
1,0.9216556
1,0.9114534
1,0.86934894
1,0.894475
1,0.82432467
1,0.8900418
1,0.9154851
1,0.86521035
1,0.90660506
1,0.8987467
1,0.7739034
1,0.8459724
1,0.88455755
1,0.8772216
1,0.8654295
1,0.8720732
1,0.88320667
1,0.8817691
1,0.89203787
1,0.87847954
1,0.9148004
1,0.8640727
1,0.8880558
1,0.9148075
1,0.9173986
1,0.91858053
1,0.8775143
1,0.9049961
1,0.76527566
1,0.9112778
1,0.8792304
1,0.8487324
1,0.8838021
1,0.77041423
1,0.9041962
1,0.9168032
1,0.908756
1,0.9168176
1,0.9017129
1,0.90279365
1,0.8633248
1,0.8750833
1,0.84588075
1,0.85114604
1,0.86705565
1,0.8659366
1,0.8527057
1,0.8422156
1,0.9149378
1,0.89074373
1,0.8337059
1,0.86695385
1,0.90128684
1,0.88467026
1,0.8425107
1,0.8817122
1,0.85131776
1,0.7618696
1,0.88028824
1,0.85331714
1,0.8758725
1,0.8755856
1,0.9069891
1,0.9041799
1,0.9059489
1,0.9228076
1,0.8578567
1,0.772487
1,0.87461954
1,0.7461983
1,0.7200935
1,0.90820855
1,0.87511754
1,0.86401147
1,0.84409875
1,0.89223015
1,0.9081049
1,0.86486375
1,0.856319
1,0.86757994
1,0.890231
1,0.91012186
1,0.8926088
1,0.83890134
1,0.85477465
1,0.8654477
1,0.90200734
1,0.79891235
1,0.7835687
1,0.77982897
1,0.9141987
1,0.8346951
1,0.8942133
1,0.8204833
1,0.89945954
1,0.8469594
1,0.7182271
1,0.7943814
1,0.75858396
1,0.63341445
1,0.8051012
1,0.8561527
1,0.85476106
1,0.8640185
1,0.8653054
1,0.8556407
1,0.7490424
1,0.86574906
1,0.8556235
1,0.92121494
1,0.9472592
1,0.81307685
1,0.848004
1,0.8474321
1,0.8609685
1,0.8812651
1,0.87908673
1,0.9024574
1,0.85582566
1,0.89686376
1,0.88875914
1,0.79611516
1,0.87317044
1,0.845988
1,0.8880782
1,0.8454696
1,0.8381062
1,0.85857767
1,0.85446644
1,0.8645535
1,0.83213276
1,0.85722184
1,0.8878314
1,0.90232193
1,0.8477858
1,0.8648117
1,0.8461852
1,0.8789081
1,0.90456533
1,0.8481307
1,0.75124145
1,0.8633981
1,0.8882204
1,0.9021761
1,0.85183716
1,0.9051035
1,0.87162715
1,0.8085054
1,0.84293467
1,0.85684305
1,0.85360163
1,0.8001505
1,0.8808151
1,0.922749
1,0.7766642
1,0.84049493
1,0.7814344
1,0.8854808
1,0.8562542
1,0.80871224
1,0.87769234
1,0.8762785
1,0.84114176
1,0.7955166
1,0.7162644
1,0.7950527
1,0.8336185
1,0.8482246
1,0.76965344
1,0.7575686
1,0.82346296
1,0.90906733
1,0.86760885
1,0.8705376
1,0.8470873
1,0.8880838
1,0.7740116
1,0.8544781
1,0.8748713
1,0.82855827
1,0.83835596
1,0.88210595
1,0.88778776
1,0.8094422
1,0.8550877
1,0.8428429
1,0.8579149
1,0.7051837
1,0.87390983
1,0.79685766
1,0.84802145
1,0.79957604
1,0.83585924
1,0.8826437
1,0.86707383
1,0.8683572
1,0.8951734
1,0.8325618
1,0.9271102
1,0.8994355
1,0.8992152
1,0.84725684
1,0.7828216
1,0.8903813
1,0.77907467
1,0.87255704
1,0.89824176
1,0.89332354
1,0.9022911
1,0.8594069
1,0.8678617
1,0.85454243
1,0.8434159
1,0.8676459
1,0.8861592
1,0.941127
1,0.82582474
1,0.6786394
1,0.91427034
1,0.95853376
1,0.8961828
1,0.8017954
1,0.84236056
1,0.8925064
1,0.89120114
1,0.8998015
1,0.87520254
1,0.8852332
1,0.9111486
1,0.917199
1,0.8591976
1,0.8618875
1,0.9225227
1,0.898464
1,0.84193933
1,0.7684601
1,0.77848375
1,0.87006
1,0.92639947
1,0.87740153
1,0.83699113
1,0.8313064
1,0.9160236
1,0.91665053
1,0.89642775
1,0.8951817
1,0.864257
1,0.6749198
1,0.88633657
1,0.9165565
1,0.8700814
1,0.72722846
1,0.7117574
1,0.92152846
1,0.8617314
1,0.7593706
1,0.7330642
1,0.7856329
1,0.86825424
1,0.8869767
1,0.95076734
1,0.87704
1,0.8482475
1,0.8431284
1,0.90454465
1,0.89559215
1,0.80833
1,0.78554535
1,0.92579263
1,0.9136914
1,0.80939996
1,0.73549294
1,0.79469
1,0.7974502
1,0.8245603
1,0.88010234
1,0.8821473
1,0.9419764
1,0.77417016
1,0.90221
1,0.91298753
1,0.8920907
1,0.86851126
1,0.85906994
1,0.91862524
1,0.9486981
1,0.85455287
1,0.86818737
1,0.92441607
1,0.9052411
1,0.88722277
1,0.8149835
1,0.94101346
1,0.860951
1,0.8370474
1,0.93004006
1,0.90682286
1,0.86374897
1,0.85459507
1,0.8436685
1,0.8643134
1,0.87582546
1,0.8965276
1,0.85018164
1,0.84043545
1,0.83443654
1,0.87027884
1,0.84560764
1,0.8199765
1,0.64233595
1,0.9027625
1,0.8654004
1,0.85884863
1,0.784589
1,0.8233861
1,0.9233386
1,0.9159663
1,0.8784372
1,0.8942746
1,0.8386123
1,0.8337087
1,0.8011392
1,0.87187976
1,0.87850493
1,0.87735885
1,0.891456
1,0.8706837
1,0.88056934
1,0.8496536
1,0.7711148
1,0.7932799
1,0.9001887
1,0.898612
1,0.8181503
1,0.7754431
1,0.8262329
1,0.915013
1,0.8910251
1,0.8695345
1,0.7059285
1,0.9234
1,0.90885764
1,0.84915954
1,0.75940436
1,0.7973492
1,0.7511105
1,0.8358158
1,0.8402159
1,0.88407487
1,0.8560856
1,0.8574167
1,0.85267514
1,0.82474977
1,0.8901517
1,0.872428
1,0.83686393
1,0.83156216
1,0.8920297
1,0.906643
1,0.859957
1,0.85900533
1,0.81858647
1,0.7894594
1,0.8741143
1,0.818606
1,0.7998517
1,0.8921436
1,0.85136557
1,0.662984
1,0.7952177
1,0.85187465
1,0.88705915
1,0.8628075
1,0.87349397
1,0.86483276
1,0.78143865
1,0.7261949
1,0.85852057
1,0.7950982
1,0.89142275
1,0.83933485
1,0.89600784
1,0.92846286
1,0.84781486
1,0.833819
1,0.8297628
1,0.85619086
1,0.88265365
1,0.8668043
1,0.8617079
1,0.81212616
1,0.85889477
1,0.9066606
1,0.88599145
1,0.81989837
1,0.79881406
1,0.7977463
1,0.9044428
1,0.810758
1,0.8759929
1,0.74830073
1,0.77049416
1,0.87393636
1,0.86684436
1,0.76551855
1,0.87060314
1,0.8784451
1,0.9148466
1,0.87914443
1,0.8141762
1,0.8009051
1,0.8650994
1,0.8888544
1,0.93072534
1,0.8898491
1,0.8224244
1,0.84514064
1,0.9158945
1,0.89574736
1,0.8811573
1,0.7647719
1,0.8361137
1,0.87470865
1,0.830719
1,0.89681035
1,0.778775
1,0.8515409
1,0.7896362
1,0.8021014
1,0.81511813
1,0.8093146
1,0.76998097
1,0.87616867
1,0.85980874
1,0.8457154
1,0.8548645
1,0.76275766
1,0.8839834
1,0.89790773
1,0.89000964
1,0.8944251
1,0.83186215
1,0.90333086
1,0.7874925
1,0.8636802
1,0.88522506
1,0.91927755
1,0.92794514
1,0.8549393
1,0.83525056
1,0.8189569
1,0.8722845
1,0.8807403
1,0.8865679
1,0.90294373
1,0.8737323
1,0.8210655
1,0.9063363
1,0.8093421
1,0.91422343
1,0.9261689
1,0.9040835
1,0.86068076
1,0.8234461
1,0.83751625
1,0.7613531
1,0.85679823
1,0.78808767
1,0.79404444
1,0.825301
1,0.80582416
1,0.79432696
1,0.8497634
1,0.88486975
1,0.8883089
1,0.8812546
1,0.9044169
1,0.8243338
1,0.81297845
1,0.9371563
1,0.8674186
1,0.7826622
1,0.8795743
1,0.8420931
1,0.85342485
1,0.5742611
1,0.9005352
1,0.8268197
1,0.8067221
1,0.8276281
1,0.7405597
1,0.87212294
1,0.8753089
1,0.89734113
1,0.8942341
1,0.8198076
1,0.67980343
1,0.8815645
1,0.772904
1,0.87839985
1,0.80320024
1,0.8965331
1,0.85686845
1,0.85701984
1,0.90019774
1,0.84505504
1,0.8115864
1,0.8812137
1,0.8912628
1,0.92533994
1,0.87263125
1,0.8509517
1,0.85279685
1,0.74329096
1,0.8414196
1,0.91347826
1,0.8799998
1,0.8095094
1,0.8758065
1,0.79647696
1,0.872176
1,0.78942895
1,0.78496313
1,0.87794477
1,0.900809
1,0.8549686
1,0.76393193
1,0.85939676
1,0.81744653
1,0.8327646
1,0.9129257
1,0.87632227
1,0.8382027
1,0.78019327
1,0.80366904
1,0.8901698
1,0.9029482
1,0.8747343
1,0.81906414
1,0.8051955
1,0.8375949
1,0.84530574
1,0.84650797
1,0.70282036
1,0.8357342
1,0.90366095
1,0.8169201
1,0.8122351
1,0.80387014
1,0.81059223
1,0.90354097
1,0.84820837
1,0.826563
1,0.8378544
1,0.8215956
1,0.9281259
1,0.89834857
1,0.8773305
1,0.8122069
1,0.83651805
1,0.7943613
1,0.88376075
1,0.8057601
1,0.8699359
1,0.9013086
1,0.8851789
1,0.7418364
1,0.8651803
1,0.9159513
1,0.89800936
1,0.7746975
1,0.7833005
1,0.82669187
1,0.8096221
1,0.82485056
1,0.88430226
1,0.86984205
1,0.91145474
1,0.83946544
1,0.8935913
1,0.8981701
1,0.8877313
1,0.89669657
1,0.8500823
1,0.9072217
1,0.918402
1,0.8728621
1,0.86825293
1,0.88434047
1,0.75621545
1,0.8809672
1,0.8527864
1,0.8835877
1,0.8908358
1,0.77490294
1,0.93053013
1,0.86194384
1,0.8917542
1,0.8098191
1,0.77580726
1,0.87018234
1,0.8928226
1,0.8633252
1,0.82984424
1,0.80214375
1,0.86279523
1,0.8125287
1,0.76381826
1,0.87245584
1,0.74610436
1,0.8892297
1,0.85110515
1,0.880749
1,0.90434945
1,0.8604855
1,0.8766755
1,0.82458687
1,0.862332
1,0.8869082
1,0.71957177
1,0.78308254
1,0.8896315
1,0.82431257
1,0.85549843
1,0.83341354
1,0.7243154
1,0.8352516
1,0.75290656
1,0.7505125
1,0.7744899
1,0.7758604
1,0.88394487
1,0.76860225
1,0.8177294
1,0.77865684
1,0.8786072
1,0.9070821
1,0.80052304
1,0.7491654
1,0.77030736
1,0.8384341
1,0.85727113
1,0.819313
1,0.83949864
1,0.91593575
1,0.8457324
1,0.7508301
1,0.91033673
1,0.8609252
1,0.8613163
1,0.7668113
1,0.8189087
1,0.929971
1,0.9175071
1,0.813022
1,0.7844482
1,0.89173543
1,0.8914342
1,0.8651985
1,0.8313674
1,0.7586453
1,0.8628253
1,0.84811234
1,0.8662603
1,0.7394671
1,0.75764596
1,0.87083364
1,0.89371926
1,0.7991551
1,0.7712505
1,0.7799732
1,0.87275326
1,0.93594974
1,0.927572
1,0.9146016
1,0.81009614
1,0.8437504
1,0.883621
1,0.9058484
1,0.89887846
1,0.92323565
1,0.9108055
1,0.87920487
1,0.88935214
1,0.87382865
1,0.8179687
1,0.91725624
1,0.9420735
1,0.88728607
1,0.7629271
1,0.84293467
1,0.8717605
1,0.88536793
1,0.7922394
1,0.83796793
1,0.8783475
1,0.91966254
1,0.9201731
1,0.8934653
1,0.8765011
1,0.82289684
1,0.83617634
1,0.9028989
1,0.90330493
1,0.9310532
1,0.8592682
1,0.9093136
1,0.88817644
1,0.8402637
1,0.92385125
1,0.8816387
1,0.7673585
1,0.82633144
1,0.90572494
1,0.89093715
1,0.9146107
1,0.8673244
1,0.8659609
1,0.9171111
1,0.8921777
1,0.8447056
1,0.88954335
1,0.8165428
1,0.8509456
1,0.83801705
1,0.89483964
1,0.92482954
1,0.8927436
1,0.83954746
1,0.88475084
1,0.91871715
1,0.9238825
1,0.914858
1,0.8307862
1,0.8751986
1,0.89152145
1,0.9003385
1,0.86136734
1,0.87383026
1,0.8816143
1,0.9395838
1,0.8528683
1,0.87144876
1,0.8777392
1,0.904637
1,0.92702836
1,0.8727679
1,0.8253065
1,0.8604592
1,0.912147
1,0.860872
1,0.8960923
1,0.9268778
1,0.921727
1,0.8685586
1,0.76307124
1,0.8165126
1,0.8111966
1,0.91245604
1,0.78936493
1,0.8263704
1,0.8547752
1,0.9017118
1,0.86966294
1,0.8741777
1,0.86956644
1,0.89758736
1,0.93142384
1,0.9118403
1,0.8882687
1,0.890527
1,0.8704728
1,0.85701096
1,0.85645914
1,0.8842418
1,0.9168525
1,0.83800143
1,0.89077693
1,0.6958009
1,0.9123396
1,0.88703835
1,0.8631384
1,0.8325856
1,0.8819508
1,0.9216965
1,0.9447782
1,0.872646
1,0.88321143
1,0.8584844
1,0.91931885
1,0.91360176
1,0.9432624
1,0.8586098
1,0.84679896
1,0.85672164
1,0.9063062
1,0.91925347
1,0.8669258
1,0.8450843
1,0.8639734
1,0.8664335
1,0.8924685
1,0.8838006
1,0.8614754
1,0.8986295
1,0.88359207
1,0.86526126
1,0.778188
1,0.85391384
1,0.87094563
1,0.79806745
1,0.82846254
1,0.84595543
1,0.7201228
1,0.8439651
1,0.8107896
1,0.7948349
1,0.80692834
1,0.8790235
1,0.79861385
1,0.82931274
1,0.89772385
1,0.83971125
1,0.9118092
1,0.89915615
1,0.8970904
1,0.9316205
1,0.94841355
1,0.90228117
1,0.94768167
1,0.8914056
1,0.91411763
1,0.8977319
1,0.72647476
1,0.8376381
1,0.8350602
1,0.75963145
1,0.918774
1,0.89298356
1,0.8419377
1,0.88549286
1,0.8331521
1,0.8231041
1,0.85036004
1,0.7412579
1,0.85625887
1,0.8875028
1,0.9203251
1,0.91991264
1,0.90338695
1,0.9112327
1,0.82928365
1,0.90366787
1,0.86502755
1,0.8817138
1,0.93037033
1,0.9012706
1,0.9008942
1,0.8536255
1,0.7275619
1,0.8692925
1,0.910438
1,0.9109812
1,0.87784564
1,0.890167
1,0.8468076
1,0.84282094
1,0.8383496
1,0.91439384
1,0.8916962
1,0.90876156
1,0.87575084
1,0.87152106
1,0.83803254
1,0.85967386
1,0.88671994
1,0.8312751
1,0.8296313
1,0.8876942
1,0.8621574
1,0.84055924
1,0.84705234
1,0.7787509
1,0.87085855
1,0.92481554
1,0.76925707
1,0.9386102
1,0.87083787
1,0.8815121
1,0.89911956
1,0.9219378
1,0.86856884
1,0.8487192
1,0.8675188
1,0.73910314
1,0.7404289
1,0.8611006
1,0.84603196
1,0.91688424
1,0.8917088
1,0.69533944
1,0.9057551
1,0.91500694
1,0.88460505
1,0.8337324
1,0.8828647
1,0.8028053
1,0.86953884
1,0.86403054
1,0.90785843
1,0.9160664
1,0.7808939
1,0.9405833
1,0.8827666
1,0.9030469
1,0.870954
1,0.8593284
1,0.8167352
1,0.90228987
1,0.8890104
1,0.89950705
1,0.8266149
1,0.85550797
1,0.8152734
1,0.8438147
1,0.8985492
1,0.90444005
1,0.80230653
1,0.86844456
1,0.8424108
1,0.8451619
1,0.8797249
1,0.85746604
1,0.8954181
1,0.91894764
1,0.89635783
1,0.87664664
1,0.8418671
1,0.8097158
1,0.8042101
1,0.8353733
1,0.85350907
1,0.9321095
1,0.8495602
1,0.83029693
1,0.87229633
1,0.91089255
1,0.85828906
1,0.9188225
1,0.85328794
1,0.8456096
1,0.8706122
1,0.9106411
1,0.9316046
1,0.8321703
1,0.8595985
1,0.81670415
1,0.89856523
1,0.8960926
1,0.9049061
1,0.89720756
1,0.87949574
1,0.85189795
1,0.8660925
1,0.86583
1,0.8891302
1,0.93027854
1,0.8863335
1,0.8595622
1,0.834378
1,0.8671644
1,0.90194017
1,0.9012326
1,0.8921336
1,0.86633396
1,0.8138456
1,0.90305007
1,0.86512506
1,0.90038425
1,0.78244615
1,0.8544752
1,0.7974539
1,0.69136286
1,0.7440181
1,0.9001392
1,0.8729408
1,0.8009247
1,0.9146732
1,0.8395981
1,0.84491
1,0.7150187
1,0.9014956
1,0.8752204
1,0.8262245
1,0.88318855
1,0.8729531
1,0.92643607
1,0.8256685
1,0.76420486
1,0.7901884
1,0.8639818
1,0.8837882
1,0.8804453
1,0.87822896
1,0.8963624
1,0.86980623
1,0.9206008
1,0.8901499
1,0.7963863
1,0.8787244
1,0.7288768
1,0.88686085
1,0.9362413
1,0.7732492
1,0.7153674
1,0.90637195
1,0.90395135
1,0.8646967
1,0.8021302
1,0.90659714
1,0.8242317
1,0.88407636
1,0.86423403
1,0.7750588
1,0.86764914
1,0.76116437
1,0.8388294
1,0.8768464
1,0.8838418
1,0.9262921
1,0.9313441
1,0.8992998
1,0.8683271
1,0.8307048
1,0.78721046
1,0.8578788
1,0.8726935
1,0.9197432
1,0.88458776
1,0.86256796
1,0.70916736
1,0.9150429
1,0.9281954
1,0.9007287
1,0.8624791
0,0.49511883
0,0.33093944
0,0.38645527
0,0.494818
0,0.46955538
0,0.5365725
0,0.6120188
0,0.49174622
0,0.51677734
0,0.54322773
0,0.6224967
0,0.48778236
0,0.47175097
0,0.52124155
0,0.63528126
0,0.65697485
0,0.61343765
0,0.62732303
0,0.701177
0,0.5443709
0,0.47172678
0,0.5620539
0,0.39480722
0,0.611361
0,0.61379296
0,0.5605195
0,0.63595307
0,0.6120749
0,0.37330493
0,0.45537004
0,0.5376883
0,0.5686617
0,0.36727482
0,0.4422744
0,0.4199841
0,0.5094457
0,0.48934656
0,0.72010905
0,0.58156645
0,0.6472098
0,0.5879757
0,0.6072708
0,0.6240496
0,0.40485123
0,0.52957696
0,0.50543016
0,0.39630857
0,0.47506595
0,0.5065918
0,0.37666053
0,0.5565903
0,0.46171117
0,0.4799407
0,0.70359886
0,0.6265467
0,0.67463714
0,0.5012079
0,0.6169736
0,0.41646135
0,0.5044552
0,0.64933467
0,0.4162472
0,0.5605669
0,0.40375844
0,0.6011024
0,0.7328854
0,0.49805743
0,0.58559597
0,0.66037786
0,0.4175464
0,0.5739782
0,0.539521
0,0.57021976
0,0.6560854
0,0.4914326
0,0.54493433
0,0.63534445
0,0.55047005
0,0.43938398
0,0.79466784
0,0.54970735
0,0.68690264
0,0.46877402
0,0.5508232
0,0.5240434
0,0.73385316
0,0.5498678
0,0.5150811
0,0.5982401
0,0.5774561
0,0.48702556
0,0.49594453
0,0.42382824
0,0.48548016
0,0.6610558
0,0.48029745
0,0.623319
0,0.6307226
0,0.538049
0,0.6138283
0,0.3995446
0,0.50455284
0,0.629993
0,0.5411764
0,0.44871292
0,0.55651784
0,0.62519825
0,0.620361
0,0.62158334
0,0.7011357
0,0.59388715
0,0.5832163
0,0.48741058
0,0.44069093
0,0.46858004
0,0.38590196
0,0.64775616
0,0.6240703
0,0.584543
0,0.5352398
0,0.5770213
0,0.7470941
0,0.6444391
0,0.53062505
0,0.45254746
0,0.57865244
0,0.5584811
0,0.46807185
0,0.48837975
0,0.5215042
0,0.6392381
0,0.47114438
0,0.39482123
0,0.5512839
0,0.58284926
0,0.34306148
0,0.657043
0,0.5918971
0,0.59180504
0,0.54261273
0,0.52624553
0,0.588125
0,0.52620745
0,0.6387334
0,0.53244096
0,0.6444519
0,0.5640462
0,0.5758923
0,0.61417747
0,0.64966416
0,0.5837956
0,0.63388646
0,0.66414326
0,0.4211645
0,0.55222136
0,0.4911958
0,0.5606722
0,0.47444203
0,0.40307817
0,0.46556324
0,0.57524484
0,0.7141016
0,0.69045955
0,0.58263844
0,0.5348355
0,0.41589916
0,0.61101216
0,0.4453969
0,0.6107666
0,0.48557594
0,0.370719
0,0.53674245
0,0.51058656
0,0.6395952
0,0.46733457
0,0.45790544
0,0.5252298
0,0.50909686
0,0.47968268
0,0.39205816
0,0.46953306
0,0.49299338
0,0.33288774
0,0.6328473
0,0.43406177
0,0.6415731
0,0.2783572
0,0.5217593
0,0.5504573
0,0.56943023
0,0.49618214
0,0.493211
0,0.5825996
0,0.35437372
0,0.5571498
0,0.44195056
0,0.78459936
0,0.5843285
0,0.4811089
0,0.41658092
0,0.7132996
0,0.5562023
0,0.5978369
0,0.5608675
0,0.6425488
0,0.45762107
0,0.42092946
0,0.8612642
0,0.38097417
0,0.5383631
0,0.491627
0,0.35286102
0,0.5335035
0,0.44623938
0,0.47870532
0,0.43652424
0,0.56922007
0,0.54314226
0,0.56987137
0,0.24276768
0,0.63939863
0,0.48121014
0,0.4166288
0,0.6543802
0,0.5201871
0,0.3870106
0,0.6238863
0,0.4571288
0,0.4139437
0,0.6140134
0,0.60962456
0,0.5637015
0,0.49956918
0,0.55806607
0,0.6627759
0,0.44542485
0,0.60337013
0,0.50978094
0,0.41880712
0,0.48341
0,0.61290115
0,0.5281435
0,0.36659476
0,0.49972638
0,0.49770164
0,0.3945955
0,0.6811079
0,0.47573712
0,0.5460739
0,0.4374306
0,0.46107465
0,0.47617462
0,0.3639132
0,0.32462
0,0.42989555
0,0.40862027
0,0.60497916
0,0.350874
0,0.35666576
0,0.3416925
0,0.46947682
0,0.3811191
0,0.52337813
0,0.36883202
0,0.4960133
0,0.53764695
0,0.53779244
0,0.4963596
0,0.40648657
0,0.49729565
0,0.32760388
0,0.4553089
0,0.48147988
0,0.49446648
0,0.40962976
0,0.52284
0,0.28737956
0,0.53917056
0,0.5471387
0,0.41623464
0,0.5550384
0,0.4759046
0,0.25927976
0,0.43253002
0,0.47373343
0,0.36236647
0,0.43669468
0,0.5608047
0,0.38077438
0,0.4432597
0,0.3820783
0,0.5044232
0,0.42623913
0,0.47108474
0,0.578869
0,0.6989592
0,0.52247113
0,0.3876593
0,0.58114713
0,0.49436694
0,0.54999715
0,0.5293203
0,0.5071392
0,0.5134477
0,0.41976923
0,0.4271193
0,0.48880178
0,0.4843773
0,0.5436641
0,0.6154761
0,0.44257775
0,0.5576607
0,0.5875381
0,0.4474767
0,0.40734395
0,0.59292865
0,0.51484317
0,0.52546823
0,0.31904295
0,0.38717076
0,0.52964777
0,0.39994615
0,0.3986014
0,0.49322227
0,0.52474856
0,0.42167786
0,0.41098678
0,0.49033546
0,0.3640146
0,0.51189995
0,0.32609415
0,0.37433615
0,0.44269416
0,0.44855204
0,0.4455529
0,0.52545613
0,0.5120364
0,0.43849757
0,0.62743497
0,0.60917264
0,0.58153236
0,0.45016438
0,0.48655075
0,0.40825427
0,0.40741074
0,0.32442752
0,0.4690068
0,0.55492234
0,0.4372312
0,0.41251487
0,0.577586
0,0.545046
0,0.67410916
0,0.53337425
0,0.51406664
0,0.41153032
0,0.5662825
0,0.43866768
0,0.48368427
0,0.4815712
0,0.5809551
0,0.48163325
0,0.4612503
0,0.4746626
0,0.37468815
0,0.5665338
0,0.50404626
0,0.49644488
0,0.52811205
0,0.5229657
0,0.50791466
0,0.4183161
0,0.506487
0,0.65742064
0,0.45994553
0,0.5664797
0,0.51879704
0,0.57504594
0,0.5353874
0,0.60627466
0,0.5676324
0,0.4139507
0,0.49497545
0,0.47419876
0,0.4511775
0,0.5264455
0,0.57763034
0,0.47428304
0,0.4197311
0,0.36928836
0,0.47646856
0,0.47048688
0,0.34971398
0,0.42862836
0,0.32999745
0,0.6368732
0,0.61396766
0,0.35236493
0,0.48745862
0,0.6412447
0,0.35412577
0,0.3657446
0,0.47704396
0,0.4932465
0,0.48461667
0,0.47197235
0,0.44335958
0,0.48723862
0,0.3756563
0,0.5495676
0,0.45045036
0,0.46949488
0,0.49562168
0,0.5081792
0,0.42843276
0,0.45841432
0,0.34372807
0,0.42201427
0,0.53290033
0,0.3055565
0,0.36767474
0,0.30800563
0,0.4827464
0,0.526622
0,0.54126424
0,0.5121492
0,0.5087305
0,0.37769726
0,0.43327907
0,0.44958907
0,0.37784693
0,0.49535003
0,0.5212668
0,0.37882245
0,0.4231014
0,0.5357195
0,0.28774038
0,0.49741167
0,0.3398685
0,0.51679116
0,0.5978898
0,0.4272977
0,0.37740427
0,0.67764425
0,0.36685386
0,0.4380102
0,0.9064588
0,0.34801212
0,0.46936417
0,0.5588285
0,0.410837
0,0.51044357
0,0.4844315
0,0.26923746
0,0.43947187
0,0.4951412
0,0.4770394
0,0.5204023
0,0.49740404
0,0.42453474
0,0.51439106
0,0.40842673
0,0.7099359
0,0.559411
0,0.4428339
0,0.37917876
0,0.4196554
0,0.57004756
0,0.46425897
0,0.47963193
0,0.3188085
0,0.36075485
0,0.45034882
0,0.53627115
0,0.26991454
0,0.5090536
0,0.53292584
0,0.45802265
0,0.5088537
0,0.43323034
0,0.5373936
0,0.49445832
0,0.43125355
0,0.42742914
0,0.40452698
0,0.4119812
0,0.3818945
0,0.50731295
0,0.44828305
0,0.55720186
0,0.47974074
0,0.46142033
0,0.4522454
0,0.5299846
0,0.39797652
0,0.52143747
0,0.41561383
0,0.4432429
0,0.5378095
0,0.3878331
0,0.41072246
0,0.45803225
0,0.4094757
0,0.36552224
0,0.3508335
0,0.5242818
0,0.5389194
0,0.35434985
0,0.31850392
0,0.40115085
0,0.3490435
0,0.5727487
0,0.36513746
0,0.5509023
0,0.52080274
0,0.49483773
0,0.4686657
0,0.46009675
0,0.4350293
0,0.54337573
0,0.40928045
0,0.49595568
0,0.39264393
0,0.34228092
0,0.4740938
0,0.32938027
0,0.46568173
0,0.33239684
0,0.6271432
0,0.4940207
0,0.43244895
0,0.6156276
0,0.4235841
0,0.34303647
0,0.5118485
0,0.534372
0,0.49691752
0,0.39792076
0,0.40831032
0,0.42172632
0,0.53438413
0,0.45447123
0,0.3697092
0,0.37800515
0,0.44241658
0,0.42264608
0,0.49083686
0,0.34307152
0,0.48208627
0,0.4112853
0,0.59151286
0,0.47541952
0,0.42192498
0,0.44328636
0,0.35019597
0,0.4545926
0,0.44504997
0,0.4810218
0,0.5217884
0,0.4592468
0,0.34305727
0,0.33495218
0,0.59549826
0,0.5430492
0,0.3932409
0,0.48052824
0,0.38605395
0,0.3964225
0,0.49033386
0,0.46966964
0,0.44879478
0,0.4002857
0,0.33417156
0,0.32555503
0,0.5763188
0,0.5868515
0,0.44969985
0,0.56806177
0,0.5678732
0,0.4853384
0,0.56767017
0,0.5346146
0,0.5041838
0,0.5788888
0,0.5348061
0,0.38857174
0,0.45521894
0,0.4456711
0,0.44133204
0,0.4570019
0,0.45380676
0,0.40875742
0,0.45411232
0,0.4077404
0,0.61710334
0,0.3988518
0,0.35652366
0,0.34266832
0,0.39955625
0,0.40592283
0,0.47247472
0,0.5120262
0,0.5133692
0,0.42178634
0,0.5329493
0,0.43612245
0,0.6207364
0,0.7148151
0,0.5150724
0,0.52259916
0,0.47721064
0,0.4947894
0,0.5243456
0,0.5244203
0,0.42685634
0,0.42584065
0,0.3556402
0,0.515494
0,0.4812755
0,0.490075
0,0.45242557
0,0.39027256
0,0.48830447
0,0.48013195
0,0.5317841
0,0.5096351
0,0.43312258
0,0.40643185
0,0.3194943
0,0.39812386
0,0.5218469
0,0.46652123
0,0.4893476
0,0.63401157
0,0.388833
0,0.34999657
0,0.38481775
0,0.3324125
0,0.566484
0,0.36215493
0,0.52693826
0,0.46766734
0,0.43026707
0,0.44599512
0,0.38641894
0,0.32737473
0,0.52576125
0,0.51189727
0,0.3678907
0,0.38861862
0,0.38784242
0,0.42873862
0,0.6378828
0,0.4432228
0,0.36851677
0,0.25403583
0,0.2879323
0,0.53909916
0,0.4291251
0,0.46053606
0,0.38029745
0,0.34228244
0,0.67573583
0,0.49368727
0,0.32376513
0,0.5891629
0,0.2937684
0,0.31675503
0,0.37335643
0,0.32264987
0,0.57619566
0,0.6398465
0,0.471853
0,0.4689044
0,0.3909
0,0.36846805
0,0.3957954
0,0.37373927
0,0.3293436
0,0.57959235
0,0.36206552
0,0.43617988
0,0.47676134
0,0.40373325
0,0.5012056
0,0.5285869
0,0.400018
0,0.48249078
0,0.3634548
0,0.29160428
0,0.39186776
0,0.5536869
0,0.35306883
0,0.29420593
0,0.35330078
0,0.4277982
0,0.45139927
0,0.3906307
0,0.47092316
0,0.31678656
0,0.3310688
0,0.40005282
0,0.37093082
0,0.3233862
0,0.37701905
0,0.44638813
0,0.3864912
0,0.55750257
0,0.26200476
0,0.25692117
0,0.801912
0,0.42433184
0,0.38248378
0,0.538535
0,0.3094352
0,0.26992065
0,0.67684805
0,0.38903293
0,0.3268645
0,0.45735252
0,0.32055032
0,0.28377092
0,0.56772506
0,0.40145466
0,0.3416621
0,0.5382086
0,0.414579
0,0.3177821
0,0.44800812
0,0.37065825
0,0.38929138
0,0.26138526
0,0.241656
0,0.5099548
0,0.49931678
0,0.49510935
0,0.39529097
0,0.3491762
0,0.490496
0,0.39014474
0,0.34013438
0,0.47691074
0,0.34780717
0,0.44271696
0,0.3480006
0,0.31176537
0,0.40673098
0,0.39441264
0,0.500127
0,0.37746057
0,0.5700876
0,0.35780725
0,0.5759168
0,0.28632104
0,0.3735948
0,0.38412213
0,0.41658702
0,0.30054262
0,0.40655357
0,0.41825715
0,0.3267054
0,0.28459072
0,0.44922036
0,0.5312434
0,0.4831355
0,0.27085817
0,0.3498692
0,0.31819072
0,0.45872307
0,0.30005875
0,0.5021656
0,0.36138496
0,0.28223434
0,0.56526077
0,0.49994135
0,0.30901062
0,0.38061312
0,0.39053297
0,0.41783923
0,0.32050925
0,0.39019287
0,0.35786977
0,0.34741986
0,0.43813536
0,0.40835738
0,0.3163801
0,0.32967383
0,0.34105018
0,0.45776197
0,0.28187206
0,0.37853298
0,0.32230896
0,0.60738075
0,0.34091434
0,0.5018795
0,0.44545746
0,0.55844605
0,0.44079044
0,0.3941128
0,0.5031694
0,0.5531332
0,0.3536625
0,0.39231375
0,0.41981983
0,0.32208273
0,0.37727675
0,0.44085324
0,0.4794434
0,0.40848216
0,0.38277125
0,0.44625008
0,0.47981817
0,0.5234416
0,0.27094296
0,0.41006225
0,0.44700313
0,0.31682757
0,0.316479
0,0.46737483
0,0.3803769
0,0.3238573
0,0.35510767
0,0.3277769
0,0.46746683
0,0.3269647
0,0.25015712
0,0.36090824
0,0.2603933
0,0.30269256
0,0.3181991
0,0.3026104
0,0.24850322
0,0.298565
0,0.21090475
0,0.5030476
0,0.37713414
0,0.41504094
0,0.31084165
0,0.3970859
0,0.3832148
0,0.39888936
0,0.3539208
0,0.3580294
0,0.3039856
0,0.321687
0,0.42533636
0,0.49989903
0,0.23876622
0,0.27356586
0,0.48041776
0,0.39645907
0,0.4785693
0,0.4153689
0,0.38170135
0,0.362402
0,0.40636948
0,0.5525284
0,0.5230807
0,0.5806743
0,0.33204716
0,0.2901083
0,0.39579132
0,0.3675642
0,0.44058952
0,0.42332757
0,0.3689494
0,0.4639494
0,0.4593459
0,0.27647635
0,0.27963936
0,0.32014167
0,0.37836742
0,0.3285731
0,0.41847593
0,0.36377355
0,0.29495376
0,0.40790337
0,0.30373868
0,0.26806405
0,0.39423493
0,0.3817447
0,0.34152722
0,0.35443652
0,0.2801849
0,0.40634692
0,0.27007088
0,0.35474655
0,0.2497796
0,0.3528474
0,0.43197522
0,0.46683
0,0.37003794
0,0.31885692
0,0.23066735
0,0.34461322
0,0.3220052
0,0.32227436
0,0.27669203
0,0.28297165
0,0.42104316
0,0.29769346
0,0.23602162
0,0.30464092
0,0.6185954
0,0.33128202
0,0.3734648
0,0.5179078
0,0.27708703
0,0.2659749
0,0.28643283
0,0.281052
0,0.3716297
0,0.40502363
0,0.33072954
0,0.37138408
0,0.28800774
0,0.41901302
0,0.30509567
0,0.32827434
0,0.49725026
0,0.2965358
0,0.38972393
0,0.31363538
0,0.30493733
0,0.36700955
0,0.34222475
0,0.31910288
0,0.41443554
0,0.3246932
0,0.33650485
0,0.31830293
0,0.30896333
0,0.41332084
0,0.45982778
0,0.3468605
0,0.3113021
0,0.39371908
0,0.3345851
0,0.3661823
0,0.2481012
0,0.2636484
0,0.26007655
0,0.24997133
0,0.4284268
0,0.39895445
0,0.3588126
0,0.47970277
0,0.2532847
0,0.4318031
0,0.5084095
0,0.31920612
0,0.2731541
0,0.2898696
0,0.29661056
0,0.3213977
0,0.3736842
0,0.28503916
0,0.30492058
0,0.3388359
0,0.3275128
0,0.41941053
0,0.38805398
0,0.28768334
0,0.25577408
0,0.41454473
0,0.40844718
0,0.37599534
0,0.26544347
0,0.28504607
0,0.35056144
0,0.47576463
0,0.37435466
0,0.45187902
0,0.47038114
0,0.3811894
0,0.4158463
0,0.88707167
0,0.4059196
0,0.63851774
0,0.39194077
0,0.27783522
0,0.29264802
0,0.36974958
0,0.3765891
0,0.31226274
0,0.3196163
0,0.283327
0,0.26627624
0,0.39458415
0,0.43760666
0,0.39224634
0,0.2873407
0,0.38239896
0,0.59052116
0,0.34783146
0,0.35147142
0,0.3502048
0,0.3749736
0,0.4428409
0,0.37506673
0,0.36953232
0,0.270384
0,0.2886816
0,0.5014959
0,0.31834826
0,0.37672997
0,0.2540908
0,0.38829553
0,0.24317044
0,0.25754482
0,0.38802907
0,0.28314355
0,0.21833034
0,0.3233714
0,0.4669616
0,0.62778014
0,0.43074515
0,0.38796675
0,0.25543362
0,0.22369075
0,0.30680785
0,0.2468482
0,0.45375466
0,0.32597122
0,0.19912624
0,0.2519383
0,0.30475917
0,0.44803444
0,0.4184834
0,0.38199234
0,0.4679743
0,0.30471143
0,0.57073444
0,0.391578
0,0.5071796
0,0.47156906
0,0.41108856
0,0.42873916
0,0.53137106
0,0.38689715
0,0.34132594
0,0.4100785
0,0.29625887
0,0.41284722
0,0.35948086
0,0.3378335
0,0.40314442
0,0.4641762
0,0.42349333
0,0.6439093
0,0.59123003
0,0.6151265
0,0.57371795
0,0.48913884
0,0.5107243
0,0.52585435
0,0.36403015
0,0.4351737
0,0.50304544
0,0.34203252
0,0.3002891
0,0.40323356
0,0.38731244
0,0.5867317
0,0.41198596
0,0.40705675
0,0.5415526
0,0.4000039
0,0.42222464
0,0.5536298
0,0.6284987
0,0.44779313
0,0.5354354
0,0.4555662
0,0.4729197
0,0.49987772
0,0.40773812
0,0.6968295
0,0.37508735
0,0.43468007
0,0.4433004
0,0.39834717
0,0.69629675
0,0.5102408
0,0.4139833
0,0.52956986
0,0.3078619
0,0.41445816
0,0.553025
0,0.5397874
0,0.46833903
0,0.554442
0,0.47591397
0,0.59767056
0,0.55393094
0,0.42334414
0,0.5324858
0,0.34914964
0,0.36558405
0,0.41141996
0,0.60201776
0,0.65619606
0,0.49324661
0,0.4139301
0,0.41979697
0,0.40251526
0,0.5670471
0,0.5454153
0,0.53484887
0,0.5853931
0,0.55499357
0,0.5557602
0,0.43693653
0,0.45816806
0,0.4943647
0,0.47228292
0,0.46527913
0,0.36968893
0,0.43317893
0,0.5408414
0,0.40029404
0,0.5797837
0,0.5439786
0,0.51312524
0,0.471657
0,0.35905814
0,0.44847038
0,0.82361186
0,0.43938324
0,0.3175062
0,0.45371532
0,0.40080124
0,0.41741
0,0.52907056
0,0.60711014
0,0.47749332
0,0.3154728
0,0.571865
0,0.5676465
0,0.5385344
0,0.5977303
0,0.37010553
0,0.29628316
0,0.5242855
0,0.5539009
0,0.43708625
0,0.42524606
0,0.4923174
0,0.34620497
0,0.8005072
0,0.5045667
0,0.5026675
0,0.503589
0,0.37685254
0,0.44910455
0,0.38594177
0,0.41008225
0,0.6154149
0,0.4592277
0,0.37947294
0,0.46835354
0,0.4096857
0,0.46049824
0,0.45498592
0,0.57641494
0,0.44398975
0,0.3725774
0,0.32307178
0,0.53592217
0,0.39903116
0,0.542599
0,0.5915263
0,0.63272446
0,0.35779938
0,0.39040002
0,0.48512125
0,0.33882195
0,0.38168135
0,0.455388
0,0.51954705
0,0.33912587
0,0.3096545
0,0.4193546
0,0.6550908
0,0.3975499
0,0.5197836
0,0.34849992
0,0.41484636
0,0.4088564
0,0.38298044
0,0.56452614
0,0.61463845
0,0.44569957
0,0.4947517
0,0.4818971
0,0.3924303
0,0.37595388
0,0.48761725
0,0.31724754
0,0.4455095
0,0.54681253
0,0.48518658
0,0.51530075
0,0.43005726
0,0.45351142
0,0.45490736
0,0.41393358
0,0.30126023
0,0.45486394
0,0.42630246
0,0.5700392
0,0.45078957
0,0.55416983
0,0.47925067
0,0.39022377
0,0.7377649
0,0.7981873
0,0.53393626
0,0.31938502
0,0.39774668
0,0.33536842
0,0.433019
0,0.4372591
0,0.4882465
0,0.44823295
0,0.5182493
0,0.42810535
0,0.3896126
0,0.55341905
0,0.34372374
0,0.557702
0,0.43229327
0,0.35237208
0,0.36168405
0,0.4565366
0,0.48777476
0,0.53231514
0,0.4820662
0,0.78514254
0,0.5190277
0,0.44882426
0,0.7728481
0,0.5132719
0,0.6958085
0,0.4094814
0,0.47690195
0,0.46472788
0,0.44855893
0,0.7336156
0,0.49734294
0,0.45554432
0,0.32723433
0,0.43090355
0,0.3862259
0,0.3974508
0,0.46235517
0,0.6138159
0,0.59835696
0,0.47262028
0,0.5315897
0,0.51619875
0,0.53640145
0,0.31988955
0,0.39218342
0,0.3829428
0,0.37326026
0,0.44076335
0,0.34685445
0,0.6227868
0,0.5110321
0,0.39128512
0,0.33021152
0,0.40595096
0,0.38347837
0,0.5153516
0,0.38523814
0,0.40856925
0,0.34269994
0,0.3404
0,0.33624205
0,0.4418053
0,0.40439218
1,0.82921994
1,0.9110177
1,0.7124488
1,0.9665595
1,0.98045385
1,0.96530604
1,0.9551756
1,0.9763515
1,0.9850967
1,0.9779543
1,0.98274165
1,0.95612013
1,0.97751254
1,0.98496825
1,0.95971024
1,0.96818864
1,0.95390815
1,0.97704095
1,0.96938944
1,0.9465131
1,0.9772176
1,0.9820984
1,0.97231364
1,0.98029137
1,0.983231
1,0.9598448
1,0.9261365
1,0.9359714
1,0.9595268
1,0.98704565
1,0.9595643
1,0.9371861
1,0.9767274
1,0.9885039
1,0.7388724
1,0.9621614
1,0.9802387
1,0.9683151
1,0.97176456
1,0.97127444
1,0.9892291
1,0.94977623
1,0.9737906
1,0.95020473
1,0.9874889
1,0.98587346
1,0.97795856
1,0.96158457
1,0.9727676
1,0.97371167
1,0.9866023
1,0.95948696
1,0.9724396
1,0.9763722
1,0.98758847
1,0.95089656
1,0.9707676
1,0.9529785
1,0.9602306
1,0.9839031
1,0.95280725
1,0.9542824
1,0.987207
1,0.9813302
1,0.9821963
1,0.95940465
1,0.9176989
1,0.939242
1,0.9565196
1,0.9681648
1,0.9909684
1,0.97199315
1,0.96952975
1,0.9817999
1,0.98375607
1,0.9771121
1,0.9778601
1,0.97126913
1,0.97096664
1,0.99231637
1,0.9615412
1,0.95675755
1,0.9754244
1,0.9874027
1,0.9830247
1,0.9422481
1,0.9755751
1,0.9177604
1,0.9814517
1,0.96075904
1,0.95646167
1,0.93355805
1,0.9817021
1,0.97766304
1,0.9644893
1,0.95116776
1,0.97896075
1,0.9927538
1,0.9704333
1,0.90621936
1,0.9303656
1,0.96339923
1,0.97290075
1,0.98399574
1,0.97973365
1,0.9514271
1,0.9586836
1,0.97751653
1,0.9864561
1,0.9588691
1,0.9407126
1,0.96972567
1,0.9888116
1,0.9857922
1,0.9710599
1,0.96316326
1,0.9679776
1,0.9820878
1,0.9471321
1,0.94359225
1,0.97500926
1,0.98453355
1,0.98698837
1,0.9719158
1,0.9618508
1,0.9630864
1,0.98206735
1,0.98191136
1,0.9563177
1,0.95927846
1,0.96873724
1,0.98817
1,0.7755753
1,0.9328501
1,0.96122736
1,0.96668833
1,0.98857784
1,0.992649
1,0.9742786
1,0.96376306
1,0.95786303
1,0.9855313
1,0.96670717
1,0.96512336
1,0.9626074
1,0.98982966
1,0.9637251
1,0.91730005
1,0.98078305
1,0.98865914
1,0.9836193
1,0.97681105
1,0.93811315
1,0.9798635
1,0.9583638
1,0.97612166
1,0.9746299
1,0.9452059
1,0.93619305
1,0.9672578
1,0.9881247
1,0.95118576
1,0.94117326
1,0.9765326
1,0.99012965
1,0.82308465
1,0.9598062
1,0.9680847
1,0.9759025
1,0.9742543
1,0.9276007
1,0.9888919
1,0.96048313
1,0.9640994
1,0.95995086
1,0.9882218
1,0.9676395
1,0.9323713
1,0.97075605
1,0.97535175
1,0.98733854
1,0.9635446
1,0.94474155
1,0.8413782
1,0.94411224
1,0.977936
1,0.95350814
1,0.96519774
1,0.9714023
1,0.98822963
1,0.973638
1,0.95044804
1,0.98201895
1,0.990021
1,0.9692736
1,0.95120376
1,0.96247584
1,0.9851295
1,0.6920261
1,0.96871275
1,0.97183466
1,0.9725676
1,0.9657786
1,0.9443925
1,0.9904999
1,0.95596355
1,0.95841503
1,0.9686854
1,0.987856
1,0.9611986
1,0.977011
1,0.96617484
1,0.9861887
1,0.97861433
1,0.9691283
1,0.92486656
1,0.9542373
1,0.9489217
1,0.93275356
1,0.98379695
1,0.981262
1,0.98148364
1,0.95434636
1,0.95357484
1,0.96247184
1,0.9752153
1,0.9582626
1,0.94978064
1,0.986017
1,0.9754479
1,0.9497385
1,0.9512765
1,0.8696106
1,0.9692169
1,0.97174686
1,0.9791889
1,0.9885407
1,0.97090423
1,0.9541067
1,0.91380584
1,0.9769696
1,0.9864334
1,0.9480383
1,0.9029046
1,0.97657055
1,0.98135114
1,0.97208524
1,0.98992515
1,0.98167133
1,0.97620857
1,0.9402181
1,0.9786678
1,0.98206264
1,0.9545769
1,0.9696464
1,0.9819484
1,0.98932296
1,0.956553
1,0.97241586
1,0.96627676
1,0.975052
1,0.97490174
1,0.9809584
1,0.87586796
1,0.8100936
1,0.9668833
1,0.97947353
1,0.993867
1,0.9706011
1,0.95780843
1,0.9767402
1,0.98169166
1,0.9833119
1,0.9633073
1,0.9641791
1,0.96475726
1,0.97960824
1,0.99059737
1,0.937056
1,0.9664818
1,0.9778604
1,0.9694679
1,0.9558323
1,0.9193015
1,0.98391926
1,0.9804617
1,0.92235816
1,0.9707383
1,0.9794474
1,0.9909821
1,0.9685933
1,0.9768273
1,0.9409042
1,0.976775
1,0.96397835
1,0.9315731
1,0.95784485
1,0.85502315
1,0.9739621
1,0.98139095
1,0.9616978
1,0.97069764
1,0.9597908
1,0.9843568
1,0.9788351
1,0.95513177
1,0.9728478
1,0.9760224
1,0.9603138
1,0.962216
1,0.9592585
1,0.93512857
1,0.97741765
1,0.9549877
1,0.9424508
1,0.95605934
1,0.9837991
1,0.9729653
1,0.9327581
1,0.9727849
1,0.9697262
1,0.97187525
1,0.9464873
1,0.93817014
1,0.95830894
1,0.9837712
1,0.96625215
1,0.9542127
1,0.96343255
1,0.97212267
1,0.48191878
1,0.98845685
1,0.9874538
1,0.96856713
1,0.96747077
1,0.96806115
1,0.9873973
1,0.98327535
1,0.9503998
1,0.9540539
1,0.9837961
1,0.9795728
1,0.9704549
1,0.9604745
1,0.9502006
1,0.9751839
1,0.98235315
1,0.94478464
1,0.9335329
1,0.9772157
1,0.9707643
1,0.93892777
1,0.9775172
1,0.9605849
1,0.9846614
1,0.9718391
1,0.9513062
1,0.9003227
1,0.9875837
1,0.950118
1,0.95125544
1,0.96482897
1,0.9746596
1,0.77513134
1,0.9726175
1,0.96948713
1,0.9538028
1,0.94860727
1,0.975464
1,0.98744047
1,0.9587972
1,0.948799
1,0.94893336
1,0.97512835
1,0.9502692
1,0.9281998
1,0.9524348
1,0.98908854
1,0.9614336
1,0.97260845
1,0.968042
1,0.9851515
1,0.9612254
1,0.9699459
1,0.94099224
1,0.9797078
1,0.9790849
1,0.959404
1,0.9665722
1,0.98037124
1,0.9911647
1,0.9591354
1,0.95262575
1,0.9796274
1,0.98745126
1,0.9486219
1,0.9400472
1,0.93909776
1,0.97004414
1,0.9695212
1,0.9825823
1,0.9534909
1,0.9720199
1,0.9210909
1,0.97663224
1,0.98503935
1,0.96670705
1,0.966208
1,0.9638763
1,0.9833299
1,0.993324
1,0.99113363
1,0.9804552
1,0.9699506
1,0.96928173
1,0.97288775
1,0.9830146
1,0.9553355
1,0.9606608
1,0.976766
1,0.98806804
1,0.97628206
1,0.95640683
1,0.9712657
1,0.9665513
1,0.97090614
1,0.9751464
1,0.9667048
1,0.9736319
1,0.93049085
1,0.9767125
1,0.9720054
1,0.9668493
1,0.9552615
1,0.9435407
1,0.9707337
1,0.9855583
1,0.9835962
1,0.95453274
1,0.93630296
1,0.94887036
1,0.98585516
1,0.9486525
1,0.96457434
1,0.96660334
1,0.9896834
1,0.9489012
1,0.9387545
1,0.97080237
1,0.9913128
1,0.9663562
1,0.97963685
1,0.9747697
1,0.9821713
1,0.97572476
1,0.9283525
1,0.9614498
1,0.9834228
1,0.9893435
1,0.9686835
1,0.9592017
1,0.9448743
1,0.80658764
1,0.9757984
1,0.93198055
1,0.96061337
1,0.9564234
1,0.94082254
1,0.96677345
1,0.9550931
1,0.9701712
1,0.9678907
1,0.9718329
1,0.986785
1,0.9879445
1,0.9752374
1,0.9524372
1,0.951108
1,0.9851142
1,0.9748629
1,0.94711286
1,0.9592959
1,0.9788874
1,0.97396755
1,0.97323257
1,0.95550185
1,0.9770618
1,0.98043275
1,0.97346973
1,0.94247717
1,0.9531774
1,0.95819795
1,0.9758415
1,0.9088225
1,0.95174086
1,0.8117212
1,0.97573644
1,0.9669968
1,0.9608827
1,0.9346167
1,0.98458624
1,0.98162574
1,0.97683877
1,0.9548865
1,0.98585516
1,0.99193656
1,0.9672935
1,0.9545124
1,0.94724965
1,0.98084027
1,0.97506714
1,0.9348872
1,0.95843136
1,0.9726301
1,0.98068273
1,0.9735773
1,0.94104564
1,0.9596272
1,0.9823001
1,0.95691305
1,0.96328264
1,0.9702344
1,0.9582332
1,0.956557
1,0.95230174
1,0.98042977
1,0.9743077
1,0.9512071
1,0.9324988
1,0.71862453
1,0.9610383
1,0.9893538
1,0.9691499
1,0.9684967
1,0.9663351
1,0.9727763
1,0.9805147
1,0.98109436
1,0.96359843
1,0.9632469
1,0.9888248
1,0.97542906
1,0.9543478
1,0.9657551
1,0.98931855
1,0.9609415
1,0.9777814
1,0.9661846
1,0.9756149
1,0.9608589
1,0.97371405
1,0.9756679
1,0.9683261
1,0.9890631
1,0.9638542
1,0.9606671
1,0.97435206
1,0.9840201
1,0.95809746
1,0.9687255
1,0.96262866
1,0.9922078
1,0.9142075
1,0.96988654
1,0.97321993
1,0.95176303
1,0.9715935
1,0.96594083
1,0.9436417
1,0.98586535
1,0.95143646
1,0.9642979
1,0.98744524
1,0.9619268
1,0.9567288
1,0.9468085
1,0.9842792
1,0.9552159
1,0.9381396
1,0.97946817
1,0.9779441
1,0.9740271
1,0.9677807
1,0.9553028
1,0.9750573
1,0.9892174
1,0.98587507
1,0.969645
1,0.944505
1,0.9739473
1,0.990386
1,0.9684756
1,0.94827443
1,0.97286916
1,0.9849664
1,0.70625764
1,0.9508194
1,0.9332288
1,0.9597679
1,0.965841
1,0.98432416
1,0.96200794
1,0.94755954
1,0.9717133
1,0.9817206
1,0.98205036
1,0.9649993
1,0.95790863
1,0.9590258
1,0.9866245
1,0.97850364
1,0.974761
1,0.98198503
1,0.9627471
1,0.9655986
1,0.9843558
1,0.92573524
1,0.9418284
1,0.962012
1,0.9849186
1,0.9681036
1,0.95114315
1,0.9583831
1,0.96246314
1,0.9896359
1,0.9720756
1,0.95994043
1,0.9114963
1,0.91617066
1,0.95761764
1,0.970577
1,0.95712346
1,0.98370165
1,0.97585607
1,0.9441151
1,0.9041657
1,0.9784516
1,0.9746193
1,0.96147865
1,0.96435976
1,0.9674376
1,0.9890048
1,0.9690056
1,0.9541413
1,0.9653023
1,0.988288
1,0.97132176
1,0.94888645
1,0.9418176
1,0.981093
1,0.96450424
1,0.971165
1,0.93773603
1,0.98240995
1,0.96431136
1,0.97530454
1,0.9799973
1,0.97295535
1,0.98533845
1,0.94446576
1,0.79675394
1,0.74926966
1,0.93414366
1,0.98340386
1,0.97380763
1,0.961881
1,0.9390829
1,0.9813261
1,0.99006337
1,0.93864286
1,0.96782416
1,0.9611525
1,0.9658056
1,0.98602605
1,0.97300476
1,0.94496685
1,0.9551095
1,0.98273444
1,0.96546304
1,0.92852235
1,0.9713253
1,0.9674223
1,0.9790339
1,0.9471461
1,0.96582943
1,0.9582961
1,0.9736973
1,0.9388176
1,0.9762937
1,0.978463
1,0.9854832
1,0.94080955
1,0.9105367
1,0.9376911
1,0.68914896
1,0.9682408
1,0.99000114
1,0.9523822
1,0.9830821
1,0.95503795
1,0.97708124
1,0.9493191
1,0.95424855
1,0.96124023
1,0.9856253
1,0.95882374
1,0.90528864
1,0.94806576
1,0.9789757
1,0.9876044
1,0.9542849
1,0.940195
1,0.98560286
1,0.98022413
1,0.96448785
1,0.9582925
1,0.91877806
1,0.98358583
1,0.9661234
1,0.9557943
1,0.9754199
1,0.98913974
1,0.96074486
1,0.9399283
1,0.96372354
1,0.96611327
1,0.9909469
1,0.6957405
1,0.9509052
1,0.95337886
1,0.9798187
1,0.9841469
1,0.96286654
1,0.9603202
1,0.9566797
1,0.9862021
1,0.9485763
1,0.94269043
1,0.96596044
1,0.9816275
1,0.9706966
1,0.95237356
1,0.95479715
1,0.9848027
1,0.9594292
1,0.94928753
1,0.9503448
1,0.98805934
1,0.9824772
1,0.9609993
1,0.961657
1,0.9746629
1,0.97901946
1,0.94563556
1,0.9531444
1,0.9806789
1,0.9743035
1,0.9473354
1,0.9511209
1,0.9717409
1,0.98297864
1,0.9142727
1,0.95001256
1,0.9784728
1,0.96638507
1,0.9828574
1,0.98524517
1,0.95593184
1,0.9558969
1,0.9603691
1,0.9836787
1,0.96571845
1,0.9274708
1,0.98593974
1,0.9645778
1,0.9705812
1,0.96518654
1,0.9785639
1,0.9858563
1,0.9699618
1,0.9369746
1,0.9465844
1,0.98513526
1,0.94975454
1,0.95330834
1,0.9573179
1,0.98196286
1,0.9652013
1,0.9269125
1,0.95834595
1,0.96523076
1,0.98265576
1,0.8097273
0,0.45049143
0,0.6385739
0,0.40932852
0,0.21809551
0,0.56920284
0,0.2366985
0,0.23961134
0,0.36590272
0,0.32226622
0,0.34085682
0,0.5416498
0,0.2866071
0,0.32968116
0,0.27887923
0,0.4719409
0,0.39887658
0,0.29993427
0,0.40547648
0,0.4458856
0,0.26555246
0,0.48428872
0,0.34119955
0,0.28316504
0,0.62339586
0,0.6125792
0,0.44586653
0,0.4230579
0,0.38709715
0,0.4031579
0,0.3433965
0,0.36721292
0,0.37473446
0,0.361355
0,0.39908373
0,0.29596514
0,0.333169
0,0.38895723
0,0.42449093
0,0.32657045
0,0.45089716
0,0.44296244
0,0.3320368
0,0.2773246
0,0.46713236
0,0.30512032
0,0.5792546
0,0.38132218
0,0.34845558
0,0.4146545
0,0.426569
0,0.39273867
0,0.36818773
0,0.41308165
0,0.35428497
0,0.43363336
0,0.4686945
0,0.44532543
0,0.41720328
0,0.34944555
0,0.38722977
0,0.31732035
0,0.21950933
0,0.509172
0,0.31870908
0,0.3749986
0,0.39667207
0,0.26897755
0,0.5056104
0,0.8222559
0,0.31042394
0,0.47470367
0,0.4805324
0,0.33266705
0,0.42293975
0,0.47704798
0,0.31176922
0,0.3780737
0,0.39513645
0,0.35148704
0,0.5234047
0,0.2388937
0,0.32872143
0,0.41895738
0,0.28977787
0,0.48623422
0,0.39667463
0,0.38653162
0,0.36380687
0,0.24197184
0,0.24421707
0,0.6726713
0,0.47924256
0,0.266048
0,0.4644342
0,0.25352383
0,0.25327358
0,0.35597876
0,0.3262574
0,0.39968774
0,0.34335834
0,0.32656756
0,0.35979807
0,0.3805436
0,0.2937595
0,0.41754884
0,0.31292096
0,0.32410693
0,0.48371089
0,0.22885953
0,0.38687095
0,0.2607242
0,0.24639092
0,0.3800363
0,0.83291537
0,0.250904
0,0.4025317
0,0.45065174
0,0.41479456
0,0.3407628
0,0.381388
0,0.24948815
0,0.40092066
0,0.27986023
0,0.23471534
0,0.48324257
0,0.35794437
0,0.39828557
0,0.42519578
0,0.3382778
0,0.46508402
0,0.37672094
0,0.3108191
0,0.38643247
0,0.38143644
0,0.42897272
0,0.7251659
0,0.58989245
0,0.24454877
0,0.37984934
0,0.41543463
0,0.29922718
0,0.5761842
0,0.46327615
0,0.6126739
0,0.3658475
0,0.37072402
0,0.31938818
0,0.4583623
0,0.44656694
0,0.40402788
0,0.46102792
0,0.2755539
0,0.38010725
0,0.3083906
0,0.38404602
0,0.34451663
0,0.3644915
0,0.32524106
0,0.66190994
0,0.32005084
0,0.30985686
0,0.37040892
0,0.34561768
0,0.3052266
0,0.43075976
0,0.35164988
0,0.2559621
0,0.2885213
0,0.30381498
0,0.43096143
0,0.41010594
0,0.36853692
0,0.34256983
0,0.37081185
0,0.40264532
0,0.49867848
0,0.39851183
0,0.33147645
0,0.40427136
0,0.36841074
0,0.55747014
0,0.47238696
0,0.42989573
0,0.44062427
0,0.4993295
0,0.37852207
0,0.5313946
0,0.4198131
0,0.34121636
0,0.40844455
0,0.5274116
0,0.49033678
0,0.34863922
0,0.4919692
0,0.4214202
0,0.36593723
0,0.28637514
0,0.41560996
0,0.37982827
0,0.46446
0,0.41209647
0,0.3826505
0,0.60480684
0,0.6451721
0,0.44785795
0,0.40776387
0,0.5041373
0,0.38386366
0,0.3501409
0,0.40117034
0,0.27953306
0,0.37835708
0,0.4206979
0,0.38809797
0,0.39464432
0,0.3950842
0,0.41844764
0,0.31006
0,0.4067581
0,0.3591965
0,0.4570804
0,0.40361685
0,0.482154
0,0.3586068
0,0.48223317
0,0.61779314
0,0.5511848
0,0.43054116
0,0.37479472
0,0.6464197
0,0.22985098
0,0.425748
0,0.6223014
0,0.5905586
0,0.3728357
0,0.25046262
0,0.3349906
0,0.42714125
0,0.38352993
0,0.45965397
0,0.255667
0,0.24416842
0,0.36048695
0,0.3602509
0,0.38110772
0,0.4634124
0,0.45497623
0,0.5676143
0,0.3812589
0,0.31019464
0,0.2504091
0,0.28599924
0,0.31181094
0,0.3430204
0,0.33702156
0,0.23627427
0,0.38507375
0,0.3377027
0,0.44454458
0,0.51446474
0,0.30057162
0,0.43234158
0,0.38249007
0,0.3467715
0,0.44042948
0,0.41637903
0,0.2898698
0,0.2801294
0,0.40552738
0,0.6246391
0,0.3758277
0,0.47203436
0,0.51627445
0,0.3109334
0,0.43074796
0,0.4310173
0,0.60079783
0,0.3724929
0,0.37636438
0,0.31856534
0,0.4416989
0,0.49090683
0,0.2948437
0,0.4574934
0,0.32526505
0,0.41252437
0,0.3991288
0,0.3148456
0,0.45871502
0,0.39861333
0,0.31481367
0,0.86398184
0,0.3427882
0,0.2546583
0,0.42120883
0,0.41828322
0,0.32229346
0,0.47956875
0,0.29334608
0,0.42259723
0,0.29713547
0,0.48021254
0,0.3814678
0,0.2877969
0,0.23448738
0,0.4340801
0,0.2898023
0,0.36638036
0,0.29156676
0,0.38148952
0,0.24275914
0,0.35472968
0,0.3786621
0,0.8540087
0,0.28988227
0,0.30734548
0,0.29041386
0,0.27447012
0,0.2479769
0,0.4572124
0,0.4419149
0,0.52367735
0,0.3003989
0,0.35033607
0,0.4047261
0,0.3740361
0,0.54583293
0,0.29188678
0,0.29485035
0,0.33615616
0,0.41324112
0,0.49967602
0,0.42230034
0,0.28058234
0,0.23380898
0,0.6301714
0,0.4498744
0,0.27882975
0,0.566716
0,0.31761977
0,0.31280917
0,0.47761407
0,0.35357803
0,0.49631125
0,0.35665038
0,0.32912767
0,0.27631882
0,0.35413563
0,0.2478097
0,0.34588626
0,0.2994424
0,0.3370619
0,0.4373778
0,0.26862013
0,0.39481527
0,0.36073765
0,0.5039686
0,0.7286345
0,0.40172416
0,0.34580988
0,0.29013658
0,0.283594
0,0.37256202
0,0.43087822
0,0.5358737
0,0.40710676
0,0.3734847
0,0.34632957
0,0.26211038
0,0.44919074
0,0.37079957
0,0.40391442
0,0.30464756
0,0.22709477
0,0.34493393
0,0.36938387
0,0.31443813
0,0.42565966
0,0.2975285
0,0.6186712
0,0.445335
0,0.3828985
0,0.44181457
0,0.24897036
0,0.3792687
0,0.29979232
0,0.37256163
0,0.3046688
0,0.4077442
0,0.2976691
0,0.2689741
0,0.35592696
0,0.32141468
0,0.43009323
0,0.34544677
0,0.39045373
0,0.29865098
0,0.36272037
0,0.32235226
0,0.41995695
0,0.33799067
0,0.36479712
0,0.54274803
0,0.36658037
0,0.345337
0,0.38308087
0,0.3174897
0,0.22301376
0,0.4067722
0,0.43005323
0,0.36320364
0,0.30751804
0,0.3277485
0,0.28149676
0,0.34919667
0,0.45317116
0,0.31361902
0,0.18968555
0,0.23734218
0,0.47030357
0,0.5506922
0,0.45993102
0,0.2606912
0,0.38587046
0,0.6976679
0,0.22936213
0,0.42335102
0,0.37495765
0,0.3495216
0,0.29099736
0,0.32190987
0,0.41589752
0,0.3740771
0,0.4115075
0,0.45918086
0,0.3267924
0,0.3524354
0,0.37711412
0,0.68836796
0,0.21121989
0,0.3861575
0,0.27464545
0,0.57572216
0,0.42445484
0,0.38543078
0,0.40189093
0,0.6197473
0,0.37122104
0,0.33924145
0,0.34103182
0,0.5002327
0,0.36904278
0,0.3122529
0,0.349411
0,0.4493704
0,0.43546143
0,0.509148
0,0.4842685
0,0.19660683
0,0.43927497
0,0.36377457
0,0.3000942
0,0.30223575
0,0.3082284
0,0.2388496
0,0.34524754
0,0.335665
0,0.33921307
0,0.35620144
0,0.6543262
0,0.30828688
0,0.3358077
0,0.33329684
0,0.26264733
0,0.23637718
0,0.34434235
0,0.4967487
0,0.21770461
0,0.34311235
0,0.2442922
0,0.22983015
0,0.2760725
0,0.43355906
0,0.25688463
0,0.30467185
0,0.2635033
0,0.21303448
0,0.529888
0,0.44625744
0,0.41744363
0,0.38364944
0,0.25360447
0,0.40404198
0,0.37053785
0,0.50106525
0,0.65580356
0,0.3434385
0,0.30589148
0,0.34382924
0,0.59502566
0,0.38859203
0,0.30193055
0,0.28112885
0,0.2744171
0,0.32721913
0,0.3399184
0,0.31140015
0,0.33476856
0,0.2735081
0,0.55652136
0,0.43289733
0,0.38202983
0,0.3519444
0,0.68363315
0,0.26338312
0,0.42043078
0,0.4247539
0,0.48381752
0,0.23080002
0,0.30751893
0,0.37383774
0,0.38317668
0,0.31926084
0,0.30105972
0,0.33703163
0,0.31585017
0,0.35297918
0,0.41201666
0,0.31269425
0,0.352612
0,0.33127877
0,0.4646523
0,0.47922295
0,0.37288788
0,0.4413039
0,0.81448656
0,0.3964186
0,0.38125077
0,0.37833655
0,0.3317252
0,0.28690735
0,0.4462926
0,0.2959793
0,0.4501642
0,0.54005533
0,0.36255267
0,0.39703432
0,0.33341894
0,0.3795318
0,0.40803722
0,0.35113457
0,0.26339918
0,0.23953064
0,0.3948099
0,0.38737732
0,0.33255884
0,0.40336257
0,0.62842786
0,0.2757934
0,0.47636995
0,0.29634756
0,0.38225803
0,0.34391475
0,0.2645514
0,0.33087316
0,0.41409948
0,0.4153206
0,0.24954747
0,0.24981949
0,0.32813373
0,0.49002862
0,0.23927332
0,0.31292632
0,0.28854835
0,0.39167514
0,0.4607604
0,0.39390385
0,0.27881634
0,0.37599
0,0.75728667
0,0.33627564
0,0.36960983
0,0.32905462
0,0.40072343
0,0.40635535
0,0.30559593
0,0.30305898
0,0.4031696
0,0.47297537
0,0.44226772
0,0.2819475
0,0.2891067
0,0.54067695
0,0.40899587
0,0.33068812
0,0.36763683
0,0.37209335
0,0.26760727
0,0.4373276
0,0.3026146
0,0.25768748
0,0.6064648
0,0.48348707
0,0.2829949
0,0.41960606
0,0.52370536
0,0.28076723
0,0.2836205
0,0.4638151
0,0.2602421
0,0.40802118
0,0.33373138
0,0.4195039
0,0.3869055
0,0.27634892
0,0.38651025
0,0.3471668
0,0.28052798
0,0.38752034
0,0.24155584
0,0.39567116
0,0.45688298
0,0.3200109
0,0.36757767
0,0.61666834
0,0.3530036
0,0.4307254
0,0.39616475
0,0.32322508
0,0.22363754
0,0.34478542
0,0.28737932
0,0.5579986
0,0.36821982
0,0.45707935
0,0.23925065
0,0.23551907
0,0.31506896
0,0.383835
0,0.29674584
0,0.2909806
0,0.2313381
0,0.317318
0,0.7012349
0,0.46434167
0,0.8284529
0,0.7574257
0,0.40803656
0,0.38669205
0,0.5127004
0,0.60968876
0,0.53291035
0,0.48076484
0,0.5399819
0,0.5435304
0,0.4309373
0,0.2781839
0,0.38374695
0,0.4964093
0,0.4280982
0,0.5655214
0,0.4604245
0,0.64950633
0,0.61637247
0,0.4536521
0,0.5691989
0,0.5552851
0,0.74746287
0,0.69215196
0,0.44646332
0,0.48066336
0,0.42406332
0,0.53138673
0,0.48890138
0,0.5830989
0,0.4765598
0,0.41853282
0,0.6507547
0,0.47113892
0,0.49349833
0,0.41818538
0,0.38974702
0,0.46140558
0,0.5000218
0,0.4427436
0,0.45681176
0,0.3810614
0,0.37645504
0,0.6041875
0,0.5714828
0,0.52856094
0,0.46386808
0,0.42701444
0,0.35319844
0,0.41571152
0,0.46408504
0,0.56319195
0,0.61700916
0,0.36291564
0,0.6848582
0,0.5403886
0,0.5245137
0,0.51154816
0,0.33600688
0,0.5057715
0,0.6046674
0,0.45294487
0,0.59436256
0,0.44018468
0,0.30618018
0,0.6057999
0,0.6155524
0,0.5442377
0,0.5191357
0,0.47727358
0,0.42927188
0,0.3669734
0,0.36820248
0,0.33963692
0,0.45580253
0,0.4183716
0,0.37401068
0,0.5105254
0,0.44892052
0,0.45312378
0,0.38632932
0,0.34510556
0,0.35922697
0,0.44459143
0,0.539042
0,0.35996923
0,0.3086311
0,0.3932812
0,0.28668758
0,0.7552016
0,0.56612056
0,0.5039705
0,0.3823356
0,0.54188997
0,0.47531295
0,0.53769934
0,0.527086
0,0.33453134
0,0.44900963
0,0.41064498
0,0.37515786
0,0.5643585
0,0.47428077
0,0.48216808
0,0.48481277
0,0.3837951
0,0.49641117
0,0.4316041
0,0.53512806
0,0.52987045
0,0.7829568
0,0.7774888
0,0.67676526
0,0.49370903
0,0.30893183
0,0.90331113
0,0.35108897
0,0.45526552
0,0.44523662
0,0.36309588
0,0.64642787
0,0.58559144
0,0.48315853
0,0.42847785
0,0.47931287
0,0.4702056
0,0.49847794
0,0.5427013
0,0.577351
0,0.40673903
0,0.38997433
0,0.5336024
0,0.5159101
0,0.8101497
0,0.43463922
0,0.5738556
0,0.39340663
0,0.5689769
0,0.5012558
0,0.44923508
0,0.5212462
0,0.38793826
0,0.5471958
0,0.45504642
0,0.41786858
0,0.4959009
0,0.32721585
0,0.5236792
0,0.44587764
0,0.482293
0,0.43685314
0,0.38978782
0,0.49565476
0,0.42671382
0,0.47112024
0,0.78572017
0,0.3415366
0,0.4348261
0,0.35174623
0,0.48438105
0,0.40865946
0,0.53773546
0,0.5231138
0,0.3573776
0,0.4180599
0,0.37100235
0,0.4445342
0,0.5182933
0,0.42353207
0,0.42496583
0,0.57831705
0,0.42844707
0,0.3820206
0,0.32347652
0,0.38649017
0,0.6050043
0,0.47455585
0,0.61947906
0,0.41870844
0,0.40591198
0,0.38831386
0,0.6310543
0,0.5211592
0,0.43161777
0,0.521507
0,0.43692324
0,0.48527744
0,0.5249014
0,0.43547305
0,0.5432103
0,0.43642342
0,0.39925006
0,0.38972083
0,0.33277828
0,0.4411379
0,0.39528808
0,0.50132436
0,0.5530056
0,0.5789051
0,0.73167074
0,0.56357706
0,0.46726862
0,0.48013526
0,0.39395785
0,0.60976154
0,0.4888061
0,0.3639802
0,0.40535882
0,0.3770745
0,0.4263954
0,0.49561137
0,0.42534032
0,0.54057586
0,0.43260273
0,0.34204358
0,0.44434857
0,0.6481649
0,0.52372473
0,0.60747397
0,0.4369885
0,0.37250042
0,0.72759914
0,0.37921283
0,0.54310197
0,0.42795762
0,0.4788565
0,0.43598586
0,0.5158019
0,0.3439485
0,0.47175542
0,0.26551798
0,0.45897534
0,0.3985087
0,0.44673994
0,0.4887024
0,0.59748
0,0.44419065
0,0.4136393
0,0.46236506
0,0.3095454
0,0.41515753
0,0.46678516
0,0.62584233
0,0.7119008
0,0.4033453
0,0.2752702
0,0.41449508
0,0.48010468
0,0.5506189
0,0.38342768
0,0.52781343
0,0.39511323
0,0.4839181
0,0.36769196
0,0.5534686
0,0.37240866
0,0.5250103
0,0.3957936
0,0.3784862
0,0.53239095
0,0.3424431
1,0.85845625
1,0.72994965
0,0.51769423
1,0.3771111
1,0.8662872
1,0.6596028
0,0.7386537
0,0.44242993
1,0.35957956
1,0.8811839
0,0.44549772
0,0.457455
1,0.8084127
1,0.6895651
0,0.49836367
0,0.5764864
1,0.889653
1,0.4905723
0,0.40835738
1,0.54984957
1,0.8960049
1,0.66868985
0,0.4182152
1,0.59166807
1,0.88810545
0,0.3604192
0,0.45914748
1,0.64558583
1,0.8678918
0,0.4297237
1,0.33407414
1,0.8648402
1,0.4622608
0,0.40387487
1,0.5284489
1,0.8816747
0,0.80139786
0,0.442091
0,0.39385113
1,0.82905924
1,0.78718966
0,0.41621596
1,0.42578092
1,0.8765933
0,0.52122927
0,0.54480594
1,0.534398
1,0.8737551
0,0.3546483
0,0.3418492
1,0.6101977
1,0.83660555
0,0.5774409
0,0.3640916
1,0.65680367
1,0.82633144
0,0.34331995
0,0.4286271
1,0.87669283
1,0.8173704
0,0.40869287
0,0.37731916
1,0.85687405
1,0.60429597
0,0.32609043
0,0.630389
0,0.45640695
1,0.9018494
1,0.569747
0,0.3866854
1,0.35429078
1,0.8702186
0,0.40700155
0,0.5320619
1,0.6446032
1,0.87303543
0,0.47142956
0,0.49242815
1,0.8093662
1,0.6609402
0,0.51330334
0,0.48136285
1,0.8419636
1,0.718396
0,0.51989454
1,0.55932575
1,0.88257563
0,0.44171187
0,0.5026594
1,0.8319954
1,0.86908454
0,0.45110723
0,0.49014792
1,0.8279482
1,0.68693304
0,0.80241054
0,0.66116554
1,0.6041409
1,0.90095323
1,0.471569
0,0.5298436
1,0.59394354
1,0.8900877
0,0.43842041
0,0.46407774
1,0.713697
1,0.83125615
0,0.40108973
0,0.42950588
1,0.8407692
1,0.6693685
0,0.33488175
1,0.40385756
1,0.8939767
1,0.5948862
0,0.5238462
1,0.45910677
1,0.87598854
1,0.5509855
0,0.83528954
1,0.65582025
1,0.88647497
0,0.4442061
0,0.4029497
1,0.7215124
1,0.87084174
0,0.8234971
0,0.41319394
0,0.37957096
1,0.81234944
1,0.7288157
0,0.36971486
1,0.49743715
1,0.871485
0,0.39872074
0,0.4983937
1,0.75129694
1,0.8664062
0,0.56694806
0,0.3623878
1,0.7543598
1,0.78458405
0,0.53608906
0,0.5601933
1,0.85504055
1,0.775535
0,0.36573574
0,0.52194685
1,0.8487777
1,0.47387344
0,0.35677356
1,0.49269035
1,0.8601445
0,0.41698897
0,0.4195839
0,0.8297332
1,0.8049552
1,0.8405034
0,0.58101267
1,0.25444758
1,0.89596254
1,0.79130316
0,0.4411913
1,0.39982808
1,0.8386185
1,0.56723076
0,0.40561342
1,0.72396934
1,0.8804723
0,0.3721837
0,0.36777565
1,0.6743463
1,0.82655245
0,0.3998988
0,0.38431296
1,0.87868166
1,0.7795354
0,0.4460919
0,0.33214897
1,0.8633842
1,0.7964208
0,0.37793428
1,0.36610729
1,0.88790756
1,0.45052493
0,0.41405064
0,0.6573893
1,0.4319765
1,0.88298905
0,0.36907175
0,0.27330878
1,0.65846926
1,0.82565314
0,0.35794374
0,0.42760205
1,0.8568012
1,0.7853947
0,0.5311638
0,0.44462028
1,0.8453903
1,0.652651
0,0.50162953
0,0.55326664
1,0.8613488
1,0.77690583
0,0.5279525
1,0.55079633
1,0.8854818
0,0.4026807
0,0.35047513
1,0.81246215
1,0.82214284
0,0.29082882
0,0.52206284
1,0.7892653
1,0.69577736
0,0.6873851
0,0.42740718
0,0.4312207
1,0.91560626
1,0.6458808
0,0.39975038
1,0.3508741
1,0.8738703
0,0.37813634
0,0.3775857
1,0.67206204
1,0.8300039
0,0.45229936
0,0.5326013
1,0.8693024
1,0.63042843
0,0.36701375
0,0.45172125
1,0.90376115
1,0.5025192
0,0.3125179
1,0.31281587
1,0.8852193
1,0.49514022
0,0.3793227
1,0.684574
1,0.8712857
0,0.3292479
0,0.42365944
1,0.62500745
1,0.85745156
1,0.7970798
0,0.40107638
0,0.31111085
1,0.80866325
1,0.7402071
0,0.44713163
0,0.41619968
1,0.86455566
1,0.5392298
0,0.4867725
1,0.5891784
1,0.8992961
1,0.64397395
0,0.53298104
1,0.5024764
1,0.8838228
0,0.70665914
0,0.6185936
1,0.56070405
1,0.8357357
0,0.42914122
0,0.45192108
1,0.8365811
1,0.751144
0,0.37526256
1,0.30320448
1,0.8937864
1,0.5511834
0,0.3584289
0,0.73702985
1,0.64230007
1,0.88326055
0,0.47663867
0,0.34794462
1,0.71102226
1,0.80089134
0,0.5403316
0,0.427086
1,0.91146433
1,0.5820891
0,0.34785816
1,0.5648464
1,0.85619724
0,0.48261026
0,0.36042675
1,0.7097524
1,0.824796
0,0.33997265
0,0.25338423
1,0.8706042
1,0.6730282
0,0.3024328
1,0.6524002
1,0.891721
1,0.64033264
0,0.3815122
1,0.64716554
1,0.847124
0,0.4187467
0,0.7212951
0,0.4444361
1,0.83287543
1,0.726509
0,0.3630819
0,0.31950158
1,0.877491
1,0.707025
0,0.451355
1,0.558429
1,0.8756114
0,0.5428566
0,0.41492075
1,0.6590739
1,0.8744732
0,0.49225372
0,0.5015034
1,0.74544716
1,0.8776218
0,0.5139465
0,0.4285031
1,0.80401224
1,0.789061
0,0.41445595
0,0.5774038
1,0.8458454
1,0.79803395
0,0.36396608
1,0.43403965
1,0.86511093
1,0.6054204
0,0.57544476
0,0.37888542
1,0.80171883
1,0.8433364
0,0.34791228
0,0.39578128
1,0.7643444
1,0.80901706
0,0.44658852
0,0.42272824
1,0.83951557
1,0.7502042
0,0.4940193
1,0.49740362
1,0.8467885
1,0.6784276
0,0.46151528
1,0.50706774
1,0.91424376
1,0.5263418
0,0.45690528
1,0.48238695
1,0.87632865
1,0.29091883
0,0.42705026
1,0.7082969
1,0.8344585
0,0.3712373
0,0.51555675
1,0.76501626
1,0.8125139
0,0.54859376
0,0.48798087
1,0.7072833
1,0.8492804
0,0.41818255
0,0.57021356
1,0.69971764
1,0.7495215
0,0.46506658
0,0.5190937
1,0.8229963
1,0.75426257
0,0.4668481
1,0.34103954
1,0.8704868
1,0.48542958
0,0.6484829
1,0.4939582
1,0.88996714
0,0.4408422
0,0.40783912
1,0.6243188
1,0.85712826
0,0.30511668
0,0.3077734
1,0.78135663
1,0.74688184
0,0.43632588
0,0.41002405
1,0.50970435
1,0.8759032
0,0.35749918
0,0.47657314
1,0.48394278
1,0.8896189
0,0.5075484
0,0.29283762
1,0.81674945
1,0.83102584
0,0.45140243
0,0.38821208
1,0.80765855
1,0.67806983
0,0.5281112
1,0.47333536
1,0.88160676
0,0.40794075
0,0.35950935
1,0.3068961
1,0.8635085
1,0.50499517
0,0.4583915
1,0.83446676
1,0.74352884
0,0.5419332
1,0.28244528
1,0.8811724
1,0.4396312
0,0.7418421
0,0.6017044
1,0.6605683
1,0.7867081
0,0.39583176
0,0.49311638
1,0.8916476
1,0.6707225
0,0.42988944
1,0.40908745
1,0.8554841
1,0.7400312
0,0.4749432
1,0.5569471
1,0.8900326
0,0.37560034
0,0.47166353
1,0.699895
1,0.8053395
0,0.48671946
0,0.44005868
1,0.8785344
1,0.6795009
0,0.4415197
1,0.4780136
1,0.86404234
1,0.38504913
0,0.3080132
1,0.70855767
1,0.84655046
0,0.67892253
0,0.68017703
0,0.25577456
1,0.77548724
1,0.6606755
0,0.5476754
0,0.51015973
1,0.8616628
1,0.70638824
0,0.44406405
1,0.37552983
1,0.8930079
1,0.55110717
0,0.43645492
1,0.67869437
1,0.8947395
0,0.53086466
0,0.41015664
1,0.8269605
1,0.8161838
0,0.4941084
1,0.28208366
1,0.87678856
1,0.63669527
0,0.5267153
0,0.4351652
1,0.82658726
1,0.6261155
0,0.59731144
1,0.67788136
1,0.8068234
1,0.769927
0,0.33918718
0,0.4464562
1,0.7391089
1,0.79755086
0,0.360633
1,0.41006675
1,0.89280134
1,0.46680537
0,0.35927182
1,0.506429
1,0.8616459
0,0.4776707
1,0.4816014
1,0.89048517
1,0.51345986
0,0.5427669
1,0.4361487
1,0.87458324
0,0.4830117
0,0.5084213
1,0.7418491
1,0.8123734
0,0.55975187
0,0.3438113
1,0.8073122
1,0.56189674
0,0.35399362
0,0.63336164
1,0.6722247
1,0.9140769
1,0.67332083
0,0.2880659
1,0.6926093
1,0.8674799
1,0.63931054
0,0.514057
0,0.50853455
1,0.911775
1,0.50082254
0,0.327181
1,0.66856706
1,0.885236
0,0.50062037
0,0.39729992
1,0.52571684
1,0.8481022
0,0.4180096
0,0.3463751
1,0.7182384
1,0.7705137
0,0.39316928
0,0.34259108
1,0.82690334
1,0.6793796
0,0.49960744
0,0.3887795
1,0.82792324
1,0.6208062
0,0.40738538
0,0.63383573
1,0.31427816
1,0.89223313
1,0.40128207
0,0.37028974
1,0.5508938
1,0.81850797
0,0.5455755
0,0.38009995
1,0.8799523
1,0.6060378
0,0.41358095
1,0.3012197
1,0.88693094
1,0.7225305
0,0.3907791
1,0.69647455
1,0.84751856
0,0.5243771
0,0.2890089
1,0.8670329
1,0.71719396
0,0.4663449
1,0.3808269
1,0.8705667
1,0.4033579
0,0.4236723
1,0.5873715
1,0.88144445
0,0.6238246
0,0.5976922
0,0.23739868
1,0.75293267
1,0.6988276
0,0.33678392
0,0.61372775
1,0.85830784
1,0.6553152
0,0.3418106
1,0.54544127
1,0.8875444
1,0.45400354
0,0.3308265
1,0.5901023
1,0.9005466
0,0.44100758
0,0.42945927
1,0.67335385
1,0.8805509
0,0.26954165
0,0.3697353
1,0.84755194
1,0.8036769
0,0.3564902
1,0.5240381
1,0.87033266
0,0.41782296
0,0.33324534
1,0.42417762
1,0.8039981
1,0.7565541
0,0.41102412
0,0.44826716
1,0.87740576
1,0.60448676
0,0.21987103
0,0.48551962
1,0.8816368
1,0.5375702
0,0.2625633
1,0.46252435
1,0.8600738
1,0.42735964
0,0.40919003
1,0.6355251
1,0.8835255
0,0.305125
0,0.35226882
1,0.74582916
1,0.74379843
0,0.3110328
0,0.430577
1,0.900877
1,0.5419531
0,0.31417054
1,0.3741222
1,0.87730795
1,0.36156106
0,0.38448527
0,0.614007
1,0.62413114
1,0.86821914
0,0.3363252
0,0.44812444
1,0.84205955
1,0.7235495
0,0.42105263
1,0.6152918
1,0.85206825
0,0.46346715
0,0.44182426
1,0.87241673
1,0.6874201
0,0.27114013
1,0.45960614
1,0.8472193
1,0.4566235
0,0.40804744
1,0.7777903
1,0.8345355
0,0.28480312
0,0.40261376
1,0.8211496
1,0.6556066
0,0.4850047
1,0.44489342
1,0.8730587
0,0.44105127
0,0.69945073
0,0.488725
1,0.74155
1,0.8248203
0,0.36608794
0,0.35726294
1,0.87709767
1,0.7207435
0,0.2846561
0,0.26107037
1,0.8429939
1,0.55421567
0,0.29961428
1,0.41749874
1,0.87118614
1,0.38109097
0,0.43183085
1,0.5967
1,0.87694913
0,0.42705446
0,0.27018014
1,0.721638
1,0.8110553
0,0.36315235
0,0.35328373
1,0.80914146
1,0.7770422
0,0.4153018
0,0.3858631
1,0.79030097
1,0.6731365
0,0.615266
0,0.33415946
1,0.46166804
1,0.88261503
0,0.29256958
0,0.48660845
1,0.7473265
1,0.68003297
0,0.3481925
0,0.3405318
1,0.84724957
1,0.67501765
0,0.39389905
0,0.4246501
1,0.88584876
1,0.5897897
0,0.28534
1,0.6578272
1,0.86893916
0,0.2705447
0,0.50871485
1,0.7855417
1,0.767568
0,0.318764
0,0.45194995
0,0.39724022
0,0.3753295
1,0.7507537
1,0.7819414
0,0.8269162
0,0.25110757
0,0.28082243
1,0.8586662
1,0.5826247
0,0.2814826
0,0.33272466
1,0.8930649
1,0.36147073
0,0.4355388
1,0.33625633
1,0.8768583
1,0.41927442
0,0.24168138
1,0.71801656
1,0.8452581
0,0.33079243
0,0.50122285
1,0.7849654
1,0.7910516
0,0.4101639
0,0.43358898
1,0.7195138
1,0.8073979
0,0.36109486
1,0.36769113
1,0.9089503
1,0.3479965
0,0.32134017
0,0.764843
1,0.7256628
1,0.81648433
0,0.44583985
0,0.44016695
1,0.6050859
1,0.8282484
0,0.26389402
0,0.41482338
1,0.83413213
1,0.7692583
0,0.45866016
0,0.37206933
1,0.8433242
1,0.76502436
0,0.45434922
0,0.4746986
1,0.7834637
1,0.6566619
0,0.5352834
1,0.56443435
1,0.8596402
0,0.2900203
0,0.35012978
1,0.8587482
1,0.6803428
0,0.3293415
0,0.4876127
1,0.85473746
1,0.6284688
0,0.46547055
0,0.7549216
1,0.48933983
1,0.83407056
0,0.28508723
0,0.3407227
1,0.7383228
1,0.81879467
0,0.39387375
0,0.26576668
1,0.7122006
1,0.69441146
0,0.2924204
0,0.37874484
1,0.80609244
1,0.5750159
0,0.42988864
1,0.26581645
1,0.8767136
1,0.42256686
0,0.34225604
1,0.54538167
1,0.8875568
0,0.35929146
0,0.2618895
1,0.6325283
1,0.8400138
0,0.36263356
0,0.37394458
1,0.86863
1,0.7117929
0,0.69045544
0,0.35450032
1,0.3024159
1,0.89594054
0,0.50032896
0,0.36140558
1,0.6205179
1,0.86586326
0,0.27106196
0,0.34696963
1,0.67773414
1,0.8310959
0,0.41295835
0,0.24088486
1,0.8289865
1,0.4658967
0,0.29089192
1,0.26674077
1,0.8880422
1,0.43813336
0,0.25973746
1,0.53146064
1,0.85865337
0,0.3605169
0,0.26734844
1,0.60031265
1,0.84034276
0,0.49273553
0,0.32992324
1,0.50363034
1,0.7228319
1,0.6547695
0,0.27276844
0,0.25994837
1,0.90389067
1,0.5300023
0,0.39851657
1,0.1946999
1,0.86946386
1,0.27196124
0,0.21034354
1,0.7482249
1,0.8031027
0,0.23454402
0,0.29454085
1,0.7769157
1,0.8061851
0,0.38460603
0,0.39806753
1,0.7874216
1,0.75604385
0,0.24136332
1,0.28086755
1,0.896713
1,0.47177136
0,0.28408727
1,0.5355914
1,0.8813717
1,0.35936406
0,0.3975757
0,0.6793251
1,0.6937761
1,0.8886716
0,0.3307158
0,0.4141846
1,0.43987224
1,0.87050533
0,0.41008398
0,0.48206988
1,0.5242109
1,0.8509264
0,0.43033287
0,0.3602376
1,0.6354499
1,0.8237678
0,0.42520076
0,0.2900026
1,0.8094429
1,0.70731044
0,0.42103833
0,0.3642625
1,0.8685712
1,0.6735546
0,0.4067581
1,0.35681048
1,0.88124
1,0.51218444
0,0.39267448
1,0.5053332
1,0.87690604
0,0.3658967
0,0.7713758
0,0.23915127
1,0.79682404
1,0.64512223
0,0.4083042
0,0.35767072
1,0.87562007
1,0.5937882
0,0.30657953
1,0.5913749
1,0.8603542
0,0.3059066
0,0.35764652
1,0.73165184
1,0.85995764
0,0.44083145
0,0.35140154
1,0.6074181
1,0.8696339
0,0.39846668
0,0.46583444
1,0.7598327
1,0.79594076
0,0.43359277
0,0.45339426
1,0.6276935
1,0.8083421
0,0.4060692
0,0.35669085
1,0.8253932
1,0.65689784
0,0.5942057
0,0.45963952
1,0.7243749
1,0.8173768
0,0.49593496
0,0.45106873
1,0.63471776
1,0.813249
0,0.36366805
0,0.30975395
1,0.8012483
1,0.71822834
0,0.6001812
1,0.61850923
1,0.83813655
1,0.37492606
0,0.32420626
0,0.354934
1,0.8825891
1,0.45583993
0,0.47164088
1,0.52096313
1,0.8817254
1,0.5462892
0,0.53931564
1,0.46702823
1,0.88189715
1,0.5545247
0,0.7073592
1,0.5790129
1,0.834708
0,0.43081537
0,0.33249775
0,0.33572304
1,0.8447251
1,0.62345606
0,0.53087807
1,0.5724865
1,0.89203393
1,0.5732685
0,0.3573042
1,0.4032324
1,0.86045563
1,0.53124535
0,0.31601486
1,0.5395431
1,0.8885382
1,0.46697307
0,0.31302735
1,0.34729838
1,0.8672341
1,0.44384602
0,0.5139856
1,0.3606256
1,0.8772004
0,0.40578765
0,0.30713516
1,0.5887598
1,0.86043084
0,0.42972252
0,0.59764266
1,0.5597828
1,0.8722841
1,0.41513714
0,0.3492414
0,0.44800976
0,0.3930205
0,0.3221399
0,0.39542776
0,0.46983895
0,0.2521479
0,0.30374682
0,0.5424729
0,0.49713585
0,0.38760874
0,0.36810344
0,0.25345492
0,0.44744405
0,0.4531179
0,0.45968965
0,0.28159866
0,0.4812133
0,0.360144
0,0.47992384
0,0.53181493
0,0.36221442
0,0.40374553
0,0.34656358
0,0.39857528
0,0.58570236
0,0.48867142
0,0.4131103
0,0.39049825
0,0.43750793
0,0.4198346
0,0.3505277
0,0.32696173
0,0.3537065
0,0.34712368
0,0.3880578
0,0.39864793
0,0.4975358
0,0.5155624
0,0.34577096
0,0.31580272
0,0.31409806
0,0.38502178
0,0.6488941
0,0.4200386
0,0.39466172
0,0.32853463
0,0.59081346
0,0.32746002
0,0.35613206
0,0.4790372
0,0.4595731
0,0.51387656
0,0.4623672
0,0.46825173
0,0.3684745
0,0.42644256
0,0.37204325
0,0.54272515
0,0.4782828
0,0.4672832
0,0.3048275
0,0.38163272
0,0.32227603
0,0.6255706
0,0.6174579
0,0.42244676
0,0.4429688
0,0.28904113
0,0.3745871
0,0.3930259
0,0.5600896
0,0.4169253
0,0.32973567
0,0.41448796
0,0.38864958
0,0.31712842
0,0.4782641
0,0.32792822
0,0.43537432
0,0.47688875
0,0.46578836
0,0.49713156
0,0.523571
0,0.36961105
0,0.39947218
0,0.34876046
0,0.49899364
0,0.35071984
0,0.43296266
0,0.34418187
0,0.48494694
0,0.48360008
0,0.32270133
0,0.43811843
0,0.37862977
0,0.43743014
0,0.3538215
0,0.39087436
0,0.33875686
0,0.24880031
0,0.3618553
0,0.5189259
0,0.3833892
0,0.56156135
0,0.30476975
0,0.33074024
0,0.592264
0,0.59911865
0,0.36323133
0,0.47166163
0,0.49177954
0,0.42834154
0,0.46881613
0,0.4153032
0,0.43172026
0,0.45714036
0,0.4926477
0,0.383169
0,0.56483674
0,0.4942164
0,0.44841945
0,0.45088804
0,0.42083356
0,0.5212365
0,0.34593225
0,0.43670496
0,0.3723512
0,0.29468423
0,0.5454013
0,0.49574348
0,0.5891836
0,0.5214536
0,0.47595468
0,0.41951993
0,0.5223971
0,0.6710004
0,0.6871434
0,0.41880536
0,0.39423788
0,0.31695074
0,0.6516099
0,0.5785323
0,0.41835907
0,0.5363021
0,0.41500914
0,0.33877295
0,0.3998539
0,0.46560934
0,0.48907667
0,0.50627196
0,0.43915367
0,0.5317561
0,0.5872288
0,0.47766203
0,0.49068406
0,0.5628143
0,0.41799584
0,0.5672515
0,0.56675684
0,0.52393526
0,0.4158245
0,0.49438933
0,0.58884776
0,0.67925376
0,0.55405176
0,0.47407547
0,0.31243515
0,0.32353443
0,0.5132443
0,0.51489574
0,0.61123836
0,0.56486386
0,0.54030657
0,0.51401776
0,0.62461615
0,0.74530107
0,0.61154467
0,0.42042318
0,0.6016532
0,0.40095013
0,0.5614344
0,0.65186065
0,0.37633333
0,0.43022284
0,0.4654754
0,0.41180807
0,0.41724214
0,0.49539778
0,0.49945742
0,0.45976543
0,0.48759866
0,0.6230615
0,0.7366812
0,0.3853837
0,0.31846425
0,0.38590902
0,0.43477553
0,0.56761616
0,0.52583236
0,0.67476326
0,0.48489058
0,0.5042521
0,0.4158166
0,0.5099961
0,0.4707223
0,0.50969666
0,0.39804608
0,0.5003002
0,0.5269796
0,0.59015185
0,0.45752084
0,0.3275192
0,0.51518035
0,0.41740823
0,0.5210237
0,0.43120438
0,0.5920353
0,0.5650543
0,0.37033534
0,0.5879298
0,0.58091515
0,0.42536682
0,0.40732938
0,0.46379638
0,0.4394151
0,0.6799295
0,0.5678304
0,0.5411674
0,0.41071445
0,0.37228677
0,0.55024475
0,0.4449935
0,0.41552183
0,0.49832052
0,0.46843183
0,0.4710453
0,0.36710155
0,0.5215682
0,0.4572562
0,0.39973232
0,0.31589186
0,0.5260274
0,0.73244137
0,0.581164
0,0.7127855
0,0.39981246
0,0.48652548
0,0.6445023
0,0.62155336
0,0.53570694
0,0.48274267
0,0.6119638
0,0.56529444
0,0.4683542
0,0.52077454
0,0.5659113
0,0.5238597
0,0.51093525
0,0.40623447
0,0.5780776
0,0.6678517
0,0.39296955
0,0.37697926
0,0.393192
0,0.6210536
0,0.6867788
0,0.47120878
0,0.41696015
0,0.46028164
0,0.48252514
0,0.55059457
0,0.6269424
0,0.5290902
0,0.6310868
0,0.6468703
0,0.42921576
0,0.56954587
0,0.44883415
0,0.53318757
0,0.50356746
0,0.5563854
0,0.38025212
0,0.554451
0,0.5821596
0,0.64763606
0,0.31423774
0,0.48146987
0,0.61572814
0,0.5703169
0,0.51875055
0,0.47476637
0,0.50777686
0,0.43718147
0,0.6088796
0,0.46095756
0,0.49725935
0,0.47844648
0,0.39157766
0,0.4108325
0,0.49162126
0,0.5786544
0,0.667236
0,0.4936773
0,0.43924987
0,0.5906682
0,0.6026667
0,0.37009302
0,0.65401214
0,0.45968205
0,0.5549855
0,0.611212
0,0.3828805
0,0.43946886
0,0.40975466
0,0.45388362
0,0.6242761
0,0.58204174
0,0.5163331
0,0.5975217
0,0.46003592
0,0.5922179
0,0.4882797
0,0.42758015
0,0.40538135
0,0.44794735
0,0.4652631
0,0.6462148
0,0.4652152
0,0.50363255
0,0.5430043
0,0.4012286
0,0.5206507
0,0.58765984
0,0.50247204
0,0.35109827
0,0.4318371
0,0.43668482
0,0.527627
0,0.5762151
0,0.3869419
0,0.38084027
0,0.39427406
0,0.5002923
0,0.42254293
0,0.57821554
0,0.46963546
0,0.3984575
0,0.39514762
0,0.54778355
0,0.47854987
0,0.528125
0,0.51923096
0,0.48519492
0,0.41046342
0,0.5385918
0,0.51026314
0,0.4428491
0,0.33107442
0,0.60584813
0,0.55653983
0,0.60063374
0,0.57673705
0,0.53312194
0,0.3789119
0,0.3134996
0,0.45430234
0,0.38987482
0,0.5664207
0,0.3473228
0,0.33644432
0,0.4357496
0,0.55096906
0,0.49334878
0,0.29148138
0,0.43040222
0,0.5387261
0,0.46500662
0,0.448069
0,0.3839374
0,0.3358087
0,0.41546708
0,0.3796208
0,0.49245012
0,0.32033363
0,0.53708273
0,0.29272777
0,0.35673666
0,0.48089266
0,0.44601616
0,0.36852825
0,0.46880096
0,0.477408
0,0.5450731
0,0.48450953
0,0.4377689
0,0.37088916
0,0.39712358
0,0.36511317
0,0.49267444
0,0.5061655
0,0.37693495
0,0.41528627
0,0.37418467
0,0.3553753
0,0.58002716
0,0.5172858
0,0.5057955
0,0.45358187
0,0.3026039
0,0.48679054
0,0.6401578
0,0.6202925
0,0.45559588
0,0.44376752
0,0.41217703
0,0.5660684
0,0.41770494
0,0.5568164
0,0.41180807
0,0.5906246
0,0.46994844
0,0.61038244
0,0.47902516
0,0.46491477
0,0.3043945
0,0.30538654
0,0.4589244
0,0.5920396
0,0.609527
0,0.5012392
0,0.45254463
0,0.45989743
0,0.6494891
0,0.50932413
0,0.6902394
0,0.48284394
0,0.6086917
0,0.48930266
0,0.6356085
0,0.55530566
0,0.57680136
0,0.40202594
0,0.6640523
0,0.8230985
0,0.47956398
0,0.54341835
0,0.5086328
0,0.67310727
0,0.5660676
0,0.6833979
0,0.5853758
0,0.679063
0,0.47868663
0,0.78325063
0,0.70794374
0,0.63116044
0,0.63503826
0,0.59589463
0,0.6687613
0,0.7755718
0,0.5977873
0,0.5758931
0,0.6308268
0,0.4872668
0,0.6806292
0,0.64176095
0,0.5613902
0,0.64044344
0,0.69839776
0,0.7101651
0,0.7011401
0,0.568571
0,0.7668517
0,0.63002205
0,0.5244547
0,0.48405337
0,0.5534451
0,0.63948965
0,0.44768402
0,0.53048927
0,0.5687285
0,0.7342824
0,0.62477124
0,0.59537154
0,0.55616426
0,0.497718
0,0.40774417
0,0.5165005
0,0.67844003
0,0.5553064
0,0.5113411
0,0.3947184
0,0.6004312
0,0.5893755
0,0.46452078
0,0.68033105
0,0.63807774
0,0.5842035
0,0.5240818
0,0.4993166
0,0.41986993
0,0.51048386
0,0.5122997
0,0.5449051
0,0.5366279
0,0.38786647
0,0.67643535
0,0.5838287
0,0.4012969
0,0.594799
0,0.7806005
0,0.53363496
0,0.6798173
0,0.54465216
0,0.59078246
0,0.60593283
0,0.5904308
0,0.6623866
0,0.6027863
0,0.6453953
0,0.5331734
0,0.64140797
0,0.6127295
0,0.698419
0,0.65192425
0,0.48815933
0,0.6980797
0,0.584202
0,0.66464984
0,0.61525786
0,0.58024496
0,0.54234046
0,0.621312
0,0.51992536
0,0.60836
0,0.5468949
0,0.6042695
0,0.65626985
0,0.6895632
0,0.67092395
0,0.7133957
0,0.48176208
0,0.6697505
0,0.6761625
0,0.56054157
0,0.57796437
0,0.6427002
0,0.5046024
0,0.50356597
0,0.60848445
0,0.70313656
0,0.683464
0,0.56597644
0,0.58233786
0,0.6410723
0,0.76287687
0,0.5538544
0,0.71405536
0,0.63225687
0,0.54775155
0,0.6040227
0,0.46511492
0,0.6179469
0,0.5055737
0,0.5902916
0,0.65677977
0,0.5583589
0,0.5560425
0,0.55978477
0,0.536987
0,0.6294264
0,0.6102127
0,0.5918072
0,0.55229735
0,0.43914437
0,0.49852473
0,0.67836535
0,0.62670463
0,0.65049976
0,0.64005554
0,0.54162145
0,0.66440517
0,0.5788165
0,0.67950684
0,0.50083405
0,0.35927498
0,0.55569565
0,0.59309506
0,0.47681803
0,0.67202705
0,0.58279264
0,0.64608085
0,0.55247986
0,0.44386086
0,0.4648617
0,0.5732662
0,0.49412924
0,0.5323533
0,0.57568437
0,0.5864307
0,0.805236
0,0.5801873
0,0.63281196
0,0.6734473
0,0.65993583
0,0.57719314
0,0.66837573
0,0.44500804
0,0.46848112
0,0.5003756
0,0.71844995
0,0.4462693
0,0.5144577
0,0.43852097
0,0.69111776
0,0.7238629
0,0.744093
0,0.76632404
0,0.5383006
0,0.54874283
0,0.60570747
0,0.73688376
0,0.56358826
0,0.6092282
0,0.5465899
0,0.6775563
0,0.59081835
0,0.49488887
0,0.595388
0,0.5876531
0,0.63963723
0,0.55972266
0,0.7132146
0,0.6617426
0,0.56816673
0,0.5790147
0,0.4521409
0,0.67094195
0,0.53195137
0,0.46621332
0,0.52608454
0,0.43870774
0,0.45287192
0,0.60613996
0,0.6262395
0,0.67793876
0,0.5263979
0,0.5434111
0,0.7115661
0,0.72839934
0,0.6714449
0,0.3845904
0,0.517132
0,0.37321264
0,0.6819402
0,0.59415114
0,0.6130964
0,0.54681474
0,0.5638133
0,0.58178735
0,0.71948516
0,0.60204697
0,0.6937736
0,0.5891651
0,0.72009236
0,0.65136296
0,0.7176378
0,0.42830312
0,0.5033528
0,0.52717483
0,0.44413713
0,0.55073917
0,0.5315819
0,0.32702592
0,0.5154395
0,0.549441
0,0.41548744
0,0.45983186
0,0.60750544
0,0.5958911
0,0.624905
0,0.6887998
0,0.58403
0,0.6193728
0,0.5774711
0,0.61938184
0,0.58995825
0,0.71159846
0,0.6624529
0,0.54341424
0,0.5117017
0,0.60477823
0,0.70803374
0,0.48741907
0,0.56076884
0,0.59918374
0,0.7290111
0,0.6404638
0,0.6527911
0,0.580189
0,0.45424968
0,0.5133475
0,0.45738524
0,0.5485346
0,0.43143418
0,0.5450351
0,0.54709065
0,0.7379493
0,0.5021505
0,0.8700597
0,0.5281316
0,0.64315003
0,0.6159117
0,0.43761414
0,0.6472364
0,0.6498962
0,0.53207874
0,0.4829921
0,0.5115825
0,0.51209104
0,0.6081915
0,0.70806175
0,0.66858804
0,0.5342333
0,0.48348945
0,0.5504049
0,0.58758557
0,0.554567
0,0.5390861
0,0.66630554
0,0.41745675
0,0.68329036
0,0.54677033
0,0.41539365
0,0.5973678
0,0.5504781
0,0.6743875
0,0.49742198
0,0.48479372
0,0.568639
0,0.4539246
0,0.6117764
0,0.73006
0,0.65249527
0,0.65343636
0,0.5354218
0,0.63952154
0,0.6901361
0,0.58321697
0,0.48380557
0,0.5523765
0,0.6645355
0,0.60214466
0,0.46559426
0,0.50182664
0,0.41776815
0,0.5696597
0,0.6289465
0,0.44746163
0,0.55088824
0,0.53512543
0,0.664358
0,0.46308967
0,0.5844886
0,0.53877234
0,0.648092
0,0.66363114
0,0.6682619
0,0.573825
0,0.57457906
0,0.5624392
0,0.5852139
0,0.7200006
0,0.7335894
0,0.65821505
0,0.5940646
0,0.6233099
0,0.50042576
0,0.4654685
0,0.6368424
0,0.5805556
0,0.5803881
0,0.57018274
0,0.4969735
0,0.52448696
0,0.5832846
0,0.5592471
0,0.66008127
0,0.6255668
0,0.48470834
0,0.63212436
0,0.6817966
0,0.6574146
0,0.58695537
0,0.72600055
0,0.7152571
0,0.67641616
0,0.5515007
0,0.5689524
0,0.600751
0,0.5195035
0,0.4953835
0,0.33748809
0,0.48921546
0,0.56208926
0,0.49242386
0,0.5857422
0,0.43996236
0,0.50206494
0,0.49848148
0,0.52461946
0,0.57177913
0,0.72937596
0,0.62442195
0,0.55393195
0,0.46597904
0,0.6681628
0,0.6898457
0,0.6106386
0,0.7517512
0,0.7666572
0,0.51653546
0,0.68597424
0,0.6634498
0,0.49222958
0,0.543559
0,0.40464306
0,0.4132588
0,0.5688004
0,0.53886974
0,0.65250707
0,0.53000575
0,0.5806556
0,0.6829738
0,0.51344407
0,0.5714495
0,0.6583853
0,0.7500851
0,0.66435176
0,0.67663914
0,0.4333466
0,0.7296625
0,0.53325874
0,0.54486823
0,0.62746686
0,0.565863
0,0.67401403
0,0.6614949
0,0.5775039
0,0.6018625
0,0.758563
0,0.5545931
1,0.71520597
1,0.87790585
1,0.78954667
1,0.90802884
1,0.91288483
1,0.903411
1,0.91174895
1,0.94107985
1,0.9291665
1,0.8852787
1,0.86348677
1,0.8936829
1,0.69661635
1,0.8777351
1,0.9487244
1,0.86253613
1,0.9235883
1,0.8539647
1,0.8988905
1,0.7947262
1,0.81861377
1,0.8804978
1,0.94599843
1,0.9441879
1,0.8979061
1,0.94420403
1,0.8367668
1,0.8498619
1,0.7102936
1,0.81004524
1,0.9131428
1,0.90724427
1,0.9231374
1,0.922096
1,0.892053
1,0.7399703
1,0.851963
1,0.9023107
1,0.7665444
1,0.8863901
1,0.9450294
1,0.90385675
1,0.8832259
1,0.86950034
1,0.81845874
1,0.78322023
1,0.7977556
1,0.9073932
1,0.90513647
1,0.88539606
1,0.9390195
1,0.8797044
1,0.8771462
1,0.8271807
1,0.89128935
1,0.8511243
1,0.8269697
1,0.87996966
1,0.9445517
1,0.8088462
1,0.7654139
1,0.89238775
1,0.8297807
1,0.8403163
1,0.9088086
1,0.92298275
1,0.89609396
1,0.85192573
1,0.870721
1,0.91672856
1,0.7743693
1,0.85094273
1,0.9204925
1,0.93688864
1,0.9255482
1,0.9184503
1,0.9195749
1,0.95436364
1,0.9037353
1,0.8318696
1,0.7513129
1,0.79098165
1,0.83225024
1,0.90763885
1,0.95940244
1,0.9003088
1,0.8708965
1,0.901065
1,0.89150846
1,0.86820346
1,0.8564057
1,0.86079514
1,0.89500177
1,0.94700587
1,0.9118644
1,0.83553666
1,0.8400144
1,0.85429484
1,0.7592861
1,0.8172403
1,0.9123989
1,0.947974
1,0.9162234
1,0.8512068
1,0.908061
1,0.89316916
1,0.78297305
1,0.8028507
1,0.946771
1,0.95446855
1,0.8726134
1,0.8623569
1,0.8486654
1,0.8916738
1,0.784431
1,0.85244054
1,0.9118366
1,0.8932186
1,0.8705628
1,0.9521856
1,0.8692551
1,0.8469493
1,0.870526
1,0.8988653
1,0.93118125
1,0.91003925
1,0.92214715
1,0.89040565
1,0.95225346
1,0.8825481
1,0.8313192
1,0.8059952
1,0.9055765
1,0.9033373
1,0.9052992
1,0.9056575
1,0.938949
1,0.8710175
1,0.8785659
1,0.8006231
1,0.84589434
1,0.90607923
1,0.8788326
1,0.8651479
1,0.9052475
1,0.9078215
1,0.846139
1,0.7119322
1,0.858787
1,0.8653847
1,0.93763417
1,0.9324287
1,0.9585232
1,0.92851084
1,0.8288458
1,0.8762161
1,0.8423396
1,0.8164403
1,0.83203554
1,0.9239304
1,0.9610612
1,0.93302214
1,0.88553035
1,0.88770103
1,0.92787707
1,0.8233623
1,0.77353305
1,0.8721381
1,0.951818
1,0.9151414
1,0.7686192
1,0.82673997
1,0.8731332
1,0.75235313
1,0.8929291
1,0.8562087
1,0.93918824
1,0.9022254
1,0.92405576
1,0.9083092
1,0.96090704
1,0.84214824
1,0.7756878
1,0.8346258
1,0.94582397
1,0.8734703
1,0.9066428
1,0.9266046
1,0.873856
1,0.82349324
1,0.9157286
1,0.71844864
1,0.7868369
1,0.9058833
1,0.9254653
1,0.88211143
1,0.8470013
1,0.85387254
1,0.8872284
1,0.82886976
1,0.8698932
1,0.92717576
1,0.96458656
1,0.8526362
1,0.8798569
1,0.90839565
1,0.89746517
1,0.8032564
1,0.8515765
1,0.87720406
1,0.95283544
1,0.879577
1,0.9079086
1,0.78247607
1,0.89598465
1,0.69304264
1,0.813758
1,0.84956324
1,0.9652174
1,0.9310648
1,0.94393265
1,0.9379292
1,0.8945521
1,0.85118157
1,0.890741
1,0.873815
1,0.9281675
1,0.93658835
1,0.90617394
1,0.8505792
1,0.9008905
1,0.8946063
1,0.83080983
1,0.8753194
1,0.8724319
1,0.8280782
1,0.8351182
1,0.9249419
1,0.9127275
1,0.83722466
1,0.86167705
1,0.78995574
1,0.80559635
1,0.85934174
1,0.8980035
1,0.9453843
1,0.83687395
1,0.8331105
1,0.8529311
1,0.8171077
1,0.81123954
1,0.8457484
1,0.95504355
1,0.9222801
1,0.88681984
1,0.8875083
1,0.78489166
1,0.83233815
1,0.70810175
1,0.9011926
1,0.90791
1,0.8786665
1,0.87444735
1,0.95132816
1,0.8820695
1,0.9175169
1,0.8147653
1,0.89625067
1,0.91209936
1,0.86620474
1,0.91947645
1,0.872551
1,0.89771384
1,0.8981804
1,0.8043356
1,0.78577965
1,0.8908193
1,0.84582686
1,0.8322303
1,0.9135594
1,0.920299
1,0.79921085
1,0.84492356
1,0.82932943
1,0.81911755
1,0.88737035
1,0.8797731
1,0.9396597
1,0.8539986
1,0.85079247
1,0.90717065
1,0.8592339
1,0.72338855
1,0.8604516
1,0.7367513
1,0.9133696
1,0.8991768
1,0.95571864
1,0.9451252
1,0.87793833
1,0.80651784
1,0.8076788
1,0.80831444
1,0.83255106
1,0.9298735
1,0.8684325
1,0.8781625
1,0.81371087
1,0.81955916
1,0.8575305
1,0.85462284
1,0.8657258
1,0.8609584
1,0.8966731
1,0.9086207
1,0.8829952
1,0.7233125
1,0.8451892
1,0.84992206
1,0.71635395
1,0.9089074
1,0.9668411
1,0.8378286
1,0.81226283
1,0.8168454
1,0.89368606
1,0.85779196
1,0.87885284
1,0.8610733
1,0.9481701
1,0.9432559
1,0.9149492
1,0.912048
1,0.8943989
1,0.79985124
1,0.9042779
1,0.80100024
1,0.95097977
1,0.9375074
1,0.92664444
1,0.90114033
1,0.87959003
1,0.84922487
1,0.7812861
1,0.7331178
1,0.8529101
1,0.93094
1,0.8708113
1,0.82012075
1,0.85864633
1,0.7007788
1,0.87100154
1,0.87228507
1,0.7644204
1,0.9408849
1,0.9283825
1,0.8927423
1,0.87264323
1,0.80523545
1,0.899367
1,0.8807178
1,0.83034307
1,0.8781513
1,0.9340172
1,0.87769336
1,0.7155128
1,0.9201346
1,0.8584946
1,0.8033744
1,0.82460797
1,0.88668317
1,0.93007964
1,0.9078947
1,0.95074105
1,0.9117023
1,0.90534776
1,0.82667947
1,0.8067112
1,0.8417111
1,0.83479464
1,0.87381655
1,0.916313
1,0.91212654
1,0.7730973
1,0.832608
1,0.8048459
1,0.8098089
1,0.6430562
1,0.9483126
1,0.91050756
1,0.8611938
1,0.8630958
1,0.9205495
1,0.8859274
1,0.8623614
1,0.77554363
1,0.8809991
1,0.9502814
1,0.90214795
1,0.83810365
1,0.9418112
1,0.90308446
1,0.8285385
1,0.80280215
1,0.8083047
1,0.96321535
1,0.84752977
1,0.8655729
1,0.88366365
1,0.8003458
1,0.8687155
1,0.7589919
1,0.92034227
1,0.9658017
1,0.892766
1,0.84106684
1,0.8340404
1,0.8753739
1,0.749929
1,0.7696706
1,0.8637848
1,0.82721245
1,0.8065231
1,0.9057591
1,0.91948503
1,0.85486525
1,0.84302497
1,0.83243364
1,0.8219643
1,0.7423656
1,0.91962945
1,0.9063539
1,0.9360121
1,0.8325072
1,0.78200656
1,0.80773103
1,0.74553156
1,0.5923076
1,0.8505573
1,0.95578164
1,0.8431232
1,0.822753
1,0.9230523
1,0.9266466
1,0.8327806
1,0.7621557
1,0.76024216
1,0.91975814
1,0.9266259
1,0.7306656
1,0.9044816
1,0.7371282
1,0.7266565
1,0.78611517
1,0.80467075
1,0.7125535
1,0.890146
1,0.92027473
1,0.76700515
1,0.8433481
1,0.8555898
1,0.869595
1,0.7218429
1,0.7578581
1,0.9575554
1,0.91550547
1,0.89347214
1,0.75228673
1,0.8804721
1,0.787018
1,0.7286723
1,0.9289924
1,0.9088416
1,0.9571724
1,0.8861104
1,0.9070356
1,0.7983183
1,0.7991422
1,0.7438918
1,0.8625569
1,0.8520561
1,0.9550191
1,0.9556266
1,0.92845166
1,0.7795647
1,0.79825425
1,0.7385922
1,0.818008
1,0.7272948
1,0.94790804
1,0.91302073
1,0.8628946
1,0.7384013
1,0.85993665
1,0.8183534
1,0.83458376
1,0.7124608
1,0.9042781
1,0.8931027
1,0.8886221
1,0.92607117
1,0.84339166
1,0.8265508
1,0.71517086
1,0.84017366
1,0.9432436
1,0.89655733
1,0.86243093
1,0.7460998
1,0.8831032
1,0.81738067
1,0.8381061
1,0.6882422
1,0.93934643
1,0.94072074
1,0.9080172
1,0.87948096
1,0.810629
1,0.90504354
1,0.7538273
1,0.8853396
1,0.87503684
1,0.9557596
1,0.8809581
1,0.88070893
1,0.9044771
1,0.816401
1,0.8789443
1,0.8636751
1,0.921457
1,0.8826059
1,0.891341
1,0.9309018
1,0.90812004
1,0.8845389
1,0.7986803
1,0.90144074
1,0.74371207
1,0.75806844
1,0.9288277
1,0.9684012
1,0.8804466
1,0.8485034
1,0.8909119
1,0.95417917
1,0.8122618
1,0.6723913
1,0.878735
1,0.9477204
1,0.8500779
1,0.88441515
1,0.9088172
1,0.9553438
1,0.7048776
1,0.89804107
1,0.8445003
1,0.74224705
1,0.8972511
1,0.8855941
1,0.9339374
1,0.79876184
1,0.8658364
1,0.8537064
1,0.7594511
1,0.6545679
1,0.88832617
1,0.9411904
1,0.9119443
1,0.8481487
1,0.8122019
1,0.83841676
1,0.8127538
1,0.83530706
1,0.89206177
1,0.92795795
1,0.94816905
1,0.85780275
1,0.921844
1,0.8836429
1,0.88758504
1,0.8474294
1,0.6959583
1,0.9129944
1,0.9331656
1,0.88226074
1,0.91698366
1,0.828133
1,0.8172389
1,0.77470714
1,0.93110675
1,0.9228156
1,0.89564276
1,0.88568914
1,0.88112754
1,0.9254515
1,0.8641309
1,0.7382634
1,0.8530151
1,0.9017629
1,0.9180777
1,0.9042212
1,0.8871175
1,0.89508414
1,0.94537175
1,0.8558251
1,0.9122672
1,0.8330202
1,0.83230233
1,0.94040453
1,0.89844054
1,0.92952746
1,0.8944316
1,0.9437958
1,0.8404507
1,0.73919964
1,0.9024807
1,0.9206277
1,0.9047831
1,0.91278964
1,0.9087563
1,0.72102183
1,0.79743403
1,0.8597989
1,0.8181613
1,0.7918072
1,0.905722
1,0.92674905
1,0.910301
1,0.7968695
1,0.8970486
1,0.87976193
1,0.87513644
1,0.8571928
1,0.93557584
1,0.87959355
1,0.9496716
1,0.72352856
1,0.74590665
1,0.8326824
1,0.7854896
1,0.7913615
1,0.7612704
1,0.9201771
1,0.9173511
1,0.7481628
1,0.9227657
1,0.8373822
1,0.6690776
1,0.90414935
1,0.80403644
1,0.94967496
1,0.9251941
1,0.793131
1,0.7928045
1,0.92171806
1,0.90213007
1,0.7968107
1,0.8093939
1,0.9254064
1,0.9472164
1,0.87285674
1,0.87140125
1,0.9003637
1,0.85999334
1,0.7629598
1,0.73708147
1,0.9109851
1,0.91756815
1,0.8811223
1,0.7463477
1,0.81913203
1,0.8035477
1,0.7692911
1,0.7470684
1,0.9012259
1,0.9193219
1,0.85614544
1,0.88078505
1,0.83942556
1,0.88978356
1,0.8032843
1,0.84479445
1,0.8787384
1,0.8473427
1,0.936857
1,0.94741774
1,0.66569644
1,0.85281503
1,0.83425224
1,0.76927525
1,0.7528157
1,0.85764426
1,0.8839111
1,0.84693265
1,0.7558934
1,0.8229465
1,0.81066394
1,0.7457794
1,0.8013873
1,0.91390514
1,0.89954877
1,0.89922756
1,0.7804657
1,0.8545239
1,0.83305615
1,0.8832691
1,0.7673708
1,0.879327
1,0.8849911
1,0.9398098
1,0.9507696
1,0.8943456
1,0.6731639
1,0.7772185
1,0.88171333
1,0.7891221
1,0.88540167
1,0.8469202
1,0.8652857
1,0.7079438
1,0.8462432
1,0.83245915
1,0.7779386
1,0.8031753
1,0.8707943
1,0.96549845
1,0.9596045
1,0.8527185
1,0.8268132
1,0.721814
1,0.86560273
1,0.73579454
1,0.70380926
1,0.8983957
1,0.8757109
1,0.8498965
1,0.80666983
1,0.8150232
1,0.8998536
1,0.7871183
1,0.8582687
1,0.91159666
1,0.86152846
1,0.9226861
1,0.7724038
1,0.7994304
1,0.7805009
1,0.8103557
1,0.8224092
1,0.85375524
1,0.90280443
1,0.9186396
1,0.74396163
1,0.84473187
1,0.9292509
1,0.8122394
1,0.88723224
1,0.78623736
1,0.92473286
1,0.863221
1,0.763828
1,0.8940462
1,0.7706148
1,0.82233
1,0.8525878
1,0.8219265
1,0.82803744
1,0.7636669
1,0.90565974
1,0.9057503
1,0.8796836
1,0.7727171
1,0.9230623
1,0.8659961
1,0.7285427
1,0.8899135
1,0.86231196
1,0.88824075
1,0.7663761
1,0.9420667
1,0.78023756
1,0.7560506
1,0.7708973
1,0.88714546
1,0.9049149
1,0.860377
1,0.90260357
1,0.66971534
1,0.82951516
1,0.8967507
1,0.7408104
1,0.7854356
1,0.89818424
1,0.88933545
1,0.8407748
1,0.84670466
1,0.899811
1,0.8365925
1,0.8197315
1,0.86239636
1,0.8910259
1,0.7578501
1,0.8238782
1,0.93211466
1,0.9109119
1,0.831465
1,0.87832534
1,0.78072274
1,0.8874638
1,0.71820986
0,0.5960073
0,0.5385714
1,0.7807969
1,0.78932726
1,0.8643071
1,0.8591543
1,0.8727719
1,0.8037404
1,0.88709277
1,0.94335455
1,0.7922864
1,0.8002992
1,0.9315311
1,0.8143122
1,0.77863
1,0.88725847
1,0.89408964
1,0.7506769
1,0.86087525
1,0.8035364
1,0.87153107
1,0.75588083
1,0.8025893
1,0.8525541
1,0.86602354
1,0.8750711
1,0.8541267
1,0.820465
1,0.9172789
1,0.88742095
1,0.9098956
1,0.8364652
1,0.9081992
1,0.86175644
1,0.8477655
1,0.8978937
1,0.83862126
1,0.82128185
1,0.7732941
1,0.8141168
1,0.8809441
1,0.861821
1,0.7709504
1,0.78969336
1,0.8459106
1,0.75845015
1,0.800134
1,0.82962155
1,0.8062129
1,0.8894342
1,0.8420973
1,0.8975034
1,0.8562382
1,0.81955856
1,0.84873396
1,0.8952038
1,0.9035787
1,0.91223955
1,0.8263249
1,0.8658421
1,0.8908975
1,0.8843694
1,0.72995865
1,0.80815107
1,0.81949323
1,0.9221205
1,0.82935685
1,0.72267
1,0.9184759
1,0.8474554
1,0.7152961
1,0.7195487
1,0.8086038
1,0.84631944
1,0.84942746
1,0.869315
1,0.8403981
1,0.8616683
1,0.82052743
1,0.7915442
1,0.8520869
1,0.80886847
1,0.9070717
1,0.88441795
1,0.9069041
1,0.8430562
1,0.86374915
1,0.72146183
1,0.78658706
1,0.8650062
1,0.87923944
1,0.7874304
1,0.78883284
1,0.8716899
1,0.851558
1,0.81107336
1,0.8642727
1,0.85485774
1,0.82097286
1,0.889517
1,0.87565416
1,0.88045573
1,0.8901284
1,0.75506395
1,0.9065072
1,0.87933034
1,0.84032047
1,0.8899112
1,0.8735974
1,0.87509567
1,0.85066444
1,0.833287
1,0.85605085
1,0.7899294
1,0.88087124
1,0.92766005
1,0.933581
1,0.88996613
1,0.8026539
1,0.8775861
1,0.8848037
1,0.8701122
1,0.88834
1,0.8011109
1,0.8786955
1,0.9221121
1,0.81339294
1,0.9083693
1,0.86876214
1,0.8811585
1,0.8443017
1,0.8381863
1,0.7927418
1,0.93342125
1,0.8865046
1,0.90926236
1,0.74921095
1,0.7922104
1,0.8922069
1,0.7226844
1,0.81699085
1,0.91576797
1,0.84995145
1,0.93146306
1,0.844825
1,0.81178075
1,0.8757655
1,0.78296053
1,0.7121812
1,0.9017062
1,0.7924261
1,0.7882557
1,0.82439953
1,0.8728389
1,0.8249416
1,0.62411255
1,0.7723057
1,0.82986057
1,0.8294752
1,0.7498047
1,0.80072457
1,0.8867608
1,0.6327914
1,0.7561975
1,0.79019743
1,0.76407236
1,0.87650037
1,0.82767135
1,0.9149942
1,0.7218361
1,0.7852282
1,0.82960695
1,0.8226844
1,0.6966305
1,0.8314063
1,0.9005208
1,0.8600322
1,0.9287119
1,0.8410617
1,0.72165906
1,0.8460112
1,0.9319229
1,0.8224483
1,0.8611109
1,0.8787471
1,0.87846315
1,0.82834977
1,0.88758045
1,0.8612777
1,0.8467482
1,0.7460583
1,0.79814434
1,0.8732736
1,0.816462
1,0.77418655
1,0.84809595
1,0.80686426
1,0.89757043
1,0.8985165
1,0.8934612
1,0.84706974
1,0.8317358
1,0.6791178
1,0.7675741
1,0.84130174
1,0.7977001
1,0.82834333
1,0.76103836
1,0.80180156
1,0.88381326
1,0.8752126
1,0.8705849
1,0.92203516
1,0.7428715
1,0.7704682
1,0.8693945
1,0.7451476
1,0.83861685
1,0.8336751
1,0.9337146
1,0.8638222
1,0.81998134
1,0.7999786
1,0.84004444
1,0.8874514
1,0.77010393
1,0.8655581
1,0.84869283
1,0.90545106
1,0.837438
1,0.86536807
1,0.8753038
1,0.842238
1,0.73061043
1,0.86870337
1,0.8791941
1,0.89256954
1,0.7750487
1,0.7826661
1,0.7763599
1,0.84565216
1,0.78351223
1,0.91282946
1,0.8291353
1,0.9058394
1,0.89104
1,0.7327356
1,0.78256977
1,0.8674159
1,0.78590643
1,0.7570338
1,0.8443913
1,0.9184083
1,0.8184897
1,0.73709875
1,0.8090052
1,0.8261991
1,0.8615221
1,0.80087835
1,0.84260434
1,0.8393256
1,0.77615106
1,0.859012
1,0.8480152
1,0.78572536
1,0.7713037
1,0.83443606
1,0.7573909
1,0.95764464
1,0.8331953
1,0.89616287
1,0.87612027
1,0.8990707
1,0.8383041
1,0.82376134
1,0.811862
1,0.795132
1,0.8733913
1,0.80666935
1,0.79616237
1,0.7779045
1,0.8880473
1,0.9084379
1,0.94167507
1,0.9037564
1,0.7400476
1,0.8698885
1,0.81915945
1,0.9202172
1,0.82661223
1,0.8245292
1,0.89378047
1,0.77402335
1,0.84673774
1,0.8141824
1,0.8853872
1,0.8709175
1,0.8191418
1,0.87730646
1,0.83764577
1,0.7810148
1,0.76539385
1,0.82491887
1,0.863648
1,0.79190224
1,0.87093896
1,0.8984745
1,0.8930981
1,0.8123941
1,0.82678914
1,0.8189685
1,0.8675321
1,0.94980395
1,0.6136012
1,0.8279571
1,0.80463445
1,0.8833434
1,0.79101795
1,0.82307905
1,0.8296002
1,0.86363363
1,0.85267496
1,0.84800494
1,0.84922385
1,0.84453684
1,0.79421717
1,0.8018741
1,0.8299731
1,0.7081327
1,0.8891675
1,0.7851073
1,0.8287135
1,0.78920245
1,0.7982501
1,0.8924388
1,0.83522236
1,0.72690684
1,0.81952703
1,0.80795896
1,0.8263103
1,0.85568357
1,0.81759906
1,0.8093557
1,0.89469725
1,0.8605486
1,0.8525871
1,0.84989804
1,0.80396736
1,0.8425455
1,0.7956992
1,0.8224524
1,0.8773185
1,0.76946646
1,0.7789489
1,0.814188
1,0.89109516
1,0.79232895
1,0.82944846
1,0.8515766
1,0.81143457
1,0.8491953
1,0.88930917
1,0.8481213
1,0.8313888
1,0.86536753
1,0.898884
1,0.8325543
1,0.78374195
1,0.8565598
1,0.9037836
1,0.8477481
1,0.8043436
1,0.8526851
1,0.8551879
1,0.7973197
1,0.8233822
1,0.8940671
1,0.80713135
1,0.7611478
1,0.8586314
1,0.9188955
1,0.8658581
1,0.62900877
1,0.82892513
0,0.5254411
0,0.31468013
0,0.4456731
0,0.44817948
0,0.3995946
0,0.36366045
0,0.35251993
0,0.6615274
0,0.49992484
0,0.38868725
0,0.40750813
0,0.3014462
0,0.3516631
0,0.44532865
0,0.55355906
0,0.50566167
0,0.4792901
0,0.5127676
0,0.3689866
0,0.61990744
0,0.46335012
0,0.721617
0,0.44226694
0,0.45104167
0,0.37889606
0,0.28418598
0,0.51124847
0,0.4327545
0,0.4686993
0,0.37576428
0,0.52101743
0,0.47660866
0,0.5689426
0,0.35151348
0,0.40687254
0,0.4640266
0,0.5576601
0,0.503185
0,0.44024792
0,0.3838084
0,0.40212435
0,0.34128183
0,0.4759062
0,0.46466333
0,0.5932365
0,0.4605349
0,0.3064346
0,0.42047974
0,0.44595245
0,0.35600963
0,0.44734776
0,0.46323767
0,0.2473087
0,0.4351526
0,0.34112805
0,0.35001034
0,0.50975275
0,0.41416863
0,0.3758344
0,0.5965397
0,0.42953715
0,0.42920715
0,0.37131634
0,0.2679034
0,0.40248945
0,0.55718863
0,0.4301002
0,0.49713644
0,0.28841284
0,0.22292702
0,0.489759
0,0.44963336
0,0.3737185
0,0.45945942
0,0.42497393
0,0.36549613
0,0.57240593
0,0.52839273
0,0.58716756
0,0.40376052
0,0.34677577
0,0.43574247
0,0.46507534
0,0.38034987
