y_true,y_prob
0,0.76850367
0,0.51242083
0,0.50541395
0,0.45406312
0,0.6338115
0,0.6003127
0,0.489637
0,0.51177627
0,0.6296723
0,0.7964571
0,0.37947866
0,0.5760486
0,0.5907936
0,0.71339095
0,0.60926634
0,0.6571697
0,0.6445282
0,0.77947646
0,0.6900203
0,0.41955584
0,0.35135412
0,0.30672523
0,0.32774854
0,0.33139735
0,0.39117646
0,0.6230715
0,0.342565
0,0.4683379
0,0.32646993
0,0.32841128
0,0.36041662
0,0.35687566
0,0.3649885
0,0.34988245
0,0.31941667
0,0.3374484
0,0.32772592
0,0.38269353
0,0.43530238
0,0.35942206
0,0.45167187
0,0.36806697
0,0.3447204
0,0.6104746
0,0.33485612
0,0.38154128
0,0.3596911
0,0.38001496
0,0.48585752
0,0.4046562
0,0.33453804
0,0.32807967
0,0.3206993
0,0.38560015
0,0.33743787
0,0.31907502
0,0.48522586
0,0.37295172
0,0.34294984
0,0.35964754
0,0.34050763
0,0.69347
0,0.3313776
0,0.3369198
0,0.41339177
0,0.40531445
0,0.39134052
0,0.3694877
0,0.38671723
0,0.3242305
0,0.46371958
0,0.43566918
0,0.4532807
0,0.33254278
0,0.3560637
0,0.42867404
0,0.41012532
0,0.28522137
0,0.36236763
0,0.34825698
0,0.3571177
0,0.36313704
0,0.4576858
0,0.32788363
0,0.38749278
0,0.36238667
0,0.3850603
0,0.348086
0,0.35556972
0,0.38861227
0,0.41341698
0,0.3636713
0,0.3943382
0,0.41678813
0,0.32335213
0,0.46514824
0,0.39677858
0,0.3593553
0,0.64986295
0,0.32754603
0,0.33684406
0,0.3055698
0,0.34317237
0,0.35842043
0,0.39305228
0,0.31243917
0,0.34633514
0,0.39158237
0,0.3230497
0,0.33548072
0,0.35870877
0,0.38851994
0,0.3600153
0,0.36781973
0,0.33120447
0,0.438167
0,0.3318896
0,0.34213254
0,0.47732377
0,0.32608208
0,0.40040982
0,0.37003228
0,0.37587774
0,0.3821842
0,0.3462131
0,0.36243287
0,0.32157865
0,0.31818834
0,0.34999925
0,0.3083303
0,0.3018725
0,0.3313357
0,0.38412815
0,0.3485519
0,0.33920723
0,0.31260708
0,0.3663106
0,0.28430438
0,0.31627387
0,0.3077906
0,0.46738508
0,0.31489173
0,0.3637154
0,0.5536969
0,0.3001633
0,0.44096294
0,0.30250758
0,0.3299698
0,0.3598787
0,0.29793337
0,0.3397869
0,0.3467202
0,0.3254297
0,0.49177828
0,0.42678115
0,0.32954895
0,0.354665
0,0.33078453
0,0.31196684
0,0.30324054
0,0.35031265
0,0.34481415
0,0.33354136
0,0.3972778
0,0.40436623
0,0.5299792
0,0.3337444
0,0.31234735
0,0.34450713
0,0.34124646
0,0.3503897
0,0.28502434
0,0.70886976
0,0.31322965
0,0.31334177
0,0.65214676
0,0.36426055
0,0.3086438
0,0.43688774
0,0.35990754
0,0.3388682
0,0.3142085
0,0.35225335
0,0.34606174
0,0.392499
0,0.34035286
0,0.29675472
0,0.4070216
0,0.35236102
0,0.338109
0,0.32292798
0,0.3097438
0,0.33615702
0,0.6282453
0,0.55075014
0,0.4169005
0,0.4223496
0,0.3396161
0,0.3711301
0,0.38073903
0,0.31894365
0,0.33317763
0,0.29937464
0,0.3289884
0,0.37399432
0,0.2946613
0,0.3191695
0,0.3699497
0,0.3018117
0,0.500444
0,0.32745817
0,0.32615718
0,0.33979535
0,0.29926416
0,0.3839425
0,0.34048834
0,0.33114964
0,0.337654
0,0.32317045
0,0.33666563
0,0.39286488
0,0.43122897
0,0.30308858
0,0.2919228
0,0.31640244
0,0.4189255
0,0.2905455
0,0.3520244
0,0.31843698
0,0.4079146
0,0.42907253
0,0.42784953
0,0.5830134
0,0.32766476
0,0.37929985
0,0.41788024
0,0.4132985
0,0.54585683
0,0.32762426
0,0.3089335
0,0.3010386
0,0.31593463
0,0.3358496
0,0.31225115
0,0.33910945
0,0.36866352
0,0.39719728
0,0.37323126
0,0.33521143
0,0.4153799
0,0.30322677
0,0.3072607
0,0.30113795
0,0.31579015
0,0.32569578
0,0.4150754
0,0.33720744
0,0.33543167
0,0.43442127
0,0.33113813
0,0.31971505
0,0.33045962
0,0.3314819
0,0.3409629
0,0.3308943
0,0.32295018
0,0.32374653
0,0.32358083
0,0.31615797
0,0.3005251
0,0.35001883
0,0.33908895
0,0.3169423
0,0.32797295
0,0.3788362
0,0.3407443
0,0.31677082
0,0.35791156
0,0.40421814
0,0.31864843
0,0.36374086
0,0.30690876
0,0.30172503
0,0.3583783
0,0.31625155
0,0.32386202
0,0.37134758
0,0.309064
0,0.32284486
0,0.28507704
0,0.30970153
0,0.33988
0,0.32076892
0,0.31329724
0,0.33420223
0,0.39989933
0,0.47540462
0,0.3608383
0,0.3583115
0,0.39535353
0,0.31503382
0,0.40507418
0,0.44159377
0,0.2974112
0,0.3141697
0,0.33028376
0,0.305587
0,0.36938742
0,0.30353025
0,0.32323748
0,0.31643957
0,0.31049967
0,0.42944127
0,0.38849163
0,0.36226964
0,0.4211912
0,0.35870415
0,0.3948223
0,0.39295956
0,0.37256417
0,0.32118478
0,0.3271471
0,0.32068527
0,0.4324913
0,0.5536022
0,0.51689243
0,0.35784784
0,0.36100754
0,0.3471523
0,0.40313253
0,0.34464824
0,0.3070791
0,0.31264383
0,0.37412113
0,0.36218908
0,0.3679604
0,0.37486356
0,0.36634624
0,0.33129743
0,0.35010785
0,0.38808975
0,0.36582854
0,0.33960843
0,0.2879751
0,0.40175772
0,0.365363
0,0.37592962
0,0.46371654
0,0.3094836
0,0.33246446
0,0.35763818
0,0.32027328
0,0.3974144
0,0.349138
0,0.30925372
0,0.33423743
0,0.31285077
0,0.43326625
0,0.542809
0,0.306851
0,0.30130982
0,0.28896165
0,0.30375648
0,0.3774092
0,0.32337704
0,0.31019706
0,0.39711404
0,0.3310249
0,0.33922333
0,0.3720947
0,0.35417762
0,0.33184966
0,0.32149976
0,0.34225777
0,0.3806605
0,0.30723417
0,0.30473307
0,0.3229216
0,0.34715548
0,0.43203965
0,0.34101635
0,0.33786327
0,0.3277952
0,0.32071608
0,0.3655539
0,0.35278893
0,0.31439957
0,0.3446333
0,0.31047451
0,0.3580531
0,0.37616017
0,0.33920953
0,0.42119563
0,0.33097464
0,0.28477192
0,0.3592209
0,0.32964784
0,0.31525236
0,0.34219968
0,0.36148775
0,0.3873101
0,0.3193793
0,0.33314648
0,0.31361908
0,0.33466125
0,0.33691937
0,0.34829712
0,0.3584102
0,0.50508195
0,0.3573066
0,0.34897837
0,0.33107305
0,0.3491108
0,0.3478995
0,0.3033799
0,0.43481088
0,0.3165191
0,0.33110076
0,0.32938266
0,0.3019483
0,0.33357018
0,0.3855764
0,0.39311042
0,0.33871987
0,0.35241714
0,0.4085483
0,0.36252043
0,0.31511092
0,0.3176962
0,0.29205123
0,0.2965303
0,0.3113717
0,0.36171955
0,0.3321795
0,0.3183867
0,0.32717714
0,0.37258697
0,0.32180515
0,0.6186721
0,0.35745677
0,0.32626328
0,0.3068233
0,0.26490563
0,0.3463522
0,0.290468
0,0.32452306
0,0.32787696
0,0.5074777
0,0.3509687
0,0.3923748
0,0.45969287
0,0.34054887
0,0.3438527
0,0.28804243
0,0.30479032
0,0.29092214
0,0.29976052
0,0.3017171
0,0.33875498
0,0.35468468
0,0.35335708
0,0.9200855
0,0.30006713
0,0.29646748
0,0.33819824
0,0.34379447
0,0.4094647
0,0.35985115
0,0.30922347
0,0.28639415
0,0.33321035
0,0.3280827
0,0.332584
0,0.3144345
0,0.3491064
0,0.34028912
0,0.3157608
0,0.34020707
0,0.3507624
0,0.31073228
0,0.3789257
0,0.4337624
0,0.37010336
0,0.37109184
0,0.49171716
0,0.32812306
0,0.39018726
0,0.3750985
0,0.3495144
0,0.31702027
0,0.3135455
0,0.42258322
0,0.34628767
0,0.32935962
0,0.36861113
0,0.391032
0,0.39807653
0,0.38791385
0,0.31038997
0,0.3086263
0,0.33155298
0,0.3546653
0,0.31674665
0,0.3229988
0,0.31937453
0,0.3706556
0,0.3618063
0,0.35410228
0,0.3257534
0,0.38958043
0,0.33467135
0,0.37906483
0,0.33293757
0,0.34196886
0,0.36327747
0,0.3782192
0,0.44858846
0,0.31905988
0,0.33294874
0,0.36170328
0,0.3596104
0,0.43216157
0,0.4051948
0,0.3649189
0,0.38623527
0,0.33787757
0,0.41548282
0,0.4948249
0,0.62085253
0,0.44217798
0,0.45151582
0,0.52750707
0,0.42992306
0,0.52707314
0,0.36063927
0,0.35037917
0,0.35710642
0,0.34924984
0,0.39920083
0,0.44557688
0,0.35732377
0,0.36445352
0,0.34272274
0,0.33199996
0,0.45097816
0,0.39121613
0,0.42869353
0,0.3422609
0,0.32255632
0,0.4100893
0,0.33873263
0,0.36979672
0,0.6549508
0,0.40265632
0,0.33856344
0,0.44709447
0,0.47528654
0,0.37978062
0,0.3398535
0,0.37171873
0,0.32983345
0,0.50044495
0,0.4393513
0,0.40078226
0,0.39600548
0,0.31508672
0,0.35740772
0,0.39229682
0,0.3386932
0,0.3756423
0,0.36280397
0,0.3658932
0,0.3759311
0,0.53618735
0,0.74772066
0,0.34885228
0,0.37524843
0,0.47839355
0,0.32835677
0,0.3285196
0,0.36746284
0,0.32997766
0,0.3649383
0,0.32133496
0,0.4516019
0,0.47606283
0,0.35701627
0,0.4225781
0,0.33522534
0,0.3334889
0,0.3843346
0,0.36526874
0,0.5371339
0,0.49200025
0,0.60155797
0,0.44452342
0,0.44833255
0,0.48712793
0,0.3598416
0,0.33656278
0,0.3382243
0,0.60435545
0,0.60896724
0,0.319868
0,0.4351817
0,0.3482667
0,0.37005436
0,0.34112605
0,0.35326335
0,0.36164016
0,0.3655982
0,0.39131498
0,0.53253114
0,0.5769464
0,0.40927467
0,0.4377128
0,0.5226317
0,0.45061246
0,0.32966825
0,0.39300185
0,0.44676128
0,0.40050802
0,0.43894702
0,0.34346446
0,0.34039703
0,0.37849328
0,0.63071585
0,0.65774184
0,0.44659603
0,0.4730281
0,0.37609926
0,0.34125853
0,0.5323917
0,0.48904508
0,0.38484773
0,0.331785
0,0.3261423
0,0.50163966
0,0.37876773
0,0.38412178
0,0.3570668
0,0.35310805
0,0.46452725
0,0.3964769
0,0.40151167
0,0.3983163
0,0.35116175
0,0.34538424
0,0.38698104
0,0.38567704
0,0.42986363
0,0.34106672
0,0.41669357
0,0.400582
0,0.3656794
0,0.30684257
0,0.3467751
0,0.30487937
0,0.335179
0,0.45758712
0,0.42479882
0,0.46401715
0,0.43274134
0,0.3749766
0,0.38463882
0,0.4467174
0,0.44946983
0,0.41505244
0,0.31503186
0,0.381422
0,0.5815711
0,0.33530703
0,0.3803815
0,0.42184788
0,0.33482075
0,0.36649168
0,0.40255004
0,0.660447
0,0.3707651
0,0.37234905
0,0.36312252
0,0.4953711
0,0.37338927
0,0.3506942
0,0.31300777
0,0.34710327
0,0.3776119
0,0.4335828
0,0.38595113
0,0.34672153
0,0.35953605
0,0.34263432
0,0.52673393
0,0.31496215
0,0.4157428
0,0.34290668
0,0.31049222
0,0.35825372
0,0.373414
0,0.43516672
0,0.3726771
0,0.5875015
0,0.44245803
0,0.43455437
0,0.41060925
0,0.34413335
0,0.34173962
0,0.3341882
0,0.6009838
0,0.38588116
0,0.4356289
0,0.3090276
0,0.44223392
0,0.34469292
0,0.5105167
0,0.47226676
0,0.40529406
0,0.3920507
0,0.80045277
0,0.4543862
0,0.6976136
0,0.41335738
0,0.41648808
0,0.50468135
0,0.31973425
0,0.3281332
0,0.35450086
0,0.31767526
0,0.36004537
0,0.34074792
0,0.442086
0,0.4682446
0,0.5946093
0,0.28812078
0,0.34545845
0,0.39932293
0,0.62131447
0,0.33631894
0,0.31085777
0,0.33254635
0,0.35942805
0,0.32408592
0,0.373692
0,0.39352378
0,0.34270388
0,0.3568712
0,0.46663252
0,0.6873837
0,0.34916493
0,0.41517383
0,0.3398084
0,0.42963085
0,0.57023436
0,0.47830358
0,0.4120896
0,0.39317775
0,0.36654037
0,0.40290534
0,0.5170585
0,0.3488478
0,0.43937224
0,0.3517188
0,0.37378812
0,0.38927028
0,0.32803825
0,0.38001475
0,0.36528507
0,0.37515357
0,0.36195993
0,0.45343456
0,0.35880148
0,0.625266
0,0.36091802
0,0.33918577
0,0.39366487
0,0.39726517
0,0.70609915
0,0.37687522
0,0.33675304
0,0.3307122
0,0.44301566
0,0.5235655
0,0.48186076
0,0.35256925
0,0.37828293
0,0.48271334
0,0.35803047
0,0.3356101
0,0.3947818
0,0.31865686
0,0.31113085
0,0.33612037
0,0.33683205
0,0.44470334
0,0.44850615
0,0.36281043
0,0.39216283
0,0.50422436
0,0.4240909
0,0.43607312
0,0.38897425
0,0.4259102
0,0.33918998
0,0.36722836
0,0.42760283
0,0.35022497
0,0.46591255
0,0.39590782
0,0.4077099
0,0.30575627
0,0.3346087
0,0.33874458
0,0.49657878
0,0.37793133
0,0.30818594
0,0.47167024
0,0.52630466
0,0.44385156
0,0.3491576
0,0.34798774
0,0.46944365
0,0.3624137
0,0.51769227
0,0.3413446
0,0.38217255
0,0.48210695
0,0.3655884
0,0.47012955
0,0.45785105
0,0.5680913
0,0.46196365
0,0.6857447
0,0.4228343
0,0.42631269
0,0.41986942
0,0.34592134
0,0.38671136
0,0.42458254
0,0.578593
0,0.33469224
0,0.34948042
0,0.4064377
0,0.37184858
0,0.4302857
0,0.4528868
0,0.47648555
0,0.40792802
0,0.36149937
0,0.3945128
0,0.36678797
0,0.34059483
0,0.3716739
0,0.36301774
0,0.3577944
0,0.3941257
0,0.45352206
0,0.3585747
0,0.33230832
0,0.37426093
0,0.3509985
0,0.39183557
0,0.308734
0,0.30449477
0,0.33883986
0,0.36493668
0,0.40767312
0,0.4073279
0,0.3144272
0,0.3245547
0,0.38749063
0,0.3677541
0,0.38605872
0,0.5078633
0,0.3258776
0,0.36079797
0,0.37552956
0,0.3520726
0,0.38712612
0,0.34384343
0,0.30787018
0,0.34701106
0,0.38857368
0,0.36195847
0,0.4173318
0,0.43541634
0,0.3214746
0,0.32132384
0,0.31989533
0,0.4109427
0,0.50656736
0,0.372002
0,0.41324258
0,0.41816005
0,0.52737564
0,0.48385492
0,0.39283404
0,0.42834115
0,0.37216341
0,0.61271435
0,0.39816904
0,0.37581202
0,0.45439747
0,0.35327
0,0.35533485
0,0.6561673
0,0.54266214
0,0.4331431
0,0.36709043
0,0.3691072
0,0.45945922
0,0.5181517
0,0.46838894
0,0.37432724
0,0.3840314
0,0.4023185
0,0.47221294
0,0.36339226
0,0.32042167
0,0.323205
0,0.5402164
0,0.41229358
0,0.39484876
0,0.3362895
0,0.34438062
0,0.41341296
0,0.40789822
0,0.34828207
0,0.38958725
0,0.31916916
0,0.31538677
0,0.31883794
0,0.3359549
0,0.59058094
0,0.38085935
0,0.42976224
0,0.33990297
0,0.60761744
0,0.34338632
0,0.54087174
0,0.5907829
0,0.4091361
0,0.38725874
0,0.37038434
0,0.31837872
0,0.35011095
0,0.3194135
0,0.3823584
0,0.3270192
0,0.3995719
0,0.5023599
0,0.34090298
0,0.33259374
0,0.33075625
0,0.3106501
0,0.41553962
0,0.53830975
0,0.46433622
0,0.372201
0,0.36221123
0,0.62070024
0,0.43822324
0,0.42909324
0,0.3230884
0,0.43553278
0,0.39476135
0,0.35275432
0,0.4355359
0,0.33313322
0,0.3454073
0,0.3611169
0,0.34409213
0,0.3965832
0,0.65871894
0,0.321575
0,0.38551927
0,0.40787423
0,0.49078047
0,0.41118547
0,0.34050247
0,0.41071638
0,0.4571198
0,0.3563071
0,0.46149665
0,0.40097675
0,0.34776813
0,0.29552868
0,0.3439343
0,0.67027444
0,0.47720864
0,0.47829384
0,0.60902685
0,0.5100215
0,0.47836375
0,0.86443865
0,0.42587525
0,0.30881962
0,0.33176357
0,0.32940555
0,0.3720912
0,0.33277768
0,0.3846905
0,0.39224222
0,0.74828
0,0.3616083
0,0.4104505
0,0.41608143
0,0.49250007
0,0.38347298
0,0.47122458
0,0.32137194
0,0.42598328
0,0.349453
0,0.3379552
0,0.4635211
0,0.38622603
0,0.43422157
0,0.353254
0,0.4370378
0,0.35919482
0,0.39654323
0,0.44842666
0,0.35168004
0,0.3338463
0,0.4915281
0,0.44010735
0,0.5119636
0,0.37703145
0,0.44637555
0,0.45603517
0,0.38042477
0,0.33275354
0,0.38131437
0,0.35946712
0,0.2985029
0,0.33422497
0,0.35106915
0,0.33251196
0,0.39451987
0,0.3192525
0,0.3462473
0,0.40921268
0,0.6865213
0,0.3900308
0,0.61136043
0,0.37580666
0,0.369366
0,0.37995058
0,0.7240579
0,0.3752922
0,0.37432575
0,0.353558
0,0.33308196
0,0.3587242
0,0.3845404
0,0.43060035
0,0.32764697
0,0.31300107
0,0.30074078
0,0.37962168
0,0.42472193
0,0.3291325
0,0.4025318
0,0.37488472
0,0.60315627
0,0.4476622
0,0.33194208
0,0.36729586
0,0.455963
0,0.47360322
0,0.47965246
0,0.52472
0,0.35017112
0,0.3204971
0,0.32965115
0,0.35498145
0,0.36725137
0,0.338067
0,0.35812187
0,0.3230432
0,0.38233373
0,0.3493347
0,0.32990465
0,0.33121794
0,0.36589667
0,0.32191882
0,0.35441592
0,0.4080069
0,0.36254078
0,0.38929802
0,0.36933336
0,0.38946554
0,0.42508075
0,0.3786883
0,0.46789747
0,0.50886786
0,0.3165493
0,0.2915635
0,0.52532834
0,0.33438015
0,0.38473952
0,0.34226996
0,0.3457371
0,0.3990524
0,0.35784608
0,0.30275115
0,0.3419643
0,0.6010408
0,0.39373025
0,0.2963183
0,0.33385473
0,0.35706693
0,0.46261415
0,0.3504156
0,0.7223667
0,0.61984
0,0.29467744
0,0.3147186
0,0.28897873
0,0.37490153
0,0.3863195
0,0.48821378
0,0.36394668
0,0.42367476
0,0.47593912
0,0.37808463
0,0.31407404
0,0.29184872
0,0.35316163
0,0.4098318
0,0.3439735
0,0.48871452
0,0.40434238
0,0.3146012
0,0.35168335
0,0.37493998
0,0.4695464
0,0.43062338
0,0.3811516
0,0.3886836
0,0.34449288
0,0.37788942
0,0.34392712
0,0.31968918
0,0.4123324
0,0.33953044
0,0.49438325
0,0.3875626
0,0.43374583
0,0.3367121
0,0.31022745
0,0.39392146
0,0.29311442
0,0.46752873
0,0.5506198
0,0.33730716
0,0.3198834
0,0.30697054
0,0.34253502
0,0.33127618
0,0.5808161
0,0.5407841
0,0.36770996
0,0.3183224
0,0.31618324
0,0.3587329
0,0.36137724
0,0.3901991
0,0.47930828
0,0.4657477
0,0.30300686
0,0.3071453
0,0.3241726
0,0.40302324
0,0.62583256
0,0.4889114
0,0.30329183
0,0.3271805
0,0.36853176
0,0.3141876
0,0.33476317
0,0.37164816
0,0.32134238
0,0.4250479
0,0.3780322
0,0.32811093
0,0.52696407
0,0.47633597
0,0.42408386
0,0.32968748
0,0.364518
0,0.31128067
0,0.3612516
0,0.301495
0,0.479015
0,0.4474097
0,0.32133806
0,0.29885262
0,0.3495894
0,0.29539707
0,0.34056124
0,0.64814544
0,0.41956165
0,0.36512977
0,0.41287062
0,0.42270207
0,0.4648715
0,0.45188886
0,0.34114775
0,0.33141533
0,0.32704937
0,0.3594854
0,0.44911593
0,0.31030264
0,0.3773147
0,0.33290124
0,0.3399883
0,0.36033052
0,0.36097163
0,0.36846
0,0.401861
0,0.48805344
0,0.29920447
0,0.45631167
0,0.33917865
0,0.41136405
0,0.36064714
0,0.52194726
0,0.46484706
0,0.4759237
0,0.49193677
0,0.36816576
0,0.33956534
0,0.3046247
0,0.39569917
0,0.4497389
0,0.34028578
0,0.308087
0,0.30471736
0,0.35965848
0,0.47384885
0,0.38882774
0,0.51207715
0,0.30849868
0,0.34673172
0,0.38636512
0,0.35241476
0,0.4781816
0,0.33528522
0,0.41324267
0,0.38051498
0,0.5569812
0,0.34668696
0,0.3568754
0,0.38085076
0,0.33412704
0,0.33276325
0,0.46813235
0,0.33999163
0,0.8369058
0,0.34504265
0,0.4152669
0,0.7252122
0,0.34925413
0,0.35376808
0,0.37825373
0,0.3136507
0,0.36620194
0,0.35110933
0,0.38988116
0,0.3268437
0,0.325472
0,0.3852769
0,0.37340862
0,0.844339
0,0.3591809
0,0.29146397
0,0.36120644
0,0.3362831
0,0.305262
0,0.3347986
0,0.42409807
0,0.40934432
0,0.38572717
0,0.3949447
0,0.34621036
0,0.47681436
0,0.37354434
0,0.31706113
0,0.3598393
0,0.4724849
0,0.40512207
0,0.3073797
0,0.32147628
0,0.33401304
0,0.37971672
0,0.43949616
0,0.45537698
0,0.33331057
0,0.34819898
0,0.34231174
0,0.3884914
0,0.31407106
0,0.37669358
0,0.31394896
0,0.37437633
0,0.32515723
0,0.336718
0,0.35344338
0,0.35848433
0,0.37365657
0,0.35252184
0,0.29217342
0,0.46178508
0,0.32247403
0,0.30222723
0,0.38284513
0,0.40282
0,0.42817807
0,0.45715573
0,0.3495424
0,0.3362141
0,0.37248647
0,0.38543156
0,0.3488377
0,0.33110934
0,0.31207398
0,0.40432382
0,0.34950912
0,0.32598126
0,0.33960718
0,0.36392412
0,0.33245036
0,0.339382
0,0.3472704
0,0.41822642
0,0.35895833
0,0.33950707
0,0.31142765
0,0.3453764
0,0.31608564
0,0.42288312
0,0.891262
0,0.33694974
0,0.3125875
0,0.3924132
0,0.42575753
0,0.3071503
0,0.4041267
0,0.40780398
0,0.37653548
0,0.31688207
0,0.39679784
0,0.29987568
0,0.37736234
0,0.30382478
0,0.33213
0,0.30215964
0,0.32796127
0,0.39032808
0,0.36538985
0,0.55209655
0,0.33689523
0,0.39659917
0,0.41277984
0,0.40125263
0,0.3568541
0,0.39012113
0,0.36665145
0,0.30133724
0,0.33926433
0,0.35216534
0,0.33543575
0,0.38858017
0,0.32079846
0,0.3225979
0,0.3116856
0,0.42785254
0,0.34616506
0,0.36433855
0,0.326249
0,0.3739979
0,0.29293907
0,0.29131088
0,0.32147118
0,0.3120163
0,0.41530263
0,0.8306297
0,0.36994898
0,0.3478632
0,0.3391551
0,0.3335506
0,0.35658246
0,0.27897954
0,0.30773658
0,0.4445801
0,0.32988155
0,0.33148867
0,0.5086563
0,0.30171755
0,0.3181765
0,0.31314045
0,0.29268977
0,0.30001354
0,0.3123279
0,0.36261192
0,0.3410324
0,0.31756514
0,0.32678986
0,0.42105415
0,0.4883825
0,0.31883112
0,0.3439156
0,0.3277919
0,0.4292537
0,0.3372101
0,0.31898838
0,0.29275948
0,0.3440345
0,0.310202
0,0.2929439
0,0.3161653
0,0.37270927
0,0.33899507
0,0.30014697
0,0.32048678
0,0.31839418
0,0.34494895
0,0.32134464
0,0.4142889
0,0.31465843
0,0.2888369
0,0.45276123
0,0.5155644
0,0.4387416
0,0.44661382
0,0.31151304
0,0.41507223
0,0.3401168
0,0.38398108
0,0.34287056
0,0.30880287
0,0.37498856
0,0.33366373
0,0.38222423
0,0.50457954
0,0.4078308
0,0.34996262
0,0.39972082
0,0.30525672
0,0.3497939
0,0.36210713
0,0.5061046
0,0.35547513
0,0.31688395
0,0.34022152
0,0.6165866
0,0.41128513
0,0.3903939
0,0.38269895
0,0.30786163
0,0.29991606
0,0.4317406
0,0.35265404
0,0.31352296
0,0.36763194
0,0.3011812
0,0.35287952
0,0.32026067
0,0.32102725
0,0.31520385
0,0.30857554
0,0.36598745
0,0.33120343
0,0.3351387
0,0.3509166
0,0.352034
0,0.35163915
0,0.49276617
0,0.4603794
0,0.31618142
0,0.36495095
0,0.38215432
0,0.38368225
0,0.3631155
0,0.35496235
0,0.3920331
0,0.50466293
0,0.3048856
0,0.403635
0,0.361949
0,0.36994487
0,0.2970613
0,0.46376878
0,0.37341487
0,0.50209063
0,0.4693459
0,0.41461235
0,0.31685522
0,0.36974257
0,0.39492702
0,0.4288265
0,0.47410172
0,0.3454773
0,0.48291063
0,0.37744832
0,0.38871405
0,0.3770244
0,0.35386053
0,0.32720244
0,0.3845871
0,0.60942554
0,0.4594655
0,0.33016393
0,0.33756724
0,0.31151947
0,0.33080655
0,0.33059287
0,0.32039452
0,0.33149043
0,0.31157
0,0.30540475
0,0.3496113
0,0.43944722
0,0.5978969
0,0.28815433
0,0.34101593
0,0.3909428
0,0.39661524
0,0.34710315
0,0.45657596
0,0.58624816
0,0.29163173
0,0.79840684
0,0.3379874
0,0.2936106
0,0.35687742
0,0.39219916
0,0.3291338
0,0.39382565
0,0.31963006
0,0.31913376
0,0.37533635
0,0.4269477
0,0.31842494
0,0.47604555
0,0.36587936
0,0.31673232
0,0.31736356
0,0.35842106
0,0.33837372
0,0.4192461
0,0.41116613
0,0.30169427
0,0.3841511
0,0.50129056
0,0.45481372
0,0.4564542
0,0.37849674
0,0.31209144
0,0.38322514
0,0.3420626
0,0.304908
0,0.36042264
0,0.46187872
0,0.45321202
0,0.611986
0,0.3980209
0,0.8168785
0,0.81281877
0,0.368103
0,0.3402335
0,0.3596998
0,0.36772582
0,0.3701863
0,0.35997257
0,0.31108516
0,0.3939768
0,0.38630235
0,0.3882296
0,0.2983756
0,0.38951904
0,0.4502769
0,0.3131965
0,0.31541836
0,0.30893537
0,0.32622415
0,0.29004765
0,0.54327685
0,0.36523515
0,0.346575
0,0.31854266
0,0.6372966
0,0.41122577
0,0.42694983
0,0.47876915
0,0.33111307
0,0.33779487
0,0.36950776
0,0.37344998
0,0.36085165
0,0.31378308
0,0.32599506
0,0.32164901
0,0.32831082
0,0.30484825
0,0.30557883
0,0.31534582
0,0.31754386
0,0.29065067
0,0.33574116
0,0.37528992
0,0.35232586
0,0.37131342
0,0.39407253
0,0.33232424
0,0.36198598
0,0.35849494
0,0.3395413
0,0.34677994
0,0.38694334
0,0.40152273
0,0.31709793
0,0.33317745
0,0.3535906
0,0.37144125
0,0.37804636
0,0.31489792
0,0.3100643
0,0.33159506
0,0.33151138
0,0.32573953
0,0.506211
0,0.5350055
0,0.32144752
0,0.42997175
0,0.3739757
0,0.4721276
0,0.3456391
0,0.333713
0,0.32042545
0,0.34510437
0,0.36287203
0,0.34664214
0,0.5134407
0,0.38599944
0,0.31831735
0,0.3781977
0,0.34417546
0,0.46407208
0,0.57893044
0,0.31244624
0,0.3353426
0,0.4040012
0,0.4926867
0,0.3871554
0,0.31365687
0,0.3442388
0,0.29808068
0,0.3982951
0,0.52578294
0,0.29641488
0,0.4919755
0,0.33438253
0,0.33736864
0,0.3360167
0,0.35892013
0,0.3068524
0,0.40004694
0,0.3058345
0,0.35326952
0,0.29587308
0,0.33435246
0,0.43572512
0,0.47409958
0,0.34116513
0,0.30250236
0,0.3831757
0,0.3657012
0,0.36690342
0,0.29112586
0,0.3047308
0,0.9016524
0,0.6382443
0,0.31846994
0,0.3393685
0,0.31619433
0,0.39306596
0,0.3509516
0,0.33157358
0,0.3448958
0,0.31290808
0,0.33035183
0,0.37900573
0,0.36531198
0,0.3584488
0,0.31870705
0,0.36755103
0,0.40504625
0,0.370363
0,0.34879774
0,0.40712327
0,0.3337027
0,0.3395607
0,0.4226591
0,0.43323168
0,0.34263545
0,0.3358764
0,0.3165092
0,0.32759374
0,0.38105878
0,0.5011936
0,0.39732078
0,0.37351054
0,0.36966702
0,0.3170355
0,0.3507461
0,0.3323965
0,0.4344724
0,0.5960673
0,0.444336
0,0.40702605
0,0.36145976
0,0.42327672
0,0.41563547
0,0.37076333
0,0.3870919
0,0.40465906
0,0.348909
0,0.31861788
0,0.38675067
0,0.52122164
0,0.31579658
0,0.29935464
0,0.3317405
0,0.39222622
0,0.3071792
0,0.3611524
0,0.36576933
0,0.35763127
0,0.35824203
0,0.3569207
0,0.3170568
0,0.46857983
0,0.31581134
0,0.29810604
0,0.2890829
0,0.33097464
0,0.51432
0,0.6886763
0,0.45966536
0,0.51939976
0,0.4113262
0,0.3196246
0,0.34778586
0,0.33218372
0,0.4128659
0,0.3148545
0,0.5012907
0,0.3293677
0,0.32197252
0,0.4277135
0,0.31396577
0,0.40166602
0,0.33974233
0,0.3544664
0,0.32191634
0,0.534748
0,0.32611436
0,0.29105812
0,0.3340753
0,0.3490351
0,0.39720416
0,0.39010242
0,0.32907018
0,0.33364055
0,0.4675921
0,0.3736428
0,0.3608381
0,0.4013362
0,0.33027497
0,0.2926126
0,0.34541646
0,0.3244146
0,0.33075693
0,0.3819781
0,0.35170615
0,0.35213476
0,0.47737005
0,0.32518908
0,0.33789077
0,0.38835225
0,0.33683145
0,0.27831778
0,0.3663746
0,0.7324501
0,0.40691626
0,0.3055504
0,0.36213282
0,0.37177917
0,0.33146423
0,0.33024397
0,0.3975282
0,0.6866696
0,0.49619928
0,0.3184474
0,0.5268578
0,0.37114975
0,0.40310237
0,0.38551587
0,0.5141574
0,0.42600814
0,0.4906476
0,0.37378705
0,0.31333423
0,0.3188581
0,0.45414606
0,0.36869416
0,0.4661298
0,0.443531
0,0.30200008
0,0.33517078
0,0.32563478
0,0.37357137
0,0.36611485
0,0.3863263
0,0.3273532
0,0.3344074
0,0.3364493
0,0.34551856
0,0.3210527
0,0.37691376
0,0.32347304
0,0.3908126
0,0.34941056
0,0.3853912
0,0.41364074
0,0.36783397
0,0.32812515
0,0.30363265
0,0.33569035
0,0.3573394
0,0.5374811
0,0.37959978
0,0.3813014
0,0.39734057
0,0.39987385
0,0.29453096
0,0.36318538
0,0.41722038
0,0.5350687
0,0.43251628
0,0.36087897
0,0.3374074
0,0.3280866
0,0.3701126
0,0.36910284
0,0.4063217
0,0.34705162
0,0.3300533
0,0.33308315
0,0.5582621
0,0.41814336
0,0.3554084
0,0.44149253
0,0.55121356
0,0.36192277
0,0.3932542
0,0.41785485
0,0.44119844
0,0.3139687
0,0.32017818
0,0.31381768
0,0.30400956
0,0.3253234
0,0.35266566
0,0.3599793
0,0.33830512
0,0.36506236
0,0.35778022
0,0.3377078
0,0.3794375
0,0.3319202
0,0.3798384
0,0.42006335
0,0.37760213
0,0.42439497
0,0.31892577
0,0.55320174
0,0.3786097
0,0.44943985
0,0.3514805
0,0.41180402
0,0.3295073
0,0.32086954
0,0.32376504
0,0.35880518
0,0.36303294
0,0.30801442
0,0.33925915
0,0.3314746
0,0.34864366
0,0.32964092
0,0.34480897
0,0.36195767
0,0.39210764
0,0.4494357
0,0.3210938
0,0.34481665
0,0.3062232
0,0.4961563
0,0.757793
0,0.34356353
0,0.39560252
0,0.31793025
0,0.31260875
0,0.31501597
0,0.4173378
0,0.37432206
0,0.33691794
0,0.52633375
0,0.34745002
0,0.36882728
0,0.43333095
0,0.3621609
0,0.3990167
0,0.29979193
0,0.3373786
0,0.43486223
0,0.32587275
0,0.34996104
0,0.3291518
0,0.37772855
0,0.3793295
0,0.39929712
0,0.36680806
0,0.3648189
0,0.31150693
0,0.3575557
0,0.466121
0,0.43618378
0,0.3815823
0,0.40106416
0,0.3662561
0,0.48553118
0,0.32771572
0,0.34707642
0,0.36352223
0,0.5005506
0,0.50163615
0,0.5221629
0,0.33724743
0,0.5707633
0,0.40821373
0,0.4655203
0,0.52453744
0,0.43519732
0,0.3250224
0,0.4752229
0,0.53123754
0,0.39288777
0,0.53063923
0,0.5107083
0,0.5002732
0,0.67066026
0,0.44027728
0,0.43902835
0,0.3575096
0,0.37809297
0,0.5253715
0,0.35626268
0,0.7072522
0,0.3788064
0,0.3919908
0,0.36653116
0,0.41650686
0,0.34337655
0,0.5203782
0,0.3500249
0,0.7021284
0,0.41208863
0,0.39451465
0,0.4483017
0,0.44877058
0,0.34436312
0,0.36718476
0,0.61700046
0,0.33329922
0,0.44273818
0,0.4649937
0,0.3899923
0,0.36620596
0,0.34973583
0,0.44659528
0,0.39282772
0,0.3829706
0,0.42664117
0,0.35914847
0,0.3633304
0,0.35143661
0,0.3655961
0,0.38888186
0,0.44450328
0,0.360941
0,0.3354392
0,0.35863295
0,0.41212943
0,0.31230468
0,0.36445525
0,0.36007473
0,0.36008674
0,0.42725968
0,0.5525246
0,0.37095353
0,0.34151188
0,0.35522714
0,0.4605164
0,0.48069808
0,0.44378525
0,0.39780402
0,0.5422539
0,0.40738723
0,0.32260507
0,0.32266137
0,0.4385019
0,0.6161346
0,0.37950996
0,0.5660179
0,0.4073586
0,0.36243594
0,0.45598102
0,0.4626567
0,0.43657792
0,0.42248836
0,0.5083467
0,0.34378606
0,0.5101226
0,0.37538177
0,0.45439628
0,0.4736135
0,0.37966466
0,0.42898476
0,0.37986207
0,0.35503468
0,0.39678928
0,0.39807042
0,0.46176952
0,0.59506667
0,0.35226583
0,0.36196437
0,0.37416518
0,0.4823154
0,0.31365547
0,0.39256424
0,0.37223527
0,0.50368625
0,0.449742
0,0.35843545
0,0.3722473
0,0.3231947
0,0.35126016
0,0.36362797
0,0.47221667
0,0.31953484
0,0.32340974
0,0.37431112
0,0.38828707
0,0.4172732
0,0.37216032
0,0.3446833
0,0.46856612
0,0.3459844
0,0.36826563
0,0.41213438
0,0.44214627
0,0.37194726
0,0.32646692
0,0.39776614
0,0.32362154
0,0.5260466
0,0.8750195
0,0.39003062
0,0.3998262
0,0.4892913
0,0.40330145
0,0.43417084
0,0.34741387
0,0.32636416
0,0.39590254
0,0.38025978
0,0.41058
0,0.37181154
0,0.36613423
0,0.68943894
0,0.3635433
0,0.55846626
0,0.5475334
0,0.42274165
0,0.32697502
0,0.4082012
0,0.37229797
0,0.4551051
0,0.369354
0,0.37579784
0,0.35576516
0,0.37635398
0,0.460535
0,0.43330544
0,0.4208979
0,0.40160802
0,0.3308737
0,0.44530794
0,0.41956413
0,0.5871144
0,0.38440907
0,0.57355696
0,0.4663473
0,0.42934185
0,0.37062788
0,0.31816554
0,0.4386305
0,0.35626432
0,0.52889454
0,0.39319065
0,0.38717693
0,0.44005933
0,0.4032034
0,0.35472098
0,0.35111308
0,0.488086
0,0.34638745
0,0.44145846
0,0.45465893
0,0.3865997
0,0.36041787
0,0.39664283
0,0.34280705
0,0.36232114
0,0.68704206
0,0.47322267
0,0.4210616
0,0.3751506
0,0.3137076
0,0.41653907
0,0.35417306
0,0.47574857
0,0.4358304
0,0.40364432
0,0.40263033
0,0.37347597
0,0.37846592
0,0.31785572
0,0.45654574
0,0.43217024
0,0.33537206
0,0.34177545
0,0.28641745
0,0.298502
0,0.4293664
0,0.45847276
0,0.3555778
0,0.8172612
0,0.43850574
0,0.3320005
0,0.3184919
0,0.38317433
0,0.36003414
0,0.5095989
0,0.38245595
0,0.3973551
0,0.37453744
0,0.30164054
0,0.43853244
0,0.30915585
0,0.44080004
0,0.5314219
0,0.31494802
0,0.32304883
0,0.5717474
0,0.47300473
0,0.47972974
0,0.42358643
0,0.36954805
0,0.37905183
0,0.2940248
0,0.4043901
0,0.5274288
0,0.3712863
0,0.47958362
0,0.3298021
0,0.39246735
0,0.39876217
0,0.4785192
0,0.44504783
0,0.3704067
0,0.3098237
0,0.36788195
0,0.4017195
0,0.48411024
0,0.39393434
0,0.35102844
0,0.35069808
0,0.34054345
0,0.4438227
0,0.6745653
0,0.43791762
0,0.3269783
0,0.4359728
0,0.33660144
0,0.4708545
0,0.34655157
0,0.3135649
0,0.42495558
0,0.45459196
0,0.31356674
0,0.3881825
0,0.3341181
0,0.3321776
0,0.33912
0,0.33495378
0,0.43113413
0,0.3282646
0,0.5168289
0,0.33595797
0,0.32261264
0,0.34118435
0,0.35758182
0,0.65308785
0,0.41724363
0,0.43395308
0,0.34605217
0,0.357327
0,0.3706546
0,0.43420547
0,0.38557643
0,0.42289415
0,0.42085093
0,0.39736992
0,0.35984445
0,0.38293687
0,0.33806422
0,0.4048603
0,0.35424218
0,0.35734043
0,0.5038078
0,0.3031483
0,0.34352955
0,0.32185215
0,0.34918323
0,0.8730925
0,0.33388096
0,0.313316
0,0.44131175
0,0.39488736
0,0.44863468
0,0.40074226
0,0.3444866
0,0.32302076
0,0.36761937
0,0.45871177
0,0.48590073
0,0.47389325
0,0.5084335
0,0.3365646
0,0.35821185
0,0.34181768
0,0.34856457
0,0.38513428
0,0.49361634
0,0.36999506
0,0.32235706
0,0.6689552
0,0.40593344
0,0.36886874
0,0.34084237
0,0.3518382
0,0.34942272
0,0.40935546
0,0.37093613
0,0.35697746
0,0.35149765
0,0.5642111
0,0.51999426
0,0.36834273
0,0.42747775
0,0.40182045
0,0.3171783
0,0.40387142
0,0.3133127
0,0.32412273
0,0.34304112
0,0.3482467
0,0.3328279
0,0.32944798
0,0.38934729
0,0.3535579
0,0.3891329
0,0.36714047
0,0.48426536
0,0.37387294
0,0.42330518
0,0.35309815
0,0.37217742
0,0.36868507
0,0.4099443
0,0.34726143
0,0.33805096
0,0.35888603
0,0.3819665
0,0.4586096
0,0.33921105
0,0.40534803
0,0.3254657
0,0.40827996
0,0.45517462
0,0.38544297
0,0.38924593
0,0.36159688
0,0.36391914
0,0.35276657
0,0.3999267
0,0.30459636
0,0.3306445
0,0.34111652
0,0.47714904
0,0.39099365
0,0.37162682
0,0.2809007
0,0.32427868
0,0.30014658
0,0.32992482
0,0.52717507
0,0.3418813
0,0.4957874
0,0.48752242
0,0.3835486
0,0.42030212
0,0.43085477
0,0.41089794
0,0.32117113
0,0.37370566
0,0.34178185
0,0.36375326
0,0.377019
0,0.32879347
0,0.7020266
0,0.32855588
0,0.3259275
0,0.6741313
0,0.32913542
0,0.45218837
0,0.323223
0,0.39532134
0,0.35464036
0,0.34733784
0,0.35145766
0,0.32655856
0,0.37544397
0,0.38043842
0,0.36286393
0,0.8359007
0,0.311558
0,0.3456698
0,0.35156828
0,0.3391016
0,0.45498493
0,0.29889393
0,0.32860756
0,0.32339332
0,0.33945233
0,0.319863
0,0.34970537
0,0.3296076
0,0.34366223
0,0.3268691
0,0.37722373
0,0.41122976
0,0.3316169
0,0.33850157
0,0.4415129
0,0.38125086
0,0.37024063
0,0.6773469
0,0.36651662
0,0.3107056
0,0.34402034
0,0.36645022
0,0.37860027
0,0.37912604
0,0.34386927
0,0.32742938
0,0.32581273
0,0.3529836
0,0.42535952
0,0.3576842
0,0.31211397
0,0.35627073
0,0.33497968
0,0.32824764
0,0.4296351
0,0.31384078
0,0.39283845
0,0.3710686
0,0.3702734
0,0.4998005
0,0.3088309
0,0.31507725
0,0.38066715
0,0.41325372
0,0.33821777
0,0.33877322
0,0.36408558
0,0.3445588
0,0.340016
0,0.39899626
0,0.3256532
0,0.41775572
0,0.3432473
0,0.43437374
0,0.35336828
0,0.35424733
0,0.3569454
0,0.35258287
0,0.31058562
0,0.37110502
0,0.3208548
0,0.34560737
0,0.39658245
0,0.30743983
0,0.3049093
0,0.3346291
0,0.32619983
0,0.32865787
0,0.33934715
0,0.41512653
1,0.33367214
1,0.8814023
1,0.88660777
1,0.835649
1,0.94000125
1,0.962749
1,0.83128536
1,0.9430238
1,0.8373237
1,0.9737888
1,0.8324296
1,0.93882984
1,0.8886402
1,0.91261935
1,0.7132545
1,0.9813301
1,0.87548757
1,0.89663446
1,0.98121727
1,0.96321285
1,0.8234478
1,0.9654319
1,0.907421
1,0.9409612
1,0.91134053
1,0.68700296
1,0.74246913
1,0.7026322
1,0.73410594
1,0.8198381
1,0.79215145
1,0.8209174
1,0.5563499
1,0.92287314
1,0.8241981
1,0.77577764
1,0.7737557
1,0.752784
1,0.95232934
1,0.5750316
1,0.8304602
1,0.8656708
1,0.88418394
1,0.9395272
1,0.8477091
1,0.4101289
1,0.9314711
1,0.47098002
1,0.9048737
1,0.91106904
1,0.79595757
1,0.785913
1,0.8698693
1,0.8819397
1,0.92657554
1,0.6622565
1,0.6270634
1,0.71463245
1,0.8229201
1,0.88919616
1,0.75611335
1,0.8014371
1,0.7651647
1,0.95649093
1,0.8847117
1,0.91322815
1,0.6550051
1,0.9494291
1,0.85279304
1,0.9295105
1,0.8263906
1,0.88679427
1,0.95500964
1,0.9382805
1,0.87679756
1,0.8816429
1,0.9500147
1,0.8263935
1,0.7624033
1,0.9490347
1,0.7976828
1,0.9110072
1,0.80914885
1,0.9042507
1,0.7583421
1,0.8724536
1,0.84901524
1,0.81873274
1,0.9170798
1,0.7932735
1,0.9751617
1,0.8482695
1,0.938902
1,0.63789934
1,0.93025446
1,0.91445607
1,0.69597656
1,0.85780305
1,0.753355
1,0.7186159
1,0.8190047
1,0.77392757
1,0.9364684
1,0.8633174
1,0.831846
1,0.91593015
1,0.701909
1,0.60635924
1,0.8215974
1,0.8055408
1,0.90257037
1,0.73343664
1,0.8581965
1,0.90001816
1,0.7993959
1,0.92852944
1,0.71308273
1,0.78920865
1,0.8013941
1,0.9017982
1,0.8394469
1,0.7229362
1,0.7826321
1,0.89202666
1,0.85931015
1,0.6330495
1,0.8458732
1,0.7989311
1,0.9762624
1,0.8176227
1,0.9309564
1,0.8437891
1,0.80302966
1,0.4173697
1,0.5795526
1,0.5577018
1,0.6107489
1,0.7174263
1,0.9341392
1,0.84499997
1,0.50695765
1,0.9201313
1,0.99185354
1,0.9835293
1,0.78479534
1,0.90684557
1,0.92050374
1,0.8620909
1,0.9613188
1,0.85049313
1,0.7852891
1,0.8552554
1,0.9853391
1,0.6695925
1,0.8589098
1,0.92254484
1,0.7791745
1,0.7839819
1,0.9804749
1,0.8840211
1,0.5970765
1,0.96436155
1,0.46878937
1,0.782857
1,0.7114218
1,0.8102752
1,0.9030324
1,0.9113606
1,0.7935244
1,0.88369524
1,0.6155174
1,0.8369541
1,0.73673433
1,0.89220524
1,0.69404507
1,0.83742887
1,0.62270886
1,0.9006723
1,0.7589642
1,0.88016737
1,0.9515183
1,0.91099125
1,0.7764042
1,0.9372225
1,0.8962743
1,0.65159357
1,0.9842927
1,0.7278148
1,0.85191804
1,0.91841036
1,0.9739094
1,0.79112357
1,0.88014156
1,0.941087
1,0.9394977
1,0.9527871
1,0.89508
1,0.7893372
1,0.8498873
1,0.97699624
1,0.5513407
1,0.72985536
1,0.8804596
1,0.8247363
1,0.91363937
1,0.84813076
1,0.9655196
1,0.7800106
1,0.91062856
1,0.9544436
1,0.9393614
1,0.8624567
1,0.84972745
1,0.80822325
1,0.9285276
1,0.88570935
1,0.9112523
1,0.9235246
1,0.8562193
1,0.87663126
1,0.9623164
1,0.8577387
1,0.8772439
1,0.96059084
1,0.9171469
1,0.90705436
1,0.8091869
1,0.89777786
1,0.9099266
1,0.9055083
1,0.9275492
1,0.81297314
1,0.89273703
1,0.9735433
1,0.9606814
1,0.82973397
1,0.7728545
1,0.91974217
1,0.9549417
1,0.9800537
1,0.8216772
1,0.8572473
1,0.9119122
1,0.9042631
1,0.9452771
1,0.847875
1,0.89053136
1,0.73399854
1,0.8753917
1,0.8216249
1,0.809696
1,0.9066495
1,0.75363725
1,0.9686068
1,0.6628715
1,0.97151697
1,0.7701407
1,0.91160893
1,0.86926925
1,0.9258706
1,0.47354296
1,0.89963853
1,0.84548783
1,0.94138604
1,0.8427312
1,0.86806387
1,0.8506854
1,0.92778605
1,0.7334043
1,0.9332746
1,0.76653343
1,0.8204591
1,0.9314986
1,0.74657947
1,0.8067583
1,0.9365486
1,0.8660015
1,0.9655796
1,0.56946564
1,0.94925886
1,0.7443644
1,0.97346216
1,0.8563675
1,0.94450873
1,0.8720605
1,0.7249809
1,0.915102
1,0.7453582
1,0.87878937
1,0.69718933
1,0.9277268
1,0.87897325
1,0.7157215
1,0.44360286
1,0.82637906
1,0.86571807
1,0.97480917
1,0.8774469
1,0.86372393
1,0.9684589
1,0.92192817
1,0.9744296
1,0.7539157
1,0.9428892
1,0.91501874
1,0.80279815
1,0.9911123
1,0.83416694
1,0.89993113
1,0.8542876
1,0.9579183
1,0.9593501
1,0.6400006
1,0.8747738
1,0.81256616
1,0.9530496
1,0.9083168
1,0.7500028
1,0.901735
1,0.8933293
1,0.9672825
1,0.4246641
1,0.66452533
1,0.95168096
1,0.96537304
1,0.9025719
1,0.94674057
1,0.9420443
1,0.71782863
1,0.8163596
1,0.8682122
1,0.92479336
1,0.8647562
1,0.6067167
1,0.9607737
1,0.8959168
1,0.5514677
1,0.8638137
1,0.6361596
1,0.93305814
1,0.78033817
1,0.90684813
1,0.64534813
1,0.953714
1,0.9226714
1,0.40299636
1,0.9401057
1,0.69644153
1,0.9422495
1,0.7543358
1,0.8470848
1,0.9200402
1,0.6868401
1,0.9412374
1,0.855863
1,0.65098995
1,0.7997032
1,0.84830916
1,0.8182953
1,0.7617335
1,0.6556612
1,0.9653661
1,0.82731986
1,0.90030223
1,0.8717471
1,0.8969066
1,0.8406245
1,0.7306208
1,0.70063597
1,0.65782917
1,0.86772025
1,0.9605786
1,0.73473877
1,0.6728658
1,0.92286503
1,0.5200239
1,0.8636698
1,0.9374179
1,0.57336885
1,0.8146996
1,0.9313124
1,0.7513185
1,0.78095114
1,0.5113964
1,0.7625355
1,0.76298326
1,0.7699639
1,0.98248476
1,0.771916
1,0.6781815
1,0.92049146
1,0.9653898
1,0.7993616
1,0.7414005
1,0.8754827
1,0.97074795
1,0.95450515
1,0.87641925
1,0.8605801
1,0.7840023
1,0.9506613
1,0.48153958
1,0.9613592
1,0.97856843
1,0.8582229
1,0.8221257
1,0.7653711
1,0.91389126
1,0.8655325
1,0.65857536
1,0.8857096
1,0.777409
1,0.91805476
1,0.89851373
1,0.7825612
1,0.9042548
1,0.5919468
1,0.81467557
1,0.87217045
1,0.8267207
1,0.9607801
1,0.85119164
1,0.6980492
1,0.9065434
1,0.85780185
1,0.8827783
1,0.68204963
1,0.8997677
1,0.8539961
1,0.8748024
1,0.80365765
1,0.9288192
1,0.872328
1,0.90091306
1,0.9227162
1,0.9303882
1,0.96790814
1,0.9307992
1,0.98367715
1,0.87539315
1,0.69247323
1,0.9416318
1,0.8608979
1,0.92040753
1,0.9599292
1,0.96950966
1,0.85021186
1,0.8857015
1,0.9361499
1,0.7040695
1,0.9491401
1,0.8544104
1,0.92748386
1,0.95515287
1,0.5783452
1,0.77842814
1,0.88352376
1,0.90426666
1,0.9837844
1,0.5034555
1,0.88140595
1,0.76947963
1,0.84576553
1,0.9567379
1,0.75584525
1,0.7329885
1,0.8369385
1,0.5435497
1,0.9442255
1,0.887023
1,0.9218901
1,0.98031896
1,0.83915716
1,0.751911
1,0.7871238
1,0.60457957
1,0.925259
1,0.88206404
1,0.7137193
1,0.9189602
1,0.8382917
1,0.90689296
1,0.9281937
1,0.8793584
1,0.80363053
1,0.51270187
1,0.7713676
1,0.82261914
1,0.8984725
1,0.87770194
1,0.9722877
1,0.8824322
1,0.85598594
1,0.6992003
1,0.84636325
1,0.8509843
1,0.87855613
1,0.7622714
1,0.92848843
1,0.9314563
1,0.91442955
1,0.93852293
1,0.84594065
1,0.8486953
1,0.9772216
1,0.6789942
1,0.9762047
1,0.8051775
1,0.94910043
1,0.8483032
1,0.94308984
1,0.8238321
1,0.97326916
1,0.71226734
1,0.7901026
1,0.79371315
1,0.8169863
1,0.9407996
1,0.8994049
1,0.8650994
1,0.4606742
1,0.91678286
1,0.95504117
1,0.57876045
1,0.8936802
1,0.85175335
1,0.7359986
1,0.49685466
1,0.82546246
1,0.71320355
1,0.6730966
1,0.93320906
1,0.86270326
1,0.96176726
1,0.850474
1,0.8162247
1,0.9305361
1,0.8662702
1,0.9875794
1,0.5980676
1,0.93937063
1,0.9372918
1,0.5525131
1,0.87424564
1,0.92097473
1,0.8034345
1,0.81527
1,0.7583574
1,0.8986076
1,0.8951967
1,0.91342276
1,0.6877153
1,0.86969036
1,0.8091859
1,0.904195
1,0.9450291
1,0.62162745
1,0.9652716
1,0.8411794
1,0.6673519
1,0.88219446
1,0.886726
1,0.95578
1,0.8655097
1,0.8679331
1,0.721741
1,0.66521
1,0.8220815
1,0.84383667
1,0.73565227
1,0.9904648
1,0.87526864
1,0.9653855
1,0.9224514
1,0.9818518
1,0.8897702
1,0.5209606
1,0.8282876
1,0.9462709
1,0.8313021
1,0.9194359
1,0.9305303
1,0.7379059
1,0.9452746
1,0.97607964
1,0.89901674
1,0.96974474
1,0.86471283
1,0.83237576
1,0.9246612
1,0.94583726
1,0.75217545
1,0.89580905
1,0.9744118
1,0.93578064
1,0.9344923
1,0.9698267
1,0.8814829
1,0.95325106
1,0.9234989
1,0.7467509
1,0.9564908
1,0.7926853
1,0.9861386
1,0.6481612
1,0.9704076
1,0.70509076
1,0.9693225
1,0.7898294
1,0.8759632
1,0.91451555
1,0.9521324
1,0.97112274
1,0.94810396
1,0.88335025
1,0.9695942
1,0.82920456
1,0.85535896
1,0.9411843
1,0.9134773
1,0.956128
1,0.9333737
1,0.9694098
1,0.9706069
1,0.93460816
1,0.85328525
1,0.96201026
1,0.87188727
1,0.94370806
1,0.863124
1,0.9692714
1,0.95434964
1,0.949223
1,0.8954357
1,0.94568276
1,0.7774454
1,0.8098892
1,0.8787756
1,0.6752868
1,0.94692385
1,0.94254655
1,0.96973556
1,0.8366093
1,0.9500078
1,0.9735041
1,0.71436465
1,0.7426988
1,0.6456571
1,0.947413
1,0.8649066
1,0.87329656
1,0.83715135
1,0.84081614
1,0.8083682
1,0.9142313
1,0.97616106
1,0.9602106
1,0.7762115
1,0.9892112
1,0.9363107
1,0.93233234
1,0.97961384
1,0.7029472
1,0.772255
1,0.8524776
1,0.91116196
1,0.7223842
1,0.8647538
1,0.43280405
1,0.8724089
1,0.8926508
1,0.8731184
1,0.81971616
1,0.91023636
1,0.76130277
1,0.96994007
1,0.97714704
1,0.8401184
1,0.70629704
1,0.79497796
1,0.96256274
1,0.8734926
1,0.9262535
1,0.97487384
1,0.6285948
1,0.94022423
1,0.8606092
1,0.7897113
1,0.92577314
1,0.49141407
1,0.9012407
1,0.7049218
1,0.8431296
1,0.76099527
1,0.6189941
1,0.82153875
1,0.83546
1,0.6079259
1,0.90237445
1,0.72708744
1,0.8358362
1,0.86196226
1,0.7179266
1,0.8466696
1,0.73621273
1,0.87768584
1,0.9975909
1,0.90131855
1,0.8512269
1,0.8711889
1,0.974997
1,0.96373427
1,0.76382774
1,0.7591591
1,0.7566818
1,0.9492708
1,0.59482664
1,0.8798255
1,0.9363676
1,0.89990824
1,0.7623579
1,0.84844655
1,0.8426843
1,0.83980393
1,0.615912
1,0.9199414
1,0.8822701
1,0.72989136
1,0.7856855
1,0.90343684
1,0.93555707
1,0.8411829
1,0.9581897
1,0.8184937
1,0.9014431
1,0.9356467
1,0.7093526
1,0.8846701
1,0.85068876
1,0.6301429
1,0.6620502
1,0.6565802
1,0.52554023
1,0.9311781
1,0.90112454
1,0.70987105
1,0.94266945
1,0.89744455
1,0.8164444
1,0.9335309
1,0.6946765
1,0.98556477
1,0.9570052
1,0.70163745
1,0.82477504
1,0.6050988
1,0.9713867
1,0.7923758
1,0.8948807
1,0.6150693
1,0.8972005
1,0.7421347
1,0.83235633
1,0.86764574
1,0.9507801
1,0.62053543
1,0.8482009
1,0.40390345
1,0.9041351
1,0.8357092
1,0.82850695
1,0.74895525
1,0.81464905
1,0.98142654
1,0.8393699
1,0.5061838
1,0.9210797
1,0.67348313
1,0.8582114
1,0.8708337
1,0.8216756
1,0.85635436
1,0.8663502
1,0.90950674
1,0.8258433
1,0.9071424
1,0.95148253
1,0.8142762
1,0.78766316
1,0.906255
1,0.9292133
1,0.9335027
1,0.81934154
1,0.875973
1,0.93600804
1,0.85599035
1,0.89520025
1,0.83687645
1,0.978849
1,0.9030348
1,0.9841899
1,0.8989252
1,0.61185384
1,0.95677716
1,0.7684024
1,0.9897396
1,0.9848215
1,0.93858415
1,0.90118885
1,0.9583388
1,0.9127069
1,0.9519494
1,0.95212764
1,0.8853042
1,0.97024095
1,0.8870573
1,0.68883854
1,0.9477568
1,0.8709762
1,0.93618447
1,0.8688095
1,0.931758
1,0.8890432
1,0.94550383
1,0.95775396
1,0.85748696
1,0.73053056
1,0.9227084
1,0.39548734
1,0.7636594
1,0.954835
1,0.9395851
1,0.8059188
1,0.9298179
1,0.90349734
1,0.76770204
1,0.96442044
1,0.84747034
1,0.7923537
1,0.8336923
1,0.44958556
1,0.98764366
1,0.73549944
1,0.9709409
1,0.8063706
1,0.9142706
1,0.937532
1,0.8005661
1,0.9405936
1,0.8502182
1,0.7354817
1,0.93791044
1,0.8420045
1,0.9441643
1,0.8948031
1,0.9165674
1,0.9179963
1,0.8968543
1,0.904252
1,0.8668142
1,0.96633077
1,0.92928743
1,0.83384454
1,0.6403482
1,0.885645
1,0.9399121
1,0.69021446
1,0.92898786
1,0.879674
1,0.9576602
1,0.9068798
1,0.7709674
1,0.73667824
1,0.943333
1,0.90891445
1,0.9072537
1,0.9242638
1,0.8608061
1,0.91380847
1,0.8997599
1,0.8394857
1,0.8178044
1,0.84417564
1,0.8541358
1,0.7695461
1,0.86763036
1,0.9337581
1,0.73221326
1,0.7232157
1,0.7412894
1,0.8656401
1,0.9182832
1,0.783155
1,0.7963279
1,0.87904495
1,0.7473677
1,0.9775941
1,0.92902064
1,0.8806242
1,0.7156442
1,0.9342616
1,0.7605755
1,0.9331607
1,0.92000043
1,0.80930686
1,0.96413946
1,0.6526929
1,0.89998597
1,0.93562657
1,0.93201494
1,0.76862806
1,0.9637526
1,0.9067407
1,0.83328944
1,0.96290755
1,0.86868113
1,0.54234475
1,0.8645128
1,0.76537675
1,0.8899396
1,0.6057822
1,0.95495486
1,0.7246026
1,0.8542835
1,0.8753386
1,0.7613139
1,0.72521377
1,0.7729745
1,0.6965521
1,0.93096787
1,0.584409
1,0.5913004
1,0.53843457
1,0.5387253
1,0.8977865
1,0.93340874
1,0.5798301
1,0.9518206
1,0.89899117
1,0.7729777
1,0.8916585
1,0.8857169
1,0.8100352
1,0.7463436
1,0.93375176
1,0.8902061
1,0.83034545
1,0.9703114
1,0.86752933
1,0.9399956
1,0.89496624
1,0.78373194
1,0.940218
1,0.7867294
1,0.9115997
1,0.7618563
1,0.85094815
1,0.9148681
1,0.6110199
1,0.76148874
1,0.75870854
1,0.77286804
1,0.8196002
1,0.704955
1,0.8912456
1,0.59893656
1,0.886067
1,0.77651113
1,0.7099962
1,0.91391754
1,0.83943915
1,0.74344194
1,0.5967948
1,0.9386816
1,0.818613
1,0.81049234
1,0.91849315
1,0.9615977
1,0.7805829
1,0.740345
1,0.9047868
1,0.8225076
1,0.86780506
1,0.93210477
1,0.7957651
1,0.90044516
1,0.84556323
1,0.8542776
1,0.9160372
1,0.91739494
1,0.9283221
1,0.83563244
1,0.92777896
1,0.94632417
1,0.6259709
1,0.6917123
1,0.884529
1,0.96436197
1,0.90279126
1,0.9593115
1,0.8698013
1,0.6959642
1,0.89511025
1,0.97027045
1,0.94536525
1,0.89880645
1,0.95347553
1,0.9741846
1,0.7511871
1,0.7760096
1,0.96790355
1,0.9721844
1,0.97293895
1,0.7895662
1,0.9057713
1,0.8554303
1,0.93302476
1,0.6085557
1,0.68292886
1,0.7710514
1,0.82676685
1,0.859912
1,0.98568726
1,0.8505199
1,0.8835995
1,0.8990648
1,0.6503322
1,0.72963464
1,0.6243456
1,0.629879
1,0.7147093
1,0.7824265
1,0.5338392
1,0.9043197
1,0.6871311
1,0.8035246
1,0.62257385
1,0.87621784
1,0.8157582
1,0.63207334
1,0.522076
1,0.8540194
1,0.7708226
1,0.68339556
1,0.7385407
1,0.77449787
1,0.53630215
1,0.870285
1,0.7075047
1,0.42712942
1,0.6674732
1,0.90098065
1,0.56711763
1,0.830012
1,0.8073473
1,0.7663214
1,0.4949692
1,0.86626
1,0.47235897
1,0.9155247
1,0.6838112
1,0.7620371
1,0.87770486
1,0.74223185
1,0.51222086
1,0.9188421
1,0.39387232
1,0.7991153
1,0.51402086
1,0.8127281
1,0.64599323
1,0.7949196
1,0.8774139
1,0.8599391
1,0.4974589
1,0.6585725
1,0.47978464
1,0.7883306
1,0.7032951
1,0.6096543
1,0.78868943
1,0.81389254
1,0.8991421
1,0.91056824
1,0.7037501
1,0.66606224
1,0.8659343
1,0.9081744
1,0.63272667
1,0.9017802
1,0.8112152
1,0.93574
1,0.97596407
1,0.74596596
1,0.55878633
1,0.9280494
1,0.8713812
1,0.99320555
1,0.9158482
1,0.95967114
1,0.859223
1,0.95978993
1,0.96736544
1,0.77556443
1,0.9022138
1,0.8544618
1,0.9688412
1,0.8254195
1,0.80329883
1,0.71007395
1,0.9870934
1,0.7709283
1,0.96522427
1,0.6551618
1,0.60028696
1,0.77289057
1,0.8666988
1,0.50703055
1,0.6376163
1,0.8814695
1,0.8257562
1,0.80933976
1,0.7454802
1,0.77298623
1,0.934645
1,0.9371371
1,0.47941944
1,0.7337681
1,0.8014742
1,0.82646245
1,0.59879667
1,0.86270297
1,0.68394184
1,0.67706704
1,0.83189845
1,0.57420266
1,0.6711417
1,0.65836877
1,0.6677649
1,0.63524735
1,0.7717857
1,0.7813206
1,0.8848773
1,0.79758614
1,0.9626645
1,0.76202244
1,0.82040685
1,0.89076626
1,0.86126435
1,0.8613715
1,0.742009
1,0.75279826
1,0.7835971
1,0.76260805
1,0.66563404
1,0.63211924
1,0.6408996
1,0.75180537
1,0.7563572
1,0.8703532
1,0.91412014
1,0.5575703
1,0.9055088
1,0.8574962
1,0.8558634
1,0.9107739
1,0.8050381
1,0.89126444
1,0.9228893
1,0.7899929
1,0.7767359
1,0.7674368
1,0.8297694
1,0.87444186
1,0.78173244
1,0.8974046
1,0.7495622
1,0.7174278
1,0.77605635
1,0.5968981
1,0.81768906
1,0.7564103
1,0.9236727
1,0.65058285
1,0.8694873
1,0.87539023
1,0.7334848
1,0.8481622
1,0.8729467
1,0.43227723
1,0.80999386
1,0.8057603
1,0.42475808
1,0.7533472
1,0.83182436
1,0.87321925
1,0.82464474
1,0.7495736
1,0.8373258
1,0.6667261
1,0.89268535
1,0.86397266
1,0.8335383
1,0.78957164
1,0.801642
1,0.49130777
1,0.9468286
1,0.9896813
1,0.90429425
1,0.76024497
1,0.54068446
1,0.94389594
1,0.40250143
1,0.7602538
1,0.81228375
1,0.7313256
1,0.94144064
1,0.6038668
1,0.53099585
1,0.62785524
1,0.8637898
1,0.88486725
1,0.8043917
1,0.77381307
1,0.8907084
1,0.81573415
1,0.93573874
1,0.80241936
1,0.6341457
1,0.8275244
1,0.9266733
1,0.7121111
1,0.83570194
1,0.75569564
1,0.8721038
1,0.86539555
1,0.7028995
1,0.82315046
1,0.8312706
1,0.948798
1,0.8786451
1,0.8628367
1,0.69441175
1,0.87976867
1,0.8681431
1,0.93492407
1,0.81588316
1,0.80216545
1,0.9122943
1,0.89126086
1,0.738289
1,0.82788557
1,0.81506944
1,0.46636957
1,0.7960168
1,0.9294018
1,0.88406616
1,0.69113505
1,0.84696525
1,0.8925574
1,0.93435746
1,0.8026148
1,0.6056511
1,0.9503516
1,0.8371714
1,0.815415
1,0.85953647
1,0.789343
1,0.79009414
1,0.7114762
1,0.8260888
1,0.7150992
1,0.81216544
1,0.7784868
1,0.7770194
1,0.6081943
1,0.69547904
1,0.8130283
1,0.62872183
1,0.88970673
1,0.8274478
1,0.85128295
1,0.64593637
1,0.8308017
1,0.80054027
1,0.83492476
1,0.8855053
1,0.57796556
1,0.78119826
1,0.8625556
1,0.4179629
1,0.9346819
1,0.7725408
1,0.5806827
1,0.74079466
1,0.7614783
1,0.6452191
1,0.6410232
1,0.6740575
1,0.9271546
1,0.8632535
1,0.7816499
1,0.7273014
1,0.67114246
1,0.40917587
1,0.91072226
1,0.8696399
1,0.64615774
1,0.8099636
1,0.86304337
1,0.88219595
1,0.9449553
1,0.7392241
1,0.76857674
1,0.5021506
1,0.8166851
1,0.91186076
1,0.77316904
1,0.538999
1,0.61962736
1,0.9381679
1,0.8787345
1,0.73412085
1,0.7854385
1,0.6300381
1,0.8023683
1,0.85282433
1,0.8092045
1,0.794562
1,0.5019492
1,0.6926363
1,0.8364295
1,0.465105
1,0.78806406
1,0.84866035
1,0.8395981
1,0.9576251
1,0.6586491
1,0.50198233
1,0.95368
1,0.9311857
1,0.6951224
1,0.61681163
1,0.49298087
1,0.8661821
1,0.8287387
1,0.6676287
1,0.7147773
1,0.8836301
1,0.7869507
1,0.8900541
1,0.76075274
1,0.53475994
1,0.9047195
1,0.6384451
1,0.2872199
0,0.4567876
0,0.40494102
0,0.34876594
0,0.36547744
0,0.32060823
0,0.33377177
0,0.34184927
0,0.35224128
0,0.3830915
0,0.5972806
0,0.37528974
0,0.39160007
0,0.41515452
0,0.36962178
0,0.70333457
0,0.3620099
0,0.33241805
0,0.391309
0,0.31704643
0,0.31104302
0,0.38787517
0,0.40334493
0,0.36166555
0,0.37618622
0,0.3360045
0,0.4829351
0,0.36174846
0,0.35386747
0,0.36613467
0,0.40356737
0,0.30938166
0,0.2968355
0,0.34546793
0,0.35111824
0,0.3338833
0,0.31991708
0,0.38467437
0,0.3366474
0,0.33530948
0,0.31254143
0,0.31219068
0,0.37742642
0,0.39229858
0,0.3967634
0,0.32309937
0,0.54254687
0,0.44515914
0,0.7858001
0,0.34075055
0,0.3876821
0,0.39662975
0,0.4554446
0,0.40970275
0,0.39903295
0,0.35706615
0,0.38928726
0,0.3342785
0,0.2955569
0,0.38858536
0,0.4284182
0,0.4188455
0,0.3357133
0,0.35804784
0,0.35921258
0,0.39353094
0,0.48474503
0,0.48032758
0,0.54453456
0,0.33580968
0,0.30701628
0,0.46716017
0,0.34184307
0,0.37868902
0,0.40796542
0,0.44279245
0,0.44420943
0,0.37421525
0,0.35540187
0,0.336287
0,0.41546816
0,0.30664235
0,0.3342096
0,0.30883417
0,0.3641339
0,0.33878893
0,0.39629066
0,0.33939236
0,0.38455072
0,0.44076103
0,0.3386824
0,0.33596173
0,0.46537817
0,0.4265315
0,0.34046435
0,0.36301082
0,0.34147045
0,0.3554033
0,0.40391475
0,0.3701221
0,0.39063752
0,0.39458373
0,0.37013322
0,0.416066
0,0.34608257
0,0.40620375
0,0.37604332
0,0.413002
0,0.39809138
0,0.3373167
0,0.34443
0,0.35037616
0,0.4299894
0,0.38038686
0,0.42226037
0,0.4047861
0,0.3952171
0,0.4230262
0,0.43090755
0,0.33720878
0,0.3482534
0,0.33083522
0,0.36891922
0,0.35384968
0,0.33936027
0,0.4736411
0,0.7756915
0,0.41064164
0,0.42464304
0,0.5862019
0,0.34167638
0,0.3401194
0,0.35512796
0,0.34537813
0,0.3083836
0,0.30890816
0,0.34603095
0,0.40370792
0,0.385893
0,0.35837024
0,0.3435172
0,0.39691064
0,0.37880257
0,0.32608727
0,0.46181053
0,0.35975423
0,0.43108726
0,0.3861178
0,0.5864222
0,0.62149894
0,0.37311637
0,0.3709306
0,0.39065957
0,0.40993652
0,0.3640814
0,0.33305874
0,0.37771073
0,0.36829558
0,0.42742914
0,0.37449116
0,0.47349918
0,0.43114975
0,0.5585682
0,0.5233061
0,0.40366837
0,0.4068548
0,0.3427705
0,0.30425462
0,0.4663749
0,0.34508887
0,0.42820954
0,0.41139883
0,0.4053829
0,0.38995534
0,0.39389026
0,0.33813688
0,0.3311842
0,0.38881597
0,0.34859273
0,0.37232268
0,0.6024339
0,0.351928
0,0.33047646
0,0.53678614
0,0.33654183
0,0.31929126
0,0.44301486
0,0.34545523
0,0.40542603
0,0.33731228
0,0.37554732
0,0.4129542
0,0.46364257
0,0.49589798
0,0.4401882
0,0.31305632
0,0.392073
0,0.36715582
0,0.4392007
0,0.39647692
0,0.35657218
0,0.39284435
0,0.32568738
0,0.35746348
0,0.38302168
0,0.3685362
0,0.41117576
0,0.34546277
0,0.32207105
0,0.40466586
0,0.3370234
0,0.33908254
0,0.37965733
0,0.47852
0,0.40962526
0,0.42554557
0,0.545906
0,0.29923728
0,0.30802414
0,0.34441084
0,0.35449877
0,0.3935003
0,0.40642303
0,0.33249614
0,0.38806775
0,0.49555627
0,0.3556384
0,0.34860918
0,0.31427732
0,0.28987306
0,0.40181085
0,0.4109413
0,0.5053895
0,0.31235173
0,0.29571384
0,0.34786615
0,0.5380325
0,0.33469427
0,0.7673528
0,0.32153043
0,0.3721163
0,0.35918003
0,0.3541557
0,0.36122075
0,0.47954962
0,0.4697153
0,0.33352605
0,0.336148
0,0.44929263
0,0.40521222
0,0.38179585
0,0.40042117
0,0.49970335
0,0.378111
0,0.33810908
0,0.30959502
0,0.34643197
0,0.39407867
0,0.4541366
0,0.362348
0,0.46505964
0,0.37129924
0,0.3789977
0,0.32085794
0,0.35926288
0,0.32267764
0,0.3941254
0,0.36351037
0,0.32087073
0,0.3257834
0,0.2998133
0,0.32545632
0,0.3288766
0,0.3556471
0,0.3222384
0,0.31897265
0,0.34421128
0,0.38265434
0,0.36996183
0,0.31092352
0,0.42012596
0,0.3341364
0,0.49665686
0,0.3372838
0,0.30318195
0,0.372229
0,0.39250657
0,0.32415634
0,0.3060947
0,0.35330904
0,0.55353683
0,0.3657146
0,0.31412143
0,0.32800686
0,0.44779631
0,0.3642303
0,0.4010607
0,0.47384647
0,0.413484
0,0.34118503
0,0.44150615
0,0.3040775
0,0.3762958
0,0.32462338
0,0.3819743
0,0.42670822
0,0.35001642
0,0.37104344
0,0.4485736
0,0.4029919
0,0.3817195
0,0.5009814
0,0.3640918
0,0.30803737
0,0.33713728
0,0.41267228
0,0.35186937
0,0.38639516
0,0.37894735
0,0.36249462
0,0.33995637
0,0.4301383
0,0.5737026
0,0.36621708
0,0.34559357
0,0.48574498
0,0.46188197
0,0.48295647
0,0.3733608
0,0.49721265
0,0.30971625
0,0.31153396
0,0.31320304
0,0.6803764
0,0.33630347
0,0.34676114
0,0.35020652
0,0.33211395
0,0.32266214
0,0.34595108
0,0.34878433
0,0.34845337
0,0.40260983
0,0.4523858
0,0.40441668
0,0.3793371
0,0.34343153
0,0.33317727
0,0.32699633
0,0.6218916
0,0.3158375
0,0.30774686
0,0.42791536
0,0.393587
0,0.33940604
0,0.30439514
0,0.3412503
0,0.37503764
0,0.3318296
0,0.33455688
0,0.34973034
0,0.32460773
0,0.3169445
0,0.31255624
0,0.31361562
0,0.30323938
0,0.29888493
0,0.30876637
0,0.31311166
0,0.3066918
0,0.31886926
0,0.36900195
0,0.64516586
0,0.4394777
0,0.39008704
0,0.39489397
0,0.32553592
0,0.34991947
0,0.34176636
0,0.32310027
0,0.35973015
0,0.327846
0,0.37586814
0,0.37729228
0,0.31658688
0,0.3482946
0,0.34050232
0,0.339834
0,0.30447078
0,0.350602
0,0.38881233
0,0.41264397
0,0.34864244
0,0.3451112
0,0.5118657
0,0.45302403
0,0.37049353
0,0.34845603
0,0.41655722
0,0.38048515
0,0.35323268
0,0.4160049
0,0.2965662
0,0.3348257
0,0.34104154
0,0.32688457
0,0.30942178
0,0.36547458
0,0.32023644
0,0.3081745
0,0.3520131
0,0.34254384
0,0.31888926
0,0.32381487
0,0.2998066
0,0.30524403
0,0.3122355
0,0.29610157
0,0.32739553
0,0.31847325
0,0.31606466
0,0.3572807
0,0.33884725
0,0.309989
0,0.3894382
0,0.315146
0,0.35121888
0,0.32783908
0,0.33032882
0,0.31095397
0,0.33134463
0,0.30447188
0,0.3192447
0,0.36040965
0,0.34345216
0,0.42870456
0,0.36278632
0,0.31581149
0,0.34142303
0,0.3091301
0,0.34004983
0,0.296095
0,0.37324446
0,0.4531662
0,0.3708489
0,0.33517447
0,0.47292322
0,0.31759846
0,0.36114177
0,0.33459494
0,0.40601942
0,0.42657736
0,0.31071377
0,0.3145582
0,0.4508388
0,0.3639298
0,0.7891451
0,0.33491105
0,0.3240613
0,0.37961698
0,0.3284042
0,0.29788244
0,0.3447828
0,0.35168937
0,0.3592031
0,0.4093456
0,0.36913258
0,0.34126902
0,0.3388939
0,0.37314418
0,0.35892123
0,0.38524875
0,0.3604685
0,0.3864482
0,0.32611987
0,0.3492819
0,0.31840426
0,0.3101661
0,0.6496019
0,0.3275542
0,0.32210973
0,0.31814313
0,0.32453358
0,0.36006936
0,0.35995233
0,0.33018607
0,0.30805796
0,0.30153772
0,0.3474268
0,0.33575466
0,0.38651565
0,0.32673073
0,0.502811
0,0.3368704
0,0.3248976
0,0.38042974
0,0.44781843
0,0.442555
0,0.32849708
0,0.39501676
0,0.32453808
0,0.3701888
0,0.34196857
0,0.48268834
0,0.39824125
0,0.37061623
0,0.4255903
0,0.33722657
0,0.51991016
0,0.40345523
0,0.29631516
0,0.30407214
0,0.35316506
0,0.37794757
0,0.37920982
0,0.43011582
0,0.3483233
0,0.31238547
0,0.35028195
0,0.35421073
0,0.343845
0,0.35757074
0,0.31666234
0,0.3491429
0,0.464858
0,0.4322457
0,0.36245462
0,0.3663505
0,0.36372423
0,0.42001882
0,0.36977595
0,0.35340628
0,0.48545566
0,0.42784464
0,0.3295849
0,0.49589452
0,0.38940486
0,0.38959143
0,0.32580736
0,0.34271204
0,0.36634845
0,0.35130224
0,0.33538923
0,0.41414335
0,0.36624286
0,0.32133284
0,0.49993932
0,0.4091147
0,0.5534607
0,0.5244723
0,0.38505685
0,0.5465849
0,0.52553284
0,0.53427327
0,0.32420996
0,0.36846128
0,0.4321247
0,0.40379205
0,0.4536891
0,0.3400788
0,0.3474086
0,0.49988782
0,0.3876748
0,0.438435
0,0.48653728
0,0.8585264
0,0.4261724
0,0.35593337
0,0.33671525
0,0.5002681
0,0.62442976
0,0.38609862
0,0.47687262
0,0.4743739
0,0.34931073
0,0.33231866
0,0.34981662
0,0.33277625
0,0.4925203
0,0.45956644
0,0.32320458
0,0.66907597
0,0.41830373
0,0.5752861
0,0.4339213
0,0.35684708
0,0.3325792
0,0.37369937
0,0.33587092
0,0.30954167
0,0.34675935
0,0.3150174
0,0.37039912
0,0.38615006
0,0.3601577
0,0.30967382
0,0.4403969
0,0.3624784
0,0.32195878
0,0.3841839
0,0.33581933
0,0.36934084
0,0.56178504
0,0.4042203
0,0.48621786
0,0.436322
0,0.33094046
0,0.65342325
0,0.62287015
0,0.35896733
0,0.3473106
0,0.40644264
0,0.43903065
0,0.33937812
0,0.40046147
0,0.4201428
0,0.39559698
0,0.36159632
0,0.3316194
0,0.3287068
0,0.4178491
0,0.4780631
0,0.37004614
0,0.32076246
0,0.30252528
0,0.37341624
0,0.43961474
0,0.36289075
0,0.33874744
0,0.36383837
0,0.35144874
0,0.3945206
0,0.3309278
0,0.4545557
0,0.323798
0,0.30283985
0,0.32282174
0,0.3810297
0,0.39452964
0,0.33767506
0,0.3275816
0,0.3626039
0,0.5401596
0,0.32423168
0,0.33981594
0,0.37351766
0,0.33195463
0,0.37708512
0,0.39977843
0,0.33934885
0,0.45274463
0,0.32423845
0,0.33853003
0,0.39783394
0,0.32198718
0,0.35571414
0,0.36479494
0,0.34037063
0,0.3630594
0,0.33964485
0,0.33548984
0,0.3286159
0,0.3202235
0,0.35533887
0,0.3171933
0,0.38947344
0,0.33244836
0,0.40534467
0,0.394633
0,0.30374324
0,0.30596986
0,0.3580226
0,0.5527374
0,0.33525875
0,0.34315103
0,0.39401826
0,0.36073908
0,0.3590933
0,0.4443818
0,0.43466756
0,0.3596492
0,0.44813552
0,0.33048788
0,0.32364246
0,0.39058498
0,0.38928083
0,0.32655033
0,0.3068986
0,0.3238582
0,0.31641254
0,0.3479809
0,0.33239186
0,0.4850776
0,0.37002772
0,0.7082908
0,0.65112704
0,0.34069258
0,0.28223318
0,0.32004878
0,0.6143995
0,0.39387012
0,0.41046113
0,0.7526095
0,0.32892963
0,0.35003224
0,0.626165
0,0.34617317
0,0.45265266
0,0.40438932
0,0.36211506
0,0.35727036
0,0.35950089
0,0.4807708
0,0.36697257
0,0.338011
0,0.36761022
0,0.33612466
0,0.35859913
0,0.42919123
0,0.5209297
0,0.41519022
0,0.37574953
0,0.3708449
0,0.48464668
0,0.6192449
0,0.36041635
0,0.33631438
0,0.32738918
0,0.3499636
0,0.44235393
0,0.31864363
0,0.3900298
0,0.3511135
0,0.34360632
0,0.45105776
0,0.35020608
0,0.31424174
0,0.30142006
0,0.32835057
0,0.40426052
0,0.33151412
0,0.3370066
0,0.36483654
0,0.37927455
0,0.33008346
0,0.42312673
0,0.3718112
0,0.37877783
0,0.3213607
0,0.35798866
0,0.3152683
0,0.39618605
0,0.35225794
0,0.46784496
0,0.39486226
0,0.34398776
0,0.31789115
0,0.32187864
0,0.3046627
0,0.3513394
0,0.35262194
0,0.3529109
0,0.34416673
0,0.35048437
0,0.36587706
0,0.35273382
0,0.32580227
0,0.31761616
0,0.3596738
0,0.3478214
0,0.32572886
0,0.34873712
0,0.32767892
0,0.31914446
0,0.41962755
0,0.32473966
0,0.29980487
0,0.39627334
0,0.3667102
0,0.35111877
0,0.32393324
0,0.39877164
0,0.34673786
0,0.3205662
0,0.45640525
0,0.3849563
0,0.32590255
0,0.3603777
0,0.32668793
0,0.38573733
0,0.35739323
0,0.42774817
0,0.3489723
0,0.3340005
0,0.46727607
0,0.32551783
0,0.37509707
0,0.30613732
0,0.3907371
0,0.37827983
0,0.5494483
0,0.39585105
0,0.3997904
0,0.4135515
0,0.43459383
0,0.34768242
0,0.3935728
0,0.4490525
0,0.38260624
0,0.3566399
0,0.35397282
0,0.48164198
0,0.40698475
0,0.35903975
0,0.5125547
0,0.5401599
0,0.33389148
0,0.3563507
0,0.34181145
0,0.38618478
0,0.41008282
0,0.33249712
0,0.3121311
0,0.35555974
0,0.40751657
0,0.33480984
0,0.41584983
0,0.39236748
0,0.3493035
0,0.40025324
0,0.34445468
0,0.40069464
0,0.36913544
0,0.38086456
0,0.36364752
0,0.33116937
0,0.3245086
0,0.3832324
0,0.48682398
0,0.3391178
0,0.3489675
0,0.3630599
0,0.38108426
0,0.3656338
0,0.3265677
0,0.33272138
0,0.4503603
0,0.2926336
0,0.36983123
0,0.5660595
0,0.33977175
0,0.33913204
0,0.31645495
0,0.34969866
0,0.3862769
1,0.44897196
1,0.76868176
1,0.66307026
1,0.94997835
1,0.9806111
1,0.9989243
1,0.97477084
1,0.7975025
1,0.83622164
1,0.9118593
1,0.9005069
1,0.79433966
1,0.9513715
1,0.75526464
1,0.8441992
1,0.78478664
1,0.9846421
1,0.9524251
1,0.863449
1,0.9243162
1,0.9077107
1,0.97784126
1,0.95722413
1,0.9907637
1,0.9712748
1,0.9348752
1,0.8300937
1,0.80217654
1,0.99372476
1,0.9898977
1,0.9093283
1,0.9272839
1,0.784773
1,0.9763655
1,0.98051685
1,0.99059266
1,0.992035
1,0.993339
1,0.9691093
1,0.91160387
1,0.86530256
1,0.9851908
1,0.92152154
1,0.89279526
1,0.8832538
1,0.93415946
1,0.99560046
1,0.9784353
1,0.8825709
1,0.80003124
1,0.97908926
1,0.990741
1,0.8963296
1,0.7943873
1,0.9345517
1,0.97672176
1,0.9441556
1,0.9110528
1,0.96056026
1,0.97272104
1,0.93799716
1,0.74036807
1,0.8639152
1,0.6641269
1,0.77733064
1,0.90431416
1,0.99129677
1,0.98434955
1,0.9617422
1,0.89276856
1,0.8618852
1,0.8820944
1,0.9047182
1,0.65632266
1,0.63593364
1,0.9575939
1,0.9826058
1,0.93644834
1,0.9240457
1,0.89808637
1,0.90008456
1,0.9111973
1,0.98778117
1,0.89974946
1,0.9770999
1,0.9802361
1,0.9775149
1,0.97986484
1,0.837917
1,0.6956197
1,0.9056118
1,0.9769174
1,0.9931178
1,0.9714636
1,0.8278848
1,0.92622995
1,0.95139784
1,0.98232114
1,0.98626417
1,0.97960323
1,0.7960926
1,0.86045647
1,0.9721879
1,0.88382334
1,0.7565394
1,0.84321666
1,0.96448654
1,0.98558724
1,0.8388991
1,0.886162
1,0.90508324
1,0.9927637
1,0.98634803
1,0.88880885
1,0.764394
1,0.987946
1,0.9708359
1,0.8886391
1,0.88455474
1,0.6417089
1,0.73305976
1,0.90547353
1,0.986522
1,0.9569912
1,0.7171069
1,0.821623
1,0.89998454
1,0.9816421
1,0.96902394
1,0.9838437
1,0.5148257
1,0.95886374
1,0.95652866
1,0.8596383
1,0.8230715
1,0.7150987
1,0.8931764
1,0.9957892
1,0.791616
1,0.95057815
1,0.99281573
1,0.98507774
1,0.842407
1,0.99648714
1,0.93359536
1,0.99096096
1,0.8991344
1,0.55302787
1,0.96428394
1,0.96024215
1,0.6489864
1,0.87200457
1,0.8732061
1,0.97447836
1,0.9660005
1,0.9928899
1,0.9948718
1,0.95982474
1,0.8709407
1,0.6594573
1,0.92487717
1,0.9906137
1,0.97164065
1,0.79839665
1,0.8724327
1,0.8560492
1,0.9862469
1,0.9876478
1,0.898119
1,0.7681967
1,0.9219287
1,0.9886962
1,0.9590452
1,0.80390394
1,0.8539286
1,0.9831518
1,0.97823215
1,0.9079907
1,0.7808312
1,0.9417881
1,0.996983
1,0.88823634
1,0.8354622
1,0.9112458
1,0.95318073
1,0.99688274
1,0.98181206
1,0.85557246
1,0.7543556
1,0.95829517
1,0.9819233
1,0.93928576
1,0.59252554
1,0.88844424
1,0.6280261
1,0.9675584
1,0.9697464
1,0.9338481
1,0.8624811
1,0.85693824
1,0.9958984
1,0.9792877
1,0.9476857
1,0.67303896
1,0.8912728
1,0.99476975
1,0.97797704
1,0.89043796
1,0.8552139
1,0.98005795
1,0.9846124
1,0.83657986
1,0.7581032
1,0.9409288
1,0.990595
1,0.7822962
1,0.90239745
1,0.9925188
1,0.99854976
1,0.9705771
1,0.5584214
1,0.9847439
1,0.9949826
1,0.9807467
1,0.9668577
1,0.85506016
1,0.92265606
1,0.97413
1,0.9612796
1,0.86321247
1,0.8404148
1,0.9386601
1,0.99648356
1,0.946038
1,0.9247495
1,0.9594109
1,0.98687285
1,0.9854122
1,0.93901247
1,0.8330271
1,0.9296722
1,0.9905659
1,0.98223066
1,0.877138
1,0.8728713
1,0.9847521
1,0.9613423
1,0.99692976
1,0.9347679
1,0.9823832
1,0.9591815
1,0.962706
1,0.8144049
1,0.94776964
1,0.91769946
1,0.9036052
1,0.91666275
1,0.9705256
1,0.96235204
1,0.95689285
1,0.9325004
1,0.8025743
1,0.9596795
1,0.982656
1,0.99271154
1,0.9343028
1,0.87255156
1,0.8777276
1,0.91096425
1,0.9607838
1,0.99150723
1,0.97516996
1,0.9213488
1,0.94407725
1,0.87726915
1,0.9819647
1,0.99672353
1,0.89494514
1,0.7356026
1,0.50777864
1,0.7892291
1,0.9192142
1,0.87108517
1,0.91655236
1,0.98684627
1,0.918343
1,0.44574675
1,0.9700141
1,0.9848104
1,0.89937556
1,0.8665292
1,0.7347605
1,0.9546683
1,0.9690344
1,0.9946537
1,0.92549115
1,0.899736
1,0.89735365
1,0.984758
1,0.99567753
1,0.8646367
1,0.7563545
1,0.9931803
1,0.8877582
1,0.70055455
1,0.8270881
1,0.96836454
1,0.9913573
1,0.8220005
1,0.9557209
1,0.7510729
1,0.9446506
1,0.9985216
1,0.983611
1,0.9443099
1,0.9183201
1,0.45490497
1,0.9358036
1,0.92190427
1,0.99319446
1,0.91100955
1,0.9052929
1,0.9759736
1,0.9949532
1,0.9460781
1,0.8635787
1,0.5811448
1,0.93120843
1,0.95416087
1,0.9802312
1,0.98503655
1,0.93396795
1,0.9380306
1,0.6861961
1,0.8799135
1,0.9164954
1,0.9856337
1,0.9555639
1,0.97096896
1,0.99497515
1,0.97525615
1,0.93445456
1,0.9146904
1,0.909375
1,0.8452441
1,0.90125775
1,0.84797615
1,0.85835814
1,0.81050825
1,0.9254746
1,0.9686592
1,0.99717015
1,0.9815643
1,0.8920783
1,0.8622439
1,0.8504576
1,0.9967552
1,0.9887212
1,0.92945135
1,0.8036554
1,0.9219775
1,0.9852519
1,0.9690928
1,0.97385275
1,0.78057325
1,0.8332467
1,0.9676721
1,0.9825072
1,0.9715075
1,0.8548428
1,0.9214666
1,0.9137716
1,0.7119066
1,0.99617577
1,0.99740964
1,0.9703794
1,0.95652276
1,0.77708733
1,0.80392367
1,0.9828059
1,0.9962872
1,0.9799508
1,0.8051215
1,0.7153918
1,0.9203495
1,0.9821896
1,0.8720323
1,0.960222
1,0.99888283
1,0.9709646
1,0.9663412
1,0.7421116
1,0.7422037
1,0.74952036
1,0.7921468
1,0.85998875
1,0.99493986
1,0.8798896
1,0.9808765
1,0.9881687
1,0.5734067
1,0.85345244
1,0.83544135
1,0.9479137
1,0.9014679
1,0.8947694
1,0.9890827
1,0.95758975
1,0.8022443
1,0.842073
1,0.67062163
1,0.9929711
1,0.97496915
1,0.9657475
1,0.85262346
1,0.5542508
1,0.85079503
1,0.9827571
1,0.6427438
1,0.901183
1,0.9825556
1,0.93053824
1,0.786966
1,0.9957405
1,0.9450642
1,0.9305372
1,0.85994166
1,0.93336076
1,0.96869534
1,0.7811649
1,0.87204343
1,0.8960058
1,0.9870504
1,0.94282186
1,0.66064876
1,0.9047467
1,0.97148174
1,0.99391574
1,0.9911487
1,0.9446533
1,0.64992833
1,0.93800175
1,0.9625
1,0.9697488
1,0.9782667
1,0.913379
1,0.7782973
1,0.910551
1,0.86465484
1,0.9926495
1,0.9779805
1,0.9679689
1,0.9929717
1,0.95522076
1,0.96465033
1,0.7811909
1,0.9934355
1,0.9881264
1,0.9118596
1,0.92784363
1,0.93910426
1,0.99161094
1,0.97586846
1,0.40122226
1,0.73043597
1,0.84463847
1,0.90271926
1,0.9921772
1,0.99518305
1,0.96241254
1,0.89067614
1,0.9188943
1,0.9596637
1,0.7729579
1,0.88211787
1,0.79063
1,0.9690993
1,0.99792284
1,0.97489727
1,0.9353015
1,0.84519804
1,0.8226237
1,0.7698617
1,0.910725
1,0.9691092
1,0.99438745
1,0.9679224
1,0.9235334
1,0.69662875
1,0.8156019
1,0.7847365
1,0.9954643
1,0.5043465
1,0.96439916
1,0.9848936
1,0.95719117
1,0.9894665
1,0.8163689
1,0.9373315
1,0.94913286
1,0.94840413
1,0.9963695
1,0.98831415
1,0.9371473
1,0.75416154
1,0.91236764
1,0.98402506
1,0.9801555
1,0.9013762
1,0.9865035
1,0.9841526
1,0.9649007
1,0.93831724
1,0.87440455
1,0.92882985
1,0.9514314
1,0.9727902
1,0.90636206
1,0.9273414
1,0.9098695
1,0.81674224
1,0.93924654
1,0.91424567
1,0.83307576
1,0.8634
1,0.57020426
1,0.9825241
1,0.9934631
1,0.85600835
1,0.99081886
1,0.98073995
1,0.96153677
1,0.88293976
1,0.86998326
1,0.86662066
1,0.97135055
1,0.9798418
1,0.9675863
1,0.8316764
1,0.82648075
1,0.8483921
1,0.99005437
1,0.9628384
1,0.86043876
1,0.7722984
1,0.9038781
1,0.9787941
1,0.9884453
1,0.9507308
1,0.8561728
1,0.9280465
1,0.87860763
1,0.97861344
1,0.77377987
1,0.7783508
1,0.927005
1,0.9404351
1,0.96287274
1,0.84914196
1,0.5737297
1,0.54948044
1,0.84184587
1,0.8703187
1,0.9475102
1,0.97759104
1,0.99034625
1,0.98057896
1,0.9882179
1,0.86445343
1,0.96475196
1,0.8202017
1,0.8482134
1,0.9948514
1,0.89415306
1,0.99776566
1,0.7907693
1,0.7526275
1,0.9255423
1,0.9286777
1,0.78777635
1,0.9653395
1,0.9736606
1,0.91043115
1,0.89182866
1,0.97598946
1,0.88348943
1,0.9364899
1,0.91052425
1,0.8597749
1,0.9201724
1,0.9955088
1,0.986175
1,0.95025283
1,0.9613113
1,0.9543108
1,0.91242397
1,0.95421296
1,0.8359292
1,0.932805
1,0.7193374
1,0.8653952
1,0.99205536
1,0.9770702
1,0.9874279
1,0.9736245
1,0.9148302
1,0.8358783
1,0.9100126
1,0.9492367
1,0.9715584
1,0.8895856
1,0.9176289
1,0.74112904
1,0.80928665
1,0.9923246
1,0.9761031
1,0.83860534
1,0.9520736
1,0.99079496
1,0.97308004
1,0.69633543
1,0.9103535
1,0.9162232
1,0.949338
1,0.9428225
1,0.96371466
1,0.9601494
1,0.92800754
1,0.9839151
1,0.97788286
1,0.9853322
1,0.99740124
1,0.9395961
1,0.95251524
1,0.86174655
1,0.8240283
1,0.7342934
1,0.9879005
1,0.8922704
1,0.8686429
1,0.87845534
1,0.9882217
1,0.99586535
1,0.93439496
1,0.7494669
1,0.9206635
1,0.9701213
1,0.9932109
1,0.99246925
1,0.8339709
1,0.89973027
1,0.89915615
1,0.9817938
1,0.92172194
1,0.7078336
1,0.62077004
1,0.98406804
1,0.8418955
1,0.909681
1,0.86461943
1,0.9672523
1,0.9931526
1,0.66128397
1,0.8930254
1,0.84602207
1,0.52807856
1,0.786769
1,0.8948783
1,0.85626584
1,0.96493703
1,0.94994426
1,0.94993293
1,0.754341
1,0.78264016
1,0.90959924
1,0.8037265
1,0.9976816
1,0.9129911
1,0.8577946
1,0.88848215
1,0.98179746
1,0.9761677
1,0.9479103
1,0.840744
1,0.7005074
1,0.9719463
1,0.96829337
1,0.82669586
1,0.7885616
1,0.9318322
1,0.9243208
1,0.9735063
1,0.95081586
1,0.8073818
1,0.9051761
1,0.80003923
1,0.8206425
1,0.87048894
1,0.99254817
1,0.9802962
1,0.9638715
1,0.84298885
1,0.77066284
1,0.8668839
1,0.957167
1,0.97847396
1,0.87121195
1,0.95997864
1,0.87849224
1,0.9900575
1,0.9513753
1,0.9696659
1,0.9317105
1,0.9469322
1,0.8269102
1,0.8624306
1,0.83921075
1,0.8820886
1,0.9737747
1,0.98548776
1,0.9655577
1,0.903541
1,0.8604512
1,0.7603628
1,0.8214926
1,0.8756194
1,0.8391953
1,0.9558639
1,0.92773503
1,0.7965966
1,0.6337648
1,0.8960795
1,0.8860653
1,0.922369
1,0.82970315
1,0.89126617
1,0.9313479
1,0.996355
1,0.9864042
1,0.9900115
1,0.9779984
1,0.9314108
1,0.9294277
1,0.8196211
1,0.5700076
1,0.9510436
1,0.9884638
1,0.98345727
1,0.981375
1,0.8999889
1,0.94613
1,0.9536637
1,0.85379976
1,0.66607594
1,0.9640505
1,0.85366577
1,0.87299734
1,0.8650256
1,0.9640764
1,0.93271965
1,0.93387794
1,0.9086975
1,0.93793076
1,0.67376953
1,0.9865757
1,0.99681854
1,0.91315997
1,0.94958776
1,0.8848851
1,0.9565133
1,0.67427
1,0.7487535
1,0.9372983
1,0.9971644
1,0.9829146
1,0.93578607
1,0.7172992
1,0.8742308
1,0.94653046
1,0.9087521
1,0.9834701
1,0.992657
1,0.9459541
1,0.6403691
1,0.99303174
1,0.99844766
1,0.9845004
1,0.8981928
1,0.8478742
1,0.9147549
1,0.9476381
1,0.9673825
1,0.94833744
1,0.9731976
1,0.97397465
1,0.95007914
1,0.8540598
1,0.81785834
1,0.99653447
1,0.97515625
1,0.92332125
1,0.7196119
1,0.6954151
1,0.63735324
1,0.99045324
1,0.9817448
1,0.92891973
1,0.9045958
1,0.95424944
1,0.980553
1,0.9562493
1,0.9870646
1,0.9454809
1,0.40256727
1,0.92831254
1,0.9731058
1,0.93006945
1,0.7818528
1,0.86112803
1,0.9925081
1,0.96370846
1,0.7590334
1,0.80685765
1,0.7650478
1,0.7607522
1,0.9552059
1,0.9960722
1,0.95011413
1,0.8694709
1,0.682535
1,0.9454113
1,0.9811055
1,0.799599
1,0.7782336
1,0.97510695
1,0.9707938
1,0.90687114
1,0.60567343
1,0.6120736
1,0.77230066
1,0.4333033
1,0.81567574
1,0.964958
1,0.9877693
1,0.6570841
1,0.9288134
1,0.979791
1,0.99022526
1,0.94905895
1,0.78201723
1,0.9918469
1,0.989295
1,0.8706459
1,0.8031814
1,0.99597365
1,0.9846592
1,0.9703799
1,0.862371
1,0.96530527
1,0.78721875
1,0.63111085
1,0.9758907
1,0.9855407
1,0.87956905
1,0.8884263
1,0.9162946
1,0.8663912
1,0.9492123
1,0.9784146
1,0.9775733
1,0.7591687
1,0.77732545
1,0.75136507
1,0.93187195
1,0.9464543
1,0.38794708
1,0.97536725
1,0.96199393
1,0.7756236
1,0.62603825
1,0.85042423
1,0.9816784
1,0.9831393
1,0.97229135
1,0.9567007
1,0.9531513
1,0.66091627
1,0.8377873
1,0.9031416
1,0.63554585
1,0.9395836
1,0.9209625
1,0.9937698
1,0.97003233
1,0.94963336
1,0.6558681
1,0.8955372
1,0.9548551
1,0.99403125
1,0.87376827
1,0.68935496
1,0.8866411
1,0.99292
1,0.9768326
1,0.89227676
1,0.44409376
1,0.9896142
1,0.98538023
1,0.9238381
1,0.81500274
1,0.73590803
1,0.61621946
1,0.87581706
1,0.7662046
1,0.9106128
1,0.8992107
1,0.97163874
1,0.96729016
1,0.94718194
1,0.97856504
1,0.9616097
1,0.8233225
1,0.9388128
1,0.98967934
1,0.9864756
1,0.985939
1,0.895106
1,0.87422633
1,0.654649
1,0.93073475
1,0.883563
1,0.9001295
1,0.98805994
1,0.9704745
1,0.5837594
1,0.880364
1,0.98429537
1,0.9889824
1,0.98995113
1,0.94074285
1,0.9059391
1,0.7758227
1,0.8944774
1,0.9287028
1,0.9361932
1,0.95762134
1,0.8064932
1,0.989364
1,0.9957936
1,0.9633623
1,0.76002073
1,0.8737384
1,0.9712048
1,0.9834787
1,0.9752024
1,0.94967836
1,0.7906052
1,0.9661323
1,0.9923887
1,0.9773661
1,0.8193517
1,0.89556676
1,0.795922
1,0.9856413
1,0.67138296
1,0.957644
1,0.7783394
1,0.8972114
1,0.9890471
1,0.93862414
1,0.65414
1,0.8456887
1,0.97442156
1,0.98626137
1,0.9883171
1,0.9038286
1,0.80124277
1,0.81714547
1,0.9578894
1,0.9891851
1,0.9382353
1,0.8657654
1,0.42693403
1,0.94476306
1,0.98210126
1,0.96742487
1,0.93017435
1,0.5844677
1,0.8384578
1,0.9434745
1,0.96151966
1,0.91991055
1,0.93590695
1,0.9309846
1,0.7745602
1,0.9477446
1,0.8005797
1,0.79779965
1,0.86425084
1,0.97148985
1,0.95956796
1,0.87661135
1,0.8889655
1,0.9117866
1,0.9518099
1,0.7910405
1,0.9811413
1,0.9232578
1,0.9843689
1,0.68820035
1,0.777349
1,0.9689195
1,0.9746465
1,0.9874665
1,0.9687843
1,0.89506096
1,0.8986162
1,0.9527485
1,0.98962307
1,0.9516916
1,0.9920037
1,0.9812082
1,0.9641697
1,0.949381
1,0.50897974
1,0.98809713
1,0.9895556
1,0.99020994
1,0.95608264
1,0.88076407
1,0.8219708
1,0.81568104
1,0.91913676
1,0.8362202
1,0.9108592
1,0.8595316
1,0.69885147
1,0.8667659
1,0.93952394
1,0.95938456
1,0.96483064
1,0.9863939
1,0.9899101
1,0.88116
1,0.88961077
1,0.99087065
1,0.96942174
1,0.8626226
1,0.9457075
1,0.90210146
1,0.85296595
1,0.53826743
1,0.9854873
1,0.9620837
1,0.9697729
1,0.76597494
1,0.3998653
1,0.85804725
1,0.9360682
1,0.9855497
1,0.9712246
1,0.9029809
1,0.77198726
1,0.9851541
1,0.7238098
1,0.9832242
1,0.8562308
1,0.981907
1,0.8975612
1,0.9040548
1,0.9124253
1,0.8830501
1,0.73783046
1,0.9560928
1,0.977169
1,0.9903963
1,0.94847673
1,0.9718925
1,0.8966056
1,0.595812
1,0.94569653
1,0.9819968
1,0.98148215
1,0.9459212
1,0.8988495
1,0.83836764
1,0.9171858
1,0.87432045
1,0.9577844
1,0.9635331
1,0.97984076
1,0.78281415
1,0.84437156
1,0.8854208
1,0.90307826
1,0.88070023
1,0.98419434
1,0.9766724
1,0.826963
1,0.71421796
1,0.9109994
1,0.9723388
1,0.98140085
1,0.96429414
1,0.92953086
1,0.89750713
1,0.82765925
1,0.94556814
1,0.9798085
1,0.45474222
1,0.89203304
1,0.94439495
1,0.79409045
1,0.84035933
1,0.8206155
1,0.97805995
1,0.98627007
1,0.97473586
1,0.93182737
1,0.916997
1,0.83423895
1,0.9904695
1,0.9894076
1,0.98882794
1,0.90252256
1,0.83012646
1,0.6672299
1,0.9305135
1,0.84970343
1,0.9204971
1,0.9837219
1,0.9808108
1,0.905894
1,0.8958022
1,0.9961021
1,0.99520653
1,0.8014239
1,0.60654855
1,0.9193183
1,0.8906584
1,0.71423894
1,0.9580141
1,0.9920266
1,0.9986809
1,0.934506
1,0.9847151
1,0.9790876
1,0.9506239
1,0.93597335
1,0.8879046
1,0.9876767
1,0.99196684
1,0.99087113
1,0.9120088
1,0.9680521
1,0.8424203
1,0.9638161
1,0.9261818
1,0.98658305
1,0.9909605
1,0.96963936
1,0.97692776
1,0.97136945
1,0.99448013
1,0.7194836
1,0.87011766
1,0.9347205
1,0.9663748
1,0.99781895
1,0.9877509
1,0.92765766
1,0.8799064
1,0.89041144
1,0.8962404
1,0.9094451
1,0.90249187
1,0.9166568
1,0.95847845
1,0.9348927
1,0.9935409
1,0.9713048
1,0.98020625
1,0.9292896
1,0.9565294
1,0.90117466
1,0.8314422
1,0.86092573
1,0.9771861
1,0.97905844
1,0.88434327
1,0.8267587
1,0.37817895
1,0.92821354
1,0.80612564
1,0.7308166
1,0.88727796
1,0.4919586
1,0.9828186
1,0.8681894
1,0.84156847
1,0.76360244
1,0.946456
1,0.9907682
1,0.96390533
1,0.6977071
1,0.847298
1,0.9956641
1,0.9581083
1,0.7590796
1,0.9134953
1,0.9924912
1,0.94280696
1,0.7509484
1,0.9603087
1,0.96116096
1,0.95569104
1,0.7027079
1,0.89899004
1,0.9881038
1,0.9970957
1,0.8573917
1,0.92399615
1,0.9680312
1,0.98503345
1,0.94908917
1,0.73688555
1,0.8710966
1,0.95282626
1,0.98142356
1,0.95741194
1,0.79524505
1,0.7455554
1,0.9895772
1,0.9883096
1,0.93371755
1,0.6013395
1,0.859735
1,0.9158154
1,0.9739777
1,0.98771834
1,0.9889789
1,0.8672142
1,0.7856696
1,0.8646745
1,0.99048847
1,0.94931847
1,0.99580175
1,0.96682036
1,0.94531935
1,0.91908747
1,0.87959355
1,0.81182975
1,0.98391
1,0.9981395
1,0.9726167
1,0.42106387
1,0.93586695
1,0.9673895
1,0.9538436
1,0.9272431
1,0.85457647
1,0.9661709
1,0.9914125
1,0.9881926
1,0.9537857
1,0.91838425
1,0.6577794
1,0.7493194
1,0.9530419
1,0.99586695
1,0.99155104
1,0.96384954
1,0.9942433
1,0.953102
1,0.9478876
1,0.9933943
1,0.96164215
1,0.8569992
1,0.5782415
1,0.96235645
1,0.98681194
1,0.9855311
1,0.9831414
1,0.75123346
1,0.94948405
1,0.9476782
1,0.7514652
1,0.8555571
1,0.8399239
1,0.9205828
1,0.800674
1,0.9669981
1,0.9841995
1,0.970227
1,0.923719
1,0.964466
1,0.958397
1,0.99354476
1,0.9702992
1,0.7586271
1,0.8974375
1,0.9442188
1,0.9882847
1,0.9130709
1,0.7537318
1,0.93010014
1,0.9926889
1,0.96951884
1,0.88464326
1,0.9315154
1,0.9737168
1,0.98335314
1,0.9759563
1,0.93308336
1,0.62118393
1,0.91564786
1,0.9320808
1,0.93648326
1,0.9965024
1,0.98788315
1,0.8643058
1,0.6725715
1,0.8543868
1,0.88819677
1,0.873784
1,0.8076938
1,0.8738907
1,0.91674405
1,0.98888934
1,0.9596302
1,0.8932715
1,0.8502042
1,0.98247087
1,0.974422
1,0.9801791
1,0.89920366
1,0.9043545
1,0.79881454
1,0.92639637
1,0.9128992
1,0.9664197
1,0.9937351
1,0.89036626
1,0.99432284
1,0.748811
1,0.92328036
1,0.908292
1,0.8741384
1,0.9181023
1,0.9745181
1,0.9830667
1,0.99911505
1,0.94752675
1,0.91391754
1,0.8776998
1,0.97549427
1,0.98211783
1,0.9965991
1,0.94342726
1,0.8281809
1,0.9488708
1,0.96720463
1,0.98643166
1,0.9843709
1,0.8833409
1,0.91351706
1,0.94655275
1,0.9586443
1,0.91487175
1,0.8773561
1,0.9555312
1,0.96495837
1,0.96049297
1,0.80636096
1,0.9366977
1,0.9197656
1,0.828839
1,0.78769934
1,0.8150864
1,0.8145889
1,0.83547217
1,0.834298
1,0.92402506
1,0.72337973
1,0.9320405
1,0.97225153
1,0.7882554
1,0.99070895
1,0.8088483
1,0.9739552
1,0.95991325
1,0.9452341
1,0.98604876
1,0.9990975
1,0.9697081
1,0.9974032
1,0.8914147
1,0.9767173
1,0.9777649
1,0.8425905
1,0.8530504
1,0.90393627
1,0.7770819
1,0.9832989
1,0.95023453
1,0.96845084
1,0.9837838
1,0.9033188
1,0.81923455
1,0.82056326
1,0.8454011
1,0.9182439
1,0.88167995
1,0.979572
1,0.97513664
1,0.9340882
1,0.9565739
1,0.9226587
1,0.8864815
1,0.94313234
1,0.93550867
1,0.997677
1,0.99323845
1,0.9421861
1,0.85563326
1,0.59533566
1,0.9461645
1,0.99423933
1,0.97238874
1,0.97855616
1,0.93936193
1,0.6538411
1,0.5709027
1,0.7750963
1,0.9933708
1,0.98888576
1,0.9790243
1,0.8623783
1,0.6895747
1,0.59365183
1,0.93633014
1,0.5403903
1,0.6075994
1,0.8345942
1,0.91048205
1,0.9671844
1,0.9222783
1,0.9089683
1,0.8098618
1,0.91118294
1,0.9911999
1,0.8257499
1,0.99795413
1,0.9511916
1,0.88439155
1,0.9826879
1,0.9953427
1,0.9755896
1,0.8881289
1,0.96031106
1,0.71635044
1,0.89127666
1,0.8702594
1,0.8324049
1,0.9864009
1,0.97813535
1,0.7522364
1,0.92781734
1,0.99326915
1,0.97251713
1,0.8413427
1,0.98361546
1,0.7784904
1,0.86108434
1,0.9533868
1,0.9784929
1,0.99281293
1,0.802112
1,0.99841094
1,0.9682777
1,0.96186167
1,0.9863028
1,0.94806737
1,0.83300024
1,0.9720213
1,0.92205644
1,0.98747146
1,0.96701306
1,0.9484525
1,0.8692569
1,0.6361172
1,0.98418546
1,0.98870826
1,0.9124545
1,0.8853638
1,0.68047005
1,0.9187202
1,0.94815844
1,0.88084084
1,0.9170977
1,0.99228495
1,0.9887804
1,0.9808632
1,0.7214286
1,0.90851265
1,0.6713132
1,0.88079095
1,0.74538255
1,0.98548186
1,0.91980743
1,0.9187695
1,0.8349917
1,0.9676119
1,0.9821859
1,0.98969686
1,0.90612715
1,0.88735914
1,0.9176363
1,0.96607435
1,0.9945214
1,0.9752765
1,0.9194445
1,0.88004553
1,0.907067
1,0.94452107
1,0.98346543
1,0.9887649
1,0.93479186
1,0.8420154
1,0.84468704
1,0.9467877
1,0.8997179
1,0.9914944
1,0.97816586
1,0.8891479
1,0.83730894
1,0.88342935
1,0.99307066
1,0.9289074
1,0.9804047
1,0.847956
1,0.69909763
1,0.99058974
1,0.9696891
1,0.985299
1,0.8713139
1,0.869932
1,0.4447279
1,0.63300306
1,0.8996578
1,0.9892568
1,0.90092653
1,0.90682685
1,0.99058926
1,0.72401005
1,0.97509086
1,0.4841962
1,0.9564137
1,0.90548974
1,0.6868539
1,0.92241234
1,0.9803469
1,0.95276916
1,0.9547478
1,0.8175165
1,0.6248693
1,0.8693986
1,0.927175
1,0.9828043
1,0.97951984
1,0.9659755
1,0.9091731
1,0.9755433
1,0.9741131
1,0.8258625
1,0.89433306
1,0.44609317
1,0.9783468
1,0.99878377
1,0.9128506
1,0.66996163
1,0.97125894
1,0.9870079
1,0.8497666
1,0.8225969
1,0.9716701
1,0.74929965
1,0.9959345
1,0.9708226
1,0.7996313
1,0.7408571
1,0.7293114
1,0.89600617
1,0.95276505
1,0.96524084
1,0.98424476
1,0.99722785
1,0.9779637
1,0.8782549
1,0.7698969
1,0.8978109
1,0.96792746
1,0.94220006
1,0.96153986
1,0.95565784
1,0.93333286
1,0.6237693
1,0.9718617
1,0.9880707
1,0.9772025
1,0.97073764
0,0.310687
0,0.29134238
0,0.2942002
0,0.31795594
0,0.37828705
0,0.35597166
0,0.3427028
0,0.34608588
0,0.31583515
0,0.405588
0,0.47797158
0,0.40312853
0,0.35417113
0,0.3474308
0,0.40056187
0,0.3569756
0,0.48678455
0,0.45885384
0,0.3612786
0,0.346945
0,0.38355953
0,0.3460481
0,0.3043275
0,0.45551682
0,0.35092086
0,0.38639438
0,0.3495427
0,0.3774885
0,0.46065181
0,0.35532603
0,0.5064284
0,0.34401083
0,0.5449257
0,0.32825014
0,0.36972287
0,0.39981487
0,0.33793622
0,0.4673758
0,0.36849463
0,0.512334
0,0.47097462
0,0.35306263
0,0.3503655
0,0.34703857
0,0.32384896
0,0.34408665
0,0.32021126
0,0.34876993
0,0.3305981
0,0.33164603
0,0.3686984
0,0.35959402
0,0.33082014
0,0.5451711
0,0.39380148
0,0.37139353
0,0.3183757
0,0.5495206
0,0.32485855
0,0.35391662
0,0.4181
0,0.32470033
0,0.4258003
0,0.34263453
0,0.47766545
0,0.39698562
0,0.3710602
0,0.38481766
0,0.3774842
0,0.34870976
0,0.41666284
0,0.3584058
0,0.35580304
0,0.54683244
0,0.3261973
0,0.4132394
0,0.46708503
0,0.3572111
0,0.33189702
0,0.44691333
0,0.397793
0,0.36357212
0,0.46988794
0,0.33329684
0,0.37001556
0,0.34430996
0,0.36002436
0,0.31978124
0,0.37558293
0,0.38779768
0,0.30624315
0,0.42483294
0,0.31202382
0,0.33281723
0,0.33057463
0,0.3139058
0,0.32721388
0,0.36353332
0,0.3642294
0,0.38023707
0,0.31037435
0,0.45959404
0,0.51093847
0,0.44841734
0,0.3302824
0,0.3877771
0,0.3506735
0,0.48694074
0,0.43362507
0,0.41084465
0,0.49205807
0,0.3819525
0,0.35759413
0,0.42380232
0,0.39300197
0,0.5631812
0,0.56506294
0,0.66703445
0,0.40849674
0,0.3863993
0,0.3226572
0,0.6137158
0,0.3627927
0,0.34795213
0,0.45085746
0,0.35863385
0,0.36472487
0,0.47842777
0,0.38504454
0,0.36953837
0,0.35656232
0,0.3646981
0,0.3451777
0,0.3107304
0,0.32428324
0,0.35247615
0,0.48874322
0,0.42102534
0,0.36761028
0,0.35401568
0,0.3758409
0,0.5457169
0,0.3609781
0,0.3434896
0,0.44536564
0,0.43149668
0,0.33981708
0,0.3631343
0,0.4413184
0,0.41138002
0,0.39210874
0,0.39775082
0,0.38471735
0,0.32630754
0,0.39733204
0,0.35313544
0,0.365497
0,0.35648108
0,0.32918784
0,0.3697999
0,0.4617329
0,0.64118636
0,0.42955643
0,0.32494825
0,0.31285724
0,0.3610493
0,0.3972477
0,0.38713005
0,0.32251495
0,0.34259772
0,0.3443644
0,0.42058423
0,0.36095047
0,0.41948792
0,0.3237208
0,0.3542706
0,0.4251314
0,0.33754233
0,0.44984177
0,0.34603643
0,0.3100285
0,0.37780416
0,0.31685585
0,0.36325765
0,0.3603659
0,0.59077024
0,0.32114065
0,0.5314925
0,0.40644822
0,0.49991143
0,0.44539383
0,0.31971866
0,0.35306975
0,0.35160908
0,0.3445876
0,0.35118017
0,0.5594477
0,0.33047044
0,0.34563088
0,0.3001714
0,0.41479355
0,0.4269148
0,0.39112696
0,0.50742024
0,0.83779293
0,0.4094165
0,0.33072847
0,0.6812384
0,0.33504915
0,0.33501446
0,0.36453357
0,0.33115986
0,0.32029557
0,0.3805191
0,0.36671114
0,0.321665
0,0.32593963
0,0.32104754
0,0.35246858
0,0.30241406
0,0.42944226
0,0.47112677
0,0.3565368
0,0.48053837
0,0.33881757
0,0.36632666
0,0.4074846
0,0.54101276
0,0.3997014
0,0.4623344
0,0.34509945
0,0.34620488
0,0.34863532
0,0.3195232
0,0.47777852
0,0.3704299
0,0.39196202
0,0.29622212
0,0.3383646
0,0.36855784
0,0.56683105
0,0.3938288
0,0.3756878
0,0.32540062
0,0.4493628
0,0.31040654
0,0.544013
0,0.3950258
0,0.40842387
0,0.32229993
0,0.40925542
0,0.31878152
0,0.34183627
0,0.37664312
0,0.39594468
0,0.29994622
0,0.39138857
0,0.56345016
0,0.36287516
0,0.32346418
0,0.40435243
0,0.35722914
0,0.339452
0,0.35747093
0,0.33734295
0,0.40328243
0,0.3376331
0,0.40054062
0,0.69121915
0,0.33650804
0,0.34055114
0,0.3555259
0,0.30976343
0,0.35379714
0,0.31863093
0,0.38621634
0,0.33494353
0,0.40171108
0,0.37733024
0,0.3354745
0,0.3809836
0,0.33544207
0,0.3122686
0,0.36054614
0,0.3877195
0,0.3425374
0,0.30960333
0,0.37729126
0,0.34147385
0,0.37686768
0,0.46217075
0,0.28342935
0,0.32278287
0,0.4135237
0,0.34528863
0,0.4950029
0,0.3522546
0,0.31111163
0,0.38315156
0,0.36977527
0,0.38332784
0,0.32980877
0,0.34523737
0,0.33111277
0,0.33239734
0,0.35757062
0,0.3605746
0,0.3405967
0,0.36141935
0,0.33380806
0,0.30421507
0,0.38195637
0,0.32115895
0,0.31402418
0,0.3204322
0,0.36003956
0,0.5244659
0,0.45922735
0,0.3664242
0,0.34259257
0,0.36939493
0,0.3916742
0,0.3176677
0,0.51952434
0,0.45467064
0,0.34202725
0,0.30751786
0,0.3453361
0,0.37470207
0,0.39659902
0,0.339307
0,0.34322205
0,0.38126522
0,0.36089
0,0.36035973
0,0.40786037
0,0.4851171
0,0.3656105
0,0.35099736
0,0.41008523
0,0.3788046
0,0.34111574
0,0.3440575
0,0.39426282
0,0.3300473
0,0.35982415
0,0.33071288
0,0.34845546
0,0.40013847
0,0.49887553
0,0.33218837
0,0.39304277
0,0.54733485
0,0.4411707
0,0.35171652
0,0.52821773
0,0.3652249
0,0.3315451
0,0.5334148
0,0.37392136
0,0.42380565
0,0.3621422
0,0.31914335
0,0.3583102
0,0.34015504
0,0.4990801
0,0.48526156
0,0.3607597
0,0.39153218
0,0.41837597
0,0.32431233
0,0.31328636
0,0.346129
0,0.41479227
0,0.31822488
0,0.32622206
0,0.42788392
0,0.4010261
0,0.35635754
0,0.32525235
0,0.3292681
0,0.37021232
0,0.36173132
0,0.35356557
0,0.39089188
0,0.29435366
0,0.32795343
0,0.33480838
0,0.326642
0,0.42020056
0,0.3106239
0,0.36760268
0,0.35623792
0,0.36156622
0,0.37337372
0,0.3736157
0,0.29693192
0,0.3438516
0,0.33112404
0,0.38297433
0,0.36260098
0,0.33355144
0,0.32084924
0,0.3286139
0,0.3366586
0,0.3155418
0,0.32921126
0,0.3404843
0,0.33320656
0,0.3314028
0,0.29403692
0,0.3340803
0,0.36468318
0,0.3403597
0,0.33778277
0,0.32786557
0,0.31596887
0,0.33214393
0,0.35642204
0,0.32938403
0,0.33025792
0,0.3813907
0,0.34863102
0,0.30190837
0,0.3790939
0,0.35575426
0,0.3333568
0,0.31258535
0,0.3407508
0,0.36155334
0,0.3115945
0,0.32385835
0,0.3114363
0,0.3124748
0,0.38669083
0,0.36560252
0,0.3520233
0,0.38203806
0,0.3016614
0,0.40347397
0,0.3746121
0,0.30884865
0,0.3146196
0,0.6970995
0,0.34898597
0,0.35063064
0,0.88377035
0,0.36395586
0,0.49686053
0,0.30862427
0,0.37382317
0,0.38680202
0,0.40096945
0,0.3094704
0,0.3382111
0,0.3464343
0,0.45938304
0,0.39753938
0,0.38721153
0,0.34154266
0,0.30448046
0,0.32016265
0,0.5126843
0,0.4737179
0,0.32770443
0,0.35451552
0,0.332078
0,0.52054125
0,0.5118842
0,0.35566977
0,0.3347892
0,0.29937255
0,0.3493605
0,0.6200451
0,0.3818945
0,0.34381914
0,0.35092065
0,0.43184695
0,0.34796062
0,0.39421418
0,0.5022248
0,0.34869412
0,0.3777896
0,0.39254367
0,0.37774646
0,0.42178887
0,0.38341984
0,0.3784696
0,0.4016311
0,0.4580456
0,0.4261379
0,0.35230756
0,0.33253586
0,0.3599766
0,0.50432986
0,0.39904535
0,0.38740954
0,0.3852552
0,0.47481528
0,0.41604346
0,0.47686553
0,0.38163218
0,0.3365234
0,0.34128132
0,0.3171367
0,0.35482627
0,0.45408362
0,0.3905628
0,0.29625928
0,0.28928667
0,0.33186522
0,0.44685853
0,0.4835782
0,0.3532208
0,0.32425588
0,0.38767946
0,0.48489535
0,0.5142962
0,0.41989708
0,0.48796353
0,0.3688522
0,0.37168792
0,0.32875627
0,0.33674142
0,0.43136266
0,0.32475883
0,0.37464502
0,0.34354833
0,0.4468351
0,0.3818603
0,0.39000115
0,0.38432664
0,0.36668664
0,0.36720183
0,0.39357045
0,0.38662574
0,0.340635
0,0.31417853
0,0.37021178
0,0.30439126
0,0.3317007
0,0.3302807
0,0.43382677
0,0.3445648
0,0.39801338
0,0.5437697
0,0.5193869
0,0.501965
0,0.34126383
0,0.33081868
0,0.6086645
0,0.3401694
0,0.33156705
0,0.41259062
0,0.35896742
0,0.3411042
0,0.35984403
0,0.40272072
0,0.37659088
0,0.3283621
0,0.35062277
0,0.33183175
0,0.4463223
0,0.35599324
0,0.3077694
0,0.35219705
0,0.3270644
0,0.4473696
0,0.3759122
0,0.3281142
0,0.34163517
0,0.31280023
0,0.45675993
0,0.32965147
0,0.39123657
0,0.41727817
0,0.34218737
0,0.32858643
0,0.3651463
0,0.39598253
0,0.34297162
0,0.3500909
0,0.32394615
0,0.33844313
0,0.3206755
0,0.38223982
0,0.38182047
0,0.34968707
0,0.3176047
0,0.34883463
0,0.3378812
0,0.35720173
0,0.3497631
0,0.32163277
0,0.51533294
0,0.36502045
0,0.35095143
0,0.29033518
0,0.33826196
0,0.39713043
0,0.35891804
0,0.5214553
0,0.34795597
0,0.32668072
0,0.31922403
0,0.33251053
0,0.5897947
0,0.4279088
0,0.35036144
0,0.38043076
0,0.34767485
0,0.36523438
0,0.44145033
0,0.43927455
0,0.32766142
0,0.3205759
0,0.3207955
0,0.36982143
0,0.3384952
0,0.34673408
0,0.35655335
0,0.40271306
0,0.36601987
0,0.351085
0,0.4222842
0,0.3803751
0,0.32181194
0,0.36048335
0,0.3225791
0,0.3189328
0,0.36052638
0,0.29127038
0,0.3682913
0,0.5104841
0,0.36141798
0,0.3713182
0,0.3418873
0,0.3253476
0,0.4029527
0,0.33329427
0,0.48521262
0,0.3726088
0,0.33471888
0,0.30784926
0,0.375077
0,0.3149456
0,0.451694
0,0.43636283
0,0.35076764
0,0.28720906
0,0.32793444
0,0.42275828
0,0.35415134
0,0.3519514
0,0.3928229
0,0.3184143
0,0.3229896
0,0.36227375
0,0.31943238
0,0.36131296
0,0.37007928
0,0.349872
0,0.5655613
0,0.36463886
0,0.33129334
0,0.47241315
0,0.36158696
0,0.30798677
0,0.37830433
0,0.29708442
0,0.35036942
0,0.37971404
0,0.36257172
0,0.3524553
0,0.36398298
0,0.34142825
0,0.32456967
0,0.33114722
0,0.3185997
0,0.32809877
0,0.35535696
0,0.3843221
0,0.28372303
0,0.3585621
0,0.4105282
0,0.3699439
0,0.38733134
0,0.3733299
0,0.32324898
0,0.34521145
0,0.32157204
0,0.49941847
0,0.33842206
0,0.33845064
0,0.30920166
0,0.42868197
0,0.36482856
0,0.30729803
0,0.32126522
0,0.4116489
0,0.33178923
0,0.3363719
0,0.3296578
0,0.33834916
0,0.41033384
0,0.3731473
0,0.3809142
0,0.7070186
0,0.3376275
0,0.34155944
0,0.61199427
0,0.40115827
0,0.39259562
0,0.38634506
0,0.3017432
0,0.317838
0,0.31145155
0,0.3455915
0,0.3621843
0,0.3338789
0,0.3444409
0,0.4025613
0,0.38778332
0,0.32786834
0,0.3434076
0,0.31956443
0,0.34505957
0,0.30861765
0,0.39362875
0,0.31387576
0,0.32945958
0,0.31979722
0,0.34332392
0,0.33978412
0,0.4007799
0,0.30254123
0,0.3061151
0,0.3301107
0,0.35095513
0,0.34213927
0,0.33429256
0,0.3474251
0,0.36460614
0,0.36654097
0,0.31918243
0,0.31123668
0,0.41850638
0,0.37240788
0,0.34563372
0,0.2905179
0,0.36500704
0,0.35327482
0,0.29778004
0,0.34910062
0,0.360451
0,0.31502283
0,0.44345137
0,0.3237565
0,0.37099457
0,0.3868077
0,0.34979016
0,0.33994225
0,0.32796788
0,0.4141155
0,0.35332713
0,0.3098374
0,0.31483832
0,0.35584697
0,0.343268
0,0.3246969
0,0.7249995
0,0.32019424
0,0.3083476
0,0.37751666
0,0.35445738
0,0.32911068
0,0.353785
0,0.3071238
0,0.33259204
0,0.29465944
0,0.3489487
0,0.36326683
0,0.38557863
0,0.38012296
0,0.30147293
0,0.3151722
0,0.31754982
0,0.37346244
0,0.33442125
0,0.36332855
0,0.3624514
0,0.3127075
0,0.39132303
0,0.33029604
0,0.38950047
0,0.34581465
0,0.3838995
0,0.37781724
0,0.3192707
0,0.38729122
0,0.4144439
0,0.3589453
0,0.3413316
0,0.39574412
0,0.30741093
0,0.39719465
0,0.3349272
0,0.3393049
0,0.47924596
0,0.32641137
0,0.38922107
0,0.43984604
0,0.35601747
0,0.33720013
0,0.36160457
0,0.41072387
0,0.32475907
0,0.3307705
0,0.43796706
0,0.29660556
0,0.29999587
0,0.30222183
0,0.38804272
0,0.42140764
0,0.3751943
0,0.32213646
0,0.32273304
0,0.34628826
0,0.33486074
0,0.35191813
0,0.30075333
0,0.29847425
0,0.28668448
0,0.31448424
0,0.39480275
0,0.38824013
0,0.32870978
0,0.30342072
0,0.35034636
0,0.4229187
0,0.32422197
0,0.3453781
0,0.35384944
0,0.33129188
0,0.31353238
0,0.33937174
0,0.35902122
0,0.32732004
0,0.3334044
0,0.34572718
0,0.31083012
0,0.3121674
0,0.30216843
0,0.30372483
0,0.34276927
0,0.49453628
0,0.340379
0,0.41862798
0,0.38252875
0,0.34027922
0,0.3106213
0,0.3222727
0,0.36278382
0,0.3726586
0,0.3508315
0,0.3357942
0,0.43271947
0,0.35010827
0,0.39192104
0,0.32888758
0,0.32563943
0,0.353222
0,0.32865432
0,0.35175693
0,0.3509394
0,0.3136917
0,0.36817092
0,0.34533462
0,0.33966073
0,0.35685042
0,0.32965007
0,0.5720152
0,0.354946
0,0.2961772
0,0.34072813
0,0.30250147
0,0.32592073
0,0.33701274
0,0.39479676
0,0.38125724
0,0.36494336
0,0.41103977
0,0.3040921
0,0.30482545
0,0.30538756
0,0.37146783
0,0.32661957
0,0.31869042
0,0.3137493
0,0.3282943
0,0.30598664
0,0.30513686
0,0.3124772
0,0.5225746
0,0.3072757
0,0.3414893
0,0.36021346
0,0.3173206
0,0.30645373
0,0.33693293
0,0.35014078
0,0.3193865
0,0.34389254
0,0.33049423
0,0.3713025
0,0.29404494
0,0.31023273
0,0.29819962
0,0.31433028
0,0.3699746
0,0.40972131
0,0.3548463
0,0.31248435
0,0.32424745
0,0.35125732
0,0.35339954
0,0.31994212
0,0.32111672
0,0.29062718
0,0.28771693
0,0.34661835
0,0.32835242
0,0.30529797
0,0.39749226
0,0.31789246
0,0.3445942
0,0.31529033
0,0.33036402
0,0.34196955
0,0.34205168
0,0.3153733
0,0.29597905
0,0.33823225
0,0.3171966
0,0.4164887
0,0.36547285
0,0.3674165
0,0.35898426
0,0.35979268
0,0.3913507
0,0.35415167
0,0.34664387
0,0.33409682
0,0.30213994
0,0.35459468
0,0.32881716
0,0.3625463
0,0.31600344
0,0.3132524
0,0.3071337
0,0.35269946
0,0.36279944
0,0.41567713
0,0.31156597
0,0.36326468
0,0.3474346
0,0.3208638
0,0.3418286
0,0.31506225
0,0.3062475
0,0.38090783
0,0.39266935
0,0.37343282
0,0.5916573
0,0.3582543
0,0.3182198
0,0.90616405
0,0.33800134
0,0.53246415
0,0.38007143
0,0.32966286
0,0.3067059
0,0.33166486
0,0.3687783
0,0.3176719
0,0.3134009
0,0.33235526
0,0.3674675
0,0.35522914
0,0.40042508
0,0.33106637
0,0.31341714
0,0.3710755
0,0.60112315
0,0.34263417
0,0.28903392
0,0.3280372
0,0.3582782
0,0.399718
0,0.33102044
0,0.3624568
0,0.3080086
0,0.28130633
0,0.35081196
0,0.35098398
0,0.33367175
0,0.3187419
0,0.38188922
0,0.32258165
0,0.29564098
0,0.3456951
0,0.3021203
0,0.36589295
0,0.34702232
0,0.43348163
0,0.4278889
0,0.32678673
0,0.3392407
0,0.4128703
0,0.33347657
0,0.31225473
0,0.39508557
0,0.32128632
0,0.34217343
0,0.29586387
0,0.3389452
0,0.37132725
0,0.40233815
0,0.49191895
0,0.34232578
0,0.5470221
0,0.35319215
0,0.39263394
0,0.38835666
0,0.3269626
0,0.33489683
0,0.31344292
0,0.3801321
0,0.3448607
0,0.36065942
0,0.34555477
0,0.36252344
0,0.3467646
0,0.33982205
0,0.47428316
0,0.38377368
0,0.4246486
0,0.40841725
0,0.326145
0,0.34910917
0,0.43760192
0,0.37453917
0,0.4660743
0,0.37418354
0,0.36915973
0,0.3545981
0,0.37941125
0,0.40794435
0,0.45045525
0,0.34862402
0,0.3640382
0,0.32538486
0,0.3904437
0,0.34400314
0,0.3616161
0,0.34255636
0,0.39963785
0,0.36837542
0,0.36086103
0,0.3641274
0,0.39383328
0,0.35629678
0,0.45758134
0,0.37518162
0,0.38099027
0,0.37856793
0,0.3451647
0,0.47591212
0,0.39886105
0,0.3340845
0,0.313945
0,0.3408329
0,0.43989208
0,0.40342188
0,0.43229142
0,0.37029478
0,0.31541312
0,0.33362988
0,0.381826
0,0.38751146
0,0.39030454
0,0.47504717
0,0.33931896
0,0.32084182
0,0.32371145
0,0.31800467
0,0.40188122
0,0.39133236
0,0.33595723
0,0.3345718
0,0.44290817
0,0.4310438
0,0.39620024
0,0.3614979
0,0.6556811
0,0.40997636
0,0.36089805
0,0.3392948
0,0.34541434
0,0.36052743
0,0.34504533
0,0.5013547
0,0.3491204
0,0.3465769
0,0.382956
0,0.34585342
0,0.4234725
0,0.42174086
0,0.33759615
0,0.38864216
0,0.32109246
0,0.37672657
0,0.3201143
0,0.38645142
0,0.32057068
0,0.35364565
0,0.39995766
0,0.6884761
0,0.45486817
0,0.34665406
0,0.32582042
0,0.31407157
0,0.36641732
0,0.36431417
0,0.47968316
0,0.36424044
0,0.354854
0,0.40411317
0,0.3873712
0,0.33935148
0,0.4868893
0,0.36510804
0,0.32127982
0,0.3732867
0,0.33247036
0,0.34044656
0,0.3275984
0,0.33525455
0,0.3432876
0,0.5115169
0,0.3378132
0,0.406827
0,0.38002175
0,0.34549543
0,0.3157936
0,0.33732355
0,0.29900032
0,0.43985775
0,0.3486759
0,0.38168308
0,0.34793752
0,0.42206624
0,0.3367289
0,0.35892382
0,0.35740054
0,0.38533106
0,0.47638956
0,0.32028085
0,0.3194051
0,0.31884798
0,0.3327022
0,0.37254012
0,0.40539902
0,0.36287114
0,0.30321532
0,0.3388729
0,0.36609128
0,0.40115836
0,0.33014324
0,0.40472895
0,0.34400284
0,0.42290244
0,0.34405398
0,0.3543907
0,0.42441568
0,0.34174532
0,0.34847504
0,0.35087374
0,0.3573794
0,0.36454085
0,0.3597023
0,0.3926355
0,0.4021597
0,0.39486855
0,0.37024257
0,0.34495407
0,0.3340057
0,0.33926505
0,0.34382498
0,0.38517866
0,0.36198303
0,0.3724394
0,0.40423718
0,0.41448617
0,0.34493214
0,0.38354677
0,0.33715695
0,0.3705338
0,0.35095403
0,0.3495911
0,0.72967273
0,0.35196337
0,0.38092574
0,0.39795047
0,0.38301474
0,0.87474704
0,0.85182583
0,0.45619407
0,0.34088117
0,0.2978479
0,0.3179905
0,0.3452709
0,0.42361102
0,0.34772027
0,0.3959657
0,0.3447817
0,0.3445284
0,0.2967805
0,0.34753582
0,0.3538373
0,0.3438355
0,0.36693192
0,0.31243783
0,0.32637593
0,0.41398963
0,0.3564118
0,0.3018433
0,0.4413284
0,0.63471556
0,0.3312855
0,0.39277527
0,0.899734
0,0.3296456
0,0.7136003
0,0.31918657
0,0.41474366
0,0.44338685
0,0.34418115
0,0.49169087
0,0.41692144
0,0.34478986
0,0.32440406
0,0.37522113
0,0.34408006
0,0.3631182
0,0.32561415
0,0.5202474
0,0.39994118
0,0.40143198
0,0.37765
0,0.45656544
0,0.39198604
0,0.34287894
0,0.41756088
0,0.53792745
0,0.3162231
0,0.29668152
0,0.29008856
0,0.35932657
0,0.38570532
0,0.3792434
0,0.36714253
0,0.3060254
0,0.33138922
0,0.34690678
0,0.33806542
0,0.3594886
0,0.57520217
0,0.34770745
0,0.35054138
0,0.34664237
0,0.33373004
1,0.7679352
1,0.8498204
1,0.45944816
1,0.9924344
1,0.99880636
1,0.98808527
1,0.97765505
1,0.9941069
1,0.99841964
1,0.9949513
1,0.9969349
1,0.942533
1,0.9941389
1,0.99938524
1,0.98261875
1,0.9721399
1,0.9759838
1,0.99360394
1,0.98409957
1,0.958216
1,0.99463767
1,0.99505484
1,0.9947688
1,0.99953777
1,0.9984627
1,0.9925181
1,0.83462626
1,0.93088615
1,0.98496014
1,0.99973494
1,0.9952477
1,0.97772217
1,0.99084586
1,0.99898654
1,0.58312833
1,0.98833615
1,0.99862134
1,0.9915029
1,0.98775274
1,0.99809176
1,0.9996129
1,0.9820687
1,0.98695624
1,0.98531216
1,0.9996427
1,0.9994104
1,0.9966179
1,0.9681969
1,0.97789544
1,0.99721223
1,0.9996418
1,0.98278254
1,0.93811697
1,0.99437416
1,0.9996089
1,0.9921951
1,0.97390103
1,0.98176265
1,0.99111384
1,0.99775356
1,0.98205024
1,0.9686946
1,0.9954069
1,0.99861264
1,0.99945647
1,0.98890847
1,0.9393054
1,0.9700595
1,0.97563577
1,0.9911305
1,0.9998627
1,0.9918481
1,0.9694848
1,0.9982149
1,0.99893993
1,0.9949249
1,0.9912805
1,0.9881643
1,0.9943989
1,0.9997693
1,0.9679883
1,0.91455996
1,0.99482346
1,0.99901307
1,0.9997983
1,0.97504133
1,0.97532654
1,0.9690094
1,0.9984713
1,0.98435
1,0.9729934
1,0.8894641
1,0.99877113
1,0.9981735
1,0.97393554
1,0.9654479
1,0.99747616
1,0.9998015
1,0.9901348
1,0.90774727
1,0.911962
1,0.9651383
1,0.98993105
1,0.9991505
1,0.9980399
1,0.9580211
1,0.9489646
1,0.99480134
1,0.9991841
1,0.9838374
1,0.950277
1,0.9969189
1,0.9998472
1,0.9990177
1,0.9847609
1,0.90787494
1,0.9887398
1,0.9979938
1,0.9558727
1,0.94217306
1,0.9865763
1,0.9991848
1,0.9996765
1,0.98735666
1,0.95016265
1,0.98793715
1,0.99920255
1,0.9959541
1,0.9869236
1,0.9765004
1,0.9934729
1,0.9994993
1,0.5689611
1,0.9371898
1,0.96525437
1,0.99182326
1,0.99690944
1,0.9996746
1,0.98912024
1,0.9842211
1,0.97422713
1,0.99841
1,0.990737
1,0.9865909
1,0.98492473
1,0.9997785
1,0.9953747
1,0.97037315
1,0.9917327
1,0.9983814
1,0.99921095
1,0.99708086
1,0.93113726
1,0.99413854
1,0.982546
1,0.9982628
1,0.9942139
1,0.94108164
1,0.9004292
1,0.98809296
1,0.99840397
1,0.96683675
1,0.9857571
1,0.9940527
1,0.9995067
1,0.64428097
1,0.98663604
1,0.9923597
1,0.9879995
1,0.9881281
1,0.93849623
1,0.99951017
1,0.99276286
1,0.9657228
1,0.97541934
1,0.9990094
1,0.98888737
1,0.94268376
1,0.9712633
1,0.99323374
1,0.9981629
1,0.9790353
1,0.96710837
1,0.81240714
1,0.9801752
1,0.9963825
1,0.97307247
1,0.96017325
1,0.99162924
1,0.9975134
1,0.98466927
1,0.95250136
1,0.9978744
1,0.99973506
1,0.99602884
1,0.9565321
1,0.98744625
1,0.99786735
1,0.5115948
1,0.99363834
1,0.98919386
1,0.99624413
1,0.98144734
1,0.9762467
1,0.9996906
1,0.9913058
1,0.93070066
1,0.99014217
1,0.9992199
1,0.9913011
1,0.99427265
1,0.99009764
1,0.9986724
1,0.9979457
1,0.9749117
1,0.9757211
1,0.9868362
1,0.9503954
1,0.9583067
1,0.9959197
1,0.99503905
1,0.99920267
1,0.976024
1,0.9905562
1,0.984906
1,0.9967824
1,0.98553026
1,0.9764667
1,0.99696785
1,0.9979159
1,0.9704417
1,0.9739464
1,0.86814874
1,0.98698187
1,0.9896834
1,0.9954258
1,0.9997681
1,0.99725586
1,0.979618
1,0.8768617
1,0.99749655
1,0.9994288
1,0.97968286
1,0.9130797
1,0.98928916
1,0.99770796
1,0.9974867
1,0.9997415
1,0.99626106
1,0.99347043
1,0.9273894
1,0.9948542
1,0.9981534
1,0.9840386
1,0.980115
1,0.9990658
1,0.99846524
1,0.9618225
1,0.98176587
1,0.9961869
1,0.99757594
1,0.995632
1,0.99514145
1,0.96662426
1,0.86936146
1,0.97320753
1,0.99818224
1,0.99959564
1,0.9961481
1,0.9615856
1,0.983721
1,0.99737453
1,0.99773514
1,0.9790592
1,0.9786622
1,0.97095144
1,0.99440384
1,0.9985172
1,0.9102418
1,0.96486914
1,0.99846435
1,0.9916477
1,0.9836016
1,0.9619468
1,0.99781156
1,0.99656326
1,0.96586764
1,0.98973536
1,0.9978083
1,0.9996715
1,0.97150123
1,0.99266833
1,0.96199393
1,0.99011993
1,0.9934081
1,0.9502985
1,0.97152853
1,0.70823854
1,0.9970651
1,0.99787927
1,0.9820562
1,0.98787934
1,0.9731491
1,0.9985537
1,0.9958769
1,0.97694653
1,0.9944352
1,0.97523403
1,0.980731
1,0.97077954
1,0.939119
1,0.9666432
1,0.994578
1,0.9868667
1,0.9323406
1,0.9853935
1,0.99833363
1,0.9922438
1,0.9083001
1,0.9860998
1,0.9959098
1,0.9978623
1,0.9783765
1,0.8887194
1,0.96702653
1,0.99926585
1,0.992394
1,0.9782334
1,0.95088685
1,0.9918758
1,0.40025997
1,0.9994362
1,0.9979024
1,0.99535626
1,0.9849512
1,0.98172635
1,0.99831426
1,0.99876803
1,0.96058565
1,0.99191624
1,0.99697816
1,0.9977558
1,0.9846635
1,0.93728834
1,0.9591089
1,0.9962446
1,0.9973235
1,0.9398716
1,0.8946609
1,0.99574816
1,0.9887305
1,0.950675
1,0.99008816
1,0.9875705
1,0.9972451
1,0.9956162
1,0.92579675
1,0.8809225
1,0.9991004
1,0.9841231
1,0.9504978
1,0.97587126
1,0.99663335
1,0.5252532
1,0.9963691
1,0.9871628
1,0.9577188
1,0.9702622
1,0.9985039
1,0.9990422
1,0.9567557
1,0.97004277
1,0.9838764
1,0.9928163
1,0.9678766
1,0.8760739
1,0.9866804
1,0.9988414
1,0.98225975
1,0.9895545
1,0.9970067
1,0.9971936
1,0.988691
1,0.96157247
1,0.9533505
1,0.99885595
1,0.99768996
1,0.97009027
1,0.98785585
1,0.99770266
1,0.99966145
1,0.9841187
1,0.96431166
1,0.9963305
1,0.9989769
1,0.99060774
1,0.9844136
1,0.97415733
1,0.9836307
1,0.9834968
1,0.9976408
1,0.99073225
1,0.9803309
1,0.76062644
1,0.99513227
1,0.9960287
1,0.98670805
1,0.96594983
1,0.9770016
1,0.9971487
1,0.9997791
1,0.99959934
1,0.99713326
1,0.97389525
1,0.9850486
1,0.9933784
1,0.9984118
1,0.9746221
1,0.9867007
1,0.9974248
1,0.99961436
1,0.9972383
1,0.96699655
1,0.98623717
1,0.9858241
1,0.9932904
1,0.9971284
1,0.9961991
1,0.9937649
1,0.9416982
1,0.9870201
1,0.9975319
1,0.99065983
1,0.94990295
1,0.91494805
1,0.9925141
1,0.99897593
1,0.9982961
1,0.98914
1,0.9528845
1,0.9858244
1,0.99912244
1,0.9635182
1,0.95496476
1,0.99119735
1,0.9994615
1,0.9783347
1,0.9380178
1,0.99431235
1,0.99962175
1,0.9884846
1,0.992837
1,0.98370117
1,0.99808997
1,0.9979374
1,0.97911924
1,0.97719574
1,0.99778926
1,0.9994219
1,0.9858408
1,0.9626563
1,0.9770667
1,0.6468223
1,0.9981869
1,0.98631173
1,0.9727493
1,0.9653103
1,0.94239146
1,0.9902415
1,0.98323375
1,0.9807128
1,0.9907665
1,0.9934082
1,0.9985103
1,0.9992943
1,0.98737305
1,0.9383033
1,0.9810285
1,0.9997209
1,0.99666
1,0.97912514
1,0.9714952
1,0.9966165
1,0.99315226
1,0.99703026
1,0.9787282
1,0.9845436
1,0.99648935
1,0.9981401
1,0.9756975
1,0.96354914
1,0.98024005
1,0.99568033
1,0.89459467
1,0.97399956
1,0.5498722
1,0.9944199
1,0.98899394
1,0.9718839
1,0.9578196
1,0.99741036
1,0.9982181
1,0.9769637
1,0.95871145
1,0.9969748
1,0.99986994
1,0.9959591
1,0.9176166
1,0.9734021
1,0.9985505
1,0.9934269
1,0.9465836
1,0.9921383
1,0.9951614
1,0.99875915
1,0.98599803
1,0.93059266
1,0.98377466
1,0.998588
1,0.9868776
1,0.9793691
1,0.9949761
1,0.98951983
1,0.985757
1,0.98072815
1,0.99409074
1,0.9919922
1,0.96839505
1,0.9447957
1,0.47214118
1,0.9734042
1,0.99859756
1,0.99324507
1,0.9796422
1,0.93899167
1,0.9900433
1,0.99754816
1,0.99147683
1,0.96758974
1,0.9684949
1,0.99908185
1,0.9945216
1,0.95702094
1,0.99117905
1,0.99851567
1,0.9761332
1,0.9871473
1,0.97766644
1,0.9962702
1,0.97302157
1,0.98468447
1,0.99403596
1,0.992568
1,0.999046
1,0.9853151
1,0.9508498
1,0.9866386
1,0.98301286
1,0.9836692
1,0.98738
1,0.97621393
1,0.9997953
1,0.9477782
1,0.99353385
1,0.99579525
1,0.97546434
1,0.9893937
1,0.9507069
1,0.9714489
1,0.9990308
1,0.9771199
1,0.9866745
1,0.99847966
1,0.9963536
1,0.938197
1,0.96714526
1,0.9973941
1,0.9671003
1,0.9596297
1,0.9945901
1,0.9974879
1,0.9966234
1,0.9673634
1,0.95315975
1,0.9973484
1,0.99940515
1,0.9944727
1,0.97934157
1,0.9596249
1,0.9984597
1,0.99925643
1,0.97646934
1,0.9434423
1,0.98891723
1,0.99509937
1,0.7888046
1,0.9675941
1,0.94690675
1,0.98698884
1,0.9730469
1,0.99830866
1,0.9952024
1,0.92092496
1,0.9950073
1,0.9990177
1,0.9987036
1,0.98530304
1,0.8957203
1,0.9635965
1,0.9991136
1,0.9975664
1,0.9897412
1,0.9969697
1,0.94337004
1,0.98831064
1,0.99909943
1,0.96528405
1,0.84973115
1,0.99420136
1,0.99915385
1,0.99337476
1,0.95052934
1,0.9869177
1,0.99467623
1,0.99978566
1,0.9939508
1,0.9644568
1,0.8453504
1,0.88919127
1,0.9538508
1,0.98545873
1,0.9832568
1,0.9994948
1,0.9971186
1,0.96018565
1,0.90778923
1,0.99179584
1,0.991516
1,0.9659471
1,0.9772983
1,0.9962495
1,0.9967692
1,0.99255717
1,0.9675454
1,0.9763964
1,0.9980276
1,0.99595934
1,0.9685301
1,0.98168325
1,0.99760544
1,0.9825859
1,0.9669557
1,0.96116185
1,0.99717236
1,0.9941571
1,0.9811308
1,0.99556017
1,0.9947689
1,0.9973354
1,0.97196114
1,0.7211965
1,0.5945607
1,0.9805989
1,0.99886876
1,0.9982192
1,0.9805032
1,0.90134364
1,0.99848723
1,0.9994512
1,0.9631944
1,0.97707987
1,0.9506993
1,0.99514323
1,0.99898523
1,0.9922248
1,0.96333647
1,0.98409826
1,0.9985733
1,0.98911184
1,0.9637058
1,0.9635195
1,0.9974279
1,0.99829274
1,0.9802444
1,0.9791484
1,0.9697418
1,0.99785954
1,0.9632144
1,0.9803735
1,0.9968863
1,0.99713206
1,0.9716135
1,0.92997026
1,0.96293
1,0.4557696
1,0.9946243
1,0.9995852
1,0.96172184
1,0.9936917
1,0.953238
1,0.9969499
1,0.98343706
1,0.9170715
1,0.99287415
1,0.9995578
1,0.9888954
1,0.91034055
1,0.9674095
1,0.9988709
1,0.9979576
1,0.96922773
1,0.9744139
1,0.9989361
1,0.9993414
1,0.9890293
1,0.97095674
1,0.9814129
1,0.9983564
1,0.9881935
1,0.9781938
1,0.9894965
1,0.9996567
1,0.98615146
1,0.94964796
1,0.9687811
1,0.98616433
1,0.9994769
1,0.58055484
1,0.98070896
1,0.97881943
1,0.9966298
1,0.9973217
1,0.990368
1,0.98104745
1,0.9784736
1,0.9984164
1,0.9696894
1,0.9676318
1,0.99070954
1,0.99921393
1,0.9844609
1,0.90782386
1,0.98825455
1,0.9990823
1,0.99340147
1,0.9619564
1,0.97765815
1,0.9996437
1,0.99554384
1,0.985114
1,0.9656601
1,0.9941203
1,0.99733007
1,0.9733887
1,0.9703864
1,0.9990576
1,0.9700355
1,0.9434417
1,0.92963076
1,0.99447125
1,0.9991431
1,0.89572144
1,0.9402551
1,0.9955788
1,0.99160063
1,0.99634993
1,0.99866855
1,0.972032
1,0.970249
1,0.9914729
1,0.9980837
1,0.98645335
1,0.9514273
1,0.9989243
1,0.99189186
1,0.9856311
1,0.99324447
1,0.9964557
1,0.99904245
1,0.9924264
1,0.9058621
1,0.9654608
1,0.999297
1,0.98793447
1,0.97489375
1,0.96822035
1,0.99644744
1,0.9865218
1,0.92457247
1,0.9560409
1,0.9875672
1,0.9985702
1,0.87082225
0,0.3800101
0,0.44337764
0,0.34962466
0,0.3207016
0,0.47323442
0,0.32415938
0,0.32662052
0,0.31615356
0,0.33836925
0,0.3686375
0,0.36349255
0,0.40272242
0,0.29524514
0,0.29525036
0,0.30423743
0,0.34877864
0,0.3743955
0,0.2935163
0,0.31111
0,0.31779605
0,0.40123236
0,0.34901726
0,0.30695245
0,0.387896
0,0.41690123
0,0.41137353
0,0.3422056
0,0.34732848
0,0.3954567
0,0.35517836
0,0.3756539
0,0.37928355
0,0.34675655
0,0.3060097
0,0.3265062
0,0.35915616
0,0.33275884
0,0.32482493
0,0.34508172
0,0.32742065
0,0.3847424
0,0.40194136
0,0.29605356
0,0.34806666
0,0.3902944
0,0.4693439
0,0.37535092
0,0.3480389
0,0.36422485
0,0.36634862
0,0.35801068
0,0.3691488
0,0.33087578
0,0.3257469
0,0.35363975
0,0.37671873
0,0.3928528
0,0.35414246
0,0.35151425
0,0.30179054
0,0.3050372
0,0.30325994
0,0.5140785
0,0.35361966
0,0.39821374
0,0.3234365
0,0.28712377
0,0.38535306
0,0.63560134
0,0.3806915
0,0.32356367
0,0.4275788
0,0.3451295
0,0.3782737
0,0.38013944
0,0.37124786
0,0.32858294
0,0.3851405
0,0.29948643
0,0.32158595
0,0.3130597
0,0.36755288
0,0.3626503
0,0.32362366
0,0.36653405
0,0.49056998
0,0.37409163
0,0.31100053
0,0.3815832
0,0.29535982
0,0.7468416
0,0.39423648
0,0.329059
0,0.33764833
0,0.301539
0,0.32081863
0,0.3232663
0,0.3530814
0,0.3647969
0,0.29378387
0,0.3350554
0,0.3424798
0,0.39917004
0,0.32885283
0,0.36832345
0,0.3343674
0,0.34107426
0,0.39952937
0,0.32624623
0,0.42058015
0,0.36228552
0,0.38041124
0,0.2996169
0,0.6203777
0,0.33990243
0,0.3564104
0,0.3666954
0,0.34930867
0,0.3297741
0,0.38333887
0,0.35103908
0,0.30848232
0,0.33430082
0,0.3359958
0,0.38247016
0,0.39841422
0,0.34272593
0,0.34806502
0,0.3260367
0,0.36421418
0,0.37832904
0,0.36372223
0,0.33808342
0,0.32413206
0,0.33660543
0,0.41577646
0,0.3932454
0,0.33192712
0,0.32427785
0,0.31476447
0,0.33315256
0,0.41098723
0,0.4040103
0,0.35626292
0,0.35625482
0,0.44368085
0,0.43844736
0,0.33627325
0,0.32281962
0,0.34601626
0,0.30998006
0,0.32903028
0,0.33884215
0,0.33599544
0,0.29246825
0,0.30131397
0,0.33012787
0,0.30988058
0,0.37941426
0,0.39702824
0,0.34826306
0,0.31654817
0,0.33182353
0,0.30914247
0,0.37705955
0,0.3699173
0,0.3435117
0,0.34246117
0,0.35169747
0,0.41607022
0,0.3489092
0,0.31972662
0,0.36343667
0,0.32047886
0,0.34767392
0,0.40709385
0,0.36873212
0,0.33299193
0,0.41431567
0,0.34598306
0,0.5201732
0,0.46340254
0,0.33526018
0,0.34552574
0,0.39847735
0,0.37557685
0,0.3634141
0,0.5016018
0,0.31653473
0,0.37056437
0,0.3755312
0,0.4255024
0,0.3542901
0,0.37231
0,0.390547
0,0.3691353
0,0.32606933
0,0.3857632
0,0.31509608
0,0.34484157
0,0.33032483
0,0.31877437
0,0.64403653
0,0.645751
0,0.33336815
0,0.32014146
0,0.49094492
0,0.3284507
0,0.36459702
0,0.36758962
0,0.32537752
0,0.3117521
0,0.35389754
0,0.3438994
0,0.34285325
0,0.3159941
0,0.31593657
0,0.30952194
0,0.2973059
0,0.32517418
0,0.3389816
0,0.4207502
0,0.312137
0,0.3503867
0,0.39518642
0,0.5502119
0,0.5992389
0,0.36438796
0,0.3145648
0,0.7724604
0,0.35970324
0,0.3238881
0,0.42854142
0,0.47515666
0,0.31107566
0,0.31956968
0,0.31779885
0,0.32067904
0,0.3875046
0,0.33040822
0,0.36562547
0,0.3171278
0,0.35862106
0,0.33348975
0,0.3501124
0,0.33630973
0,0.3676923
0,0.42790735
0,0.31153893
0,0.3403709
0,0.28855777
0,0.322819
0,0.32208067
0,0.35318232
0,0.4128412
0,0.3165185
0,0.341172
0,0.35009605
0,0.3763743
0,0.33393404
0,0.30784148
0,0.3277249
0,0.34168342
0,0.36235973
0,0.36109325
0,0.3260005
0,0.32223654
0,0.4355468
0,0.37300083
0,0.42034253
0,0.37789804
0,0.33853087
0,0.33538148
0,0.346942
0,0.30270177
0,0.36579165
0,0.4216071
0,0.3244082
0,0.39052492
0,0.30431744
0,0.36015
0,0.32522085
0,0.3303558
0,0.35694346
0,0.29851738
0,0.32915413
0,0.3119254
0,0.35428628
0,0.40727955
0,0.33875147
0,0.31032622
0,0.69295585
0,0.3316576
0,0.3259991
0,0.34269103
0,0.40253586
0,0.31740648
0,0.33563563
0,0.35512203
0,0.28763935
0,0.30481866
0,0.41208264
0,0.37314218
0,0.31867826
0,0.30623552
0,0.29149908
0,0.31742096
0,0.3273877
0,0.32545722
0,0.4125722
0,0.29476202
0,0.32670048
0,0.35872248
0,0.8051113
0,0.37032542
0,0.34625491
0,0.33032316
0,0.29572657
0,0.32465944
0,0.38375205
0,0.42338705
0,0.4410069
0,0.31538907
0,0.3204787
0,0.3162968
0,0.33169052
0,0.3935746
0,0.3227585
0,0.31178707
0,0.30641705
0,0.31866303
0,0.42920715
0,0.3570037
0,0.35641843
0,0.35326496
0,0.52998155
0,0.31803894
0,0.3676656
0,0.36481237
0,0.31449494
0,0.30096915
0,0.3158248
0,0.34161118
0,0.3011048
0,0.34819934
0,0.33694172
0,0.3177193
0,0.31357214
0,0.34834298
0,0.3240845
0,0.3317886
0,0.31743157
0,0.31005505
0,0.31514606
0,0.338527
0,0.32697466
0,0.42538178
0,0.43205005
0,0.41175067
0,0.32983872
0,0.29161575
0,0.31157622
0,0.3081163
0,0.34789532
0,0.3673312
0,0.35361245
0,0.27806085
0,0.3287958
0,0.32269198
0,0.33726606
0,0.3556933
0,0.32424232
0,0.30947137
0,0.31848493
0,0.33788574
0,0.36263287
0,0.29672822
0,0.32433614
0,0.32176
0,0.37981254
0,0.35692126
0,0.3328538
0,0.2999217
0,0.28818682
0,0.3827044
0,0.35131875
0,0.35988668
0,0.33481094
0,0.38043305
0,0.29702768
0,0.29664686
0,0.31243318
0,0.32786602
0,0.33840403
0,0.33324796
0,0.38528854
0,0.39075455
0,0.38686752
0,0.3149584
0,0.3353582
0,0.37667668
0,0.32720643
0,0.39255777
0,0.3666651
0,0.3142279
0,0.3587517
0,0.32964084
0,0.34332797
0,0.3381015
0,0.2854447
0,0.34201297
0,0.3225872
0,0.31362423
0,0.30577502
0,0.32573396
0,0.39310327
0,0.31031668
0,0.3034397
0,0.35671037
0,0.33746746
0,0.41501746
0,0.32304886
0,0.28459907
0,0.49284062
0,0.722593
0,0.29937577
0,0.33019507
0,0.34043673
0,0.34274516
0,0.35116
0,0.34318426
0,0.36575505
0,0.34170094
0,0.303435
0,0.43137366
0,0.31762883
0,0.32668403
0,0.38822216
0,0.42361888
0,0.29519153
0,0.35034835
0,0.33428127
0,0.35700995
0,0.35844138
0,0.3044884
0,0.49751863
0,0.6102126
0,0.34729695
0,0.32615754
0,0.32154885
0,0.32391652
0,0.34142786
0,0.33622727
0,0.3173924
0,0.35193565
0,0.32349274
0,0.48850706
0,0.3335079
0,0.30039692
0,0.3036969
0,0.3103056
0,0.34759244
0,0.2911158
0,0.326559
0,0.33374488
0,0.38770068
0,0.3311565
0,0.30922803
0,0.37520894
0,0.4267707
0,0.32569215
0,0.4244746
0,0.33850273
0,0.29180226
0,0.31754062
0,0.3439941
0,0.3331691
0,0.31915015
0,0.3581756
0,0.326941
0,0.30695242
0,0.30440888
0,0.33614945
0,0.3807952
0,0.29918775
0,0.3430587
0,0.31334773
0,0.3545069
0,0.37632757
0,0.32625887
0,0.3635974
0,0.3353273
0,0.38491723
0,0.3557573
0,0.37810373
0,0.50878215
0,0.35590413
0,0.3970718
0,0.44595432
0,0.46509475
0,0.3539788
0,0.3029254
0,0.29866996
0,0.3184115
0,0.310441
0,0.34750926
0,0.31335676
0,0.30949193
0,0.32373253
0,0.38146642
0,0.368123
0,0.3597003
0,0.3294782
0,0.41965675
0,0.3157689
0,0.34567514
0,0.2936338
0,0.39498413
0,0.31468287
0,0.35476175
0,0.33048236
0,0.30742878
0,0.32450205
0,0.30487046
0,0.33587542
0,0.32758036
0,0.3146119
0,0.49441954
0,0.32129207
0,0.3414619
0,0.3714753
0,0.37577382
0,0.32633978
0,0.39119682
0,0.40142512
0,0.683324
0,0.31505117
0,0.31224623
0,0.41268322
0,0.3713308
0,0.31012315
0,0.38131556
0,0.32446477
0,0.34830746
0,0.34177914
0,0.27600795
0,0.32688457
0,0.3457236
0,0.30834165
0,0.35347578
0,0.34218076
0,0.3088878
0,0.35591677
0,0.49762252
0,0.31626716
0,0.33329818
0,0.3968719
0,0.5461585
0,0.31032652
0,0.35677743
0,0.31773996
0,0.4917221
0,0.32783532
0,0.3563215
0,0.35877478
0,0.35390013
0,0.32653
0,0.31526294
0,0.3395898
0,0.32697928
0,0.40580937
0,0.29414254
0,0.29350677
0,0.31736183
0,0.41274062
0,0.36997724
0,0.3681744
0,0.35901827
0,0.32915905
0,0.48945308
0,0.323095
0,0.33451346
0,0.4554816
0,0.34419337
0,0.37584218
0,0.33304456
0,0.31198987
0,0.32845542
0,0.3154047
0,0.31990564
0,0.30634108
0,0.31730688
0,0.31411383
0,0.32738096
0,0.3839053
0,0.32563603
0,0.30989328
0,0.29223496
0,0.301839
0,0.3229484
0,0.33535483
0,0.45791405
0,0.3521976
0,0.30546334
0,0.33155572
0,0.38255116
0,0.3083122
0,0.33596048
0,0.35624403
0,0.29676062
0,0.36119327
0,0.32161754
0,0.29786086
0,0.39763358
0,0.33390892
0,0.29710084
0,0.3253084
0,0.29791877
0,0.3509465
0,0.31135744
0,0.39646184
0,0.47412178
0,0.30855075
0,0.35114795
0,0.38749313
0,0.33649564
0,0.33332023
0,0.33073673
0,0.35129347
0,0.33330297
0,0.2941042
0,0.31220415
0,0.30994105
0,0.37494597
0,0.44079745
0,0.3823244
0,0.30949977
0,0.31716543
0,0.32108238
0,0.35717326
0,0.3500121
0,0.39377013
0,0.3312891
0,0.4847191
0,0.3397924
0,0.7709739
0,0.5323416
0,0.31267017
0,0.37690333
0,0.4062149
0,0.54488945
0,0.37973678
0,0.34001458
0,0.37534624
0,0.41529655
0,0.35400105
0,0.36207464
0,0.31608015
0,0.4365535
0,0.3789456
0,0.3619983
0,0.39097658
0,0.36355618
0,0.5397061
0,0.34237236
0,0.3712861
0,0.44738802
0,0.6111632
0,0.6160834
0,0.34653482
0,0.3726153
0,0.39133045
0,0.43130013
0,0.41640645
0,0.4444988
0,0.31617773
0,0.40339473
0,0.5549444
0,0.3619388
0,0.3770369
0,0.3456598
0,0.33452892
0,0.3605091
0,0.40040714
0,0.44523323
0,0.30777255
0,0.33579862
0,0.31364208
0,0.3418886
0,0.45354566
0,0.3627674
0,0.32392135
0,0.32074428
0,0.31622073
0,0.33814797
0,0.3310266
0,0.46096197
0,0.3438335
0,0.32960466
0,0.3834758
0,0.32868528
0,0.40275553
0,0.374225
0,0.3528306
0,0.34967372
0,0.38420534
0,0.31919512
0,0.36339006
0,0.35380957
0,0.3556443
0,0.42637306
0,0.41677827
0,0.38943756
0,0.37276322
0,0.47737923
0,0.31342033
0,0.31317562
0,0.36172724
0,0.34602848
0,0.36074013
0,0.3442297
0,0.33001176
0,0.32558563
0,0.38423565
0,0.38795355
0,0.3301091
0,0.38811025
0,0.302042
0,0.34994262
0,0.45034933
0,0.3359341
0,0.3198438
0,0.33824986
0,0.31024158
0,0.40044025
0,0.356338
0,0.40037864
0,0.50589055
0,0.3731703
0,0.33009198
0,0.36799842
0,0.4110876
0,0.36258787
0,0.38104862
0,0.3392582
0,0.3594097
0,0.34657666
0,0.41050985
0,0.3460117
0,0.4023295
0,0.36571035
0,0.33771482
0,0.34431785
0,0.44290593
0,0.32853037
0,0.6103119
0,0.73843443
0,0.63719565
0,0.33958292
0,0.35761964
0,0.9329101
0,0.38914752
0,0.34031633
0,0.36247858
0,0.36535445
0,0.38450646
0,0.35115457
0,0.35761783
0,0.3198709
0,0.31481838
0,0.38165322
0,0.33743525
0,0.34751558
0,0.31222758
0,0.3436778
0,0.3048083
0,0.3895156
0,0.4577603
0,0.7698535
0,0.40873376
0,0.4920225
0,0.2848881
0,0.34636283
0,0.32729647
0,0.32962248
0,0.34804562
0,0.34870732
0,0.3675329
0,0.32839024
0,0.30832326
0,0.35942775
0,0.3130875
0,0.3827087
0,0.35783815
0,0.3983526
0,0.31759837
0,0.33965176
0,0.41804
0,0.35027948
0,0.3101869
0,0.4720055
0,0.3071325
0,0.33477286
0,0.3158599
0,0.36194885
0,0.36257282
0,0.3491896
0,0.3170113
0,0.3561168
0,0.33691692
0,0.44380254
0,0.34275663
0,0.34802943
0,0.3154756
0,0.31241667
0,0.3257072
0,0.3343555
0,0.3464394
0,0.31975633
0,0.32434684
0,0.3846633
0,0.30794364
0,0.42396778
0,0.35044268
0,0.349792
0,0.3851586
0,0.38736832
0,0.34795237
0,0.3322935
0,0.35062844
0,0.32685885
0,0.3585552
0,0.4880191
0,0.5367625
0,0.35384795
0,0.3263345
0,0.2975115
0,0.3195603
0,0.3448528
0,0.34535068
0,0.34299248
0,0.32213902
0,0.35978726
0,0.31292233
0,0.38369462
0,0.5809865
0,0.31631333
0,0.34071392
0,0.30830124
0,0.3444397
0,0.4088501
0,0.33549514
0,0.30276877
0,0.35988882
0,0.33064446
0,0.36950594
0,0.34664077
0,0.31375554
0,0.34360254
0,0.31351098
0,0.3458043
0,0.5232182
0,0.3238499
0,0.3324253
0,0.32185787
0,0.31174135
0,0.6010615
0,0.35791737
0,0.397215
0,0.37385854
0,0.3311875
0,0.32537237
0,0.3829592
0,0.34130538
0,0.39679906
0,0.2980044
0,0.5086858
0,0.34644422
0,0.3179785
0,0.36142695
0,0.35719636
0,0.3437106
0,0.3376267
0,0.32695323
0,0.2982505
0,0.3254789
0,0.3169094
0,0.47511303
0,0.6106696
0,0.50298345
0,0.30035135
0,0.34072503
0,0.42313853
0,0.34463468
0,0.3696635
0,0.4667959
0,0.352279
0,0.33323458
0,0.34703025
0,0.3137631
0,0.35925177
0,0.3717156
0,0.3507293
0,0.31560946
0,0.32608172
0,0.32886744
1,0.8668452
1,0.58423966
0,0.3462261
1,0.32733288
1,0.89339966
1,0.44685262
0,0.57343066
0,0.42693606
1,0.31771618
1,0.8884468
0,0.32910514
0,0.36983037
1,0.77669376
1,0.6099963
0,0.30746946
0,0.33323288
1,0.8588231
1,0.35271215
0,0.35706168
1,0.39015728
1,0.91627157
1,0.46176642
0,0.28899452
1,0.4162575
1,0.8927276
0,0.30957672
0,0.3538904
1,0.45241868
1,0.8129741
0,0.34212294
1,0.3263468
1,0.87667423
1,0.3402438
0,0.3445619
1,0.56404865
1,0.83489484
0,0.5337313
0,0.3291328
0,0.31570134
1,0.8555364
1,0.6753954
0,0.3249596
1,0.32842767
1,0.8614492
0,0.36127055
0,0.3893041
1,0.48596874
1,0.84907526
0,0.32204723
0,0.31277603
1,0.6576174
1,0.8194015
0,0.36962354
0,0.33500588
1,0.346272
1,0.76107556
0,0.33867562
0,0.35313118
1,0.8514539
1,0.64439595
0,0.33841893
0,0.32767245
1,0.74685365
1,0.50840527
0,0.3116146
0,0.387148
0,0.3792092
1,0.9363117
1,0.3983283
0,0.3340918
1,0.32675165
1,0.8596483
0,0.3459217
0,0.39169896
1,0.47495878
1,0.8835787
0,0.35586682
0,0.32815126
1,0.77378297
1,0.447394
0,0.3390082
0,0.3678763
1,0.7695995
1,0.56353086
0,0.35915667
1,0.36505035
1,0.89341086
0,0.34480602
0,0.35380077
1,0.7395098
1,0.8312001
0,0.45315856
0,0.3807491
1,0.8571994
1,0.5928859
0,0.7276053
0,0.5774802
1,0.34379163
1,0.89896506
1,0.35081857
0,0.3128837
1,0.38309023
1,0.90117496
0,0.46546745
0,0.38092762
1,0.647062
1,0.78950965
0,0.36000273
0,0.32778868
1,0.8656873
1,0.5870541
0,0.38020357
1,0.436878
1,0.94439834
1,0.52506787
0,0.43146166
1,0.31360003
1,0.8475324
1,0.37787333
0,0.75042695
1,0.7214987
1,0.88773
0,0.3740664
0,0.30979523
1,0.63898253
1,0.8205284
0,0.7155007
0,0.31113932
0,0.35492432
1,0.8402669
1,0.56800663
0,0.34900963
1,0.41126236
1,0.92618406
0,0.3326066
0,0.36024156
1,0.41315025
1,0.89872843
0,0.4105469
0,0.29538095
1,0.7138213
1,0.73077446
0,0.3368835
0,0.3574337
1,0.86338145
1,0.5632822
0,0.3118156
0,0.36665648
1,0.8771949
1,0.39471054
0,0.4058488
1,0.45571864
1,0.8146213
0,0.37309194
0,0.31892568
0,0.7154565
1,0.86992
1,0.67835665
0,0.35263273
1,0.36664382
1,0.93036115
1,0.57573617
0,0.31347448
1,0.35333884
1,0.8792644
1,0.3941719
0,0.31689364
1,0.6567382
1,0.83599085
0,0.35854802
0,0.36974132
1,0.67476696
1,0.65691507
0,0.39915136
0,0.30991358
1,0.75291926
1,0.6095257
0,0.32362863
0,0.3565878
1,0.88688904
1,0.60404
0,0.3564594
1,0.35286117
1,0.8914419
1,0.3688722
0,0.39391288
0,0.40915585
1,0.35297596
1,0.9168161
0,0.31802735
0,0.35655886
1,0.468158
1,0.80001366
0,0.3437107
0,0.55474466
1,0.79962265
1,0.71043074
0,0.45855856
0,0.32290038
1,0.8155752
1,0.5393093
0,0.40047735
0,0.35278642
1,0.89439744
1,0.60223645
0,0.7082494
1,0.35950983
1,0.8732448
0,0.37247217
0,0.3347584
1,0.657185
1,0.6596194
0,0.35458592
0,0.4101421
1,0.73945683
1,0.7189135
0,0.42865753
0,0.35814494
0,0.31938493
1,0.93631434
1,0.46476465
0,0.33491066
1,0.34686264
1,0.89847505
0,0.36583984
0,0.35402924
1,0.6267902
1,0.7393756
0,0.30512416
0,0.32763907
1,0.7707571
1,0.5654703
0,0.36406627
0,0.33205447
1,0.90150356
1,0.4221172
0,0.3541953
1,0.35007802
1,0.8266132
1,0.4434222
0,0.52992296
1,0.5428356
1,0.87131035
0,0.34245652
0,0.31411248
1,0.41135767
1,0.8080918
1,0.6836319
0,0.29861677
0,0.33038718
1,0.7958126
1,0.51839584
0,0.3316769
0,0.36233172
1,0.8665206
1,0.39711428
0,0.3845776
1,0.37902433
1,0.89388704
1,0.38540506
0,0.35972145
1,0.3215619
1,0.9045676
0,0.35212532
0,0.40659237
1,0.4586158
1,0.86054575
0,0.37251583
0,0.2884903
1,0.7766213
1,0.6602438
0,0.318631
1,0.3418287
1,0.89354193
1,0.3820865
0,0.353788
0,0.6015159
1,0.4985069
1,0.8971489
0,0.340719
0,0.39756337
1,0.53035945
1,0.7830534
0,0.35773245
0,0.31760398
1,0.91424423
1,0.3595992
0,0.3987746
1,0.4768316
1,0.8110588
0,0.38660663
0,0.33256835
1,0.6154565
1,0.7119654
0,0.31997204
0,0.3172488
1,0.86388975
1,0.50342697
0,0.32987654
1,0.36441612
1,0.7946356
1,0.35475248
0,0.30043608
1,0.41107082
1,0.91245884
0,0.33163914
0,0.5609909
0,0.3919278
1,0.7223305
1,0.6316805
0,0.33047587
0,0.3207082
1,0.8500126
1,0.5261104
0,0.32969427
1,0.39858884
1,0.94972247
0,0.34952626
0,0.33020118
1,0.5223431
1,0.86495334
0,0.36712995
0,0.3876733
1,0.60436666
1,0.8265932
0,0.54664904
0,0.33301505
1,0.7174856
1,0.6145636
0,0.36404935
0,0.4424874
1,0.86164147
1,0.67715424
0,0.35545093
1,0.34266388
1,0.7683313
1,0.52098393
0,0.42491236
0,0.35016665
1,0.50420415
1,0.73866785
0,0.37800863
0,0.3251088
1,0.73964757
1,0.61868596
0,0.317599
0,0.33999872
1,0.787559
1,0.5977554
0,0.4290534
1,0.37932742
1,0.7873701
1,0.5414323
0,0.340904
1,0.31033447
1,0.9077098
1,0.3552106
0,0.3465877
1,0.34839877
1,0.8398169
1,0.38309923
0,0.39477777
1,0.7194888
1,0.8026244
0,0.34193745
0,0.31694308
1,0.80010545
1,0.52202415
0,0.39691842
0,0.35790506
1,0.47673404
1,0.8912709
0,0.33950803
0,0.40015835
1,0.57823396
1,0.72706187
0,0.3600143
0,0.33702794
1,0.8759401
1,0.683786
0,0.35135555
1,0.3516082
1,0.924425
1,0.34642443
0,0.32168812
1,0.37530464
1,0.90838003
0,0.3277571
0,0.38448325
1,0.3885809
1,0.8925408
0,0.33465207
0,0.29159635
1,0.7912798
1,0.6170991
0,0.33818603
0,0.46511513
1,0.37803903
1,0.846274
0,0.29851642
0,0.41421124
1,0.4217071
1,0.8810468
0,0.38657245
0,0.3806451
1,0.6200902
1,0.80703115
0,0.53510696
0,0.45619392
1,0.81078297
1,0.52194965
0,0.39129037
1,0.30698213
1,0.9042809
0,0.43885356
0,0.32803965
1,0.33534482
1,0.84345
1,0.40662584
0,0.33167827
1,0.81429744
1,0.75351214
0,0.39365068
1,0.30252013
1,0.9502392
1,0.33194327
0,0.5744399
0,0.462696
1,0.61272186
1,0.8013122
0,0.3074097
0,0.40714553
1,0.88575554
1,0.5175647
0,0.3450775
1,0.3509371
1,0.902556
1,0.502966
0,0.32922074
1,0.33368513
1,0.9378992
0,0.35153311
0,0.29166853
1,0.58778125
1,0.6992063
0,0.36231434
0,0.44716558
1,0.8602827
1,0.48016286
0,0.3315251
1,0.3489905
1,0.8255579
1,0.30683523
0,0.3016098
1,0.6920896
1,0.89131373
0,0.5389338
0,0.42060396
0,0.30026305
1,0.750533
1,0.5557792
0,0.3252143
0,0.33074778
1,0.8659346
1,0.5759674
0,0.41499463
1,0.3480165
1,0.9163397
1,0.33248758
0,0.33583245
1,0.3757786
1,0.89379036
0,0.39003372
0,0.3651285
1,0.7780819
1,0.70450616
0,0.3353385
1,0.30262446
1,0.8989786
1,0.43670115
0,0.3573171
0,0.33702973
1,0.9363966
1,0.42683426
0,0.37767422
1,0.76541066
1,0.68303454
1,0.42369944
0,0.3234061
0,0.33011076
1,0.6228441
1,0.7825232
0,0.37778568
1,0.41557243
1,0.9285893
1,0.3678139
0,0.36339426
1,0.36034897
1,0.86100084
0,0.32501447
1,0.39381745
1,0.8817391
1,0.70223284
0,0.34522924
1,0.35365695
1,0.91734767
0,0.32610115
0,0.35887042
1,0.7905422
1,0.71727127
0,0.3764049
0,0.32058114
1,0.8736104
1,0.49220926
0,0.3395944
0,0.4092829
1,0.40855598
1,0.9480038
1,0.4367196
0,0.3080005
1,0.71842074
1,0.8221817
1,0.46236148
0,0.33752856
0,0.40325525
1,0.9178375
1,0.35555315
0,0.30487287
1,0.42073596
1,0.89553535
0,0.39048848
0,0.42213795
1,0.39896303
1,0.81923187
0,0.3059557
0,0.31160566
1,0.6575307
1,0.68113035
0,0.43324217
0,0.36092508
1,0.7981053
1,0.5032033
0,0.34287998
0,0.32225418
1,0.8529033
1,0.38646466
0,0.3799498
0,0.48952168
1,0.32007197
1,0.9241697
1,0.3523341
0,0.31140426
1,0.3857444
1,0.7070826
0,0.4164846
0,0.31235728
1,0.89153636
1,0.4420067
0,0.3360503
1,0.2902759
1,0.9141838
1,0.47138092
0,0.31814772
1,0.45093328
1,0.83485633
0,0.30115753
0,0.30899832
1,0.91409564
1,0.46750152
0,0.40896213
1,0.33027744
1,0.8822466
1,0.31286287
0,0.32109284
1,0.5766802
1,0.8799645
0,0.38743567
0,0.40574208
0,0.3521932
1,0.721206
1,0.5655318
0,0.3269977
0,0.43577397
1,0.86911035
1,0.4568053
0,0.36340523
1,0.3237173
1,0.89861184
1,0.34021991
0,0.28444085
1,0.39523342
1,0.9284977
0,0.34919745
0,0.3800418
1,0.44653812
1,0.8482617
0,0.37136146
0,0.31121704
1,0.8335995
1,0.56175894
0,0.3872914
1,0.31530362
1,0.867127
0,0.32563087
0,0.3095911
1,0.35539353
1,0.8223678
1,0.6902845
0,0.36211997
0,0.3417255
1,0.918079
1,0.3946965
0,0.31083998
0,0.40759784
1,0.9007548
1,0.42965442
0,0.32653922
1,0.37807894
1,0.82417226
1,0.29124343
0,0.30271286
1,0.41314453
1,0.87509644
0,0.32780764
0,0.32869646
1,0.7022027
1,0.6399854
0,0.30828726
0,0.28788283
1,0.89527905
1,0.51899415
0,0.34005004
1,0.32453683
1,0.87778074
1,0.3169308
0,0.32199273
0,0.45448542
1,0.5820692
1,0.8378515
0,0.34797564
0,0.37795395
1,0.84273076
1,0.65394604
0,0.33723354
1,0.44803435
1,0.8763395
0,0.34804296
0,0.36044455
1,0.9214508
1,0.4368609
0,0.31646866
1,0.36747423
1,0.85680217
1,0.40692368
0,0.33182585
1,0.611339
1,0.8006274
0,0.31806868
0,0.39068526
1,0.7428203
1,0.46595073
0,0.39215297
1,0.32680154
1,0.8888337
0,0.39590657
0,0.4120075
0,0.3219198
1,0.46297967
1,0.79558617
0,0.36130062
0,0.381643
1,0.8303994
1,0.54585284
0,0.30499968
0,0.30713186
1,0.82727265
1,0.41583896
0,0.32516745
1,0.33730564
1,0.87670374
1,0.33356535
0,0.47300515
1,0.38740724
1,0.86094093
0,0.3184366
0,0.2908262
1,0.56621355
1,0.77203023
0,0.36415136
0,0.32919216
1,0.6028524
1,0.64961773
0,0.3313317
0,0.28212434
1,0.7645516
1,0.42016646
0,0.5825445
0,0.33464783
1,0.34097183
1,0.877586
0,0.33980307
0,0.32409468
1,0.7314947
1,0.60699034
0,0.30596307
0,0.3761612
1,0.7723186
1,0.54063374
0,0.37611076
0,0.35931033
1,0.8918572
1,0.4081292
0,0.33026358
1,0.73997086
1,0.8799301
0,0.33112612
0,0.33949843
1,0.75814056
1,0.5766885
0,0.34002098
0,0.35263392
0,0.348236
0,0.3131839
1,0.641146
1,0.69352436
0,0.6712868
0,0.30318308
0,0.34789175
1,0.90977436
1,0.49589834
0,0.30814585
0,0.30540398
1,0.9169534
1,0.3431779
0,0.37059304
1,0.34495655
1,0.8850977
1,0.39186746
0,0.3246387
1,0.52524334
1,0.7769784
0,0.35541672
0,0.3298905
1,0.83932436
1,0.7436393
0,0.36446398
0,0.34476784
1,0.57071036
1,0.88435125
0,0.3252483
1,0.33554497
1,0.9323769
1,0.346588
0,0.31415206
0,0.48619053
1,0.6696103
1,0.75701314
0,0.33967692
0,0.28590345
1,0.5764821
1,0.71006835
0,0.27170172
0,0.33051378
1,0.6231208
1,0.78925914
0,0.45872924
0,0.37659064
1,0.7999464
1,0.6516589
0,0.30004567
0,0.3069646
1,0.7592393
1,0.54878384
0,0.512258
1,0.39859557
1,0.85330325
0,0.30938667
0,0.33895755
1,0.8603406
1,0.6545052
0,0.3176835
0,0.42898896
1,0.83567613
1,0.47261757
0,0.32664186
0,0.49830937
1,0.36616117
1,0.842738
0,0.3066417
0,0.32702467
1,0.6708046
1,0.81976867
0,0.32044986
0,0.33871704
1,0.5635097
1,0.70902634
0,0.35167995
0,0.29879552
1,0.8119885
1,0.37460065
0,0.4352219
1,0.31897503
1,0.84189236
1,0.3289196
0,0.33660018
1,0.37441
1,0.8944556
0,0.33157724
0,0.3282348
1,0.4222109
1,0.7691782
0,0.35939652
0,0.31405616
1,0.89450455
1,0.4353219
0,0.40321064
0,0.34687558
1,0.33524513
1,0.8977937
0,0.4055779
0,0.31993586
1,0.4289686
1,0.8214281
0,0.31428704
0,0.33683997
1,0.4369776
1,0.82627976
0,0.36888215
0,0.32287118
1,0.8461964
1,0.39447564
0,0.3405852
1,0.31591547
1,0.91936976
1,0.35150206
0,0.33101103
1,0.37271407
1,0.9138159
0,0.35366458
0,0.2993921
1,0.51068616
1,0.7700184
0,0.30895776
0,0.35284904
1,0.40490022
1,0.7166402
1,0.49637344
0,0.3091179
0,0.2770939
1,0.9184471
1,0.37516403
0,0.3965156
1,0.32305616
1,0.9060023
1,0.38140562
0,0.31493965
1,0.60520273
1,0.7525809
0,0.29193804
0,0.29816672
1,0.6249201
1,0.76020896
0,0.42188844
0,0.44529617
1,0.7409685
1,0.5141575
0,0.31650367
1,0.33129105
1,0.9009917
1,0.37668854
0,0.4049876
1,0.35411617
1,0.9108538
1,0.34309655
0,0.4453192
0,0.53247136
1,0.8345055
1,0.8851737
0,0.3245857
0,0.38903588
1,0.3957017
1,0.87451905
0,0.62931824
0,0.33462584
1,0.35077536
1,0.8284361
0,0.31335595
0,0.31758344
1,0.45970497
1,0.76885664
0,0.45908707
0,0.36852068
1,0.4468076
1,0.77192855
0,0.32012224
0,0.2923966
1,0.8681131
1,0.45731202
0,0.32665554
1,0.36535642
1,0.8754203
1,0.4065371
0,0.34776708
1,0.37029833
1,0.8925105
0,0.33852255
0,0.49724978
0,0.30168393
1,0.85437316
1,0.5853454
0,0.49985924
0,0.33467102
1,0.9060215
1,0.55621386
0,0.30171815
1,0.5381996
1,0.8742062
0,0.3269774
0,0.47187677
1,0.5166869
1,0.78967047
0,0.3407356
0,0.32922077
1,0.500006
1,0.7926522
0,0.38281214
0,0.37762943
1,0.790954
1,0.7065774
0,0.368792
0,0.36821282
1,0.50816387
1,0.8156622
0,0.32721472
0,0.36269686
1,0.84024084
1,0.44316405
0,0.39093646
0,0.33169985
1,0.54972357
1,0.80757207
0,0.4221194
0,0.39128032
1,0.6069075
1,0.7416906
0,0.34772244
0,0.35119367
1,0.840257
1,0.48538667
0,0.41583213
1,0.5051307
1,0.8406587
1,0.35921597
0,0.3162077
0,0.35089758
1,0.8519684
1,0.39170045
0,0.34646392
1,0.38812676
1,0.85438204
1,0.40854648
0,0.41648173
1,0.35931095
1,0.865189
1,0.51044655
0,0.48336923
1,0.44630417
1,0.7338732
0,0.36007708
0,0.36112827
0,0.31355017
1,0.8000634
1,0.44797185
0,0.34077036
1,0.32672745
1,0.89120257
1,0.34719688
0,0.3742563
1,0.33597806
1,0.81172615
1,0.35444394
0,0.360165
1,0.41165203
1,0.87502354
1,0.32746688
0,0.33739763
1,0.3974615
1,0.8609882
1,0.33061963
0,0.33062747
1,0.33654374
1,0.89584017
0,0.36538008
0,0.31854463
1,0.50453484
1,0.83968866
0,0.3519807
0,0.4546536
1,0.403806
1,0.83456403
1,0.3531873
0,0.31358457
0,0.30743906
0,0.31987712
0,0.30142274
0,0.32374445
0,0.34829822
0,0.39481732
0,0.33394948
0,0.40651217
0,0.33880422
0,0.3415203
0,0.33775747
0,0.32614473
0,0.334424
0,0.37074238
0,0.3366974
0,0.3296135
0,0.38594204
0,0.31595832
0,0.3338116
0,0.41324446
0,0.31462348
0,0.32313022
0,0.3130999
0,0.34113342
0,0.5220195
0,0.40313047
0,0.3400432
0,0.44404978
0,0.34429017
0,0.37370306
0,0.33738133
0,0.3390652
0,0.3117861
0,0.31168053
0,0.31154138
0,0.34370217
0,0.39927283
0,0.332436
0,0.41764447
0,0.29739678
0,0.3069136
0,0.3443602
0,0.49603882
0,0.38151088
0,0.35734504
0,0.36307555
0,0.40690142
0,0.32061023
0,0.31026384
0,0.40579805
0,0.36600232
0,0.36497498
0,0.4559041
0,0.3858423
0,0.30207723
0,0.32308462
0,0.34017697
0,0.6720064
0,0.43929276
0,0.33490708
0,0.31183574
0,0.31633136
0,0.37519887
0,0.41957062
0,0.45262247
0,0.3632624
0,0.35224974
0,0.30371338
0,0.30095735
0,0.29921603
0,0.43236187
0,0.33818203
0,0.3375641
0,0.31895417
0,0.318124
0,0.3063992
0,0.36078268
0,0.3173534
0,0.3403617
0,0.32898465
0,0.37516204
0,0.327072
0,0.43493712
0,0.39084172
0,0.34382388
0,0.36808917
0,0.41324195
0,0.32090122
0,0.42529228
0,0.36716065
0,0.35660952
0,0.52795374
0,0.36990052
0,0.46032512
0,0.3486396
0,0.342821
0,0.3517506
0,0.37838194
0,0.33348644
0,0.32074127
0,0.3189098
0,0.38725916
0,0.48461962
0,0.36660698
0,0.30829775
0,0.32445183
0,0.35716268
0,0.36250964
0,0.36220232
0,0.33858755
0,0.33312917
0,0.41622925
0,0.46751654
0,0.42085245
0,0.37055925
0,0.47535864
0,0.38278806
0,0.34093314
0,0.566488
0,0.39657402
0,0.48674488
0,0.30597472
0,0.36390126
0,0.4056587
0,0.35349232
0,0.34062862
0,0.34252113
0,0.3195265
0,0.32313544
0,0.34232455
0,0.5531759
0,0.3218956
0,0.35933807
0,0.37378553
0,0.44333652
0,0.40718654
0,0.4605984
0,0.32691085
0,0.3388614
0,0.32813767
0,0.3371684
0,0.35415757
0,0.30096
0,0.32508996
0,0.31103054
0,0.34659535
0,0.3359485
0,0.36430374
0,0.32536516
0,0.39739537
0,0.3352137
0,0.3376831
0,0.3466629
0,0.3599528
0,0.34001428
0,0.35545227
0,0.33536404
0,0.33271644
0,0.50956374
0,0.31158602
0,0.28175837
0,0.36586764
0,0.35811785
0,0.54294384
0,0.36337075
0,0.2925649
0,0.33084556
0,0.30322403
0,0.28955376
0,0.35380808
0,0.32301348
0,0.32342845
0,0.36475226
0,0.31023133
0,0.3181771
0,0.5132881
0,0.6937573
0,0.33407488
0,0.51209295
0,0.32336026
0,0.40915394
0,0.35479242
0,0.31611112
0,0.38875866
0,0.3138693
0,0.3458704
0,0.36700386
0,0.4263612
0,0.3691401
0,0.35563707
0,0.34062254
0,0.34336755
0,0.52661395
0,0.39152393
0,0.3856575
0,0.30281323
0,0.32921636
0,0.35197455
0,0.3094735
0,0.36465284
0,0.37426057
0,0.35887536
0,0.32008877
0,0.35517836
0,0.33085707
0,0.3149796
0,0.3472691
0,0.3520793
0,0.34810415
0,0.3165073
0,0.39429337
0,0.3169953
0,0.31429243
0,0.3164783
0,0.34800214
0,0.31821027
0,0.32322317
0,0.3853273
0,0.35667738
0,0.424449
0,0.32438508
0,0.61021674
0,0.4065238
0,0.46477193
0,0.32696182
0,0.38932896
0,0.35348552
0,0.54141843
0,0.3355125
0,0.30575034
0,0.33313322
0,0.32927853
0,0.3236022
0,0.3340184
0,0.3297955
0,0.38920605
0,0.3322698
0,0.28845453
0,0.3194462
0,0.33512095
0,0.33748522
0,0.37024066
0,0.5116898
0,0.34209535
0,0.37791488
0,0.31238988
0,0.32720828
0,0.47599196
0,0.35118186
0,0.32649648
0,0.3546736
0,0.3129092
0,0.29475543
0,0.34320512
0,0.3264164
0,0.43006298
0,0.3788388
0,0.3522561
0,0.319577
0,0.35063687
0,0.3691679
0,0.4691439
0,0.35744032
0,0.33974335
0,0.35931492
0,0.39508748
0,0.36650857
0,0.34918657
0,0.37027845
0,0.39857987
0,0.41506156
0,0.3199949
0,0.31287944
0,0.3264291
0,0.42739555
0,0.37135482
0,0.39072245
0,0.32932657
0,0.3349501
0,0.31432974
0,0.35208067
0,0.3431208
0,0.36465487
0,0.45661345
0,0.4375379
0,0.31884032
0,0.34677708
0,0.33338076
0,0.40326208
0,0.36391714
0,0.33878663
0,0.36231866
0,0.312053
0,0.3469302
0,0.3338099
0,0.3630461
0,0.35078207
0,0.30978873
0,0.34183645
0,0.33582634
0,0.41266444
0,0.38284296
0,0.3065701
0,0.35768852
0,0.34773728
0,0.36634707
0,0.36623856
0,0.30848157
0,0.31660616
0,0.40150467
0,0.35385534
0,0.33196473
0,0.33166417
0,0.39545053
0,0.31991708
0,0.31279466
0,0.3068226
0,0.32946572
0,0.43791676
0,0.32136494
0,0.3285064
0,0.33132082
0,0.33926496
0,0.3443094
0,0.39403978
0,0.39074647
0,0.3463851
0,0.34244865
0,0.35911447
0,0.32769254
0,0.3111312
0,0.3257149
0,0.39832637
0,0.32924214
0,0.28945664
0,0.34383577
0,0.3692862
0,0.5778871
0,0.36210817
0,0.374794
0,0.31011
0,0.3187424
0,0.2958319
0,0.34111
0,0.31323844
0,0.39625588
0,0.38883924
0,0.34613985
0,0.72534615
0,0.36173683
0,0.42723107
0,0.37427324
0,0.32405227
0,0.33931807
0,0.370079
0,0.35366738
0,0.35067952
0,0.28645808
0,0.31714833
0,0.35837665
0,0.32863817
0,0.39550066
0,0.35883915
0,0.36673248
0,0.32923242
0,0.3487728
0,0.39805055
0,0.33824712
0,0.30013874
0,0.3562683
0,0.35242486
0,0.4090145
0,0.3640613
0,0.31645262
0,0.33917168
0,0.33435988
0,0.3047128
0,0.40275154
0,0.31208628
0,0.31687564
0,0.3032988
0,0.2926973
0,0.3234276
0,0.33894515
0,0.32833993
0,0.32631508
0,0.3446204
0,0.29332012
0,0.3078913
0,0.2950296
0,0.3376689
0,0.3598892
0,0.36367694
0,0.41290054
0,0.32279292
0,0.27241182
0,0.35606802
0,0.3127791
0,0.31828293
0,0.33092937
0,0.3406393
0,0.29201818
0,0.33374375
0,0.315966
0,0.38900557
0,0.31434056
0,0.44416893
0,0.324868
0,0.3061698
0,0.4601307
0,0.31795698
0,0.41900256
0,0.40113956
0,0.33268207
0,0.4480643
0,0.3182242
0,0.38067296
0,0.38695994
0,0.41936046
0,0.40826482
0,0.36012903
0,0.41915008
0,0.45681754
0,0.3348861
0,0.35316324
0,0.33688843
0,0.4302314
0,0.33036372
0,0.43622115
0,0.38972038
0,0.31122363
0,0.4061684
0,0.507719
0,0.5933894
0,0.4172149
0,0.3743225
0,0.5040833
0,0.6317086
0,0.5853873
0,0.31312585
0,0.6079767
0,0.32340503
0,0.44368848
0,0.89674515
0,0.3995053
0,0.3406643
0,0.40370768
0,0.5350089
0,0.43509486
0,0.3885687
0,0.5037756
0,0.5254699
0,0.34834456
0,0.5029798
0,0.42361188
0,0.33163202
0,0.6628369
0,0.50015575
0,0.5700865
0,0.674451
0,0.38524336
0,0.40932226
0,0.35530686
0,0.35571724
0,0.39441672
0,0.3521665
0,0.3828972
0,0.34556583
0,0.4331143
0,0.4444709
0,0.44015372
0,0.554527
0,0.525427
0,0.4137021
0,0.32183698
0,0.31378376
0,0.35256344
0,0.31453604
0,0.37035525
0,0.32861683
0,0.36866125
0,0.46894917
0,0.36558998
0,0.35386795
0,0.3271789
0,0.38523155
0,0.32646692
0,0.4337244
0,0.38008258
0,0.3656447
0,0.3273379
0,0.36279866
0,0.3733507
0,0.3715102
0,0.39622754
0,0.34773317
0,0.40824243
0,0.3834151
0,0.32765025
0,0.527322
0,0.3474758
0,0.50232357
0,0.4032211
0,0.36175776
0,0.5399943
0,0.32835254
0,0.40772086
0,0.42427018
0,0.35494408
0,0.34777486
0,0.45530012
0,0.35350627
0,0.35741413
0,0.41137037
0,0.5083319
0,0.3451515
0,0.43999156
0,0.36291263
0,0.51002735
0,0.3740481
0,0.35986546
0,0.49926585
0,0.3616373
0,0.39817193
0,0.4617027
0,0.37813252
0,0.47133207
0,0.45282602
0,0.35751817
0,0.38507947
0,0.36153466
0,0.35184193
0,0.44449696
0,0.36133438
0,0.5136418
0,0.5256771
0,0.40343073
0,0.39234206
0,0.3265113
0,0.47020823
0,0.40821096
0,0.35750818
0,0.6271383
0,0.46829915
0,0.33425966
0,0.44593593
0,0.45130935
0,0.33255872
0,0.38454953
0,0.34255335
0,0.40972942
0,0.4153811
0,0.31314915
0,0.39705855
0,0.4758657
0,0.6326718
0,0.3673007
0,0.49101764
0,0.33641642
0,0.47658756
0,0.48493525
0,0.37058505
0,0.38861552
0,0.32502493
0,0.36932355
0,0.36531144
0,0.36726952
0,0.35370466
0,0.36066887
0,0.35313034
0,0.34325516
0,0.49873418
0,0.44530872
0,0.3854886
0,0.33531877
0,0.39924583
0,0.5737392
0,0.3600149
0,0.40392178
0,0.37590933
0,0.78417635
0,0.76452774
0,0.4948542
0,0.43041185
0,0.35490116
0,0.3955309
0,0.45170718
0,0.33636737
0,0.386925
0,0.42026106
0,0.47301617
0,0.4064508
0,0.33540767
0,0.36719748
0,0.31884816
0,0.3914553
0,0.3268682
0,0.40017182
0,0.44876865
0,0.43522263
0,0.5017086
0,0.3493761
0,0.3461839
0,0.49001363
0,0.36189273
0,0.44647282
0,0.38896337
0,0.37996927
0,0.33826452
0,0.3839541
0,0.572123
0,0.33568093
0,0.33224216
0,0.5318623
0,0.42557907
0,0.41057342
0,0.37515393
0,0.41909555
0,0.34020376
0,0.31242654
0,0.3375147
0,0.37952536
0,0.36601037
0,0.32715794
0,0.37876073
0,0.35857376
0,0.4293067
0,0.5923754
0,0.45863572
0,0.36411142
0,0.38530192
0,0.4056411
0,0.6192748
0,0.6328899
0,0.51462704
0,0.44328132
0,0.33231595
0,0.45239526
0,0.3966701
0,0.30220592
0,0.40554145
0,0.4350546
0,0.38507757
0,0.5004678
0,0.36865756
0,0.38923255
0,0.36977932
0,0.41198358
0,0.4766706
0,0.42501646
0,0.39984706
0,0.36977667
0,0.32546297
0,0.37312415
0,0.37153283
0,0.38425106
0,0.5715818
0,0.3912211
0,0.32154518
0,0.3491163
0,0.5390118
0,0.53951955
0,0.43032944
0,0.5103673
0,0.34834468
0,0.5200144
0,0.60095626
0,0.32270455
0,0.36218366
0,0.3700063
0,0.31674838
0,0.347788
0,0.3202137
0,0.39672157
0,0.36315042
0,0.46944776
0,0.54902357
0,0.41264975
0,0.3785664
0,0.32624254
0,0.39001748
0,0.46371967
0,0.42081922
0,0.44705337
0,0.3655681
0,0.45678273
0,0.32063463
0,0.5583001
0,0.582754
0,0.34187412
0,0.37124678
0,0.357994
0,0.43030846
0,0.33282602
0,0.3671718
0,0.41065872
0,0.45569333
0,0.38607386
0,0.33213875
0,0.29942352
0,0.34575528
0,0.36618587
0,0.37424442
0,0.44050467
0,0.43496084
0,0.35464266
0,0.7371802
0,0.46050864
0,0.473457
0,0.84024227
0,0.32724026
0,0.38438126
0,0.40446445
0,0.33989343
0,0.35307932
0,0.59015524
0,0.33206594
0,0.3545608
0,0.33976647
0,0.3217267
0,0.3307769
0,0.56780547
0,0.41524014
0,0.35472795
0,0.37931708
0,0.32252714
0,0.34340408
0,0.29351693
0,0.2967045
0,0.3834
0,0.35549307
0,0.33506605
0,0.45282587
0,0.39103654
0,0.49296424
0,0.3679178
0,0.5072472
0,0.33350196
0,0.3801864
0,0.33041596
0,0.3980702
0,0.41830555
0,0.5124109
0,0.3638719
0,0.45595744
0,0.36239085
0,0.31992018
0,0.3478373
0,0.30459702
0,0.32637003
0,0.3675406
0,0.3930211
0,0.3990558
0,0.422463
0,0.30667782
0,0.3185066
0,0.30313593
0,0.34585094
0,0.30286044
0,0.3395903
0,0.39599726
0,0.42506194
0,0.32101762
0,0.42709506
0,0.33679575
0,0.35566318
0,0.36142632
0,0.3403577
0,0.34002355
0,0.41010568
0,0.3585951
0,0.35839257
0,0.385238
0,0.5419426
0,0.3750682
0,0.33443165
0,0.32972968
0,0.33321583
0,0.3379088
0,0.31091666
0,0.43253368
0,0.35868868
0,0.34332594
0,0.30972224
0,0.36258027
0,0.37680155
0,0.32444394
0,0.3010034
0,0.3721214
0,0.33781967
0,0.3375209
0,0.28278095
0,0.29894415
0,0.35483843
0,0.41094464
0,0.44963038
0,0.6682914
0,0.32900485
0,0.3094304
0,0.3110751
0,0.38440403
0,0.41896027
0,0.33862206
0,0.34434077
0,0.31586313
0,0.31636465
0,0.3344508
0,0.35020792
0,0.32805336
0,0.350133
0,0.3236522
0,0.33815
0,0.35631666
0,0.34827715
0,0.39298004
0,0.32311478
0,0.50434464
0,0.3244487
0,0.32507998
0,0.47833964
0,0.41944692
0,0.33028615
0,0.40284425
0,0.39359927
0,0.33622658
0,0.33432573
0,0.3495121
0,0.31015307
0,0.32956806
0,0.388145
0,0.3373877
0,0.36759317
0,0.50439745
0,0.41597435
0,0.37602466
0,0.3213022
0,0.3555761
0,0.4840744
0,0.33830512
0,0.32046273
0,0.36248627
0,0.3899379
0,0.33133695
0,0.343879
0,0.3461686
0,0.34969994
0,0.37845635
0,0.436953
0,0.47662395
0,0.33298153
0,0.7231385
0,0.32193717
1,0.33610415
1,0.92421705
1,0.5123193
1,0.8524135
1,0.9888643
1,0.9608034
1,0.78164715
1,0.9794408
1,0.9866731
1,0.7356768
1,0.6372571
1,0.9704789
1,0.5365737
1,0.6313115
1,0.99580115
1,0.88958466
1,0.8375795
1,0.86111933
1,0.9608246
1,0.7563802
1,0.63969654
1,0.85696495
1,0.99518955
1,0.9485159
1,0.8824844
1,0.99250567
1,0.9474293
1,0.86254054
1,0.41371268
1,0.830153
1,0.9815408
1,0.8063544
1,0.9745456
1,0.99708194
1,0.9352106
1,0.4393792
1,0.86196434
1,0.9716285
1,0.5937562
1,0.91855985
1,0.9941051
1,0.92119056
1,0.70516235
1,0.70968163
1,0.96890867
1,0.7536357
1,0.44504958
1,0.96555895
1,0.94360626
1,0.5845712
1,0.9846853
1,0.97219104
1,0.74592066
1,0.70644313
1,0.8584152
1,0.937517
1,0.6430655
1,0.8548399
1,0.995044
1,0.8179393
1,0.44982928
1,0.90269136
1,0.9028167
1,0.78930706
1,0.8184976
1,0.99261534
1,0.9733043
1,0.6881042
1,0.77104604
1,0.99295616
1,0.588022
1,0.65016365
1,0.9700177
1,0.99584275
1,0.9136077
1,0.8614807
1,0.91838896
1,0.9954022
1,0.95602304
1,0.55032873
1,0.59191257
1,0.8409371
1,0.7859621
1,0.87994915
1,0.99899524
1,0.960541
1,0.67176723
1,0.749141
1,0.86139125
1,0.94217837
1,0.7950089
1,0.72972137
1,0.9462033
1,0.99716043
1,0.8930405
1,0.5004809
1,0.8111765
1,0.9605774
1,0.66811305
1,0.5967994
1,0.97869885
1,0.99727494
1,0.9879953
1,0.6943758
1,0.85869026
1,0.955931
1,0.6928596
1,0.47569078
1,0.9584145
1,0.997482
1,0.88855255
1,0.8083033
1,0.89299333
1,0.83436286
1,0.4974133
1,0.7870081
1,0.91422045
1,0.80235565
1,0.8368868
1,0.9974571
1,0.8345566
1,0.68290174
1,0.75004697
1,0.93531924
1,0.9944722
1,0.94256204
1,0.8287663
1,0.92285365
1,0.99271446
1,0.8870794
1,0.49924156
1,0.5538218
1,0.9808388
1,0.9315013
1,0.7864631
1,0.94345194
1,0.9938687
1,0.82390285
1,0.5776044
1,0.59018683
1,0.9295794
1,0.9370819
1,0.87154853
1,0.61005473
1,0.9442099
1,0.9652559
1,0.748023
1,0.4812462
1,0.83093256
1,0.6744821
1,0.87512267
1,0.97300017
1,0.99956006
1,0.9713424
1,0.7921547
1,0.8345171
1,0.8743671
1,0.5621756
1,0.58441913
1,0.97968924
1,0.9989973
1,0.9960472
1,0.85133827
1,0.6879014
1,0.9458297
1,0.8529212
1,0.64071375
1,0.5496684
1,0.9911943
1,0.9834574
1,0.6858145
1,0.4928876
1,0.898462
1,0.6480453
1,0.66348886
1,0.5011281
1,0.98908
1,0.9357972
1,0.9037293
1,0.8668477
1,0.9907518
1,0.66372037
1,0.61528414
1,0.5388672
1,0.9884835
1,0.75913787
1,0.96285295
1,0.99510866
1,0.91174763
1,0.4707789
1,0.94943506
1,0.77001446
1,0.503147
1,0.93966043
1,0.99369895
1,0.9477583
1,0.555353
1,0.6036797
1,0.9201206
1,0.7957069
1,0.4953292
1,0.9378935
1,0.9967321
1,0.8941366
1,0.80520284
1,0.8476321
1,0.96059096
1,0.7771285
1,0.61993635
1,0.79174834
1,0.99874556
1,0.91061026
1,0.8147981
1,0.8509543
1,0.92740417
1,0.5029972
1,0.78504145
1,0.85909426
1,0.9913468
1,0.87862897
1,0.920328
1,0.9814841
1,0.9659594
1,0.71788394
1,0.52588695
1,0.8543392
1,0.976548
1,0.98463374
1,0.8959276
1,0.7171345
1,0.98409605
1,0.9314538
1,0.527482
1,0.8731456
1,0.9497761
1,0.902071
1,0.7276328
1,0.9254162
1,0.98027694
1,0.49293035
1,0.61031204
1,0.6762367
1,0.77537
1,0.79276997
1,0.85614413
1,0.9970481
1,0.95309335
1,0.5063453
1,0.5238788
1,0.64793885
1,0.4357378
1,0.6235871
1,0.9966993
1,0.9783064
1,0.8228002
1,0.9173741
1,0.9121444
1,0.75296706
1,0.37346068
1,0.8307319
1,0.9289835
1,0.91224706
1,0.8180811
1,0.99805284
1,0.7612033
1,0.8533966
1,0.4524121
1,0.8914792
1,0.9790565
1,0.8966495
1,0.9367009
1,0.68180084
1,0.9680968
1,0.97177726
1,0.46674252
1,0.7389069
1,0.9156888
1,0.8455448
1,0.4187837
1,0.93031204
1,0.98335165
1,0.90618813
1,0.66829646
1,0.70198905
1,0.49653158
1,0.7720517
1,0.94831365
1,0.9763323
1,0.78723127
1,0.87003726
1,0.9735372
1,0.86116517
1,0.42397153
1,0.8671235
1,0.81361777
1,0.8997028
1,0.9215288
1,0.9939726
1,0.9990023
1,0.8970147
1,0.4286177
1,0.4650196
1,0.68040764
1,0.80970025
1,0.93264127
1,0.76727664
1,0.920721
1,0.8592941
1,0.4174644
1,0.5691019
1,0.7531555
1,0.93863815
1,0.8092744
1,0.95130044
1,0.99389523
1,0.87310684
1,0.45601365
1,0.7998998
1,0.72715384
1,0.43230414
1,0.94086945
1,0.9993494
1,0.7630788
1,0.56446403
1,0.90573955
1,0.8850766
1,0.81429255
1,0.622832
1,0.6333103
1,0.9877197
1,0.9854735
1,0.80171543
1,0.7852563
1,0.7832946
1,0.7283841
1,0.7623801
1,0.5701746
1,0.9977545
1,0.97223544
1,0.85791004
1,0.85889137
1,0.9454483
1,0.73554415
1,0.7780941
1,0.489204
1,0.84993434
1,0.99507433
1,0.71467704
1,0.7618945
1,0.8444244
1,0.5106722
1,0.6817411
1,0.8793336
1,0.53604513
1,0.8472975
1,0.96481943
1,0.95987636
1,0.8076495
1,0.5379236
1,0.89291275
1,0.8193274
1,0.41815183
1,0.79923534
1,0.98846227
1,0.90364414
1,0.5510677
1,0.9234282
1,0.9288432
1,0.42267868
1,0.8117577
1,0.87720793
1,0.98424304
1,0.87992966
1,0.96382606
1,0.92540973
1,0.9446999
1,0.7224006
1,0.6701204
1,0.7180168
1,0.7687263
1,0.6216184
1,0.96652246
1,0.9910259
1,0.62770814
1,0.78591615
1,0.88356566
1,0.6475126
1,0.42289475
1,0.9899558
1,0.9691115
1,0.785739
1,0.7983491
1,0.94510525
1,0.9451247
1,0.7947584
1,0.48676622
1,0.8145195
1,0.9951703
1,0.8190436
1,0.57588047
1,0.9614089
1,0.8721361
1,0.61717635
1,0.45421204
1,0.540641
1,0.99590755
1,0.74645156
1,0.7585889
1,0.94084626
1,0.7397789
1,0.61259073
1,0.49635312
1,0.9028533
1,0.9986689
1,0.94766825
1,0.72577924
1,0.75862664
1,0.8918269
1,0.5382323
1,0.56646305
1,0.6842788
1,0.8107473
1,0.5501184
1,0.8504189
1,0.986155
1,0.837078
1,0.5811066
1,0.5202417
1,0.8968343
1,0.47995988
1,0.8118168
1,0.9664597
1,0.98605686
1,0.757524
1,0.48875126
1,0.762107
1,0.6191623
1,0.36307794
1,0.8812988
1,0.9882857
1,0.8320034
1,0.6717698
1,0.9581404
1,0.97401434
1,0.6521768
1,0.36119986
1,0.5232557
1,0.97549313
1,0.8449749
1,0.52023196
1,0.96088046
1,0.5849034
1,0.38573518
1,0.74426496
1,0.5534232
1,0.43579546
1,0.8689465
1,0.9925783
1,0.8986176
1,0.57580125
1,0.6195388
1,0.9190706
1,0.46828172
1,0.40936774
1,0.99416554
1,0.9763179
1,0.83024615
1,0.60687214
1,0.90227574
1,0.80123377
1,0.4396924
1,0.87538743
1,0.8248555
1,0.99763024
1,0.95965457
1,0.799061
1,0.50654227
1,0.76261485
1,0.7256858
1,0.6554416
1,0.5114218
1,0.9928517
1,0.9992379
1,0.99635315
1,0.45030376
1,0.6533001
1,0.60403496
1,0.49279714
1,0.40675142
1,0.9829159
1,0.9861756
1,0.7431791
1,0.55900353
1,0.8201096
1,0.682205
1,0.62305164
1,0.4545006
1,0.98192674
1,0.8090209
1,0.73295563
1,0.9022637
1,0.87446594
1,0.6653461
1,0.5475202
1,0.79222417
1,0.9790125
1,0.9290716
1,0.7555508
1,0.52140534
1,0.91283613
1,0.6364161
1,0.66256666
1,0.3896462
1,0.96817803
1,0.9887545
1,0.78159827
1,0.6408294
1,0.81949246
1,0.9459222
1,0.49172235
1,0.616008
1,0.7781331
1,0.9965832
1,0.65305823
1,0.8497077
1,0.9366252
1,0.7094879
1,0.52562535
1,0.40970573
1,0.9589975
1,0.9100337
1,0.7835378
1,0.9339766
1,0.9613123
1,0.8423089
1,0.38047948
1,0.93516284
1,0.55518764
1,0.4325352
1,0.96545047
1,0.9956548
1,0.89435273
1,0.7572611
1,0.92140484
1,0.9973557
1,0.69202125
1,0.39819208
1,0.63851136
1,0.9928953
1,0.9128235
1,0.8066181
1,0.9399945
1,0.99454045
1,0.6155977
1,0.7371024
1,0.9073551
1,0.4690816
1,0.6533461
1,0.91049004
1,0.9892034
1,0.48628235
1,0.5515758
1,0.77684987
1,0.60023856
1,0.5043485
1,0.7914635
1,0.95755553
1,0.9108171
1,0.48962995
1,0.48950967
1,0.7608326
1,0.69444686
1,0.6698391
1,0.6070503
1,0.95659125
1,0.9914948
1,0.8599778
1,0.76813
1,0.80813664
1,0.83902687
1,0.6952625
1,0.4614146
1,0.89408046
1,0.9876588
1,0.94216526
1,0.8081884
1,0.53182167
1,0.6799114
1,0.39104113
1,0.9295016
1,0.9384022
1,0.9431996
1,0.81543595
1,0.9145765
1,0.975419
1,0.80707514
1,0.43277508
1,0.49876055
1,0.76391065
1,0.9383968
1,0.8897511
1,0.7632859
1,0.8831092
1,0.9892188
1,0.6646156
1,0.8556613
1,0.4326565
1,0.48802653
1,0.9922448
1,0.9253877
1,0.8699751
1,0.894355
1,0.94186926
1,0.63471925
1,0.3572008
1,0.81103027
1,0.92653203
1,0.8181415
1,0.7762311
1,0.926774
1,0.3773527
1,0.39295703
1,0.54219574
1,0.70214677
1,0.6562147
1,0.843036
1,0.9608354
1,0.94574714
1,0.38915023
1,0.8577446
1,0.6590302
1,0.90193087
1,0.5373399
1,0.9054355
1,0.8319308
1,0.9925668
1,0.5331069
1,0.3595479
1,0.6438811
1,0.5734576
1,0.4713276
1,0.43485695
1,0.9607966
1,0.93831444
1,0.47036955
1,0.91551816
1,0.76584876
1,0.4644568
1,0.72179717
1,0.51899874
1,0.9918629
1,0.96761614
1,0.69090945
1,0.58255357
1,0.9452997
1,0.9464072
1,0.6962072
1,0.40912774
1,0.90987706
1,0.9887121
1,0.9233514
1,0.47583482
1,0.8360415
1,0.84248924
1,0.7043893
1,0.46302667
1,0.84072596
1,0.96674466
1,0.8192109
1,0.46031678
1,0.5041206
1,0.7841315
1,0.4518651
1,0.36990142
1,0.8726071
1,0.97804046
1,0.91655576
1,0.5675643
1,0.38999817
1,0.8425949
1,0.7144323
1,0.72960013
1,0.71473193
1,0.5663492
1,0.9863256
1,0.9952913
1,0.38290167
1,0.64613575
1,0.7543541
1,0.5974843
1,0.4026595
1,0.6673266
1,0.8640891
1,0.9163173
1,0.49270904
1,0.49365717
1,0.6900775
1,0.45443863
1,0.38071376
1,0.92901045
1,0.977843
1,0.9348101
1,0.44978482
1,0.44804674
1,0.84566057
1,0.87068695
1,0.40103838
1,0.51756173
1,0.8592876
1,0.9741037
1,0.9989611
1,0.7627487
1,0.45134956
1,0.35481253
1,0.72256774
1,0.6635592
1,0.6993988
1,0.5855787
1,0.9763925
1,0.6315563
1,0.449379
1,0.6520985
1,0.52144104
1,0.3659741
1,0.7121071
1,0.9966731
1,0.99914765
1,0.91585076
1,0.5619353
1,0.3544484
1,0.5885968
1,0.47402135
1,0.3638695
1,0.86525184
1,0.9280953
1,0.8817271
1,0.62338847
1,0.40447623
1,0.82127446
1,0.5809901
1,0.5079806
1,0.83606577
1,0.6930024
1,0.9912254
1,0.85668087
1,0.46637288
1,0.41977555
1,0.6802587
1,0.56645423
1,0.4382751
1,0.8136255
1,0.9763812
1,0.48165828
1,0.7952118
1,0.99430156
1,0.7723874
1,0.7535131
1,0.848139
1,0.99843687
1,0.9463979
1,0.8017281
1,0.9760877
1,0.90323985
1,0.49152148
1,0.9309626
1,0.9426689
1,0.97310454
1,0.74817723
1,0.99064624
1,0.996881
1,0.7458917
1,0.82946986
1,0.9909872
1,0.86697423
1,0.42117178
1,0.99306774
1,0.99696416
1,0.9098588
1,0.86740243
1,0.99547887
1,0.72311056
1,0.4302401
1,0.8687966
1,0.98793775
1,0.8849588
1,0.94596964
1,0.99469817
1,0.42080027
1,0.94620526
1,0.9813198
1,0.7634699
1,0.39483562
1,0.99196374
1,0.9870492
1,0.8730084
1,0.73811674
1,0.9882089
1,0.7456191
1,0.6014964
1,0.9293911
1,0.99329585
1,0.8255688
1,0.87047607
1,0.9978465
1,0.992849
1,0.9006979
1,0.79340166
1,0.76540536
1,0.9499907
1,0.37315434
0,0.4288213
0,0.3758021
1,0.7876001
1,0.70235187
1,0.6083046
1,0.9341988
1,0.98333424
1,0.802469
1,0.9004536
1,0.99823165
1,0.5030259
1,0.87241936
1,0.9840769
1,0.7550844
1,0.59828347
1,0.9708373
1,0.99726343
1,0.89956045
1,0.8707813
1,0.8549623
1,0.9733749
1,0.5845352
1,0.64518225
1,0.97763044
1,0.9937214
1,0.95238316
1,0.8790862
1,0.89587766
1,0.9940234
1,0.93599445
1,0.93667334
1,0.92458826
1,0.98364913
1,0.99237746
1,0.8650065
1,0.83582246
1,0.8653943
1,0.882468
1,0.5326631
1,0.8781515
1,0.99222773
1,0.987736
1,0.7849972
1,0.89089227
1,0.83859915
1,0.5183322
1,0.66469145
1,0.9843887
1,0.949443
1,0.76019394
1,0.9570602
1,0.987036
1,0.9023493
1,0.48104948
1,0.91485435
1,0.93940157
1,0.99954015
1,0.98103255
1,0.9376693
1,0.9475027
1,0.9749297
1,0.98224974
1,0.60667735
1,0.6437304
1,0.87607306
1,0.9988908
1,0.926511
1,0.55716574
1,0.99208075
1,0.87603647
1,0.4673811
1,0.5746715
1,0.9558656
1,0.95120937
1,0.89892
1,0.9894232
1,0.9913623
1,0.68812066
1,0.96101046
1,0.853139
1,0.6566423
1,0.6865812
1,0.99521005
1,0.9494101
1,0.8178082
1,0.933455
1,0.9796508
1,0.7076621
1,0.71398085
1,0.9454109
1,0.9985226
1,0.7129168
1,0.6748947
1,0.9454746
1,0.8867904
1,0.5778563
1,0.8002517
1,0.9823737
1,0.9802517
1,0.8595835
1,0.90423167
1,0.98999834
1,0.8505784
1,0.46438244
1,0.7879444
1,0.88026506
1,0.9569518
1,0.8786331
1,0.8640665
1,0.97653496
1,0.9165689
1,0.5715572
1,0.8416033
1,0.71095955
1,0.80986404
1,0.9914779
1,0.999703
1,0.9932207
1,0.83561105
1,0.90343314
1,0.94719636
1,0.94537467
1,0.75367224
1,0.5151465
1,0.9877759
1,0.9988819
1,0.89091593
1,0.88753104
1,0.9012866
1,0.98152864
1,0.7565134
1,0.5419599
1,0.91068774
1,0.9968349
1,0.9954386
1,0.9816031
1,0.5990791
1,0.86424863
1,0.96038157
1,0.7554155
1,0.67673796
1,0.9765179
1,0.9912819
1,0.9975973
1,0.5878012
1,0.89138997
1,0.9861361
1,0.725807
1,0.4502708
1,0.9480717
1,0.9905648
1,0.8472448
1,0.9184602
1,0.98967
1,0.889792
1,0.41819555
1,0.7438863
1,0.96247524
1,0.95298356
1,0.5284778
1,0.95298064
1,0.97813076
1,0.68706274
1,0.674083
1,0.9039542
1,0.6929045
1,0.8951317
1,0.9496405
1,0.9984633
1,0.7555811
1,0.7601134
1,0.9518947
1,0.85055023
1,0.42474338
1,0.71263635
1,0.99512744
1,0.92984253
1,0.98662716
1,0.9699256
1,0.49427518
1,0.8178769
1,0.98125714
1,0.54100686
1,0.7935883
1,0.99291587
1,0.9552755
1,0.6378974
1,0.91996866
1,0.9687843
1,0.8560379
1,0.4738575
1,0.67364866
1,0.98647374
1,0.75909096
1,0.86400026
1,0.9764306
1,0.9236679
1,0.8243833
1,0.8045334
1,0.9668279
1,0.94597083
1,0.9397074
1,0.58085567
1,0.95239216
1,0.942425
1,0.7647875
1,0.4938571
1,0.67636395
1,0.77931094
1,0.93220824
1,0.7610566
1,0.93958473
1,0.98961395
1,0.459676
1,0.72271055
1,0.96394324
1,0.6443485
1,0.691763
1,0.9121562
1,0.9972156
1,0.98068917
1,0.81228584
1,0.5661168
1,0.7948203
1,0.94943094
1,0.59856915
1,0.6797326
1,0.9056051
1,0.9953174
1,0.8139589
1,0.7239714
1,0.8861291
1,0.904138
1,0.5736178
1,0.68437254
1,0.9745914
1,0.997494
1,0.8993368
1,0.6653392
1,0.8464651
1,0.9573959
1,0.65123475
1,0.94577754
1,0.80678433
1,0.9854095
1,0.9970642
1,0.63215166
1,0.8657438
1,0.937334
1,0.5761671
1,0.56424296
1,0.8790945
1,0.9990318
1,0.95218456
1,0.46007326
1,0.85331607
1,0.968089
1,0.85161924
1,0.56443924
1,0.6996297
1,0.9764911
1,0.72741014
1,0.8186006
1,0.98716086
1,0.91759515
1,0.6183737
1,0.79577917
1,0.6288158
1,0.99880385
1,0.98596925
1,0.8709458
1,0.8375586
1,0.96242315
1,0.9809334
1,0.7874963
1,0.48940292
1,0.68066627
1,0.9758915
1,0.83131003
1,0.82197994
1,0.87380815
1,0.87605184
1,0.82894135
1,0.99100274
1,0.9846578
1,0.6117816
1,0.615109
1,0.9619145
1,0.99761057
1,0.8172527
1,0.68910646
1,0.9787188
1,0.71571666
1,0.54060847
1,0.66365516
1,0.9925349
1,0.8153078
1,0.80714726
1,0.9816736
1,0.87864774
1,0.42806304
1,0.6249342
1,0.7560563
1,0.97470474
1,0.57587665
1,0.92288595
1,0.9847639
1,0.94639313
1,0.6801511
1,0.74859494
1,0.703932
1,0.8897708
1,0.99976784
1,0.4431561
1,0.81403595
1,0.9547764
1,0.8993151
1,0.5446574
1,0.8854634
1,0.946993
1,0.7812131
1,0.839336
1,0.9623361
1,0.9909814
1,0.8397024
1,0.59723353
1,0.7720505
1,0.88197815
1,0.7739058
1,0.9142688
1,0.9476638
1,0.9648639
1,0.62638867
1,0.71052754
1,0.95817244
1,0.71311575
1,0.5221524
1,0.95902294
1,0.99581283
1,0.7217126
1,0.7929515
1,0.96032315
1,0.8428456
1,0.8105437
1,0.73864007
1,0.97800803
1,0.77954143
1,0.90304166
1,0.9174782
1,0.7152007
1,0.833481
1,0.9506457
1,0.7860419
1,0.4248396
1,0.96799856
1,0.9787557
1,0.6938253
1,0.764484
1,0.9713761
1,0.660755
1,0.7686929
1,0.80316955
1,0.9282836
1,0.75478107
1,0.89962655
1,0.9936179
1,0.8071458
1,0.47154742
1,0.50071776
1,0.94224906
1,0.67956376
1,0.72965217
1,0.93075985
1,0.97884995
1,0.58325005
1,0.6744565
1,0.85443056
1,0.63059705
1,0.4066741
1,0.9074903
1,0.99804735
1,0.941853
1,0.42956647
1,0.76071364
0,0.38896975
0,0.35030097
0,0.36467278
0,0.35875055
0,0.35320967
0,0.3629675
0,0.31840447
0,0.48064095
0,0.38674945
0,0.38590264
0,0.39333776
0,0.3056121
0,0.3129773
0,0.3485834
0,0.34052438
0,0.315056
0,0.36283717
0,0.32965025
0,0.42548504
0,0.47532082
0,0.33781123
0,0.6944151
0,0.32545483
0,0.3947009
0,0.3235575
0,0.32220832
0,0.42144635
0,0.3368244
0,0.35723573
0,0.3459832
0,0.44422746
0,0.33865765
0,0.54589
0,0.33206075
0,0.34744224
0,0.33823523
0,0.3355029
0,0.3996492
0,0.3079872
0,0.38476148
0,0.38364682
0,0.3167285
0,0.601376
0,0.5269259
0,0.5491403
0,0.6330098
0,0.32470506
0,0.34587526
0,0.35710162
0,0.3389954
0,0.33382314
0,0.347217
0,0.36515132
0,0.36015624
0,0.32612747
0,0.32328993
0,0.46129996
0,0.41970983
0,0.4838734
0,0.3572283
0,0.3805483
0,0.38330597
0,0.3191973
0,0.28320298
0,0.2926683
0,0.3943926
0,0.3453892
0,0.48655364
0,0.30525693
0,0.35152146
0,0.4053384
0,0.38336566
0,0.3096225
0,0.4016291
0,0.32226607
0,0.32236353
0,0.32845592
0,0.3376598
0,0.31471515
0,0.34696853
0,0.31531048
0,0.39843836
0,0.47771433
0,0.33862603
