y_true,y_prob
0,0.86941
0,0.76752126
0,0.85649276
0,0.66789776
0,0.78145146
0,0.8810557
0,0.7856946
0,0.7905176
0,0.84869975
0,0.81818086
0,0.67550933
0,0.8345413
0,0.8652927
0,0.93809366
0,0.8765683
0,0.9620269
0,0.9121395
0,0.92088866
0,0.9150972
0,0.49136916
0,0.19973558
0,0.16137719
0,0.23598306
0,0.120748736
0,0.24769825
0,0.8003892
0,0.44838235
0,0.44687262
0,0.24430381
0,0.10338929
0,0.15832536
0,0.20397244
0,0.45433554
0,0.33502185
0,0.20187138
0,0.24674106
0,0.23584148
0,0.23488548
0,0.25461408
0,0.17739956
0,0.41847217
0,0.43650016
0,0.59905183
0,0.68367714
0,0.17697898
0,0.39541396
0,0.14448816
0,0.2798536
0,0.78991616
0,0.44954082
0,0.15097511
0,0.15263356
0,0.15646599
0,0.43162635
0,0.41352925
0,0.22893108
0,0.27172163
0,0.2658491
0,0.2482263
0,0.45299527
0,0.4452732
0,0.57954097
0,0.24511151
0,0.13890484
0,0.3905086
0,0.30746663
0,0.36065355
0,0.32486004
0,0.12996468
0,0.19732055
0,0.5262945
0,0.40864208
0,0.52984655
0,0.16596925
0,0.13382313
0,0.27676874
0,0.4747989
0,0.21914102
0,0.24403809
0,0.10570753
0,0.18009105
0,0.21440251
0,0.60131437
0,0.15189531
0,0.23695005
0,0.15399246
0,0.3651213
0,0.42729175
0,0.2516904
0,0.16192326
0,0.15806414
0,0.27292687
0,0.25939918
0,0.25389117
0,0.14478612
0,0.6742079
0,0.25747204
0,0.13499634
0,0.53862107
0,0.43090612
0,0.18809249
0,0.13429311
0,0.13093814
0,0.24735858
0,0.489894
0,0.20567746
0,0.10462163
0,0.34087917
0,0.15818188
0,0.3638346
0,0.30408704
0,0.27576315
0,0.2168084
0,0.24845709
0,0.24727358
0,0.5424984
0,0.2261508
0,0.14973427
0,0.6443797
0,0.12234632
0,0.44825512
0,0.41399342
0,0.27324075
0,0.29349625
0,0.1587304
0,0.33963388
0,0.47486618
0,0.35481837
0,0.24433623
0,0.10966801
0,0.143767
0,0.3251185
0,0.21320666
0,0.12175921
0,0.45141292
0,0.2679382
0,0.4513558
0,0.15053406
0,0.2761119
0,0.08863009
0,0.47995833
0,0.13760002
0,0.3748971
0,0.44592038
0,0.09131892
0,0.267484
0,0.1798472
0,0.29496533
0,0.3403616
0,0.2157895
0,0.24471012
0,0.19815989
0,0.11115601
0,0.6657166
0,0.54012614
0,0.23837861
0,0.11431891
0,0.15060781
0,0.24097578
0,0.2867208
0,0.5544061
0,0.20750466
0,0.13767461
0,0.45370686
0,0.4756308
0,0.7311836
0,0.22309037
0,0.16122817
0,0.16057572
0,0.2244559
0,0.42074564
0,0.13761406
0,0.2333478
0,0.117867745
0,0.1424561
0,0.39130583
0,0.44055387
0,0.23123948
0,0.3720086
0,0.120305076
0,0.1802111
0,0.23114403
0,0.25855064
0,0.18903582
0,0.40637463
0,0.2960692
0,0.21862336
0,0.54687476
0,0.3666924
0,0.15561856
0,0.28769508
0,0.13998668
0,0.23738195
0,0.6629619
0,0.4618413
0,0.212127
0,0.28715354
0,0.42452374
0,0.31712657
0,0.31678113
0,0.18998343
0,0.15871222
0,0.18328978
0,0.21774195
0,0.38354492
0,0.073079966
0,0.135827
0,0.23709922
0,0.43203938
0,0.5839536
0,0.18011194
0,0.117297724
0,0.35502398
0,0.121279664
0,0.63157904
0,0.2178128
0,0.13621241
0,0.1604452
0,0.14356048
0,0.3074763
0,0.36208114
0,0.27662048
0,0.14559028
0,0.1264177
0,0.23597714
0,0.23857327
0,0.18324953
0,0.26482219
0,0.18648273
0,0.3081557
0,0.4321509
0,0.4082693
0,0.9044695
0,0.17668489
0,0.27051997
0,0.37818435
0,0.29947853
0,0.45677117
0,0.16165797
0,0.17382029
0,0.20988517
0,0.26842287
0,0.45058012
0,0.11379848
0,0.10695878
0,0.11762911
0,0.23620668
0,0.27866215
0,0.21882556
0,0.39135316
0,0.20133878
0,0.20661454
0,0.2624743
0,0.24881963
0,0.15799597
0,0.6399932
0,0.27960315
0,0.23622693
0,0.47347566
0,0.1719228
0,0.32303333
0,0.18338205
0,0.18864723
0,0.3466977
0,0.3022595
0,0.2242703
0,0.11328305
0,0.09331123
0,0.14229903
0,0.32108113
0,0.2613907
0,0.25616324
0,0.13238797
0,0.20150225
0,0.44496244
0,0.22522864
0,0.13042386
0,0.14223953
0,0.56047785
0,0.17889847
0,0.17070863
0,0.15421505
0,0.11258716
0,0.22300634
0,0.14313263
0,0.1928349
0,0.24200538
0,0.17515579
0,0.2355333
0,0.11348901
0,0.30484837
0,0.34169763
0,0.13926268
0,0.11300465
0,0.11576503
0,0.2504522
0,0.51321036
0,0.1755228
0,0.21964946
0,0.16217098
0,0.1396036
0,0.4294914
0,0.4993002
0,0.20572786
0,0.17003135
0,0.18037069
0,0.11555702
0,0.27430356
0,0.08321857
0,0.103510074
0,0.14191218
0,0.11288727
0,0.34657386
0,0.40881637
0,0.17321211
0,0.16402751
0,0.2277003
0,0.19113897
0,0.1753622
0,0.32626617
0,0.19375442
0,0.15607408
0,0.12566566
0,0.36672524
0,0.6455907
0,0.4636447
0,0.1720491
0,0.18403897
0,0.16995491
0,0.2989812
0,0.18355064
0,0.22017564
0,0.19745696
0,0.1306976
0,0.4977115
0,0.19258322
0,0.26036444
0,0.2381562
0,0.29136068
0,0.13556585
0,0.23428646
0,0.33680266
0,0.2271758
0,0.16699757
0,0.1419411
0,0.4049555
0,0.21714963
0,0.5375163
0,0.21116519
0,0.14381485
0,0.35712653
0,0.18833387
0,0.2172959
0,0.36128685
0,0.14385934
0,0.19738817
0,0.10521361
0,0.32858205
0,0.65649045
0,0.14725763
0,0.10228831
0,0.13255015
0,0.17591783
0,0.24868922
0,0.15900354
0,0.14602318
0,0.1549512
0,0.20259292
0,0.32771316
0,0.20293498
0,0.20954224
0,0.16642357
0,0.10361549
0,0.15844265
0,0.1561567
0,0.20875987
0,0.13144577
0,0.12560527
0,0.3731724
0,0.42610627
0,0.30542082
0,0.0981371
0,0.22322643
0,0.18255864
0,0.61755437
0,0.23644881
0,0.19565517
0,0.086690895
0,0.14524302
0,0.23204477
0,0.18499757
0,0.1879831
0,0.5228652
0,0.09545068
0,0.22303233
0,0.3070418
0,0.17307745
0,0.08775892
0,0.15444885
0,0.14553417
0,0.16594462
0,0.11475521
0,0.17617767
0,0.12205188
0,0.13765867
0,0.2523947
0,0.13179259
0,0.23547322
0,0.25717333
0,0.2567746
0,0.35264382
0,0.21786553
0,0.28816426
0,0.11423845
0,0.12620437
0,0.33366388
0,0.36243728
0,0.15367621
0,0.24352592
0,0.103117704
0,0.1252608
0,0.15757333
0,0.33089533
0,0.11894807
0,0.15924047
0,0.17653178
0,0.19552635
0,0.20846508
0,0.16108733
0,0.1344141
0,0.116595425
0,0.08128685
0,0.13849595
0,0.16024368
0,0.114387326
0,0.2261788
0,0.22363111
0,0.17374736
0,0.7660781
0,0.27396134
0,0.25155613
0,0.16515726
0,0.11394863
0,0.21899359
0,0.20174862
0,0.15702228
0,0.09182635
0,0.2444098
0,0.12008225
0,0.25546426
0,0.27327192
0,0.15098062
0,0.18927325
0,0.12966967
0,0.15503843
0,0.23714544
0,0.115173124
0,0.10936626
0,0.118663505
0,0.32739466
0,0.13277811
0,0.98704404
0,0.103404544
0,0.06537604
0,0.22924386
0,0.2616647
0,0.24518025
0,0.24754907
0,0.16793132
0,0.108136125
0,0.15369627
0,0.2786775
0,0.24423356
0,0.11905429
0,0.11240042
0,0.15446883
0,0.27124798
0,0.2733229
0,0.27848363
0,0.092721045
0,0.28430364
0,0.37654644
0,0.3526936
0,0.14284295
0,0.8069616
0,0.19567047
0,0.24702367
0,0.35078207
0,0.39548048
0,0.34519288
0,0.25786522
0,0.2739631
0,0.1376692
0,0.17270094
0,0.24686825
0,0.33993024
0,0.20633835
0,0.35080823
0,0.19237317
0,0.22070192
0,0.19837196
0,0.18117884
0,0.105052665
0,0.23920985
0,0.2967178
0,0.24880223
0,0.47973365
0,0.26403472
0,0.18105894
0,0.21941398
0,0.24880122
0,0.3643756
0,0.17526345
0,0.184632
0,0.10160716
0,0.16856577
0,0.34981897
0,0.4379872
0,0.3827729
0,0.19994664
0,0.17996077
0,0.43110773
0,0.592521
0,0.44693744
0,0.47977266
0,0.38371176
0,0.6663777
0,0.50350994
0,0.60795903
0,0.44440177
0,0.82511514
0,0.58199847
0,0.42579085
0,0.7425472
0,0.44061363
0,0.28457883
0,0.31108797
0,0.37770975
0,0.34064838
0,0.13695638
0,0.3282099
0,0.25580814
0,0.34087417
0,0.18142955
0,0.53474337
0,0.38077265
0,0.37625614
0,0.45621732
0,0.20471805
0,0.26149532
0,0.41159326
0,0.41813993
0,0.87547797
0,0.53020257
0,0.3934941
0,0.39979663
0,0.31620443
0,0.45592877
0,0.3249946
0,0.28338665
0,0.34231278
0,0.47034833
0,0.43468997
0,0.5795744
0,0.42507848
0,0.21769376
0,0.5470339
0,0.36498412
0,0.27442577
0,0.5321759
0,0.35022613
0,0.27895474
0,0.23407155
0,0.43643826
0,0.9250226
0,0.328712
0,0.36548755
0,0.46240932
0,0.17937148
0,0.23987074
0,0.48604456
0,0.31673104
0,0.382079
0,0.2341818
0,0.660416
0,0.5531614
0,0.4219538
0,0.52575934
0,0.26059067
0,0.21094921
0,0.5428919
0,0.39701742
0,0.17552601
0,0.60490406
0,0.6755537
0,0.68817425
0,0.5222948
0,0.6642551
0,0.27123025
0,0.4429659
0,0.49639136
0,0.6192699
0,0.85242105
0,0.30667782
0,0.6886681
0,0.3614249
0,0.33782363
0,0.62455195
0,0.37201446
0,0.3610508
0,0.31622624
0,0.3778031
0,0.8214226
0,0.5928631
0,0.48812184
0,0.4163852
0,0.2838721
0,0.5399519
0,0.40186292
0,0.44606704
0,0.5629854
0,0.44708788
0,0.48391
0,0.4096468
0,0.36186635
0,0.38679942
0,0.696434
0,0.6393027
0,0.51777184
0,0.46618482
0,0.2942608
0,0.3304281
0,0.7072249
0,0.6779695
0,0.45220992
0,0.44097888
0,0.31669536
0,0.35715598
0,0.22985233
0,0.4667398
0,0.3467201
0,0.34834415
0,0.71035355
0,0.28859055
0,0.43936297
0,0.47213277
0,0.2320779
0,0.2018631
0,0.41122878
0,0.5045469
0,0.4541844
0,0.37643045
0,0.20468982
0,0.22127265
0,0.52865547
0,0.2641614
0,0.43278548
0,0.34578824
0,0.38433337
0,0.36083815
0,0.36329618
0,0.54705536
0,0.48606285
0,0.44890678
0,0.21574919
0,0.6611458
0,0.55466425
0,0.4713078
0,0.34970343
0,0.18093412
0,0.5825459
0,0.37860984
0,0.5946766
0,0.52303815
0,0.24765886
0,0.41584343
0,0.4153942
0,0.7272873
0,0.35086465
0,0.36821017
0,0.34428722
0,0.21247816
0,0.4757067
0,0.30990565
0,0.13112123
0,0.43574372
0,0.30000234
0,0.7369002
0,0.3595804
0,0.13363516
0,0.280588
0,0.13063422
0,0.17494176
0,0.36534724
0,0.37290552
0,0.22203758
0,0.1370044
0,0.36066526
0,0.3902671
0,0.44898003
0,0.7617452
0,0.83182555
0,0.49066645
0,0.5752754
0,0.3056229
0,0.1425092
0,0.39493278
0,0.21914397
0,0.7435784
0,0.34228486
0,0.39906704
0,0.36171213
0,0.2492235
0,0.21768443
0,0.5068074
0,0.6956853
0,0.53419894
0,0.5213918
0,0.6411777
0,0.3700539
0,0.65653366
0,0.4623247
0,0.34341395
0,0.42383236
0,0.40976518
0,0.18592536
0,0.23441195
0,0.14484084
0,0.50673205
0,0.19237582
0,0.23598431
0,0.27995166
0,0.91899997
0,0.10238618
0,0.42768905
0,0.25121737
0,0.24410427
0,0.3360337
0,0.37870795
0,0.3855528
0,0.2577792
0,0.16364118
0,0.40926078
0,0.31230608
0,0.3543492
0,0.33322933
0,0.64431006
0,0.45651466
0,0.45593286
0,0.27472526
0,0.2850402
0,0.6066095
0,0.5868478
0,0.37939304
0,0.76305044
0,0.40033644
0,0.18964952
0,0.44816163
0,0.41773757
0,0.26627705
0,0.25585186
0,0.24955958
0,0.3412984
0,0.25946617
0,0.24297088
0,0.2556356
0,0.2215634
0,0.2239841
0,0.40453783
0,0.12142314
0,0.28999707
0,0.40472156
0,0.3218569
0,0.11495832
0,0.33476055
0,0.26235625
0,0.9262641
0,0.58320636
0,0.3410534
0,0.22658911
0,0.21458851
0,0.1786891
0,0.49660805
0,0.46958694
0,0.21971947
0,0.42506722
0,0.29141337
0,0.21566133
0,0.38000378
0,0.20779884
0,0.2007093
0,0.24304722
0,0.24468091
0,0.35415554
0,0.64853597
0,0.4786793
0,0.2932567
0,0.3262205
0,0.3570026
0,0.6814358
0,0.36067146
0,0.33602017
0,0.43141386
0,0.48084003
0,0.4172559
0,0.2189505
0,0.52642727
0,0.43534902
0,0.1268819
0,0.4230163
0,0.34863454
0,0.19259079
0,0.35781947
0,0.21892336
0,0.11568509
0,0.41038293
0,0.5634221
0,0.44508955
0,0.42191997
0,0.28944656
0,0.42930457
0,0.42698053
0,0.518561
0,0.6258901
0,0.41823417
0,0.51451683
0,0.4404965
0,0.37017682
0,0.35883224
0,0.61455053
0,0.3667441
0,0.6631106
0,0.41766843
0,0.42576337
0,0.41358095
0,0.32301095
0,0.35963175
0,0.2435307
0,0.74366397
0,0.34998587
0,0.3088617
0,0.15295579
0,0.36044583
0,0.29145566
0,0.69914824
0,0.3074245
0,0.3506767
0,0.22601546
0,0.27293083
0,0.41697696
0,0.3045198
0,0.3837965
0,0.26924446
0,0.3606861
0,0.39192224
0,0.5430806
0,0.45247823
0,0.24343905
0,0.18625182
0,0.24095851
0,0.42062837
0,0.18120378
0,0.341322
0,0.36482686
0,0.19441773
0,0.3214319
0,0.693064
0,0.3052732
0,0.17654097
0,0.30482814
0,0.4086426
0,0.24896337
0,0.5324907
0,0.31659955
0,0.17685272
0,0.18916567
0,0.3727027
0,0.18913788
0,0.25283796
0,0.21084079
0,0.24937488
0,0.33308637
0,0.1925256
0,0.3350047
0,0.2742863
0,0.2906744
0,0.26237407
0,0.4172667
0,0.48725566
0,0.5273256
0,0.39636946
0,0.42396763
0,0.34956175
0,0.36621523
0,0.4760541
0,0.39137426
0,0.46614307
0,0.36382985
0,0.8599489
0,0.6646014
0,0.362728
0,0.63025045
0,0.23088287
0,0.24980429
0,0.44948423
0,0.46551993
0,0.46132863
0,0.27226686
0,0.40277207
0,0.3563357
0,0.17514911
0,0.78292835
0,0.43289304
0,0.20744915
0,0.45913804
0,0.32644716
0,0.3161236
0,0.41535312
0,0.1340216
0,0.30363625
0,0.349105
0,0.2904085
0,0.30229744
0,0.24654932
0,0.44996426
0,0.29560778
0,0.28597397
0,0.19643606
0,0.20617372
0,0.22661413
0,0.20021337
0,0.22300467
0,0.74924695
0,0.42529818
0,0.44904646
0,0.36660907
0,0.3546301
0,0.21784891
0,0.35674527
0,0.85519344
0,0.40276062
0,0.55833477
0,0.09932057
0,0.22199583
0,0.42588034
0,0.4481513
0,0.17099941
0,0.1473289
0,0.1436606
0,0.53340167
0,0.64887047
0,0.19637914
0,0.20363107
0,0.1376559
0,0.4179367
0,0.31438178
0,0.86141115
0,0.47874904
0,0.28574982
0,0.469703
0,0.44078484
0,0.330164
0,0.27749842
0,0.19140549
0,0.18657345
0,0.2925058
0,0.1712569
0,0.28189066
0,0.14396378
0,0.15457134
0,0.20460062
0,0.51324
0,0.3032927
0,0.21463837
0,0.40061304
0,0.33586472
0,0.7149238
0,0.42070252
0,0.32671565
0,0.6874299
0,0.56979877
0,0.15431756
0,0.42788765
0,0.34548938
0,0.26276028
0,0.24737218
0,0.4933748
0,0.48099056
0,0.46729365
0,0.40066212
0,0.528222
0,0.20841382
0,0.37580028
0,0.8632853
0,0.3342351
0,0.26686597
0,0.24425797
0,0.14528644
0,0.67169213
0,0.14896503
0,0.6350964
0,0.21439967
0,0.95862883
0,0.40287033
0,0.27822474
0,0.35687345
0,0.69467735
0,0.17632897
0,0.57162076
0,0.34792155
0,0.23426199
0,0.15287995
0,0.22701792
0,0.17927377
0,0.44898507
0,0.2930712
0,0.29577604
0,0.49077266
0,0.15180245
0,0.48328167
0,0.40334672
0,0.18376382
0,0.30334046
0,0.38684106
0,0.42904407
0,0.74708
0,0.26111236
0,0.47595474
0,0.26319718
0,0.29493862
0,0.2697332
0,0.30946952
0,0.21218866
0,0.29853156
0,0.28043973
0,0.19382297
0,0.2504067
0,0.35747135
0,0.15193932
0,0.32353958
0,0.3681426
0,0.6790323
0,0.27085307
0,0.33224127
0,0.3282679
0,0.35388982
0,0.20282982
0,0.8511527
0,0.33659688
0,0.31292573
0,0.27667892
0,0.25688753
0,0.37011376
0,0.2449586
0,0.2695481
0,0.20956506
0,0.24911597
0,0.1492125
0,0.2719953
0,0.25397483
0,0.11386014
0,0.2319493
0,0.18866202
0,0.29115167
0,0.56557375
0,0.6409206
0,0.23054416
0,0.43145764
0,0.83342886
0,0.76937735
0,0.39162883
0,0.35140616
0,0.3176177
0,0.17729732
0,0.4352107
0,0.30501395
0,0.19137806
0,0.12963247
0,0.15243484
0,0.32931498
0,0.20837142
0,0.12222277
0,0.28820086
0,0.34449157
0,0.2116462
0,0.33699086
0,0.27508312
0,0.35676476
0,0.54646957
0,0.5785534
0,0.46933225
0,0.7816293
0,0.36980212
0,0.30366963
0,0.22887652
0,0.16407636
0,0.4543626
0,0.72599745
0,0.22606623
0,0.42274174
0,0.24240871
0,0.4208665
0,0.3565531
0,0.30681515
0,0.17529446
0,0.2630349
0,0.5766974
0,0.307375
0,0.22288656
0,0.13270798
0,0.20469606
0,0.47648436
0,0.26059094
0,0.9358913
0,0.8647101
0,0.23979403
0,0.1679856
0,0.10402927
0,0.26181194
0,0.18439999
0,0.33035213
0,0.4208555
0,0.34507066
0,0.52936006
0,0.17371646
0,0.35063344
0,0.16488068
0,0.16761222
0,0.24946079
0,0.24803022
0,0.36548102
0,0.28762022
0,0.18114233
0,0.21546514
0,0.2824946
0,0.39975366
0,0.6996741
0,0.49538022
0,0.28578192
0,0.26387572
0,0.3447603
0,0.2822953
0,0.15948401
0,0.3192779
0,0.13824047
0,0.42312893
0,0.28153485
0,0.3386543
0,0.345056
0,0.22043547
0,0.25399902
0,0.2673087
0,0.38714507
0,0.5647492
0,0.17517266
0,0.15123162
0,0.14598462
0,0.2936214
0,0.24863064
0,0.77934337
0,0.8346901
0,0.15117438
0,0.3862625
0,0.25509217
0,0.29869008
0,0.24943551
0,0.12221332
0,0.38295662
0,0.2846856
0,0.1759249
0,0.12531285
0,0.15350783
0,0.28436497
0,0.71401733
0,0.45938656
0,0.26651856
0,0.14127818
0,0.20267107
0,0.17584418
0,0.18921168
0,0.14939028
0,0.14555657
0,0.4317737
0,0.25801122
0,0.1771524
0,0.7160646
0,0.22855294
0,0.39197418
0,0.11252827
0,0.24896733
0,0.22528137
0,0.32537088
0,0.10574577
0,0.35465744
0,0.20333768
0,0.21651942
0,0.20493037
0,0.16085662
0,0.24612027
0,0.15434591
0,0.7459397
0,0.6192886
0,0.17665127
0,0.30089918
0,0.33522177
0,0.7806913
0,0.47371265
0,0.27180457
0,0.1439399
0,0.14388905
0,0.19530933
0,0.2915956
0,0.2153001
0,0.24105096
0,0.16020592
0,0.10613599
0,0.20857546
0,0.3187308
0,0.31420645
0,0.36703774
0,0.44608438
0,0.08431497
0,0.52454877
0,0.36271694
0,0.23785049
0,0.29983228
0,0.46941617
0,0.64981294
0,0.69474673
0,0.25918055
0,0.23712495
0,0.30273175
0,0.11439077
0,0.20755807
0,0.43196598
0,0.21480201
0,0.17388631
0,0.18466508
0,0.08491093
0,0.6304393
0,0.2721604
0,0.3450685
0,0.22008818
0,0.091105275
0,0.35951376
0,0.20457828
0,0.4561683
0,0.16401407
0,0.1440528
0,0.23267671
0,0.9210803
0,0.10190768
0,0.14371797
0,0.18101923
0,0.14362012
0,0.1989964
0,0.40061045
0,0.14721233
0,0.7622696
0,0.16942728
0,0.2880395
0,0.56685734
0,0.35765684
0,0.27174944
0,0.15923835
0,0.14280035
0,0.54406023
0,0.16833018
0,0.17440091
0,0.24185419
0,0.16074099
0,0.39399734
0,0.29758632
0,0.9636679
0,0.18908037
0,0.086440794
0,0.121725954
0,0.11981311
0,0.1610485
0,0.13967702
0,0.52676374
0,0.29299626
0,0.2737331
0,0.37172434
0,0.32943216
0,0.23726149
0,0.21300921
0,0.16100703
0,0.19495998
0,0.23325281
0,0.14737028
0,0.15706296
0,0.14200209
0,0.2491217
0,0.1777202
0,0.5026855
0,0.71650726
0,0.24896532
0,0.18904756
0,0.12865357
0,0.20949364
0,0.29183343
0,0.41451123
0,0.11301975
0,0.15514143
0,0.23012422
0,0.12945259
0,0.26614392
0,0.30920002
0,0.20019673
0,0.26752496
0,0.20055416
0,0.1645471
0,0.15604931
0,0.09494493
0,0.2622919
0,0.23419026
0,0.3280436
0,0.7553251
0,0.26747367
0,0.18237646
0,0.1904765
0,0.23678969
0,0.15418863
0,0.16167913
0,0.26332974
0,0.24800323
0,0.15743202
0,0.17270663
0,0.4792346
0,0.2389326
0,0.1390093
0,0.09440684
0,0.15911633
0,0.39202365
0,0.16279954
0,0.22988126
0,0.147027
0,0.103552915
0,0.2721595
0,0.21923825
0,0.9474373
0,0.14310451
0,0.16091505
0,0.21547379
0,0.33954814
0,0.100023106
0,0.27112845
0,0.1566137
0,0.15773599
0,0.2082464
0,0.37094885
0,0.18413807
0,0.11226452
0,0.09589712
0,0.14470696
0,0.113548994
0,0.22047417
0,0.23096637
0,0.21089274
0,0.45784375
0,0.097504035
0,0.19085905
0,0.66989326
0,0.19426118
0,0.12655027
0,0.25290057
0,0.18044123
0,0.17283009
0,0.12482852
0,0.23299074
0,0.11718108
0,0.46440813
0,0.11243257
0,0.2061757
0,0.12881143
0,0.18905164
0,0.16821401
0,0.46124503
0,0.14562607
0,0.16833754
0,0.18911612
0,0.1157602
0,0.20434652
0,0.16873547
0,0.4782489
0,0.96988755
0,0.4559286
0,0.24948901
0,0.23640575
0,0.1506221
0,0.19497064
0,0.07089322
0,0.20716643
0,0.43075794
0,0.15570956
0,0.13551997
0,0.45928398
0,0.25724515
0,0.21681897
0,0.08555428
0,0.14634381
0,0.121622026
0,0.09951617
0,0.3320736
0,0.19332546
0,0.11788041
0,0.15691736
0,0.49539655
0,0.64507145
0,0.09743901
0,0.14520621
0,0.19724135
0,0.32719874
0,0.15196161
0,0.22285412
0,0.11825694
0,0.08635641
0,0.12937845
0,0.10736555
0,0.07816587
0,0.19812243
0,0.13372192
0,0.14099412
0,0.14958312
0,0.098092444
0,0.1617091
0,0.15819731
0,0.33447814
0,0.09648326
0,0.108687826
0,0.5711469
0,0.7860969
0,0.549461
0,0.20252946
0,0.13393217
0,0.21369414
0,0.17427132
0,0.3165223
0,0.23466237
0,0.11762871
0,0.14990844
0,0.18306848
0,0.5969091
0,0.4059434
0,0.2889465
0,0.19124202
0,0.18360767
0,0.09961243
0,0.36669454
0,0.3610317
0,0.28344026
0,0.22002597
0,0.15160905
0,0.16053104
0,0.5526685
0,0.6132889
0,0.2809675
0,0.17531325
0,0.10215045
0,0.43585598
0,0.25788054
0,0.4445239
0,0.1468607
0,0.32280853
0,0.07843901
0,0.30917084
0,0.18865971
0,0.10638844
0,0.0929154
0,0.27114645
0,0.37809327
0,0.26082057
0,0.32779697
0,0.3195412
0,0.21318084
0,0.27416247
0,0.8245721
0,0.7345676
0,0.21857584
0,0.13044076
0,0.123033516
0,0.171605
0,0.5377823
0,0.45980632
0,0.2358645
0,0.14509025
0,0.13662028
0,0.46694532
0,0.20326525
0,0.20213665
0,0.105206475
0,0.26505503
0,0.41129035
0,0.34052187
0,0.2901544
0,0.25415945
0,0.14609626
0,0.27389964
0,0.6675306
0,0.6992281
0,0.45675874
0,0.1518633
0,0.14059447
0,0.47452772
0,0.17699704
0,0.17802145
0,0.2550418
0,0.14814104
0,0.28401992
0,0.5846145
0,0.40701357
0,0.13321225
0,0.22283131
0,0.1862358
0,0.138846
0,0.3013391
0,0.1848825
0,0.1590285
0,0.1590589
0,0.2580694
0,0.34316275
0,0.74879086
0,0.55658275
0,0.09073852
0,0.34446424
0,0.26878527
0,0.4984027
0,0.25874737
0,0.35956162
0,0.313561
0,0.07018615
0,0.6623091
0,0.251924
0,0.058980998
0,0.18563952
0,0.21792464
0,0.22293782
0,0.24794917
0,0.12111718
0,0.19704194
0,0.24895516
0,0.3258168
0,0.26021332
0,0.8583869
0,0.39684635
0,0.10903168
0,0.09342264
0,0.20059533
0,0.2861799
0,0.4042577
0,0.38584384
0,0.1564673
0,0.27369252
0,0.6469114
0,0.2947022
0,0.77177113
0,0.49564862
0,0.19204259
0,0.55728894
0,0.14498818
0,0.12109223
0,0.13208504
0,0.33542657
0,0.67409414
0,0.6602202
0,0.4490054
0,0.75822216
0,0.92777914
0,0.17523396
0,0.20815933
0,0.2508718
0,0.5497746
0,0.2861162
0,0.11990871
0,0.14962748
0,0.6338934
0,0.37454808
0,0.29672462
0,0.14337043
0,0.23343861
0,0.15911715
0,0.37471914
0,0.12024362
0,0.12460247
0,0.1981198
0,0.16650774
0,0.70793086
0,0.3699062
0,0.39788607
0,0.16403416
0,0.88962096
0,0.20902368
0,0.7462122
0,0.61312807
0,0.12685588
0,0.20819312
0,0.41227022
0,0.2301364
0,0.63847804
0,0.15551165
0,0.21067467
0,0.078738295
0,0.10888116
0,0.3064821
0,0.2983843
0,0.1131821
0,0.13084728
0,0.12937258
0,0.20402978
0,0.20854712
0,0.08228734
0,0.24082991
0,0.58690727
0,0.37860218
0,0.31909105
0,0.12523484
0,0.30432183
0,0.11375041
0,0.1671431
0,0.5694118
0,0.16073698
0,0.17928348
0,0.1317832
0,0.25771078
0,0.2207744
0,0.1628243
0,0.16530973
0,0.10364746
0,0.19273992
0,0.18868901
0,0.6194288
0,0.5442809
0,0.17878006
0,0.3199488
0,0.15651795
0,0.703634
0,0.34430346
0,0.23972082
0,0.2483472
0,0.15822455
0,0.21969138
0,0.13142115
0,0.24514554
0,0.52707
0,0.17541106
0,0.16614431
0,0.17773798
0,0.5868945
0,0.50222766
0,0.12891299
0,0.108136125
0,0.34522185
0,0.7272869
0,0.27885026
0,0.21828371
0,0.186499
0,0.11173944
0,0.50700134
0,0.72044796
0,0.15696232
0,0.34409958
0,0.15675092
0,0.30104426
0,0.18919848
0,0.5345045
0,0.08964932
0,0.10961579
0,0.09546492
0,0.18954831
0,0.08867821
0,0.26365945
0,0.27379516
0,0.33830038
0,0.49194092
0,0.25520915
0,0.41375875
0,0.43620247
0,0.119942576
0,0.053797107
0,0.4255915
0,0.9860123
0,0.8613128
0,0.1493238
0,0.1815776
0,0.10773016
0,0.24662955
0,0.2697878
0,0.36272553
0,0.25846863
0,0.17227861
0,0.1900475
0,0.29957324
0,0.22737955
0,0.2544173
0,0.08673851
0,0.31267816
0,0.21966033
0,0.3211108
0,0.13373056
0,0.30420473
0,0.18342657
0,0.21815929
0,0.54958266
0,0.7181557
0,0.18354955
0,0.3928762
0,0.16661772
0,0.41472748
0,0.2603439
0,0.2678218
0,0.3120377
0,0.17010753
0,0.42145565
0,0.22395954
0,0.10622192
0,0.23411745
0,0.14883958
0,0.49998993
0,0.25059122
0,0.20500736
0,0.13026401
0,0.17994389
0,0.14413631
0,0.35198316
0,0.59841394
0,0.7845776
0,0.12742229
0,0.11139982
0,0.2496424
0,0.47793043
0,0.21373291
0,0.23159434
0,0.113089256
0,0.18680131
0,0.15422207
0,0.20547646
0,0.20653696
0,0.13546146
0,0.24272488
0,0.40232807
0,0.28042698
0,0.46531224
0,0.1217363
0,0.16687904
0,0.09047986
0,0.14583275
0,0.61413735
0,0.90083927
0,0.7110979
0,0.3082638
0,0.3368903
0,0.3027877
0,0.283688
0,0.3485549
0,0.16076176
0,0.1342722
0,0.1911233
0,0.2561787
0,0.26618022
0,0.17625739
0,0.10906621
0,0.21106818
0,0.21565004
0,0.14585972
0,0.12721846
0,0.36999035
0,0.09721994
0,0.20839278
0,0.19931261
0,0.19871226
0,0.8277473
0,0.47441378
0,0.12762065
0,0.32453984
0,0.71667486
0,0.25393075
0,0.2455062
0,0.15014096
0,0.0649559
0,0.23856312
0,0.22468902
0,0.116264805
0,0.22554974
0,0.2312562
0,0.25198334
0,0.26144424
0,0.2575175
0,0.18278466
0,0.11926175
0,0.1762834
0,0.17361984
0,0.08141619
0,0.13844077
0,0.77767444
0,0.3042678
0,0.08772791
0,0.30473423
0,0.3592193
0,0.1290947
0,0.13075618
0,0.12974603
0,0.45887202
0,0.33583313
0,0.22273022
0,0.23626317
0,0.18921423
0,0.20665503
0,0.3373988
0,0.4284366
0,0.30214325
0,0.26687393
0,0.16480447
0,0.25524515
0,0.2843507
0,0.13156788
0,0.11868674
0,0.6577106
0,0.763324
0,0.07597114
0,0.18090473
0,0.18031645
0,0.20839821
0,0.1946303
0,0.24058591
0,0.2975554
0,0.1844513
0,0.09532721
0,0.25157896
0,0.12200531
0,0.19096833
0,0.18242899
0,0.16912521
0,0.1900516
0,0.13468239
0,0.116379045
0,0.45826545
0,0.1132588
0,0.11403644
0,0.24281804
0,0.21165809
0,0.8845176
0,0.35696897
0,0.23601337
0,0.3455352
0,0.14904912
0,0.13689986
0,0.3429993
0,0.3059967
0,0.3637354
0,0.18859625
0,0.116593406
0,0.13716239
0,0.173841
0,0.34904197
0,0.24222594
0,0.32879522
0,0.1466237
0,0.15991665
0,0.20255435
0,0.2636071
0,0.19707055
0,0.24413468
0,0.57802343
0,0.8086439
0,0.21486998
0,0.2744462
0,0.15975018
0,0.20350623
0,0.1865152
0,0.17873107
0,0.18893103
0,0.1357355
0,0.1008326
0,0.1769718
0,0.19887698
0,0.22441155
0,0.26590833
0,0.12313693
0,0.081406094
0,0.17851841
0,0.083759375
0,0.10252897
0,0.2486176
0,0.19347689
0,0.14269164
0,0.15145488
0,0.83702433
0,0.17836627
0,0.40144104
0,0.17217061
0,0.3117338
0,0.15977268
0,0.3682146
0,0.19680673
0,0.16847387
0,0.15115672
0,0.080818735
0,0.11523492
0,0.208934
0,0.13090391
0,0.1773662
0,0.16455051
0,0.16212155
0,0.41472566
0,0.43469805
0,0.114162534
0,0.27149132
0,0.11200667
0,0.48790392
0,0.8542201
0,0.39203775
0,0.25645378
0,0.19408666
0,0.12512471
0,0.16746303
0,0.6462409
0,0.20320146
0,0.118372925
0,0.22470635
0,0.117133
0,0.38124973
0,0.13864443
0,0.149948
0,0.16936858
0,0.13322559
0,0.11508469
0,0.3693456
0,0.09672961
0,0.20776723
0,0.13118319
0,0.28251877
0,0.45460403
0,0.52845424
0,0.1272777
0,0.16346619
0,0.08383813
0,0.24127659
0,0.28326392
0,0.36579058
0,0.3196701
0,0.2260207
0,0.34136537
0,0.5465973
0,0.32738054
0,0.23141243
0,0.24656132
0,0.43636593
0,0.47714818
0,0.266767
0,0.28674757
0,0.54016596
0,0.47974172
0,0.5810338
0,0.35728428
0,0.8186257
0,0.2939605
0,0.564484
0,0.5452728
0,0.42214775
0,0.44043243
0,0.2900881
0,0.5232851
0,0.8027575
0,0.4269148
0,0.27382424
0,0.37603047
0,0.32766467
0,0.45411322
0,0.30442914
0,0.26026776
0,0.2574704
0,0.48256183
0,0.3318583
0,0.38882604
0,0.34322786
0,0.28033996
0,0.4789606
0,0.93402404
0,0.41256815
0,0.2738971
0,0.4084386
0,0.27455518
0,0.43827748
0,0.33693746
0,0.39084202
0,0.26968628
0,0.4848844
0,0.45317256
0,0.4715559
0,0.5374809
0,0.2861517
0,0.4456843
0,0.28627658
0,0.26713997
0,0.1650839
0,0.53360707
0,0.42372245
0,0.52863544
0,0.26185074
0,0.22155303
0,0.51205015
0,0.24786869
0,0.42073813
0,0.22896157
0,0.39945564
0,0.15438864
0,0.2554663
0,0.26074293
0,0.2514111
0,0.2497095
0,0.33733135
0,0.35368407
0,0.3613978
0,0.26968244
0,0.6909137
0,0.54605365
0,0.5769428
0,0.32945523
0,0.6764962
0,0.49634477
0,0.2829859
0,0.21546187
0,0.31331804
0,0.77655345
0,0.29233307
0,0.4240774
0,0.3468142
0,0.2968936
0,0.31742766
0,0.41866165
0,0.33095723
0,0.5534012
0,0.2789596
0,0.36219394
0,0.33999363
0,0.2591706
0,0.51212597
0,0.28709263
0,0.3305848
0,0.348373
0,0.5496596
0,0.23345964
0,0.26255906
0,0.2377718
0,0.59157825
0,0.70823926
0,0.3208751
0,0.3990492
0,0.29935408
0,0.4625451
0,0.3599608
0,0.4406057
0,0.36717585
0,0.31009662
0,0.27957246
0,0.26429114
0,0.24089096
0,0.25045437
0,0.28678292
0,0.16225366
0,0.37662506
0,0.24280237
0,0.21936193
0,0.34491056
0,0.30917126
0,0.22283109
0,0.26636344
0,0.2643472
0,0.77394134
0,0.45181176
0,0.45394114
0,0.42607057
0,0.47882915
0,0.35717994
0,0.39435345
0,0.21529217
0,0.34476602
0,0.5290324
0,0.9180581
0,0.4510591
0,0.395914
0,0.7097893
0,0.48571932
0,0.24612415
0,0.36018902
0,0.2510039
0,0.2890028
0,0.3964985
0,0.2366424
0,0.20350434
0,0.54932785
0,0.9332871
0,0.3873198
0,0.38851765
0,0.6079759
0,0.3397118
0,0.60400414
0,0.32842955
0,0.31244332
0,0.67589486
0,0.35614038
0,0.27851006
0,0.44707873
0,0.23358388
0,0.34239072
0,0.35636312
0,0.48642176
0,0.29695508
0,0.20166458
0,0.4259287
0,0.5273198
0,0.7736582
0,0.647378
0,0.54708827
0,0.5565472
0,0.5066627
0,0.39595994
0,0.23832569
0,0.6374081
0,0.16406494
0,0.6998612
0,0.64832455
0,0.47388425
0,0.43770978
0,0.4295096
0,0.33752915
0,0.27343893
0,0.4882061
0,0.484024
0,0.41116023
0,0.2565784
0,0.77674615
0,0.2670334
0,0.40791607
0,0.3356461
0,0.6508886
0,0.8648899
0,0.5762108
0,0.51020414
0,0.3584964
0,0.25459453
0,0.52594626
0,0.212679
0,0.378282
0,0.44908458
0,0.40164563
0,0.44433993
0,0.2148488
0,0.28565907
0,0.26641852
0,0.40041342
0,0.5548766
0,0.48233697
0,0.39725775
0,0.15690503
0,0.21225543
0,0.5916981
0,0.6713427
0,0.3292116
0,0.95898575
0,0.54596806
0,0.20366648
0,0.38553932
0,0.30253768
0,0.3385729
0,0.8050821
0,0.37178713
0,0.4412292
0,0.39926255
0,0.32066485
0,0.32260048
0,0.27542663
0,0.7756274
0,0.37617764
0,0.29713005
0,0.24492806
0,0.630748
0,0.3143777
0,0.6623153
0,0.2298331
0,0.34230655
0,0.6310752
0,0.16641009
0,0.32034746
0,0.6607397
0,0.32018858
0,0.51583815
0,0.2352202
0,0.36844808
0,0.38596293
0,0.19786406
0,0.4524673
0,0.366388
0,0.18723749
0,0.25365514
0,0.5679992
0,0.538397
0,0.36564952
0,0.29488435
0,0.5844195
0,0.32764992
0,0.26393697
0,0.59479135
0,0.7891668
0,0.27774858
0,0.5067288
0,0.14859651
0,0.3564493
0,0.2222083
0,0.19598474
0,0.24152167
0,0.537055
0,0.12634465
0,0.4487702
0,0.22114243
0,0.35533586
0,0.28522712
0,0.24278721
0,0.44505808
0,0.3108105
0,0.3880713
0,0.34666976
0,0.20228718
0,0.2585934
0,0.14724402
0,0.71862406
0,0.29830495
0,0.46058223
0,0.18258654
0,0.49116886
0,0.28356126
0,0.38662946
0,0.48873103
0,0.3536933
0,0.20747168
0,0.41495165
0,0.38272962
0,0.4039394
0,0.24141468
0,0.39956015
0,0.24816112
0,0.14992006
0,0.5808125
0,0.19296783
0,0.11371672
0,0.12937957
0,0.16925448
0,0.97326136
0,0.16652487
0,0.19341132
0,0.49099222
0,0.24909781
0,0.17745236
0,0.23116685
0,0.26026592
0,0.3171524
0,0.12732783
0,0.37638775
0,0.25511408
0,0.54088134
0,0.61831594
0,0.2814221
0,0.23812613
0,0.23236376
0,0.43027884
0,0.32215428
0,0.3546439
0,0.26029152
0,0.29915947
0,0.50141793
0,0.50248
0,0.5316079
0,0.30792663
0,0.14321314
0,0.15032601
0,0.3369516
0,0.22658682
0,0.24610014
0,0.28206813
0,0.5928611
0,0.449301
0,0.411732
0,0.29723248
0,0.31558406
0,0.17723705
0,0.52523446
0,0.16109276
0,0.24359567
0,0.33046514
0,0.24866378
0,0.16957639
0,0.20643274
0,0.6850103
0,0.25394177
0,0.3087673
0,0.40517193
0,0.47903374
0,0.3351099
0,0.5966796
0,0.27461675
0,0.562957
0,0.25169367
0,0.43557832
0,0.4847606
0,0.13378562
0,0.16492674
0,0.19815531
0,0.5618134
0,0.3447269
0,0.33778325
0,0.2235558
0,0.3465373
0,0.46489096
0,0.19022004
0,0.7265125
0,0.4160235
0,0.11508873
0,0.16601676
0,0.2493437
0,0.16983245
0,0.1274174
0,0.17723888
0,0.5224824
0,0.11190158
0,0.27850425
0,0.16212375
0,0.1386715
0,0.12856963
0,0.17397478
0,0.31778336
0,0.22290318
0,0.3321599
0,0.390301
0,0.35003862
0,0.32470122
0,0.44919822
0,0.4635846
0,0.26688814
0,0.24356283
0,0.309732
0,0.20515223
0,0.13893124
0,0.18322785
0,0.81939924
0,0.221893
0,0.2769833
0,0.54998547
0,0.32412228
0,0.525449
0,0.1055613
0,0.36534202
0,0.21569353
0,0.34073666
0,0.25306416
0,0.17842942
0,0.12082343
0,0.22780176
0,0.24781457
0,0.9474031
0,0.20515135
0,0.2527932
0,0.18036191
0,0.19432738
0,0.42628172
0,0.17928629
0,0.17344385
0,0.16361839
0,0.25515452
0,0.22636965
0,0.174995
0,0.21203835
0,0.32734483
0,0.33747673
0,0.35705078
0,0.24559323
0,0.16932869
0,0.16636328
0,0.27692547
0,0.26369873
0,0.17443573
0,0.8432654
0,0.30019405
0,0.22306763
0,0.25965092
0,0.225069
0,0.29574943
0,0.26320127
0,0.3263541
0,0.2332269
0,0.2584648
0,0.26871848
0,0.65702957
0,0.19471197
0,0.25148907
0,0.20518632
0,0.24770403
0,0.26389447
0,0.29441744
0,0.16160883
0,0.52128506
0,0.12998974
0,0.28442925
0,0.70334667
0,0.19553965
0,0.24302751
0,0.2686358
0,0.3495781
0,0.29070383
0,0.31584632
0,0.17319256
0,0.41694885
0,0.27709815
0,0.43514472
0,0.31522083
0,0.3443935
0,0.21713819
0,0.27592406
0,0.19090801
0,0.1515645
0,0.3221909
0,0.26931217
0,0.12630154
0,0.46051568
0,0.28337446
0,0.22192273
0,0.44864428
0,0.27133155
0,0.21860634
0,0.1732712
0,0.11793355
0,0.18034595
0,0.19293697
0,0.39343387
1,0.18254714
1,0.6912248
1,0.7371201
1,0.7130501
1,0.77236456
1,0.89734423
1,0.9045195
1,0.7317488
1,0.6457801
1,0.87900263
1,0.6133003
1,0.9111744
1,0.6587521
1,0.626767
1,0.76303226
1,0.9003513
1,0.79253346
1,0.61446816
1,0.925898
1,0.9078256
1,0.5368093
1,0.6309738
1,0.8012971
1,0.69734496
1,0.8990655
1,0.44964916
1,0.6668986
1,0.6805837
1,0.67761666
1,0.73141336
1,0.72254425
1,0.6982857
1,0.4393354
1,0.87013483
1,0.6653153
1,0.53707373
1,0.83350384
1,0.52019566
1,0.8392911
1,0.47130442
1,0.6780921
1,0.7915171
1,0.67253053
1,0.8369651
1,0.7264964
1,0.30387968
1,0.81393164
1,0.28777897
1,0.7952646
1,0.8141011
1,0.4028172
1,0.79017925
1,0.92110455
1,0.9375205
1,0.8543486
1,0.8265229
1,0.33373547
1,0.574005
1,0.5721908
1,0.80867976
1,0.50814265
1,0.53336203
1,0.5850011
1,0.5771537
1,0.7574576
1,0.54144716
1,0.52044123
1,0.79070324
1,0.68616545
1,0.7788273
1,0.38469574
1,0.53548026
1,0.69808483
1,0.78164685
1,0.7751248
1,0.58321583
1,0.7856658
1,0.4101015
1,0.49261135
1,0.75586885
1,0.7645431
1,0.59321696
1,0.6303063
1,0.8022098
1,0.5661505
1,0.60012025
1,0.7818642
1,0.83742136
1,0.6361452
1,0.74287105
1,0.8729084
1,0.83188826
1,0.85119545
1,0.8372015
1,0.667707
1,0.8865405
1,0.4155029
1,0.5308325
1,0.68826085
1,0.47582608
1,0.6649935
1,0.7099273
1,0.704591
1,0.8505825
1,0.6405998
1,0.78060806
1,0.65845805
1,0.3629764
1,0.74093336
1,0.6525335
1,0.4743556
1,0.77196956
1,0.59096056
1,0.7230775
1,0.48358548
1,0.59378636
1,0.57090414
1,0.775368
1,0.7529932
1,0.56137145
1,0.8793449
1,0.52922904
1,0.7558871
1,0.88411397
1,0.7255985
1,0.48650232
1,0.7283311
1,0.58123255
1,0.93607813
1,0.8441555
1,0.8659886
1,0.77745
1,0.6628303
1,0.29541677
1,0.64947456
1,0.32079417
1,0.3850738
1,0.5365866
1,0.5128806
1,0.7785017
1,0.6000076
1,0.7482874
1,0.84535974
1,0.9119429
1,0.6479354
1,0.51059335
1,0.7695078
1,0.7783461
1,0.8013597
1,0.74250424
1,0.7434488
1,0.62941444
1,0.9450779
1,0.5195606
1,0.84525067
1,0.6490995
1,0.814093
1,0.62301517
1,0.8917168
1,0.8708204
1,0.31167817
1,0.7307291
1,0.27907595
1,0.6147192
1,0.59922606
1,0.50453544
1,0.8464233
1,0.6561087
1,0.40554503
1,0.7988535
1,0.88426256
1,0.7738434
1,0.62099546
1,0.54527813
1,0.6970768
1,0.7340529
1,0.6331962
1,0.569304
1,0.6776246
1,0.8142661
1,0.86536163
1,0.8672692
1,0.70255125
1,0.733591
1,0.9185271
1,0.4802645
1,0.9048329
1,0.7541857
1,0.45190814
1,0.79796344
1,0.899345
1,0.59011036
1,0.51619977
1,0.8775144
1,0.6441187
1,0.79004323
1,0.51132536
1,0.71702164
1,0.5886157
1,0.86065507
1,0.49627578
1,0.72471637
1,0.7636408
1,0.6672954
1,0.9142052
1,0.6857022
1,0.86148185
1,0.7695098
1,0.5826219
1,0.8728054
1,0.7984816
1,0.5401339
1,0.43335894
1,0.655124
1,0.56756073
1,0.8448399
1,0.8378664
1,0.7310017
1,0.648998
1,0.59898543
1,0.78866804
1,0.5816267
1,0.4722516
1,0.8815519
1,0.75433874
1,0.79226875
1,0.4114108
1,0.36039168
1,0.918159
1,0.833161
1,0.6881458
1,0.62485534
1,0.8088657
1,0.92865723
1,0.85143
1,0.61105484
1,0.6395508
1,0.7474808
1,0.8420616
1,0.8234519
1,0.82155466
1,0.69832283
1,0.83545065
1,0.8909422
1,0.60388684
1,0.95662266
1,0.7573631
1,0.6039141
1,0.6043113
1,0.7912284
1,0.7725819
1,0.7498983
1,0.6878981
1,0.5788538
1,0.32655564
1,0.6680383
1,0.5406945
1,0.8578251
1,0.5880891
1,0.5412024
1,0.34899908
1,0.43684578
1,0.78618747
1,0.76355696
1,0.66754967
1,0.7278572
1,0.5991701
1,0.5402906
1,0.5920613
1,0.542869
1,0.78672445
1,0.5818572
1,0.5687426
1,0.725575
1,0.35658714
1,0.7971324
1,0.7201326
1,0.78407675
1,0.40515956
1,0.6904653
1,0.4844487
1,0.8672962
1,0.56218654
1,0.6528049
1,0.48722854
1,0.52803963
1,0.6502333
1,0.59897774
1,0.47515652
1,0.8681344
1,0.5593171
1,0.88630414
1,0.64617085
1,0.29573825
1,0.71700585
1,0.58700794
1,0.9074843
1,0.6559557
1,0.7447322
1,0.920884
1,0.8817152
1,0.9106002
1,0.28689694
1,0.62040246
1,0.8210087
1,0.68835616
1,0.90760654
1,0.7726225
1,0.5840942
1,0.81452435
1,0.61679864
1,0.8050338
1,0.26024532
1,0.668234
1,0.58155864
1,0.80217385
1,0.7607459
1,0.38643128
1,0.92814213
1,0.5998449
1,0.96779466
1,0.29577473
1,0.7215562
1,0.88672
1,0.95138973
1,0.85871375
1,0.64950806
1,0.918516
1,0.85856336
1,0.7488795
1,0.5329816
1,0.64154494
1,0.9125537
1,0.55061626
1,0.8364905
1,0.795836
1,0.3949162
1,0.73733526
1,0.40409166
1,0.7900514
1,0.4881791
1,0.90684086
1,0.57385975
1,0.7579183
1,0.8336235
1,0.18042234
1,0.84025985
1,0.47998723
1,0.71405756
1,0.7794508
1,0.6401771
1,0.7993253
1,0.6277198
1,0.7225013
1,0.87885773
1,0.4449276
1,0.8176988
1,0.7159881
1,0.53122455
1,0.7886243
1,0.34932637
1,0.8685767
1,0.6158052
1,0.4616168
1,0.69275707
1,0.83102876
1,0.6886284
1,0.8203968
1,0.8220618
1,0.3540727
1,0.9090335
1,0.8849224
1,0.5910005
1,0.5462037
1,0.79853004
1,0.55768937
1,0.7762595
1,0.830457
1,0.5907815
1,0.41914478
1,0.9300936
1,0.84847915
1,0.79654044
1,0.4566999
1,0.7781644
1,0.88027984
1,0.8352765
1,0.9395613
1,0.66552526
1,0.6769022
1,0.76081735
1,0.88212013
1,0.574581
1,0.7713783
1,0.7528862
1,0.9445267
1,0.94538987
1,0.48610628
1,0.87050414
1,0.82985777
1,0.8928411
1,0.8634464
1,0.77081424
1,0.8950667
1,0.8619391
1,0.86810267
1,0.69983304
1,0.7445841
1,0.6682904
1,0.585159
1,0.7818603
1,0.5769459
1,0.7946758
1,0.6863362
1,0.5155974
1,0.9539461
1,0.43801668
1,0.539352
1,0.8416909
1,0.8411117
1,0.9078722
1,0.8932324
1,0.3499238
1,0.7834439
1,0.8002096
1,0.56999534
1,0.4713182
1,0.83593094
1,0.8689739
1,0.88756657
1,0.7723911
1,0.89272946
1,0.76588506
1,0.746937
1,0.79132104
1,0.77859753
1,0.90775454
1,0.90961444
1,0.89253384
1,0.8271172
1,0.3278506
1,0.8621315
1,0.9049146
1,0.9611682
1,0.880755
1,0.89996946
1,0.69487417
1,0.9281603
1,0.94843554
1,0.5967794
1,0.7816137
1,0.771965
1,0.84198433
1,0.92012507
1,0.2129109
1,0.53114355
1,0.88556844
1,0.8591417
1,0.9414713
1,0.23811707
1,0.60361433
1,0.80703086
1,0.814969
1,0.8833047
1,0.7239438
1,0.7316726
1,0.83216965
1,0.45914623
1,0.8197068
1,0.80858237
1,0.93252903
1,0.9790373
1,0.5983627
1,0.35947284
1,0.80619895
1,0.75050515
1,0.7344297
1,0.6793373
1,0.43428648
1,0.6366227
1,0.83726424
1,0.83938086
1,0.8077525
1,0.8700146
1,0.46471018
1,0.7467051
1,0.75076187
1,0.6997438
1,0.47291788
1,0.7081772
1,0.82970536
1,0.8390878
1,0.8254244
1,0.472219
1,0.75665987
1,0.8778258
1,0.8126514
1,0.69493955
1,0.61042774
1,0.9209069
1,0.8537286
1,0.7795966
1,0.6304521
1,0.5473343
1,0.8137187
1,0.76030266
1,0.918986
1,0.6688256
1,0.8708288
1,0.8298971
1,0.788032
1,0.88299054
1,0.86953485
1,0.73908156
1,0.50887084
1,0.776609
1,0.63471186
1,0.8390615
1,0.8370342
1,0.8498715
1,0.69810927
1,0.8786782
1,0.8993387
1,0.3963753
1,0.6202457
1,0.8434344
1,0.6590364
1,0.3642978
1,0.536957
1,0.84139866
1,0.42756918
1,0.8074484
1,0.8740493
1,0.886323
1,0.89949334
1,0.6862133
1,0.802346
1,0.87389064
1,0.9635028
1,0.6877226
1,0.7839305
1,0.84753287
1,0.60556406
1,0.8883288
1,0.7947081
1,0.7715345
1,0.6122686
1,0.8355346
1,0.84492755
1,0.6495495
1,0.77463627
1,0.46546504
1,0.9642766
1,0.52440614
1,0.87877035
1,0.50491834
1,0.8649787
1,0.7994161
1,0.7803481
1,0.36375913
1,0.68797976
1,0.7312235
1,0.8131719
1,0.78465825
1,0.86374724
1,0.6009436
1,0.59681994
1,0.49150062
1,0.84991735
1,0.76208186
1,0.94259477
1,0.85126984
1,0.846002
1,0.92829555
1,0.91592586
1,0.8060657
1,0.29039448
1,0.5572911
1,0.78380466
1,0.89070785
1,0.741071
1,0.72154105
1,0.64153534
1,0.82524914
1,0.7316672
1,0.73592037
1,0.7828486
1,0.6872371
1,0.8714038
1,0.68707776
1,0.8695165
1,0.6642922
1,0.62651384
1,0.7884542
1,0.87152445
1,0.67790353
1,0.8455459
1,0.89824396
1,0.9131221
1,0.73482627
1,0.5309818
1,0.83888125
1,0.6140055
1,0.9498373
1,0.39183313
1,0.71097517
1,0.45946893
1,0.93886775
1,0.6333943
1,0.4680286
1,0.85810745
1,0.90095294
1,0.7583098
1,0.93952453
1,0.53679156
1,0.9057402
1,0.9171703
1,0.90366536
1,0.8380145
1,0.8737472
1,0.7038556
1,0.7239457
1,0.91660976
1,0.74197346
1,0.89871544
1,0.53939
1,0.9479484
1,0.7979915
1,0.9053028
1,0.7619706
1,0.7281692
1,0.8539364
1,0.74547076
1,0.7244167
1,0.85543555
1,0.5874202
1,0.788968
1,0.5346052
1,0.74321616
1,0.5927028
1,0.5339017
1,0.8774731
1,0.6931658
1,0.913881
1,0.83322966
1,0.35774532
1,0.85220873
1,0.66522014
1,0.82714003
1,0.67614436
1,0.8224869
1,0.69663423
1,0.5129497
1,0.55168575
1,0.88294524
1,0.8518557
1,0.9259155
1,0.52424634
1,0.9039523
1,0.8110684
1,0.830631
1,0.9292369
1,0.8463915
1,0.7590366
1,0.6279282
1,0.62543416
1,0.63083076
1,0.73802495
1,0.2001873
1,0.3296293
1,0.90009695
1,0.9224074
1,0.75709724
1,0.6884017
1,0.3881769
1,0.94688237
1,0.9299048
1,0.7810219
1,0.52408457
1,0.43525144
1,0.8707672
1,0.851145
1,0.8514989
1,0.8112002
1,0.37849912
1,0.92192644
1,0.88266814
1,0.6711465
1,0.6558105
1,0.36984402
1,0.8920735
1,0.67339975
1,0.5511717
1,0.5236837
1,0.6950953
1,0.48503974
1,0.81500876
1,0.5228615
1,0.59711915
1,0.56750333
1,0.53486073
1,0.9339513
1,0.4448912
1,0.73735124
1,0.46392894
1,0.82502383
1,0.97798437
1,0.5950354
1,0.7569248
1,0.75682265
1,0.9689279
1,0.74898756
1,0.43010545
1,0.5549921
1,0.65041786
1,0.82365257
1,0.5048649
1,0.5488033
1,0.89414644
1,0.85280395
1,0.44947252
1,0.794703
1,0.37969002
1,0.70421124
1,0.7423307
1,0.56805426
1,0.5927177
1,0.505096
1,0.77789795
1,0.38237214
1,0.87162507
1,0.45946637
1,0.8659186
1,0.49821398
1,0.6361105
1,0.809945
1,0.34989944
1,0.61925375
1,0.6646165
1,0.58047694
1,0.45726866
1,0.5888912
1,0.6812683
1,0.72662526
1,0.8232503
1,0.6042234
1,0.7883373
1,0.8427945
1,0.5647116
1,0.65083677
1,0.2458815
1,0.962065
1,0.89180183
1,0.49818864
1,0.65788513
1,0.23307294
1,0.9094897
1,0.48475298
1,0.8521059
1,0.5162556
1,0.55619204
1,0.7833219
1,0.55497396
1,0.3380623
1,0.8473784
1,0.557025
1,0.6902609
1,0.403111
1,0.4963442
1,0.64000255
1,0.76815337
1,0.34609073
1,0.6053415
1,0.8879178
1,0.86003214
1,0.56062216
1,0.7809243
1,0.83851004
1,0.67035276
1,0.50177497
1,0.8560479
1,0.7999767
1,0.77651054
1,0.5377027
1,0.38489276
1,0.6766287
1,0.8863371
1,0.5560193
1,0.5598273
1,0.8535413
1,0.6305997
1,0.8115758
1,0.4563403
1,0.78484315
1,0.6687767
1,0.81182975
1,0.34208095
1,0.45665997
1,0.6195205
1,0.7495177
1,0.95994467
1,0.93918616
1,0.5199354
1,0.7004091
1,0.69502014
1,0.9610927
1,0.9304433
1,0.95234513
1,0.63423723
1,0.64404035
1,0.8786361
1,0.86103964
1,0.8272432
1,0.57062316
1,0.8877372
1,0.83516794
1,0.69869304
1,0.88702756
1,0.64051497
1,0.8124167
1,0.93467647
1,0.74496275
1,0.81538594
1,0.85364664
1,0.9007289
1,0.8279947
1,0.79469836
1,0.6763536
1,0.7142803
1,0.67155355
1,0.8624247
1,0.7941238
1,0.64245206
1,0.83876264
1,0.91420597
1,0.68313545
1,0.8821492
1,0.8608607
1,0.67556256
1,0.9109834
1,0.51429886
1,0.8954331
1,0.80409676
1,0.92958564
1,0.8199628
1,0.9256116
1,0.83616513
1,0.8127055
1,0.9603842
1,0.8636592
1,0.5066423
1,0.83023906
1,0.8815634
1,0.8009321
1,0.9164855
1,0.6706283
1,0.8273292
1,0.9374084
1,0.808565
1,0.9188643
1,0.8584662
1,0.8902135
1,0.8672387
1,0.74083483
1,0.9402711
1,0.90787107
1,0.6240323
1,0.9213842
1,0.8925029
1,0.7482673
1,0.8301858
1,0.598791
1,0.5813213
1,0.92410874
1,0.76474077
1,0.7909249
1,0.92971003
1,0.8691435
1,0.77104783
1,0.79069304
1,0.7524841
1,0.6864432
1,0.863536
1,0.8994901
1,0.8089958
1,0.62577504
1,0.76936024
1,0.8296407
1,0.71333015
1,0.8110719
1,0.7618573
1,0.7637591
1,0.90412694
1,0.84092104
1,0.80602443
1,0.60803026
1,0.9047528
1,0.94488883
1,0.8813859
1,0.8450684
1,0.7028138
1,0.81059945
1,0.92175555
1,0.8334395
1,0.68312633
1,0.89497215
1,0.7933634
1,0.8859279
1,0.77758944
1,0.84225214
1,0.8523249
1,0.8660872
1,0.851808
1,0.8258254
1,0.90795213
1,0.70544267
1,0.6352967
1,0.8875597
1,0.8183924
1,0.60173845
1,0.5654158
1,0.9489033
1,0.8347941
1,0.7725121
1,0.8154073
1,0.78331614
1,0.69471276
1,0.80752146
1,0.69293445
1,0.8331877
1,0.6387145
1,0.60254604
1,0.76113874
1,0.86236817
1,0.76730245
1,0.9637738
1,0.6347311
1,0.90404165
1,0.95352226
1,0.65422297
1,0.9232202
1,0.7923569
1,0.62936354
1,0.7130718
1,0.7258763
1,0.9357568
1,0.8778405
1,0.92659825
1,0.83830935
1,0.6404143
1,0.8548007
1,0.43687272
1,0.9289723
1,0.8437979
1,0.7888165
1,0.7033897
1,0.640169
1,0.82186985
1,0.5305793
1,0.8181083
1,0.86122173
1,0.48760018
1,0.77544975
1,0.65941805
1,0.7627986
1,0.6130293
1,0.537724
1,0.7570911
1,0.5404039
1,0.66568774
1,0.7418838
1,0.5761666
1,0.89728904
1,0.91408724
1,0.864147
1,0.7010488
1,0.88093174
1,0.5885885
1,0.5719866
1,0.46323943
1,0.58515614
1,0.8631735
1,0.6446651
1,0.8272794
1,0.58159894
1,0.6710646
1,0.64539707
1,0.9253802
1,0.78520817
1,0.74253815
1,0.90289056
1,0.72965854
1,0.8839271
1,0.8744636
1,0.5921891
1,0.54846656
1,0.7384698
1,0.91208047
1,0.90393984
1,0.6926514
1,0.9210099
1,0.8490461
1,0.5543919
1,0.8088465
1,0.7992931
1,0.9224308
1,0.8661165
1,0.7763921
1,0.62674284
1,0.729528
1,0.8258218
1,0.97777104
1,0.8660435
1,0.68041235
1,0.6802212
1,0.62453985
1,0.80977887
1,0.6678924
1,0.41711107
1,0.7733271
1,0.71352357
1,0.7544701
1,0.9149548
1,0.5892718
1,0.715252
1,0.78085136
1,0.7689161
1,0.746747
1,0.7273064
1,0.5990574
1,0.7800709
1,0.6801255
1,0.48934576
1,0.8944019
1,0.61209273
1,0.7515998
1,0.55569637
1,0.6772522
1,0.81938064
1,0.49064314
1,0.5111409
1,0.6918223
1,0.6403449
1,0.7285508
1,0.7085411
1,0.6838429
1,0.37132144
1,0.79299176
1,0.7153131
1,0.3769089
1,0.6775467
1,0.90324754
1,0.40793917
1,0.73939633
1,0.7722636
1,0.82052773
1,0.55366325
1,0.57575166
1,0.67814565
1,0.87037903
1,0.71249413
1,0.6852922
1,0.4383071
1,0.90500003
1,0.7998089
1,0.8686274
1,0.41463235
1,0.5004557
1,0.3419006
1,0.6030934
1,0.5700028
1,0.5174838
1,0.7960272
1,0.8887123
1,0.6567513
1,0.6435427
1,0.74792
1,0.7137892
1,0.6494164
1,0.59726286
1,0.68791336
1,0.8797229
1,0.8010062
1,0.894452
1,0.3807194
1,0.75109804
1,0.4941931
1,0.86739445
1,0.72788584
1,0.73459965
1,0.6791549
1,0.79201233
1,0.89206755
1,0.74449265
1,0.46271336
1,0.71613115
1,0.8510627
1,0.9631873
1,0.93085545
1,0.8021281
1,0.7764571
1,0.87990606
1,0.8855386
1,0.65800166
1,0.8919014
1,0.6924786
1,0.90822434
1,0.8878679
1,0.654147
1,0.51356065
1,0.9239533
1,0.8624771
1,0.955622
1,0.5619906
1,0.6344716
1,0.5633486
1,0.78118205
1,0.67657167
1,0.7182989
1,0.76711226
1,0.7718736
1,0.6111312
1,0.7840479
1,0.78720737
1,0.8559912
1,0.94478947
1,0.47527415
1,0.67528135
1,0.61650264
1,0.76657724
1,0.83496124
1,0.8089961
1,0.7463049
1,0.5796258
1,0.58689094
1,0.7966688
1,0.52029777
1,0.6398438
1,0.6385514
1,0.6514178
1,0.7324409
1,0.9163749
1,0.79258645
1,0.69603235
1,0.9304401
1,0.63260514
1,0.82061106
1,0.86819905
1,0.75952095
1,0.7956598
1,0.68682265
1,0.66609186
1,0.7735492
1,0.6529752
1,0.6865964
1,0.8351558
1,0.6555215
1,0.57656926
1,0.73028076
1,0.7192935
1,0.7619022
1,0.6373647
1,0.8038349
1,0.8829355
1,0.7080783
1,0.86467445
1,0.6842115
1,0.76727414
1,0.8389233
1,0.6182533
1,0.47650796
1,0.5956776
1,0.6988298
1,0.90095633
1,0.7365675
1,0.7908044
1,0.6534444
1,0.49764046
1,0.83295465
1,0.33026293
1,0.6040868
1,0.75524676
1,0.7182037
1,0.9357951
1,0.8572609
1,0.7594874
1,0.8350135
1,0.6487029
1,0.85025847
1,0.4384819
1,0.809701
1,0.8076587
1,0.44715434
1,0.8629822
1,0.8200158
1,0.7419845
1,0.89298725
1,0.44067547
1,0.8594157
1,0.5977783
1,0.8415314
1,0.8807004
1,0.8193631
1,0.85379434
1,0.6680196
1,0.41185418
1,0.8108994
1,0.9380242
1,0.88986
1,0.72399694
1,0.7444433
1,0.8830012
1,0.35840893
1,0.67845374
1,0.75671244
1,0.43692696
1,0.7955283
1,0.7566024
1,0.42824244
1,0.5297171
1,0.90534
1,0.7194906
1,0.7702297
1,0.61289364
1,0.7476105
1,0.8530085
1,0.83818495
1,0.7059069
1,0.70332855
1,0.84391534
1,0.8823206
1,0.7441449
1,0.7287136
1,0.77066314
1,0.9190312
1,0.62493455
1,0.4906333
1,0.66952366
1,0.6248651
1,0.9297075
1,0.8226988
1,0.6481051
1,0.74414265
1,0.6882172
1,0.6593264
1,0.6920751
1,0.37109315
1,0.62711316
1,0.81397486
1,0.7480071
1,0.4745245
1,0.572837
1,0.56738406
1,0.48080388
1,0.522439
1,0.84285426
1,0.708695
1,0.58180606
1,0.63260907
1,0.95193446
1,0.8320864
1,0.6318659
1,0.6468672
1,0.82961243
1,0.85228556
1,0.8296119
1,0.6774751
1,0.8201467
1,0.77144986
1,0.7185147
1,0.8838122
1,0.4047699
1,0.6131148
1,0.8461743
1,0.6259659
1,0.8022006
1,0.4064611
1,0.67494696
1,0.8191305
1,0.6344668
1,0.7692888
1,0.72467685
1,0.61342645
1,0.61017627
1,0.68986696
1,0.572209
1,0.86364394
1,0.84707594
1,0.7719465
1,0.6659404
1,0.32040253
1,0.818469
1,0.73590595
1,0.4109269
1,0.5191556
1,0.7626801
1,0.47578034
1,0.7548348
1,0.6265512
1,0.64982843
1,0.46587133
1,0.52423674
1,0.25979632
1,0.5627001
1,0.32320413
1,0.6121818
1,0.72582084
1,0.6995984
1,0.7228383
1,0.49684808
1,0.8771475
1,0.8512368
1,0.83141553
1,0.7442401
1,0.33667868
1,0.6793182
1,0.7623703
1,0.6110392
1,0.46229717
1,0.6376655
1,0.83349085
1,0.833122
1,0.5658405
1,0.5828784
1,0.65588236
1,0.46682832
1,0.6996498
1,0.7522012
1,0.42637944
1,0.37265882
1,0.4618551
1,0.8023332
1,0.32526568
1,0.6536718
1,0.8811317
1,0.6842894
1,0.65548325
1,0.64315087
1,0.66410214
1,0.89645404
1,0.9107363
1,0.53333193
1,0.48069707
1,0.83164203
1,0.65933657
1,0.449399
1,0.565905
1,0.6592318
1,0.79244554
1,0.64949656
1,0.87132186
1,0.45219725
1,0.5128129
1,0.6352196
1,0.626096
1,0.11396531
0,0.18963543
0,0.40062198
0,0.15067396
0,0.21872474
0,0.27762678
0,0.18834402
0,0.35866717
0,0.4958244
0,0.7484627
0,0.5382324
0,0.3359777
0,0.38440654
0,0.442124
0,0.12840009
0,0.9065719
0,0.22953182
0,0.16298941
0,0.5429329
0,0.25304753
0,0.20834477
0,0.5609618
0,0.28503242
0,0.22061113
0,0.3095389
0,0.16558751
0,0.38365886
0,0.29654887
0,0.15766734
0,0.29698527
0,0.2014563
0,0.24366902
0,0.35809693
0,0.1955325
0,0.18039797
0,0.2890862
0,0.2003154
0,0.5407468
0,0.22796954
0,0.32544252
0,0.18667878
0,0.293171
0,0.37687004
0,0.32632604
0,0.27573025
0,0.32663402
0,0.56320685
0,0.33988148
0,0.5383939
0,0.35583186
0,0.24745297
0,0.34172487
0,0.30274838
0,0.1700391
0,0.4275031
0,0.3808296
0,0.2779195
0,0.41749132
0,0.15572596
0,0.36081237
0,0.33214462
0,0.4539668
0,0.21995616
0,0.25271004
0,0.27343082
0,0.35273138
0,0.44441816
0,0.6447982
0,0.28298482
0,0.24565679
0,0.18034
0,0.19178362
0,0.23370747
0,0.2917601
0,0.26805568
0,0.1657581
0,0.63295734
0,0.12925488
0,0.1603438
0,0.15827036
0,0.30179477
0,0.19275376
0,0.20399576
0,0.2513546
0,0.3069727
0,0.11789256
0,0.15332758
0,0.2465773
0,0.37368876
0,0.22776788
0,0.19729465
0,0.105885044
0,0.33036503
0,0.32537395
0,0.4369261
0,0.22275123
0,0.23001781
0,0.1749692
0,0.713314
0,0.28194946
0,0.6970161
0,0.43287194
0,0.34060764
0,0.7064805
0,0.39411318
0,0.4655074
0,0.26237178
0,0.18758948
0,0.20967591
0,0.2933856
0,0.31402674
0,0.2611737
0,0.31722137
0,0.25939107
0,0.20076141
0,0.24621168
0,0.23483269
0,0.3306016
0,0.4401626
0,0.18060474
0,0.4229537
0,0.22073263
0,0.32483575
0,0.22340176
0,0.14968199
0,0.16929768
0,0.9596812
0,0.22619306
0,0.5227839
0,0.28153956
0,0.14694586
0,0.16562214
0,0.26495492
0,0.20965825
0,0.20002396
0,0.1311777
0,0.1996566
0,0.1858146
0,0.31238174
0,0.34191522
0,0.2005831
0,0.17140512
0,0.24504289
0,0.22691347
0,0.35118532
0,0.12725605
0,0.2629109
0,0.15855834
0,0.3478656
0,0.86589885
0,0.31287587
0,0.13586177
0,0.22747727
0,0.1444171
0,0.31987432
0,0.15514027
0,0.19645794
0,0.4011822
0,0.39917195
0,0.26718357
0,0.3862356
0,0.3135412
0,0.41438362
0,0.3617193
0,0.27587768
0,0.24611872
0,0.15532628
0,0.1581389
0,0.4048452
0,0.18170993
0,0.33895996
0,0.37108856
0,0.4695877
0,0.34791473
0,0.33277225
0,0.13183078
0,0.20845225
0,0.32029468
0,0.13950877
0,0.14381216
0,0.44044524
0,0.22631605
0,0.16232286
0,0.28298876
0,0.15257035
0,0.22150467
0,0.32529387
0,0.20017672
0,0.38643077
0,0.16107851
0,0.20468786
0,0.2761665
0,0.2554795
0,0.39002222
0,0.76040655
0,0.0783942
0,0.16761884
0,0.2215773
0,0.3709229
0,0.36977932
0,0.15681794
0,0.3511747
0,0.19352654
0,0.21009892
0,0.41604826
0,0.17118616
0,0.33332616
0,0.2114513
0,0.123622596
0,0.15513583
0,0.16479321
0,0.13616015
0,0.16300455
0,0.120320894
0,0.39884302
0,0.2937484
0,0.4043412
0,0.20459874
0,0.18531184
0,0.14112891
0,0.1895576
0,0.25167108
0,0.13739645
0,0.10425325
0,0.15623447
0,0.25943404
0,0.123360135
0,0.38530508
0,0.17122552
0,0.08062996
0,0.5010388
0,0.12996031
0,0.27477732
0,0.14853466
0,0.24627693
0,0.23301873
0,0.47098255
0,0.3068744
0,0.8852115
0,0.1341031
0,0.23029576
0,0.2830653
0,0.14793624
0,0.2611707
0,0.18636444
0,0.40587437
0,0.19674505
0,0.16403474
0,0.22829843
0,0.34717646
0,0.21932924
0,0.5952044
0,0.31510448
0,0.20984845
0,0.3049092
0,0.10459447
0,0.1998658
0,0.49531996
0,0.49467018
0,0.1174091
0,0.77908576
0,0.16942361
0,0.16868086
0,0.13050847
0,0.13682523
0,0.23651196
0,0.19765748
0,0.3318572
0,0.19925702
0,0.09367048
0,0.13444191
0,0.1616202
0,0.24482922
0,0.16357829
0,0.12499243
0,0.17990808
0,0.14833644
0,0.4978102
0,0.33489642
0,0.24918796
0,0.2133436
0,0.08810134
0,0.595815
0,0.3033331
0,0.32740498
0,0.52099043
0,0.35553247
0,0.2317923
0,0.12961222
0,0.23720345
0,0.6053147
0,0.18550994
0,0.10666616
0,0.16698636
0,0.31949726
0,0.5568395
0,0.27210137
0,0.22597681
0,0.3194341
0,0.2531589
0,0.45800576
0,0.16110294
0,0.25167593
0,0.29803085
0,0.6776308
0,0.53152597
0,0.41141504
0,0.19993018
0,0.26990828
0,0.30050686
0,0.46383438
0,0.4702298
0,0.25495857
0,0.11643209
0,0.12552105
0,0.24766338
0,0.41493335
0,0.3858537
0,0.14431608
0,0.42955914
0,0.158778
0,0.3867842
0,0.8572241
0,0.2893751
0,0.20785587
0,0.22254127
0,0.36128753
0,0.64875704
0,0.2993412
0,0.30436218
0,0.17271239
0,0.2977656
0,0.19638154
0,0.7099903
0,0.43121773
0,0.17433047
0,0.367129
0,0.2875228
0,0.30962083
0,0.5084933
0,0.3813647
0,0.1382583
0,0.2635403
0,0.34244186
0,0.43347535
0,0.42527485
0,0.15634415
0,0.18070374
0,0.16696036
0,0.8120596
0,0.49824816
0,0.4165446
0,0.45927882
0,0.45637915
0,0.17720294
0,0.13997348
0,0.2952173
0,0.22871336
0,0.24692433
0,0.30383322
0,0.28940377
0,0.2471513
0,0.2859813
0,0.12672843
0,0.13906913
0,0.1158424
0,0.14125161
0,0.3287374
0,0.10924101
0,0.12007912
0,0.1292729
0,0.13819605
0,0.5987447
0,0.4824561
0,0.34372586
0,0.3480099
0,0.24578142
0,0.2132895
0,0.31530192
0,0.34045336
0,0.20709606
0,0.15634918
0,0.16920325
0,0.28391105
0,0.23015355
0,0.21356797
0,0.24449728
0,0.16983818
0,0.11655287
0,0.32227734
0,0.39284244
0,0.18010712
0,0.27239612
0,0.28345102
0,0.71629673
0,0.5201884
0,0.33111915
0,0.16258724
0,0.30653304
0,0.25918263
0,0.18784179
0,0.30544168
0,0.08830153
0,0.118158676
0,0.14856288
0,0.20828925
0,0.21175615
0,0.16959792
0,0.113278046
0,0.10612362
0,0.35700792
0,0.1585014
0,0.25769925
0,0.20258087
0,0.17594555
0,0.20391673
0,0.23389941
0,0.10180828
0,0.102335155
0,0.14431252
0,0.15128686
0,0.21982309
0,0.3096076
0,0.25014883
0,0.20089318
0,0.12542681
0,0.14969848
0,0.35559264
0,0.4000663
0,0.20960912
0,0.19587833
0,0.15252347
0,0.17716171
0,0.35945287
0,0.30225432
0,0.4275153
0,0.1856774
0,0.10683826
0,0.14802174
0,0.3087188
0,0.32878608
0,0.21028815
0,0.3569438
0,0.49679133
0,0.29303986
0,0.2974135
0,0.23948123
0,0.1234937
0,0.18142766
0,0.37517068
0,0.3968537
0,0.33890766
0,0.2903093
0,0.16729449
0,0.2308733
0,0.2906934
0,0.92246145
0,0.38531148
0,0.16069531
0,0.20927821
0,0.17209241
0,0.18893346
0,0.30532
0,0.75296456
0,0.17894934
0,0.14086352
0,0.21067537
0,0.3219866
0,0.33262184
0,0.30785927
0,0.23316866
0,0.19051869
0,0.1899412
0,0.29762936
0,0.39986798
0,0.25068855
0,0.18640059
0,0.1407882
0,0.5842236
0,0.35669386
0,0.18917985
0,0.10540574
0,0.18754107
0,0.28043425
0,0.41709054
0,0.44662362
0,0.20835862
0,0.17065111
0,0.14276862
0,0.14331976
0,0.299963
0,0.5289557
0,0.53257567
0,0.23297268
0,0.26130962
0,0.2108616
0,0.57199067
0,0.43887553
0,0.17821766
0,0.5821124
0,0.14998665
0,0.5489711
0,0.41674617
0,0.55920744
0,0.33338594
0,0.25588137
0,0.61805105
0,0.31154242
0,0.42034668
0,0.5134691
0,0.27544227
0,0.21973206
0,0.12710159
0,0.49595743
0,0.30816573
0,0.15789717
0,0.36735138
0,0.143317
0,0.31254232
0,0.29130784
0,0.54552
0,0.22265752
0,0.17926168
0,0.22798303
0,0.30619878
0,0.61772394
0,0.31455898
0,0.21225306
0,0.24707875
0,0.46459252
0,0.40837854
0,0.2197081
0,0.4708896
0,0.47859803
0,0.22933562
0,0.3489474
0,0.5786029
0,0.5569151
0,0.44686535
0,0.14553517
0,0.36667517
0,0.19217904
0,0.23564528
0,0.3364296
0,0.20998134
0,0.23494716
0,0.16627155
0,0.54870963
0,0.75539875
0,0.67550355
0,0.39050812
0,0.37723908
0,0.3653533
0,0.79251486
0,0.41398853
0,0.14250536
0,0.30034047
0,0.32343608
0,0.8385828
0,0.2510492
0,0.24921213
0,0.74022424
0,0.34083816
0,0.26675892
0,0.84261405
0,0.9464547
0,0.2612591
0,0.34275195
0,0.16162705
0,0.41048062
0,0.5662638
0,0.29755148
0,0.45688456
0,0.5138047
0,0.12472286
0,0.37740743
0,0.32324076
0,0.37314835
0,0.29532626
0,0.6229253
0,0.2643626
0,0.5717097
0,0.40157518
0,0.6717581
0,0.52653354
0,0.21937355
0,0.095360905
0,0.32841697
0,0.22614442
0,0.11843469
0,0.3635258
0,0.10950807
0,0.32191768
0,0.44879985
0,0.37716737
0,0.109039836
0,0.5454039
0,0.15354347
0,0.22922815
0,0.36523655
0,0.20225386
0,0.1052595
0,0.24339017
0,0.5231102
0,0.34785303
0,0.79368806
0,0.23748213
0,0.61152744
0,0.57705015
0,0.49249288
0,0.3935969
0,0.46518588
0,0.34655592
0,0.28963447
0,0.1628593
0,0.40795907
0,0.47473258
0,0.18021584
0,0.17543362
0,0.3205167
0,0.55372757
0,0.4694636
0,0.30338237
0,0.19771041
0,0.19614734
0,0.19919099
0,0.545735
0,0.27541435
0,0.21748362
0,0.15382545
0,0.18942368
0,0.14658256
0,0.22821586
0,0.5341061
0,0.14113669
0,0.20346594
0,0.13857132
0,0.51758796
0,0.35313872
0,0.2043611
0,0.124536686
0,0.21566026
0,0.3482951
0,0.44870296
0,0.20380731
0,0.30595183
0,0.28676596
0,0.20672482
0,0.4166674
0,0.3578033
0,0.5634385
0,0.19875759
0,0.27486336
0,0.393202
0,0.268399
0,0.38481936
0,0.2839131
0,0.1409159
0,0.270694
0,0.15210347
0,0.25218248
0,0.2755112
0,0.1899797
0,0.2856761
0,0.13361087
0,0.20353547
0,0.26990032
0,0.3600994
0,0.20213918
0,0.13599136
0,0.14052838
0,0.4336227
0,0.82534444
0,0.2293563
0,0.20792556
0,0.57021624
0,0.40709043
0,0.51861405
0,0.49068516
0,0.39064673
0,0.2610071
0,0.12711792
0,0.17635447
0,0.24265678
0,0.1334081
0,0.19611715
0,0.14869292
0,0.17914765
0,0.2030059
0,0.11654003
0,0.22273952
0,0.13099483
0,0.32538196
0,0.27832055
0,0.8119332
0,0.63686544
0,0.25248826
0,0.0930761
0,0.09194156
0,0.47144777
0,0.4147989
0,0.24595465
0,0.6159194
0,0.11687413
0,0.12199851
0,0.84010524
0,0.45901683
0,0.62053627
0,0.18017758
0,0.15821892
0,0.32692197
0,0.30598825
0,0.520196
0,0.33479178
0,0.2511456
0,0.20284955
0,0.1571132
0,0.31367105
0,0.5546991
0,0.48879358
0,0.38263807
0,0.2292491
0,0.18007416
0,0.64525115
0,0.60238767
0,0.36979157
0,0.13010253
0,0.13560097
0,0.14453349
0,0.29101473
0,0.24361172
0,0.22966462
0,0.16038963
0,0.21853733
0,0.37601653
0,0.15275738
0,0.0929856
0,0.13816579
0,0.25586927
0,0.3449868
0,0.3284994
0,0.2697939
0,0.16255061
0,0.21981597
0,0.209376
0,0.3287132
0,0.30081785
0,0.3758186
0,0.17521586
0,0.26022622
0,0.1113977
0,0.4182325
0,0.1445013
0,0.5924763
0,0.16633889
0,0.15765747
0,0.13286272
0,0.17552759
0,0.13118513
0,0.1512573
0,0.106362976
0,0.3081722
0,0.14955781
0,0.3645641
0,0.48523247
0,0.13345979
0,0.15180987
0,0.0940994
0,0.15779024
0,0.23518766
0,0.107589655
0,0.12682
0,0.079715505
0,0.10907085
0,0.2840298
0,0.2311928
0,0.10745136
0,0.16133894
0,0.3056819
0,0.34014952
0,0.27002484
0,0.23574308
0,0.18002471
0,0.19931915
0,0.27157864
0,0.4815732
0,0.23355456
0,0.29758912
0,0.20123868
0,0.61646867
0,0.16309093
0,0.35517102
0,0.39040175
0,0.26271388
0,0.40275317
0,0.19810951
0,0.41039774
0,0.22561212
0,0.41651633
0,0.24111478
0,0.79598415
0,0.51622206
0,0.55649483
0,0.24885248
0,0.4224496
0,0.25495574
0,0.28242505
0,0.34069386
0,0.36571065
0,0.13862939
0,0.2461111
0,0.54541904
0,0.47280422
0,0.3577264
0,0.5875279
0,0.4409787
0,0.28568396
0,0.43999568
0,0.18180326
0,0.40451562
0,0.2639546
0,0.54117906
0,0.23033619
0,0.32614368
0,0.57154644
0,0.3152986
0,0.29492706
0,0.33827537
0,0.2661935
0,0.39314792
0,0.44910714
0,0.40125585
0,0.19063118
0,0.16147299
0,0.26578495
0,0.17465709
0,0.19304793
0,0.2623215
0,0.49337345
0,0.16632804
0,0.32236308
0,0.151667
0,0.16462171
0,0.47672307
0,0.15102167
0,0.39191252
0,0.4326746
0,0.23448615
0,0.2215107
0,0.55606496
0,0.20114818
0,0.42710984
0,0.21768706
0,0.21205463
0,0.28802347
1,0.28453866
1,0.9578336
1,0.9013154
1,0.99125004
1,0.9904592
1,0.9974509
1,0.97882515
1,0.9605586
1,0.97712404
1,0.97851413
1,0.990274
1,0.97467107
1,0.96546566
1,0.92218226
1,0.97854745
1,0.96975774
1,0.98460245
1,0.9926131
1,0.9707035
1,0.9746892
1,0.97505367
1,0.9922967
1,0.9948515
1,0.99217707
1,0.98420405
1,0.9776307
1,0.9775288
1,0.9807257
1,0.9938156
1,0.9958978
1,0.98194724
1,0.99122894
1,0.97108173
1,0.993884
1,0.99201465
1,0.996073
1,0.99687636
1,0.99352974
1,0.97825694
1,0.97333884
1,0.98263264
1,0.9950227
1,0.9881115
1,0.9860336
1,0.96030176
1,0.989354
1,0.99424297
1,0.9918222
1,0.96776086
1,0.9551778
1,0.99183285
1,0.9912851
1,0.99409676
1,0.9442548
1,0.9736442
1,0.9874313
1,0.9922226
1,0.9866131
1,0.9949867
1,0.99173766
1,0.9926248
1,0.97330415
1,0.9756085
1,0.9765107
1,0.9178145
1,0.9877081
1,0.9929536
1,0.9948942
1,0.98275983
1,0.95670724
1,0.9851157
1,0.9673178
1,0.9857093
1,0.89669484
1,0.837977
1,0.98211855
1,0.98861545
1,0.98203146
1,0.9873213
1,0.9863233
1,0.9797789
1,0.9571861
1,0.9972371
1,0.99088323
1,0.9745831
1,0.9863738
1,0.98896796
1,0.99473965
1,0.9780993
1,0.98242104
1,0.9803156
1,0.9842075
1,0.9929341
1,0.9928169
1,0.983636
1,0.98921996
1,0.98402643
1,0.99133474
1,0.9898057
1,0.992576
1,0.973476
1,0.96233445
1,0.98871136
1,0.98054504
1,0.97122115
1,0.95488
1,0.97628057
1,0.99485034
1,0.9808914
1,0.97421783
1,0.97256416
1,0.9925236
1,0.99736255
1,0.9657809
1,0.95493543
1,0.9921882
1,0.97769845
1,0.9827812
1,0.96416855
1,0.946724
1,0.9654115
1,0.9533949
1,0.9894509
1,0.98941565
1,0.9548968
1,0.9751591
1,0.9652194
1,0.99249953
1,0.9918161
1,0.99296993
1,0.7560502
1,0.98824054
1,0.9887622
1,0.9565057
1,0.968932
1,0.96636814
1,0.9659792
1,0.99569166
1,0.93342006
1,0.9738367
1,0.9944636
1,0.9885538
1,0.9794017
1,0.99853706
1,0.9526129
1,0.99288017
1,0.97945684
1,0.89831465
1,0.9936228
1,0.99594086
1,0.93201476
1,0.9554946
1,0.98188955
1,0.99533594
1,0.99107915
1,0.99512035
1,0.9945821
1,0.9858584
1,0.96826285
1,0.9694651
1,0.9707119
1,0.9918515
1,0.9800239
1,0.97570366
1,0.9889051
1,0.975451
1,0.98885417
1,0.9947554
1,0.9800858
1,0.97100663
1,0.991137
1,0.99431753
1,0.97615963
1,0.96255624
1,0.97059363
1,0.99211454
1,0.99623173
1,0.9783539
1,0.96776533
1,0.9840104
1,0.9990964
1,0.9629964
1,0.95187396
1,0.9769092
1,0.992542
1,0.99904317
1,0.9889699
1,0.96953577
1,0.9538739
1,0.99157333
1,0.9956911
1,0.9906223
1,0.8706091
1,0.96020234
1,0.90936416
1,0.99159217
1,0.9914695
1,0.9832386
1,0.94924796
1,0.9664397
1,0.99767333
1,0.984302
1,0.9890091
1,0.9061593
1,0.9726758
1,0.9963233
1,0.99016565
1,0.96557474
1,0.9668841
1,0.9943444
1,0.9926265
1,0.91335434
1,0.93236905
1,0.97579384
1,0.9937545
1,0.96734077
1,0.9732303
1,0.9956873
1,0.9979811
1,0.9918765
1,0.9671688
1,0.9900675
1,0.99602485
1,0.99327326
1,0.9912182
1,0.9690694
1,0.98833233
1,0.9954394
1,0.98737687
1,0.98047113
1,0.9795374
1,0.9810301
1,0.9919642
1,0.9830016
1,0.97990304
1,0.9834939
1,0.9920447
1,0.991147
1,0.97438943
1,0.9289227
1,0.98666126
1,0.9943988
1,0.9914131
1,0.9693476
1,0.9733995
1,0.9954341
1,0.9813861
1,0.99588966
1,0.98436826
1,0.9896533
1,0.99306893
1,0.9827504
1,0.9500657
1,0.9842381
1,0.98269296
1,0.9666613
1,0.9748837
1,0.99380183
1,0.9892007
1,0.9910136
1,0.984641
1,0.9760123
1,0.96635157
1,0.9761801
1,0.9961592
1,0.9855717
1,0.9067208
1,0.9770521
1,0.9791372
1,0.9740676
1,0.98664826
1,0.9897004
1,0.97793204
1,0.990479
1,0.97644514
1,0.9834437
1,0.9955455
1,0.97165805
1,0.96788543
1,0.7915671
1,0.96279794
1,0.98299146
1,0.92845553
1,0.9773924
1,0.9953063
1,0.9370309
1,0.74283886
1,0.9691562
1,0.9874185
1,0.98099536
1,0.88167477
1,0.9402576
1,0.9579642
1,0.98141867
1,0.99536073
1,0.9553799
1,0.9752839
1,0.975288
1,0.9905033
1,0.9979102
1,0.9619543
1,0.90729874
1,0.9966126
1,0.96528316
1,0.7838885
1,0.8277312
1,0.9677996
1,0.9923506
1,0.93727934
1,0.96773225
1,0.9198804
1,0.964582
1,0.99399805
1,0.99129045
1,0.98475224
1,0.96090126
1,0.77725357
1,0.97873616
1,0.97163475
1,0.99778616
1,0.97255385
1,0.98019654
1,0.9854574
1,0.99734277
1,0.99446434
1,0.9627511
1,0.9104475
1,0.988342
1,0.9937649
1,0.99360067
1,0.9950393
1,0.98442614
1,0.98595965
1,0.956059
1,0.9430772
1,0.97296673
1,0.9899726
1,0.9844513
1,0.9904722
1,0.99417424
1,0.9883416
1,0.9809936
1,0.97427297
1,0.9934329
1,0.94816005
1,0.97329986
1,0.96743506
1,0.96815836
1,0.9608381
1,0.9724629
1,0.9895187
1,0.99525636
1,0.9865141
1,0.98164755
1,0.9796072
1,0.98441064
1,0.9987577
1,0.9946835
1,0.97603786
1,0.95617396
1,0.9828239
1,0.9949747
1,0.99233985
1,0.9904998
1,0.93306607
1,0.95046604
1,0.99246305
1,0.9929779
1,0.98445696
1,0.98286384
1,0.9721523
1,0.96538126
1,0.9629918
1,0.9949353
1,0.99877125
1,0.99159944
1,0.9788473
1,0.95144254
1,0.9692582
1,0.9968976
1,0.9987644
1,0.9935341
1,0.9199189
1,0.92528236
1,0.96912384
1,0.9939854
1,0.9886884
1,0.9916809
1,0.9989888
1,0.98093694
1,0.99464047
1,0.94382083
1,0.9775539
1,0.92961776
1,0.97933847
1,0.9786875
1,0.9980338
1,0.97890645
1,0.98586535
1,0.9957762
1,0.95397043
1,0.96705407
1,0.9656691
1,0.9831862
1,0.9811645
1,0.980823
1,0.9977617
1,0.9930912
1,0.98437124
1,0.94712794
1,0.8415516
1,0.9964376
1,0.9901619
1,0.986535
1,0.9324015
1,0.88651973
1,0.9507916
1,0.99257106
1,0.85644376
1,0.9759327
1,0.9899339
1,0.9901639
1,0.9647473
1,0.99883455
1,0.9763982
1,0.98930293
1,0.98464173
1,0.99092615
1,0.991915
1,0.9501292
1,0.9586951
1,0.96538013
1,0.9926817
1,0.9757002
1,0.8188502
1,0.97290987
1,0.98609215
1,0.9935404
1,0.99419904
1,0.9663166
1,0.7073219
1,0.98523706
1,0.98424953
1,0.9934585
1,0.989481
1,0.95898926
1,0.9604702
1,0.97552425
1,0.98216486
1,0.9901522
1,0.9908338
1,0.988817
1,0.9946408
1,0.9831288
1,0.98337597
1,0.9286363
1,0.99785113
1,0.9940105
1,0.991045
1,0.9654965
1,0.96599513
1,0.9974686
1,0.98632646
1,0.72500765
1,0.96494204
1,0.96686023
1,0.97005403
1,0.993993
1,0.9954056
1,0.9889128
1,0.88406795
1,0.9744812
1,0.98747814
1,0.97849405
1,0.9918504
1,0.94057685
1,0.9925888
1,0.9988985
1,0.99366564
1,0.9871296
1,0.95501316
1,0.98217726
1,0.96874064
1,0.9839194
1,0.9944504
1,0.99510974
1,0.99451774
1,0.9827396
1,0.9348901
1,0.94466585
1,0.8846726
1,0.99743724
1,0.7996324
1,0.9906307
1,0.9921704
1,0.9750098
1,0.99086577
1,0.9645149
1,0.96493316
1,0.98495376
1,0.9491669
1,0.99855727
1,0.99043655
1,0.9919137
1,0.94075024
1,0.97434413
1,0.98629105
1,0.9929724
1,0.9788938
1,0.99265224
1,0.9873619
1,0.9808806
1,0.96541137
1,0.9532499
1,0.9888693
1,0.9823397
1,0.9584943
1,0.97796106
1,0.9688583
1,0.9613193
1,0.9818502
1,0.95619607
1,0.97422904
1,0.9699995
1,0.8901174
1,0.89705276
1,0.99156535
1,0.9944695
1,0.97407687
1,0.98971003
1,0.9876116
1,0.98050576
1,0.98613465
1,0.9485267
1,0.9421871
1,0.99524677
1,0.9909548
1,0.9824391
1,0.9866419
1,0.9615165
1,0.98188597
1,0.9923915
1,0.9927937
1,0.95351195
1,0.98086643
1,0.9551903
1,0.99014074
1,0.98767936
1,0.9916694
1,0.96886516
1,0.99016786
1,0.97215873
1,0.9933049
1,0.9661077
1,0.94253725
1,0.98057336
1,0.97248083
1,0.96582973
1,0.96914375
1,0.95579517
1,0.93065006
1,0.9750793
1,0.9649272
1,0.99042636
1,0.9719243
1,0.9909792
1,0.99171865
1,0.99286485
1,0.9699318
1,0.99206233
1,0.96772265
1,0.98484844
1,0.98651665
1,0.98716086
1,0.98920584
1,0.9618045
1,0.7735772
1,0.96217066
1,0.9604006
1,0.95800304
1,0.97953767
1,0.97780573
1,0.981327
1,0.9803812
1,0.9810734
1,0.98075956
1,0.98838335
1,0.9428436
1,0.9797096
1,0.97473747
1,0.9944516
1,0.99354535
1,0.9797237
1,0.99300873
1,0.9628418
1,0.97409105
1,0.98822755
1,0.94147456
1,0.9879522
1,0.96482474
1,0.96999973
1,0.9848748
1,0.9895523
1,0.99583447
1,0.98555607
1,0.97784626
1,0.9655375
1,0.96654654
1,0.975112
1,0.99298143
1,0.9689228
1,0.9792011
1,0.96855986
1,0.892353
1,0.99446964
1,0.9851754
1,0.9440206
1,0.951893
1,0.99137056
1,0.9849621
1,0.8976707
1,0.9769991
1,0.9763717
1,0.94410795
1,0.9724437
1,0.97644085
1,0.98375565
1,0.97887725
1,0.9889549
1,0.9838103
1,0.9845968
1,0.9959859
1,0.9869112
1,0.9735522
1,0.9694112
1,0.914159
1,0.798052
1,0.9917135
1,0.977751
1,0.9775274
1,0.8951448
1,0.98283297
1,0.9905406
1,0.9718
1,0.9379338
1,0.9717676
1,0.99227965
1,0.9968478
1,0.99479014
1,0.9309221
1,0.96897966
1,0.9520156
1,0.99017406
1,0.96855956
1,0.8728639
1,0.72716695
1,0.9957093
1,0.9639097
1,0.989645
1,0.9602836
1,0.95599246
1,0.98929286
1,0.6806642
1,0.9640937
1,0.93382597
1,0.4970942
1,0.9091041
1,0.9694167
1,0.9666449
1,0.9865311
1,0.9852705
1,0.99004483
1,0.7319044
1,0.966145
1,0.9810238
1,0.97574234
1,0.9978927
1,0.9590351
1,0.9827614
1,0.9599502
1,0.9875667
1,0.9906728
1,0.9844797
1,0.9734899
1,0.93995196
1,0.97640675
1,0.9864406
1,0.95916724
1,0.9486021
1,0.9711088
1,0.9621836
1,0.9793515
1,0.97841895
1,0.97906667
1,0.9755726
1,0.98329103
1,0.97316617
1,0.9807659
1,0.99705493
1,0.9888853
1,0.9941308
1,0.9708731
1,0.97078574
1,0.9757327
1,0.97467685
1,0.9905557
1,0.9782627
1,0.9909565
1,0.95384055
1,0.9829789
1,0.9583309
1,0.9936812
1,0.980536
1,0.97682637
1,0.93551594
1,0.97235334
1,0.9609882
1,0.96771777
1,0.99007505
1,0.9870677
1,0.96311575
1,0.9290147
1,0.9285737
1,0.97631955
1,0.9894415
1,0.9677504
1,0.9620567
1,0.9812167
1,0.9807248
1,0.9226938
1,0.7368288
1,0.9591648
1,0.9329628
1,0.96760267
1,0.9505301
1,0.9050805
1,0.95052373
1,0.99546
1,0.9858176
1,0.99401855
1,0.99277484
1,0.9637679
1,0.95615643
1,0.9622859
1,0.97738045
1,0.9764921
1,0.9805084
1,0.9826832
1,0.9926796
1,0.8834438
1,0.9564514
1,0.98801595
1,0.9387584
1,0.7379457
1,0.977412
1,0.9717256
1,0.97601503
1,0.9644091
1,0.98903954
1,0.99094045
1,0.9885776
1,0.96547157
1,0.9793213
1,0.8591535
1,0.9919762
1,0.9954596
1,0.9664882
1,0.9643682
1,0.9048542
1,0.9916917
1,0.9184693
1,0.93803847
1,0.9880036
1,0.99702567
1,0.9916032
1,0.9734327
1,0.9234389
1,0.97065216
1,0.9905652
1,0.9812475
1,0.9945281
1,0.99733347
1,0.98649704
1,0.9093831
1,0.99729913
1,0.99933916
1,0.9934349
1,0.88979185
1,0.97933084
1,0.9911382
1,0.9907581
1,0.99122053
1,0.99300873
1,0.9951395
1,0.996406
1,0.98885787
1,0.97092134
1,0.9703733
1,0.9969889
1,0.9961332
1,0.9714232
1,0.9527237
1,0.939408
1,0.96897674
1,0.99582523
1,0.984037
1,0.96546847
1,0.9585623
1,0.99283445
1,0.9948358
1,0.993669
1,0.99591213
1,0.9804623
1,0.855837
1,0.9914125
1,0.9886087
1,0.9609629
1,0.9329494
1,0.92983377
1,0.9946025
1,0.98525316
1,0.8541642
1,0.94840133
1,0.96693236
1,0.9502918
1,0.98017555
1,0.99746823
1,0.98227495
1,0.95693797
1,0.96015686
1,0.99086004
1,0.9906501
1,0.9406698
1,0.95220655
1,0.9930958
1,0.99601054
1,0.9799984
1,0.7466135
1,0.9342789
1,0.93785906
1,0.96337974
1,0.97063315
1,0.98287964
1,0.9960518
1,0.9639481
1,0.9958146
1,0.9969379
1,0.9931351
1,0.98630106
1,0.9680563
1,0.9956098
1,0.9992538
1,0.9688302
1,0.97070485
1,0.99766904
1,0.9945326
1,0.9913106
1,0.9839528
1,0.9918182
1,0.95308965
1,0.9744023
1,0.9948364
1,0.9966486
1,0.9833927
1,0.97408783
1,0.97160035
1,0.9879182
1,0.98481596
1,0.97771215
1,0.98951703
1,0.9658112
1,0.9737168
1,0.97434354
1,0.9713886
1,0.98328954
1,0.6239535
1,0.9900541
1,0.9897836
1,0.91467035
1,0.85053384
1,0.90271604
1,0.9954466
1,0.99711275
1,0.99061733
1,0.99152786
1,0.9686714
1,0.9682759
1,0.9777478
1,0.9792452
1,0.81605375
1,0.9732703
1,0.990269
1,0.9974572
1,0.9943502
1,0.9616225
1,0.9217793
1,0.9586345
1,0.97541285
1,0.9955088
1,0.9495325
1,0.8861956
1,0.8740182
1,0.9982199
1,0.98974997
1,0.96002984
1,0.6670925
1,0.99438816
1,0.9932468
1,0.97663635
1,0.86600065
1,0.93139976
1,0.8640419
1,0.98097897
1,0.9488874
1,0.9875289
1,0.97061586
1,0.9824181
1,0.9896938
1,0.9892787
1,0.99631536
1,0.9817374
1,0.9563946
1,0.9693233
1,0.99474275
1,0.99371094
1,0.9915077
1,0.9597478
1,0.9589579
1,0.91081434
1,0.9846655
1,0.90262794
1,0.9223769
1,0.9816157
1,0.9775894
1,0.7819954
1,0.8999434
1,0.9739304
1,0.99526346
1,0.99579096
1,0.98357904
1,0.917145
1,0.8970557
1,0.8775287
1,0.9897201
1,0.97346514
1,0.99029005
1,0.9153707
1,0.9881506
1,0.99683374
1,0.98721015
1,0.93995714
1,0.9678844
1,0.98518974
1,0.99221486
1,0.9787057
1,0.981163
1,0.88218313
1,0.98182726
1,0.9966087
1,0.99380493
1,0.9654781
1,0.9668638
1,0.8454078
1,0.9908195
1,0.9543967
1,0.99001
1,0.8813106
1,0.95262456
1,0.98241365
1,0.9851289
1,0.8486112
1,0.9617966
1,0.9843685
1,0.99538
1,0.9932522
1,0.8984153
1,0.93140286
1,0.9540612
1,0.9931374
1,0.9968893
1,0.97720313
1,0.94873685
1,0.8734757
1,0.9937093
1,0.9882395
1,0.9683815
1,0.9530954
1,0.93316495
1,0.97913706
1,0.9538768
1,0.9669083
1,0.9468419
1,0.9768787
1,0.95812494
1,0.91470814
1,0.9550278
1,0.9410335
1,0.88164866
1,0.9726403
1,0.98306036
1,0.9580803
1,0.97845566
1,0.9865697
1,0.9724644
1,0.9846532
1,0.96893567
1,0.9907595
1,0.97758543
1,0.99353206
1,0.9670803
1,0.9758272
1,0.98837006
1,0.9936121
1,0.99665487
1,0.9929671
1,0.9735439
1,0.9471492
1,0.99049884
1,0.9984291
1,0.99309546
1,0.9965053
1,0.99069774
1,0.9855387
1,0.9957444
1,0.785166
1,0.99591535
1,0.9909969
1,0.9967167
1,0.98067427
1,0.9862042
1,0.96136284
1,0.92671907
1,0.9715011
1,0.8926764
1,0.95495707
1,0.98583287
1,0.8866457
1,0.9282924
1,0.9768447
1,0.98675096
1,0.99464434
1,0.9930393
1,0.99322057
1,0.8969715
1,0.9235654
1,0.9953239
1,0.9875816
1,0.96957815
1,0.98856676
1,0.94964933
1,0.9691959
1,0.7004035
1,0.9940627
1,0.9865464
1,0.98469007
1,0.9355941
1,0.71991086
1,0.9635593
1,0.9721108
1,0.99137646
1,0.9920175
1,0.9687055
1,0.89853716
1,0.99437696
1,0.8879602
1,0.9890076
1,0.93049574
1,0.996478
1,0.97419614
1,0.9887432
1,0.987763
1,0.98923117
1,0.9701923
1,0.9809269
1,0.98133737
1,0.99490154
1,0.984395
1,0.97975606
1,0.9740263
1,0.8498207
1,0.9828802
1,0.99800974
1,0.9895886
1,0.9689348
1,0.9848031
1,0.9617743
1,0.98485386
1,0.93748695
1,0.9120605
1,0.9708255
1,0.99232894
1,0.96978474
1,0.9301056
1,0.9843598
1,0.95327616
1,0.971402
1,0.991812
1,0.98493356
1,0.96692556
1,0.8523374
1,0.94504035
1,0.99393433
1,0.97866297
1,0.98241365
1,0.9776173
1,0.9761553
1,0.9750692
1,0.97399455
1,0.96643776
1,0.81408477
1,0.9743266
1,0.98474324
1,0.9038702
1,0.85502577
1,0.9209855
1,0.9781004
1,0.9946024
1,0.9851173
1,0.94920784
1,0.9689626
1,0.921883
1,0.9973871
1,0.9947294
1,0.98475176
1,0.95499283
1,0.9638676
1,0.8938472
1,0.98759705
1,0.92134714
1,0.96281195
1,0.99467045
1,0.99647456
1,0.9234181
1,0.9829782
1,0.9978229
1,0.99634
1,0.95448405
1,0.922637
1,0.9788753
1,0.96497667
1,0.90505654
1,0.9905664
1,0.99380845
1,0.9982869
1,0.97069335
1,0.986265
1,0.99172264
1,0.9785307
1,0.95455563
1,0.93202055
1,0.9889642
1,0.99555
1,0.99489754
1,0.9594336
1,0.9939546
1,0.9703034
1,0.9899233
1,0.9804628
1,0.9910676
1,0.9899536
1,0.97130156
1,0.9964451
1,0.98646027
1,0.9934324
1,0.95822626
1,0.96438193
1,0.97160316
1,0.9791064
1,0.99217623
1,0.98465294
1,0.9829219
1,0.9782292
1,0.95463234
1,0.9310421
1,0.9790156
1,0.9485335
1,0.9844797
1,0.99040085
1,0.96939516
1,0.99701655
1,0.984516
1,0.9885261
1,0.9859724
1,0.98924506
1,0.9896054
1,0.879386
1,0.9364999
1,0.9731813
1,0.967193
1,0.95274025
1,0.9660253
1,0.71795875
1,0.9794617
1,0.9580667
1,0.8841149
1,0.96637803
1,0.82723814
1,0.9811942
1,0.840408
1,0.9491536
1,0.8974059
1,0.98088557
1,0.98988116
1,0.9642018
1,0.9547439
1,0.95051247
1,0.9944148
1,0.98526067
1,0.9176094
1,0.94288164
1,0.9960596
1,0.9654318
1,0.9591799
1,0.98727465
1,0.9473619
1,0.98841405
1,0.88908213
1,0.97134835
1,0.99710244
1,0.9976162
1,0.9705885
1,0.97158176
1,0.981794
1,0.9662207
1,0.97986925
1,0.95529896
1,0.95291775
1,0.96464986
1,0.967821
1,0.9761111
1,0.93791574
1,0.66601264
1,0.9903036
1,0.99472207
1,0.9303625
1,0.6722346
1,0.9319087
1,0.9806379
1,0.99203086
1,0.98505646
1,0.99421835
1,0.9700301
1,0.97280496
1,0.94136417
1,0.99190116
1,0.98088294
1,0.99608564
1,0.98100245
1,0.9637779
1,0.98607624
1,0.9816976
1,0.9774923
1,0.9957035
1,0.9972161
1,0.9823948
1,0.75946647
1,0.9705266
1,0.9888199
1,0.9672753
1,0.96373403
1,0.9640279
1,0.9859286
1,0.9979221
1,0.9923806
1,0.991338
1,0.96630156
1,0.9333825
1,0.9361069
1,0.97332746
1,0.99158806
1,0.99486333
1,0.9816778
1,0.9964561
1,0.9823251
1,0.9652967
1,0.99581176
1,0.9865711
1,0.9474943
1,0.80828285
1,0.9872241
1,0.99274117
1,0.99313474
1,0.99130535
1,0.9717096
1,0.98620343
1,0.9801121
1,0.92903465
1,0.9852954
1,0.97335577
1,0.97429127
1,0.89171743
1,0.99062693
1,0.9967418
1,0.9874845
1,0.9650193
1,0.994193
1,0.9888654
1,0.9964012
1,0.99346113
1,0.9578735
1,0.9776969
1,0.96674913
1,0.9880804
1,0.93618464
1,0.9485977
1,0.9725092
1,0.99733233
1,0.9872776
1,0.9500043
1,0.9602358
1,0.986411
1,0.9955675
1,0.9904362
1,0.9745857
1,0.9545642
1,0.97907937
1,0.9889769
1,0.9895494
1,0.9957216
1,0.98804164
1,0.96357465
1,0.9054147
1,0.912681
1,0.96182215
1,0.9813472
1,0.91159385
1,0.94512254
1,0.9796681
1,0.9926233
1,0.97798616
1,0.9838997
1,0.97032195
1,0.98529387
1,0.9948731
1,0.98762834
1,0.97334164
1,0.9913352
1,0.9872394
1,0.9880377
1,0.9771484
1,0.979006
1,0.99337643
1,0.9495586
1,0.99603903
1,0.93787885
1,0.9891661
1,0.9793579
1,0.985851
1,0.9742837
1,0.98718435
1,0.98130304
1,0.9972589
1,0.9799201
1,0.99177766
1,0.96832633
1,0.9924587
1,0.9936142
1,0.9975248
1,0.98080647
1,0.95328254
1,0.9715147
1,0.9855536
1,0.9934702
1,0.99193704
1,0.96413356
1,0.9764448
1,0.9896618
1,0.9916741
1,0.98599744
1,0.97068214
1,0.9810131
1,0.9768589
1,0.98774624
1,0.9549378
1,0.9879381
1,0.9782421
1,0.8997003
1,0.9732784
1,0.9842212
1,0.8889832
1,0.9050765
1,0.90771645
1,0.9575187
1,0.9472852
1,0.9726803
1,0.97353154
1,0.95215887
1,0.99162936
1,0.96418786
1,0.984513
1,0.99328905
1,0.9795567
1,0.9969115
1,0.9990333
1,0.993386
1,0.9983852
1,0.9774925
1,0.99424106
1,0.99707496
1,0.8689449
1,0.9670136
1,0.9692991
1,0.95218915
1,0.9970991
1,0.98596704
1,0.97374403
1,0.99140656
1,0.978328
1,0.96141696
1,0.9603965
1,0.8953429
1,0.9852212
1,0.98056453
1,0.9929436
1,0.99589735
1,0.9899553
1,0.98729205
1,0.985494
1,0.98258835
1,0.9742624
1,0.9859038
1,0.9944576
1,0.9932869
1,0.9916472
1,0.9729603
1,0.81767386
1,0.9752364
1,0.9918241
1,0.9917611
1,0.9901159
1,0.9844162
1,0.939724
1,0.9473857
1,0.9731683
1,0.99556535
1,0.98261553
1,0.9847868
1,0.9763704
1,0.9462905
1,0.8868712
1,0.97775376
1,0.96826005
1,0.8731709
1,0.9496575
1,0.96561426
1,0.9574109
1,0.9789483
1,0.98457944
1,0.96132946
1,0.96505
1,0.99791485
1,0.8530813
1,0.9979048
1,0.9846394
1,0.9758126
1,0.9806686
1,0.99705493
1,0.9841999
1,0.9521029
1,0.9874992
1,0.950952
1,0.9491743
1,0.9806253
1,0.9388889
1,0.9940169
1,0.9884242
1,0.9165275
1,0.9816456
1,0.9961527
1,0.98770136
1,0.97447395
1,0.99346113
1,0.9584503
1,0.95737165
1,0.9813545
1,0.9903951
1,0.99325985
1,0.8830372
1,0.9976459
1,0.9796521
1,0.98918325
1,0.9892876
1,0.9552077
1,0.9755908
1,0.9907807
1,0.96200526
1,0.9927926
1,0.9502594
1,0.9670634
1,0.9806028
1,0.900471
1,0.9871071
1,0.9670611
1,0.954754
1,0.9793254
1,0.9678869
1,0.9718285
1,0.9772733
1,0.96321714
1,0.99165875
1,0.997647
1,0.9934869
1,0.9944611
1,0.9756518
1,0.9758972
1,0.9301824
1,0.95041895
1,0.9687055
1,0.9891699
1,0.9619155
1,0.97133154
1,0.97863936
1,0.99026597
1,0.97875786
1,0.99245375
1,0.9899705
1,0.9726848
1,0.98272955
1,0.98898333
1,0.98862946
1,0.9844572
1,0.9769474
1,0.97350174
1,0.9812113
1,0.98063666
1,0.98940814
1,0.9944241
1,0.98308545
1,0.9788016
1,0.9580037
1,0.9765021
1,0.9762148
1,0.991855
1,0.9844919
1,0.9310983
1,0.9635443
1,0.97384316
1,0.99608576
1,0.9916728
1,0.9945512
1,0.97185767
1,0.8862826
1,0.992814
1,0.94203174
1,0.98957705
1,0.8971475
1,0.93780303
1,0.8186412
1,0.8602032
1,0.9462049
1,0.98775506
1,0.9889521
1,0.9545902
1,0.9961134
1,0.9596339
1,0.9820185
1,0.827701
1,0.9916699
1,0.99046695
1,0.92842793
1,0.9924305
1,0.98453635
1,0.9910048
1,0.9729487
1,0.9196249
1,0.928236
1,0.98865485
1,0.99105597
1,0.98796904
1,0.9850826
1,0.9872063
1,0.981601
1,0.9972782
1,0.9799298
1,0.92988354
1,0.9867414
1,0.7980525
1,0.9876758
1,0.9975228
1,0.96649945
1,0.8115082
1,0.9857131
1,0.9923651
1,0.9562105
1,0.87272215
1,0.99139357
1,0.96030194
1,0.99136835
1,0.99055946
1,0.9244086
1,0.94142985
1,0.85537887
1,0.9775999
1,0.9819323
1,0.9930091
1,0.987576
1,0.99583685
1,0.989971
1,0.9619277
1,0.8510309
1,0.9625994
1,0.9663862
1,0.96668845
1,0.98982096
1,0.98126054
1,0.95466024
1,0.93317086
1,0.9882451
1,0.9925337
1,0.9908742
1,0.9673469
0,0.2757596
0,0.14546892
0,0.12805201
0,0.31890205
0,0.22077408
0,0.18660541
0,0.22782274
0,0.301246
0,0.19243355
0,0.34703055
0,0.52219665
0,0.21837695
0,0.31772855
0,0.18236655
0,0.5854807
0,0.42205626
0,0.4636872
0,0.35418794
0,0.3243024
0,0.3959883
0,0.13105956
0,0.31478104
0,0.16045997
0,0.33792722
0,0.2835856
0,0.37467512
0,0.5158758
0,0.51550317
0,0.3044653
0,0.26776358
0,0.45805
0,0.14512987
0,0.16333863
0,0.21781369
0,0.3502596
0,0.25700945
0,0.13979733
0,0.56590265
0,0.19621606
0,0.43717572
0,0.42438895
0,0.30034536
0,0.33991045
0,0.20858248
0,0.2790023
0,0.3442978
0,0.15340114
0,0.17790492
0,0.26307335
0,0.19373061
0,0.18753256
0,0.40846872
0,0.19215201
0,0.8234032
0,0.37252367
0,0.51216125
0,0.26184493
0,0.46832514
0,0.1796914
0,0.15585706
0,0.41010374
0,0.17147152
0,0.2845489
0,0.1499263
0,0.16414088
0,0.57326925
0,0.14162076
0,0.31710312
0,0.40944487
0,0.20305768
0,0.34389395
0,0.19467807
0,0.31380692
0,0.55900764
0,0.29898542
0,0.28032276
0,0.2718775
0,0.21470495
0,0.1732851
0,0.78738207
0,0.2724643
0,0.627845
0,0.22340311
0,0.2030415
0,0.4461174
0,0.4202856
0,0.32066795
0,0.21704903
0,0.4321284
0,0.47323552
0,0.28238794
0,0.47424495
0,0.16836296
0,0.30904788
0,0.21358706
0,0.18373504
0,0.19734547
0,0.41628975
0,0.35449615
0,0.5361024
0,0.1179248
0,0.2289867
0,0.2894662
0,0.47825152
0,0.18671522
0,0.31920615
0,0.26458216
0,0.5717918
0,0.3548031
0,0.46093076
0,0.5082319
0,0.22153984
0,0.321972
0,0.28357425
0,0.5373399
0,0.4861815
0,0.41997352
0,0.45957512
0,0.19703674
0,0.31443378
0,0.3245652
0,0.5333109
0,0.21478134
0,0.3196342
0,0.17320594
0,0.26474166
0,0.2881402
0,0.526562
0,0.19978558
0,0.13143952
0,0.5838954
0,0.30465472
0,0.18730667
0,0.20059611
0,0.28827998
0,0.102318436
0,0.36002046
0,0.29555175
0,0.5258172
0,0.22722882
0,0.2837652
0,0.40348873
0,0.31138414
0,0.34039074
0,0.19345993
0,0.32449856
0,0.19982196
0,0.25539905
0,0.25373557
0,0.51550823
0,0.24450737
0,0.17880903
0,0.22187491
0,0.22571272
0,0.23821501
0,0.444835
0,0.39792404
0,0.1332479
0,0.14234965
0,0.24723814
0,0.31525975
0,0.76044905
0,0.40564254
0,0.33889014
0,0.3040648
0,0.22867522
0,0.24505611
0,0.2019772
0,0.1901249
0,0.2598617
0,0.089087844
0,0.19072576
0,0.27039897
0,0.38004765
0,0.103915386
0,0.1443552
0,0.24965976
0,0.24109033
0,0.39868265
0,0.23881446
0,0.1453989
0,0.31508055
0,0.14272751
0,0.35736996
0,0.2493475
0,0.61200047
0,0.15659475
0,0.32474038
0,0.2393675
0,0.312567
0,0.43655595
0,0.15296204
0,0.31893644
0,0.109023
0,0.5531473
0,0.19122447
0,0.7888215
0,0.476133
0,0.14939289
0,0.31028315
0,0.5570727
0,0.6197165
0,0.36380246
0,0.43372586
0,0.3744038
0,0.18716887
0,0.23112029
0,0.7453984
0,0.13716368
0,0.3293639
0,0.18671471
0,0.13343889
0,0.36534604
0,0.37488583
0,0.5798742
0,0.16916072
0,0.17955755
0,0.09194233
0,0.3465933
0,0.06924623
0,0.689841
0,0.14111587
0,0.19185728
0,0.40890047
0,0.2598143
0,0.161278
0,0.34480298
0,0.09859945
0,0.20442933
0,0.5445873
0,0.2448964
0,0.19707346
0,0.11946709
0,0.19921038
0,0.5271684
0,0.14696325
0,0.3942756
0,0.10898817
0,0.12803666
0,0.22421113
0,0.6401537
0,0.4719259
0,0.27990928
0,0.16882819
0,0.1307141
0,0.20343572
0,0.39893693
0,0.18932836
0,0.14002064
0,0.16505176
0,0.16433063
0,0.13053223
0,0.19515096
0,0.11956116
0,0.16730057
0,0.2215127
0,0.23132934
0,0.35195962
0,0.20094
0,0.19889605
0,0.2569149
0,0.122443296
0,0.25546065
0,0.21912555
0,0.2871915
0,0.3435425
0,0.32229504
0,0.52205503
0,0.22339068
0,0.17100972
0,0.12236003
0,0.14876352
0,0.18593465
0,0.44153067
0,0.17138489
0,0.2743309
0,0.1276698
0,0.59544164
0,0.38591105
0,0.16959445
0,0.32117888
0,0.16266622
0,0.121144876
0,0.24236445
0,0.31508294
0,0.14213699
0,0.09808656
0,0.18587741
0,0.1535516
0,0.17609233
0,0.56122506
0,0.12706856
0,0.13567017
0,0.32534644
0,0.26130787
0,0.42168048
0,0.55981934
0,0.15527768
0,0.23819591
0,0.255574
0,0.53217554
0,0.2842531
0,0.16958743
0,0.12296573
0,0.1462075
0,0.108183
0,0.41749758
0,0.23415598
0,0.23911755
0,0.24333265
0,0.15460387
0,0.22021495
0,0.10899539
0,0.18615256
0,0.18680257
0,0.19304901
0,0.23450595
0,0.5884884
0,0.13827005
0,0.2893368
0,0.22246106
0,0.11058985
0,0.15739325
0,0.4817761
0,0.6275112
0,0.35160023
0,0.13158266
0,0.30949005
0,0.15465131
0,0.27576256
0,0.26083943
0,0.20608853
0,0.17872438
0,0.4008501
0,0.14182432
0,0.3291796
0,0.40626624
0,0.46049806
0,0.16940255
0,0.19984245
0,0.23647913
0,0.1300456
0,0.34238893
0,0.20225362
0,0.17162098
0,0.08177151
0,0.28064704
0,0.35521734
0,0.23942907
0,0.49334356
0,0.38420954
0,0.30605966
0,0.42277387
0,0.32023537
0,0.17326352
0,0.38189727
0,0.45120445
0,0.16591795
0,0.4124208
0,0.30381486
0,0.46541476
0,0.25820002
0,0.15211947
0,0.12482441
0,0.1105603
0,0.61951125
0,0.3375013
0,0.28117007
0,0.47855085
0,0.24628931
0,0.28628448
0,0.2117114
0,0.27817503
0,0.22743902
0,0.115190774
0,0.1678977
0,0.44890246
0,0.3497416
0,0.2770138
0,0.23013715
0,0.34371158
0,0.302161
0,0.12980926
0,0.19671926
0,0.25380513
0,0.12917867
0,0.1912629
0,0.2393112
0,0.16060978
0,0.14697386
0,0.19313505
0,0.13987589
0,0.13597287
0,0.31403545
0,0.21932529
0,0.319637
0,0.23273887
0,0.15123394
0,0.13855584
0,0.41624877
0,0.12723722
0,0.09545796
0,0.16148806
0,0.27571198
0,0.13646165
0,0.19965756
0,0.15211615
0,0.21396983
0,0.10257507
0,0.29811522
0,0.12181031
0,0.12115896
0,0.19050346
0,0.14205608
0,0.14436482
0,0.17469186
0,0.15575495
0,0.1397808
0,0.22812717
0,0.18104231
0,0.13704275
0,0.2168853
0,0.33865857
0,0.09656716
0,0.13434573
0,0.37390494
0,0.33700064
0,0.1967647
0,0.13075992
0,0.14123859
0,0.06559699
0,0.16630302
0,0.15178308
0,0.14582215
0,0.26474264
0,0.1575018
0,0.09556818
0,0.34593984
0,0.16682543
0,0.29407832
0,0.4887881
0,0.15610403
0,0.12522791
0,0.5519381
0,0.13353832
0,0.221261
0,0.81093365
0,0.12328078
0,0.4571978
0,0.5149246
0,0.29394886
0,0.22929156
0,0.29233608
0,0.08111674
0,0.17869957
0,0.5384398
0,0.37655413
0,0.18240178
0,0.18283737
0,0.16638927
0,0.20503716
0,0.23455872
0,0.6589836
0,0.32948264
0,0.1736579
0,0.18036182
0,0.19670907
0,0.5873653
0,0.47879198
0,0.3979417
0,0.16885006
0,0.10847821
0,0.17008696
0,0.52275455
0,0.24831502
0,0.20018668
0,0.25361794
0,0.33942616
0,0.24055856
0,0.2595069
0,0.39501077
0,0.19147842
0,0.19135803
0,0.17982075
0,0.20873901
0,0.25321454
0,0.1579533
0,0.17708063
0,0.2632968
0,0.23626311
0,0.34818435
0,0.24821948
0,0.12354716
0,0.10823279
0,0.20825331
0,0.3378754
0,0.5326578
0,0.30066457
0,0.5779817
0,0.1843512
0,0.21149246
0,0.303089
0,0.26395833
0,0.14067292
0,0.1058959
0,0.2674867
0,0.29501677
0,0.19493666
0,0.12343295
0,0.08484841
0,0.097500965
0,0.4331916
0,0.24940383
0,0.16448243
0,0.17759088
0,0.20310794
0,0.35612085
0,0.31774357
0,0.25171748
0,0.19419257
0,0.17184395
0,0.20134841
0,0.22789231
0,0.20649111
0,0.24961305
0,0.14659806
0,0.38094324
0,0.1805921
0,0.6296515
0,0.530262
0,0.33432466
0,0.24571945
0,0.1973948
0,0.26848793
0,0.46110356
0,0.36682045
0,0.17095968
0,0.09093227
0,0.16901532
0,0.19035321
0,0.35198358
0,0.27785245
0,0.116292626
0,0.14283793
0,0.2140183
0,0.521302
0,0.61430645
0,0.36465406
0,0.31414726
0,0.14822988
0,0.5770939
0,0.26593542
0,0.2291497
0,0.44320288
0,0.22163983
0,0.14576265
0,0.21802068
0,0.45787427
0,0.4175348
0,0.16869906
0,0.16286165
0,0.15776086
0,0.39578268
0,0.38958168
0,0.2436181
0,0.13016047
0,0.16972408
0,0.20080693
0,0.3392487
0,0.3525762
0,0.18126735
0,0.10202218
0,0.28090882
0,0.29023808
0,0.5696928
0,0.3112363
0,0.23978232
0,0.25258556
0,0.29848543
0,0.36472443
0,0.34927538
0,0.14625995
0,0.12833598
0,0.41228455
0,0.4246187
0,0.31994417
0,0.19504759
0,0.22256404
0,0.15966985
0,0.29219204
0,0.16374035
0,0.37652135
0,0.15146156
0,0.2372706
0,0.69100416
0,0.16913192
0,0.37964705
0,0.21995737
0,0.15489562
0,0.17943004
0,0.18974012
0,0.47134182
0,0.23179051
0,0.114645205
0,0.15737998
0,0.17679933
0,0.50791276
0,0.791346
0,0.2767192
0,0.16806456
0,0.3046272
0,0.3830427
0,0.42737052
0,0.44884697
0,0.19905688
0,0.12205324
0,0.13129795
0,0.3406771
0,0.32516736
0,0.3480424
0,0.12177203
0,0.1730134
0,0.33884954
0,0.4045018
0,0.4326138
0,0.27392837
0,0.15778956
0,0.3230725
0,0.25285658
0,0.36455807
0,0.3811028
0,0.12846194
0,0.28823844
0,0.47979495
0,0.28258494
0,0.28717542
0,0.21331823
0,0.15552974
0,0.4034171
0,0.2819205
0,0.55604935
0,0.43633887
0,0.30580765
0,0.17231376
0,0.15392885
0,0.17081805
0,0.39032793
0,0.5220028
0,0.31243834
0,0.13521038
0,0.18034714
0,0.3226788
0,0.3862972
0,0.38846976
0,0.22861554
0,0.14030544
0,0.11194565
0,0.5075218
0,0.3417841
0,0.31146482
0,0.118489645
0,0.090266794
0,0.6973776
0,0.35989442
0,0.14335147
0,0.3208955
0,0.15227437
0,0.23581944
0,0.33051836
0,0.27766547
0,0.31516218
0,0.42384312
0,0.41287023
0,0.17423451
0,0.26038346
0,0.1812718
0,0.11696552
0,0.17151873
0,0.12207726
0,0.22502515
0,0.29135063
0,0.34155226
0,0.10417752
0,0.1660044
0,0.4127597
0,0.32284173
0,0.3539928
0,0.1730813
0,0.13840583
0,0.116595864
0,0.3313551
0,0.47490478
0,0.13262038
0,0.16082828
0,0.15034431
0,0.41805348
0,0.24394614
0,0.1267997
0,0.07246106
0,0.2960191
0,0.27606013
0,0.14449175
0,0.19597547
0,0.11608218
0,0.23854263
0,0.4574228
0,0.38684976
0,0.46828127
0,0.22293293
0,0.14458548
0,0.69650483
0,0.2716055
0,0.49727213
0,0.34580836
0,0.16711864
0,0.17237985
0,0.5606137
0,0.24678935
0,0.22074287
0,0.25003868
0,0.15773843
0,0.20295352
0,0.51563776
0,0.37871915
0,0.23599021
0,0.1708298
0,0.32610285
0,0.13514157
0,0.18173568
0,0.19187334
0,0.15338218
0,0.091355525
0,0.119995944
0,0.40913805
0,0.4027023
0,0.21787553
0,0.19307539
0,0.107965864
0,0.38530064
0,0.22407763
0,0.22634952
0,0.3001757
0,0.33394626
0,0.43451747
0,0.22519763
0,0.20928031
0,0.20579007
0,0.31133628
0,0.35771707
0,0.23211654
0,0.3086602
0,0.19286177
0,0.149373
0,0.15184398
0,0.3405737
0,0.34694493
0,0.34744576
0,0.10918721
0,0.14137954
0,0.2668074
0,0.14961396
0,0.17102756
0,0.25618064
0,0.2098729
0,0.15735723
0,0.18819207
0,0.27560705
0,0.16626976
0,0.092087686
0,0.12502748
0,0.62007916
0,0.20549251
0,0.18744814
0,0.319154
0,0.2454409
0,0.10012394
0,0.2770838
0,0.24733402
0,0.4121268
0,0.1799807
0,0.2611731
0,0.1801765
0,0.23234926
0,0.43240333
0,0.27155322
0,0.17367105
0,0.15999295
0,0.15043487
0,0.26142532
0,0.3113069
0,0.1535493
0,0.14035371
0,0.39226812
0,0.15869598
0,0.4532752
0,0.20817284
0,0.374634
0,0.1654265
0,0.1368121
0,0.38008055
0,0.6141986
0,0.39706704
0,0.19895962
0,0.23706388
0,0.17570662
0,0.4430446
0,0.45561796
0,0.3357171
0,0.27574012
0,0.10997374
0,0.25999647
0,0.27998227
0,0.42947382
0,0.17227867
0,0.12225876
0,0.26147082
0,0.08986382
0,0.17850709
0,0.48177546
0,0.25539702
0,0.18966444
0,0.10559689
0,0.1368447
0,0.31643847
0,0.32663268
0,0.11478662
0,0.24321139
0,0.19251978
0,0.2755483
0,0.22857158
0,0.19839533
0,0.094046295
0,0.12499374
0,0.082567126
0,0.40068975
0,0.20949152
0,0.23020266
0,0.13810754
0,0.21694085
0,0.30683467
0,0.27382442
0,0.17941402
0,0.22760954
0,0.19778085
0,0.11586985
0,0.22538878
0,0.15702939
0,0.11562195
0,0.11889336
0,0.3880404
0,0.22872856
0,0.20314644
0,0.18797204
0,0.1290188
0,0.19246735
0,0.28976968
0,0.36864337
0,0.3961343
0,0.2864231
0,0.21440685
0,0.13815863
0,0.30632293
0,0.17995925
0,0.20362063
0,0.42799768
0,0.19411413
0,0.2088533
0,0.3387416
0,0.20043279
0,0.1300004
0,0.19006857
0,0.14660957
0,0.37203237
0,0.4178542
0,0.236132
0,0.16385119
0,0.16024242
0,0.18326366
0,0.1992369
0,0.28428212
0,0.16153651
0,0.2799602
0,0.17890066
0,0.11627535
0,0.28673807
0,0.10273261
0,0.16288589
0,0.11324356
0,0.46718255
0,0.31426966
0,0.20167953
0,0.18597518
0,0.078211874
0,0.11771738
0,0.2526999
0,0.24183199
0,0.12563129
0,0.1275899
0,0.13398841
0,0.26664183
0,0.14858696
0,0.17260413
0,0.07301005
0,0.53069687
0,0.18851535
0,0.29498044
0,0.33940226
0,0.14581
0,0.075756624
0,0.16819878
0,0.21233918
0,0.23431061
0,0.32811826
0,0.17781891
0,0.25069645
0,0.14419603
0,0.2117925
0,0.16938582
0,0.11906534
0,0.28219497
0,0.1555203
0,0.33702627
0,0.24882738
0,0.21040133
0,0.18875879
0,0.16505487
0,0.18190438
0,0.38885057
0,0.23518711
0,0.12657261
0,0.19024871
0,0.14237006
0,0.17043146
0,0.47576195
0,0.2467619
0,0.18395154
0,0.21906537
0,0.14219527
0,0.19976656
0,0.124273196
0,0.14874423
0,0.124084525
0,0.16011834
0,0.37759995
0,0.2807921
0,0.2489618
0,0.18297745
0,0.095369965
0,0.41846666
0,0.5739237
0,0.28407407
0,0.1922397
0,0.15596308
0,0.104586385
0,0.14825115
0,0.18782637
0,0.15919094
0,0.11086007
0,0.16507386
0,0.17441306
0,0.3941591
0,0.19069211
0,0.3072985
0,0.07817014
0,0.25988877
0,0.36128327
0,0.13958213
0,0.15703335
0,0.09102266
0,0.16243775
0,0.34281138
0,0.27770695
0,0.25097814
0,0.32417974
0,0.15186556
0,0.20869368
0,0.9097014
0,0.22952998
0,0.5283371
0,0.3210545
0,0.09641079
0,0.089034066
0,0.1482413
0,0.35632956
0,0.18904033
0,0.12300468
0,0.14370911
0,0.1602983
0,0.25333732
0,0.59087044
0,0.3470849
0,0.16748372
0,0.23967175
0,0.6206966
0,0.2512256
0,0.1446386
0,0.14789554
0,0.18888474
0,0.2549894
0,0.253543
0,0.22169282
0,0.11193299
0,0.08791372
0,0.35516945
0,0.20042221
0,0.17001954
0,0.12404248
0,0.27631438
0,0.21188284
0,0.119178616
0,0.32895896
0,0.17903502
0,0.15943307
0,0.14211833
0,0.32751125
0,0.2866236
0,0.30275917
0,0.20400232
0,0.12695451
0,0.13293068
0,0.14280115
0,0.12384358
0,0.2881086
0,0.23414557
0,0.08272268
0,0.15732698
0,0.17533918
0,0.26597926
0,0.2658671
0,0.24345946
0,0.45630884
0,0.16670488
0,0.20461708
0,0.26892707
0,0.34805363
0,0.34189782
0,0.2581298
0,0.3689828
0,0.32088512
0,0.3133765
0,0.22297062
0,0.16305828
0,0.2742266
0,0.32651192
0,0.29895383
0,0.28858623
0,0.44992778
0,0.27188888
0,0.15354797
0,0.59464055
0,0.35228366
0,0.45321673
0,0.53940433
0,0.30561417
0,0.15774578
0,0.23734635
0,0.48479444
0,0.3071398
0,0.46270594
0,0.27972502
0,0.17391342
0,0.24543336
0,0.4001141
0,0.27051204
0,0.3320255
0,0.30253875
0,0.3746939
0,0.32451728
0,0.28431055
0,0.37038198
0,0.37460804
0,0.19393283
0,0.46556252
0,0.36706686
0,0.3552031
0,0.28839374
0,0.21638796
0,0.45320055
0,0.23244059
0,0.36410668
0,0.39642522
0,0.18134642
0,0.46255374
0,0.4374213
0,0.21061243
0,0.6007361
0,0.23462895
0,0.17599003
0,0.2377379
0,0.24700586
0,0.30350533
0,0.36216816
0,0.3976053
0,0.29622737
0,0.22977763
0,0.18257117
0,0.52356756
0,0.20382904
0,0.23683354
0,0.2684785
0,0.28743762
0,0.5962869
0,0.32595485
0,0.19886646
0,0.3633346
0,0.28478098
0,0.55870104
0,0.3351618
0,0.42204437
0,0.3600578
0,0.25027168
0,0.4461176
0,0.45312703
0,0.29439214
0,0.49540082
0,0.36334944
0,0.25987834
0,0.17885064
0,0.26000056
0,0.33012944
0,0.18873547
0,0.21140021
0,0.15428531
0,0.31783336
0,0.31361443
0,0.31786072
0,0.3759953
0,0.8690862
0,0.3510893
0,0.1114754
0,0.45163545
0,0.18691508
0,0.33097136
0,0.3205964
0,0.65680027
0,0.2329997
0,0.19601893
0,0.6191985
0,0.4540594
0,0.33961642
0,0.47239134
0,0.26705632
0,0.25166848
0,0.5889595
0,0.25074115
0,0.21444675
0,0.20005587
0,0.25045633
0,0.16017762
0,0.9127084
0,0.2052234
0,0.465631
0,0.4302725
0,0.28361177
0,0.30983895
0,0.33453318
0,0.15687403
0,0.46797693
0,0.2547659
0,0.16191536
0,0.3127846
0,0.32561153
0,0.30893517
0,0.37411323
0,0.4494863
0,0.15591861
0,0.19791648
0,0.25665253
0,0.36902103
0,0.346745
0,0.38228667
0,0.37310594
0,0.55365443
0,0.12913553
0,0.3925231
0,0.30829254
0,0.1416771
0,0.2581816
0,0.27901882
0,0.44073677
0,0.3134337
0,0.2957448
0,0.17933583
0,0.54663426
0,0.27654496
0,0.34068877
0,0.22845067
0,0.2593221
0,0.27683538
0,0.29854205
0,0.43957093
0,0.6622322
0,0.32899663
0,0.41352892
0,0.41434953
0,0.27642304
0,0.46381736
0,0.25878155
0,0.16303954
0,0.24010575
0,0.4907757
0,0.3143628
0,0.31708863
0,0.2644227
0,0.17655532
0,0.28010815
0,0.20118733
0,0.20798144
0,0.30122915
0,0.22440545
0,0.5533107
0,0.23732516
0,0.30723283
0,0.43174994
0,0.20964417
0,0.9230272
0,0.93897444
0,0.43476778
0,0.16257943
0,0.2784927
0,0.20423767
0,0.25908226
0,0.34656447
0,0.2761275
0,0.18381025
0,0.25182983
0,0.13732107
0,0.17727572
0,0.25350398
0,0.15847652
0,0.5202933
0,0.2523672
0,0.107960716
0,0.17604792
0,0.34669188
0,0.59787303
0,0.2094505
0,0.39610803
0,0.84813094
0,0.33528605
0,0.32626873
0,0.77322197
0,0.36559474
0,0.67650867
0,0.18312936
0,0.21661624
0,0.31536442
0,0.41153002
0,0.68116313
0,0.23837878
0,0.3354009
0,0.17068367
0,0.20985332
0,0.22853675
0,0.2482139
0,0.22427864
0,0.7392603
0,0.55950516
0,0.39541304
0,0.3602699
0,0.5748114
0,0.63538677
0,0.29918283
0,0.22655259
0,0.28200638
0,0.2377024
0,0.34477827
0,0.1851805
0,0.2782114
0,0.40419728
0,0.3579213
0,0.42961574
0,0.21168768
0,0.12897822
0,0.5989083
0,0.16236266
0,0.4300393
0,0.3285756
0,0.21318057
0,0.12523417
0,0.30219573
0,0.17136225
1,0.95345026
1,0.9755279
1,0.87740815
1,0.9905682
1,0.9948454
1,0.9947683
1,0.9800208
1,0.9966797
1,0.99714917
1,0.9981035
1,0.99652785
1,0.9945973
1,0.9916733
1,0.9950448
1,0.98340076
1,0.99118865
1,0.99060506
1,0.99788827
1,0.9932133
1,0.9928671
1,0.99180835
1,0.99615836
1,0.9862834
1,0.9935295
1,0.99775404
1,0.99699163
1,0.98296726
1,0.9528452
1,0.9814105
1,0.996833
1,0.98569053
1,0.98867154
1,0.9973869
1,0.9983479
1,0.7154324
1,0.9857189
1,0.99752647
1,0.98795253
1,0.99485266
1,0.99355984
1,0.9974593
1,0.9901215
1,0.9943632
1,0.98569155
1,0.99898714
1,0.9982017
1,0.99039584
1,0.98974884
1,0.9868112
1,0.9970456
1,0.9977706
1,0.994021
1,0.98726344
1,0.99073046
1,0.99773765
1,0.9880102
1,0.9893083
1,0.9818864
1,0.9935956
1,0.9973393
1,0.9923745
1,0.9935788
1,0.99586535
1,0.99451125
1,0.99691856
1,0.9916795
1,0.9812873
1,0.9878608
1,0.9936173
1,0.9930179
1,0.9968344
1,0.9890171
1,0.99022
1,0.99353963
1,0.9981192
1,0.995572
1,0.9954181
1,0.99088424
1,0.99208283
1,0.9981365
1,0.99232215
1,0.9880165
1,0.99574465
1,0.9968856
1,0.99627656
1,0.9842605
1,0.98960227
1,0.9695405
1,0.9960278
1,0.9885669
1,0.98942566
1,0.981738
1,0.9962329
1,0.9975057
1,0.9836147
1,0.9798788
1,0.9935004
1,0.9987698
1,0.99451137
1,0.9709423
1,0.9879325
1,0.99576896
1,0.99320674
1,0.993736
1,0.9945466
1,0.9834929
1,0.98102367
1,0.99695146
1,0.99723226
1,0.9930362
1,0.9890554
1,0.9950186
1,0.9980597
1,0.9967732
1,0.9903259
1,0.98904586
1,0.9906596
1,0.99635786
1,0.98635036
1,0.98051125
1,0.9924143
1,0.99333197
1,0.9973116
1,0.99658835
1,0.99465567
1,0.99290556
1,0.99594396
1,0.99672675
1,0.98322594
1,0.97875607
1,0.9929979
1,0.99799985
1,0.8704044
1,0.9785478
1,0.98782754
1,0.98669493
1,0.99728143
1,0.996921
1,0.9938531
1,0.9945702
1,0.9845942
1,0.99590105
1,0.98939675
1,0.99457705
1,0.9865118
1,0.998727
1,0.9904701
1,0.98222935
1,0.99275464
1,0.9982779
1,0.99838305
1,0.9952056
1,0.9854192
1,0.993672
1,0.98161054
1,0.9965316
1,0.99692446
1,0.99224585
1,0.9794783
1,0.99069035
1,0.99605453
1,0.9850545
1,0.97968423
1,0.99071354
1,0.99777967
1,0.918163
1,0.9932689
1,0.9896708
1,0.9970579
1,0.99425346
1,0.96957636
1,0.99710184
1,0.9934262
1,0.990303
1,0.99109906
1,0.99906296
1,0.99509436
1,0.9891545
1,0.99515766
1,0.99326587
1,0.9947429
1,0.99110657
1,0.98747134
1,0.9593898
1,0.9951071
1,0.9967572
1,0.99228233
1,0.9895055
1,0.9931404
1,0.99794203
1,0.99652797
1,0.9924338
1,0.9969342
1,0.9983076
1,0.9943843
1,0.9918196
1,0.9844081
1,0.9976326
1,0.765305
1,0.99087256
1,0.9955226
1,0.99137807
1,0.99095273
1,0.9853903
1,0.9977763
1,0.9941938
1,0.99289554
1,0.99386615
1,0.9984213
1,0.99415976
1,0.9911615
1,0.97841495
1,0.99660385
1,0.9935498
1,0.9942703
1,0.9915178
1,0.9867388
1,0.9887454
1,0.9857269
1,0.9943837
1,0.99669063
1,0.99425346
1,0.9881479
1,0.98846674
1,0.9922948
1,0.993178
1,0.99250895
1,0.9727422
1,0.9960305
1,0.9910622
1,0.99037516
1,0.9941076
1,0.975371
1,0.9952057
1,0.9940165
1,0.99501306
1,0.9954738
1,0.9932006
1,0.98619366
1,0.97481924
1,0.9979875
1,0.9985434
1,0.9822619
1,0.9516625
1,0.9920878
1,0.9939328
1,0.99440134
1,0.9984125
1,0.9975998
1,0.99298495
1,0.97722864
1,0.9951242
1,0.9954132
1,0.9871978
1,0.9801558
1,0.99454635
1,0.9982673
1,0.99397045
1,0.99609625
1,0.99365574
1,0.9892743
1,0.988574
1,0.99237037
1,0.9791814
1,0.9704854
1,0.9893461
1,0.9971034
1,0.99858546
1,0.9934203
1,0.9910848
1,0.9915801
1,0.9925376
1,0.9959027
1,0.99295056
1,0.9913762
1,0.9892944
1,0.9966622
1,0.9953056
1,0.98076046
1,0.9836
1,0.99490225
1,0.9960771
1,0.99067444
1,0.98886675
1,0.9972422
1,0.99655944
1,0.9577613
1,0.9898992
1,0.99365526
1,0.99833596
1,0.99422055
1,0.995186
1,0.9635942
1,0.9896359
1,0.98794705
1,0.96196973
1,0.98430055
1,0.88307494
1,0.9969062
1,0.9965405
1,0.9920071
1,0.9917754
1,0.98443204
1,0.9952176
1,0.98927015
1,0.98584217
1,0.99452466
1,0.9954228
1,0.98943067
1,0.99375945
1,0.9918178
1,0.98216635
1,0.99180907
1,0.9870267
1,0.9697239
1,0.99026346
1,0.9985972
1,0.9956249
1,0.98701847
1,0.99039656
1,0.99622685
1,0.9943978
1,0.9849052
1,0.98447233
1,0.98802584
1,0.9977696
1,0.99026173
1,0.98677105
1,0.99239904
1,0.9867737
1,0.6870051
1,0.9957366
1,0.9975198
1,0.99632436
1,0.9926577
1,0.99092525
1,0.995625
1,0.9973387
1,0.9911787
1,0.98190033
1,0.9973074
1,0.9973858
1,0.9920318
1,0.98943126
1,0.98643655
1,0.995395
1,0.9949031
1,0.98003346
1,0.97651005
1,0.9977035
1,0.99566096
1,0.9878493
1,0.994335
1,0.9896421
1,0.9965244
1,0.9961575
1,0.9933281
1,0.984405
1,0.99863464
1,0.9884497
1,0.9901985
1,0.9896875
1,0.9951313
1,0.84109104
1,0.9910731
1,0.99262077
1,0.98788214
1,0.98473746
1,0.9965316
1,0.99556834
1,0.98517907
1,0.9891284
1,0.9895954
1,0.99656844
1,0.9830774
1,0.9826656
1,0.9912766
1,0.9978531
1,0.98443097
1,0.9955329
1,0.988813
1,0.9974758
1,0.99184966
1,0.9832416
1,0.9842387
1,0.99725527
1,0.9955266
1,0.9826231
1,0.9899829
1,0.99699885
1,0.9984894
1,0.9878698
1,0.9773021
1,0.9945914
1,0.9979886
1,0.97864646
1,0.9914417
1,0.9904826
1,0.994125
1,0.99114066
1,0.9971322
1,0.98792386
1,0.9882558
1,0.97100157
1,0.98899114
1,0.99649197
1,0.9901637
1,0.9800183
1,0.99003965
1,0.99613446
1,0.9978048
1,0.99488324
1,0.9940566
1,0.99259245
1,0.9889836
1,0.9932876
1,0.99693096
1,0.9713915
1,0.9885548
1,0.99243635
1,0.9964265
1,0.9897084
1,0.9788992
1,0.99052024
1,0.99099135
1,0.9970163
1,0.9965676
1,0.9895824
1,0.99368423
1,0.9913607
1,0.995301
1,0.9953725
1,0.9961532
1,0.994853
1,0.9841107
1,0.9901564
1,0.9958443
1,0.99457777
1,0.9788102
1,0.9821951
1,0.9905916
1,0.99534917
1,0.9890197
1,0.9869055
1,0.98889905
1,0.99595886
1,0.97067666
1,0.95714694
1,0.98828363
1,0.9982662
1,0.99301165
1,0.9953807
1,0.9936834
1,0.9898415
1,0.99008113
1,0.98086244
1,0.991956
1,0.9969451
1,0.9988545
1,0.9914569
1,0.98629373
1,0.9879935
1,0.92457736
1,0.9956488
1,0.9791444
1,0.9913605
1,0.98172736
1,0.9815399
1,0.9950886
1,0.98342776
1,0.9806904
1,0.99163777
1,0.9881747
1,0.99798965
1,0.99737036
1,0.9927025
1,0.98648155
1,0.9879925
1,0.9940824
1,0.9956262
1,0.9837704
1,0.98631227
1,0.9911341
1,0.994215
1,0.9945003
1,0.99010164
1,0.9931426
1,0.99110204
1,0.9930743
1,0.98311555
1,0.9853888
1,0.98617315
1,0.99529463
1,0.96582216
1,0.98759264
1,0.89516515
1,0.991467
1,0.98895615
1,0.9842339
1,0.9729969
1,0.9978878
1,0.99758005
1,0.9908887
1,0.98803
1,0.994757
1,0.9969306
1,0.99039686
1,0.9861674
1,0.99167895
1,0.9973205
1,0.9927418
1,0.9687876
1,0.9729307
1,0.9936394
1,0.9938356
1,0.9944418
1,0.985007
1,0.9913407
1,0.9966949
1,0.983241
1,0.99081427
1,0.9910659
1,0.9912487
1,0.9883712
1,0.9862412
1,0.9963858
1,0.9917203
1,0.9834148
1,0.971825
1,0.8329425
1,0.9746952
1,0.99289614
1,0.9906054
1,0.9939713
1,0.9848274
1,0.99030674
1,0.9942022
1,0.9920792
1,0.9926036
1,0.9786518
1,0.9976023
1,0.9928221
1,0.96584076
1,0.98889625
1,0.9975448
1,0.9859148
1,0.9923245
1,0.98558766
1,0.98975664
1,0.986694
1,0.9954512
1,0.9931097
1,0.98840916
1,0.99579877
1,0.9850775
1,0.9836669
1,0.99173003
1,0.99606496
1,0.9891807
1,0.99422187
1,0.9760643
1,0.9983253
1,0.98826444
1,0.9894607
1,0.9948418
1,0.9893384
1,0.9911318
1,0.98820204
1,0.9766193
1,0.9982786
1,0.9830909
1,0.985628
1,0.9964766
1,0.9900121
1,0.9877389
1,0.9851193
1,0.9929014
1,0.98771924
1,0.9814514
1,0.9865779
1,0.994463
1,0.99511516
1,0.9822678
1,0.99362445
1,0.9947148
1,0.99808735
1,0.9947188
1,0.9896595
1,0.9746823
1,0.99226356
1,0.99789464
1,0.9954548
1,0.9808847
1,0.98160505
1,0.9954342
1,0.90740204
1,0.98585296
1,0.9837772
1,0.9887961
1,0.9918757
1,0.99515635
1,0.99096036
1,0.96089923
1,0.9874692
1,0.995768
1,0.9945433
1,0.9851038
1,0.9707582
1,0.98602986
1,0.9968862
1,0.9968953
1,0.99195135
1,0.99496996
1,0.9809669
1,0.9924655
1,0.9956462
1,0.99069726
1,0.9750845
1,0.9896227
1,0.9962124
1,0.99138725
1,0.97677386
1,0.9936015
1,0.98438317
1,0.9962516
1,0.9898246
1,0.9861912
1,0.9462029
1,0.96120113
1,0.9789155
1,0.98236364
1,0.97248286
1,0.9961812
1,0.9973755
1,0.9892225
1,0.97895765
1,0.9961171
1,0.9881356
1,0.98641694
1,0.9882079
1,0.9917327
1,0.9963027
1,0.9940964
1,0.9829554
1,0.9903296
1,0.99490446
1,0.98583066
1,0.9746454
1,0.9724448
1,0.99545395
1,0.9921467
1,0.9933929
1,0.98973876
1,0.99603975
1,0.99196154
1,0.9896937
1,0.99359846
1,0.99214536
1,0.99739885
1,0.98442185
1,0.87934536
1,0.8864904
1,0.97867703
1,0.99360245
1,0.9913194
1,0.9854278
1,0.9737791
1,0.9978683
1,0.99698466
1,0.9791408
1,0.9841374
1,0.98855025
1,0.9871421
1,0.9890127
1,0.9940898
1,0.9867894
1,0.9803374
1,0.9934242
1,0.99025834
1,0.9711302
1,0.99391854
1,0.9907575
1,0.99591804
1,0.9941487
1,0.9848385
1,0.9791002
1,0.99564004
1,0.9699047
1,0.98659533
1,0.99157226
1,0.9967877
1,0.98146296
1,0.9737492
1,0.9818808
1,0.82565325
1,0.9874802
1,0.99688977
1,0.9706485
1,0.9957087
1,0.98596716
1,0.9964724
1,0.9883789
1,0.98673636
1,0.98796564
1,0.9909725
1,0.9878372
1,0.9705192
1,0.9911914
1,0.99641335
1,0.99653625
1,0.989441
1,0.98493004
1,0.9971017
1,0.99103737
1,0.9894992
1,0.9890892
1,0.9743862
1,0.9959901
1,0.9895779
1,0.9916917
1,0.99302506
1,0.9966275
1,0.99176675
1,0.986036
1,0.9907839
1,0.9920106
1,0.9983619
1,0.74551237
1,0.97927684
1,0.9832418
1,0.9847268
1,0.9939463
1,0.9938664
1,0.9934236
1,0.9831388
1,0.9972155
1,0.9834771
1,0.9726768
1,0.97726256
1,0.9949563
1,0.9948807
1,0.9890197
1,0.98916525
1,0.99807274
1,0.9864384
1,0.9719466
1,0.97703016
1,0.9954063
1,0.9960887
1,0.98931086
1,0.9814702
1,0.9920373
1,0.9939812
1,0.9737892
1,0.96868515
1,0.99428517
1,0.9922099
1,0.9768598
1,0.98555964
1,0.99009377
1,0.9961587
1,0.97147477
1,0.99254405
1,0.9931225
1,0.984713
1,0.99827635
1,0.995198
1,0.98828423
1,0.98988324
1,0.99392855
1,0.9932417
1,0.98852044
1,0.9663213
1,0.99799925
1,0.9914586
1,0.9922092
1,0.9940892
1,0.993978
1,0.99690574
1,0.9903387
1,0.97468376
1,0.98048294
1,0.99755895
1,0.9932098
1,0.9890464
1,0.9892865
1,0.9963341
1,0.98762786
1,0.9689287
1,0.9906951
1,0.9900128
1,0.99644524
1,0.86447716
0,0.31829655
0,0.7759192
0,0.2794626
0,0.11096617
0,0.31038254
0,0.10945655
0,0.1371471
0,0.1341267
0,0.17415802
0,0.19792655
0,0.21080728
0,0.23750746
0,0.14712147
0,0.12987524
0,0.1178166
0,0.13137764
0,0.1644659
0,0.274364
0,0.1710398
0,0.17341965
0,0.34333912
0,0.14671192
0,0.14571875
0,0.501549
0,0.47289816
0,0.41150287
0,0.2492181
0,0.17411163
0,0.17951983
0,0.25572035
0,0.18096311
0,0.20002098
0,0.120305225
0,0.22988431
0,0.14952092
0,0.20705833
0,0.23673585
0,0.13468042
0,0.12545979
0,0.19438648
0,0.3064179
0,0.15455794
0,0.1406276
0,0.22231518
0,0.22748251
0,0.67853487
0,0.28889683
0,0.2857388
0,0.18356182
0,0.12437558
0,0.1700772
0,0.19386803
0,0.25290143
0,0.11188587
0,0.20579441
0,0.36412108
0,0.22566167
0,0.2887535
0,0.18970673
0,0.10814494
0,0.10808879
0,0.07121614
0,0.37974626
0,0.2319617
0,0.28182706
0,0.2838001
0,0.08050681
0,0.17199351
0,0.54704344
0,0.12581366
0,0.13594478
0,0.33480614
0,0.15449381
0,0.14874932
0,0.19754614
0,0.18607885
0,0.16579862
0,0.2069387
0,0.16185299
0,0.2041635
0,0.08592341
0,0.15231436
0,0.24922445
0,0.13086443
0,0.35168037
0,0.24243087
0,0.19580545
0,0.119618714
0,0.12982054
0,0.09490751
0,0.84169155
0,0.59432864
0,0.1631656
0,0.286471
0,0.100106545
0,0.08798433
0,0.17277178
0,0.20738061
0,0.30780256
0,0.20382665
0,0.14880304
0,0.19603212
0,0.20239139
0,0.09390349
0,0.28831276
0,0.15989599
0,0.15431005
0,0.20261152
0,0.114116564
0,0.29756775
0,0.13033032
0,0.11184462
0,0.17202656
0,0.8833829
0,0.16550723
0,0.20337874
0,0.31342244
0,0.2901754
0,0.12019558
0,0.28600398
0,0.16564053
0,0.14261027
0,0.14261837
0,0.11919795
0,0.26409543
0,0.18775931
0,0.14161973
0,0.18574396
0,0.15066275
0,0.23755528
0,0.25932345
0,0.2337677
0,0.115378655
0,0.119300544
0,0.14530694
0,0.44813335
0,0.39161992
0,0.090493105
0,0.23758458
0,0.21238337
0,0.16206919
0,0.55137765
0,0.38975158
0,0.46672204
0,0.18642546
0,0.387505
0,0.26013464
0,0.3123102
0,0.31776777
0,0.16359323
0,0.11054671
0,0.20031501
0,0.33364722
0,0.1945371
0,0.14421016
0,0.16380273
0,0.29945585
0,0.25380954
0,0.703244
0,0.31945688
0,0.17729022
0,0.16976352
0,0.17511351
0,0.19451402
0,0.6110745
0,0.23385338
0,0.11300284
0,0.103186496
0,0.2002114
0,0.34952724
0,0.49039227
0,0.16202894
0,0.19736108
0,0.2572452
0,0.38744983
0,0.4978663
0,0.41229567
0,0.117263384
0,0.33758718
0,0.35100567
0,0.7196884
0,0.33557677
0,0.2679373
0,0.18280935
0,0.25178266
0,0.33479765
0,0.5073829
0,0.51889336
0,0.22895774
0,0.17669395
0,0.20875023
0,0.45036605
0,0.29974064
0,0.5974473
0,0.23566394
0,0.15122052
0,0.17339161
0,0.5036536
0,0.36309642
0,0.20244399
0,0.18442588
0,0.116121374
0,0.7958984
0,0.85348874
0,0.41884494
0,0.20349063
0,0.3763405
0,0.20141424
0,0.3263611
0,0.36664987
0,0.11604722
0,0.12201455
0,0.22590967
0,0.20746662
0,0.30504796
0,0.24102259
0,0.1019398
0,0.13329874
0,0.10077135
0,0.18996458
0,0.35257208
0,0.3561702
0,0.20866284
0,0.268191
0,0.35705295
0,0.71674657
0,0.75254846
0,0.59570795
0,0.14448711
0,0.55231154
0,0.11099174
0,0.26129505
0,0.52073675
0,0.3575035
0,0.21804087
0,0.11822673
0,0.22211143
0,0.20425804
0,0.31446868
0,0.15989631
0,0.14394696
0,0.10257964
0,0.2809678
0,0.30791372
0,0.25548947
0,0.14484552
0,0.17927681
0,0.6292137
0,0.29638594
0,0.20467567
0,0.07294339
0,0.15837386
0,0.09233118
0,0.31231874
0,0.38814217
0,0.12608697
0,0.16590723
0,0.1771905
0,0.21685706
0,0.31104112
0,0.19658463
0,0.218757
0,0.30469143
0,0.17962633
0,0.2749673
0,0.21078353
0,0.13172194
0,0.37902483
0,0.1816805
0,0.7206212
0,0.33021244
0,0.2511288
0,0.16846839
0,0.10031645
0,0.26828614
0,0.3669996
0,0.52624303
0,0.14664146
0,0.16875044
0,0.16249184
0,0.36369336
0,0.30572507
0,0.11757859
0,0.2032584
0,0.11439691
0,0.23821694
0,0.23194417
0,0.1923987
0,0.20177305
0,0.1384964
0,0.10460162
0,0.73590696
0,0.35703522
0,0.1430269
0,0.14243078
0,0.29785275
0,0.23502982
0,0.30889958
0,0.11236711
0,0.09526027
0,0.0887152
0,0.32383388
0,0.2828974
0,0.100181095
0,0.06573854
0,0.16245648
0,0.10472844
0,0.23985113
0,0.27219272
0,0.305642
0,0.074436575
0,0.15299016
0,0.32834715
0,0.9644038
0,0.2624086
0,0.19653384
0,0.14080052
0,0.10636902
0,0.09300234
0,0.37969747
0,0.18139698
0,0.4710748
0,0.17613186
0,0.20959328
0,0.21733727
0,0.13730896
0,0.20709532
0,0.10483888
0,0.15045217
0,0.26771954
0,0.24737664
0,0.2872955
0,0.21778855
0,0.12992972
0,0.1849824
0,0.7523221
0,0.50551444
0,0.17947556
0,0.4097436
0,0.15441386
0,0.13006192
0,0.34667492
0,0.302612
0,0.1400903
0,0.24165982
0,0.22158715
0,0.24654709
0,0.30270022
0,0.12312322
0,0.14568843
0,0.12349025
0,0.28907767
0,0.35443386
0,0.29543254
0,0.28906795
0,0.1671361
0,0.26701048
0,0.6635899
0,0.3895216
0,0.16575575
0,0.16701123
0,0.16410618
0,0.15942404
0,0.43305576
0,0.3201061
0,0.23962459
0,0.13461868
0,0.14228128
0,0.14580631
0,0.21563022
0,0.212342
0,0.19754016
0,0.18712786
0,0.08642923
0,0.20443083
0,0.39286005
0,0.15636739
0,0.13458306
0,0.15412529
0,0.4954217
0,0.18132563
0,0.29183322
0,0.22414038
0,0.07347797
0,0.18128742
0,0.15476349
0,0.26788008
0,0.15497407
0,0.33815897
0,0.19466567
0,0.14899242
0,0.2130889
0,0.14329344
0,0.15410005
0,0.11019656
0,0.28150767
0,0.34645855
0,0.44953144
0,0.18246415
0,0.15410782
0,0.17429794
0,0.27316192
0,0.3459089
0,0.43441597
0,0.1758909
0,0.1592694
0,0.17145148
0,0.08667333
0,0.34428135
0,0.33686635
0,0.20732091
0,0.12097246
0,0.132404
0,0.13202764
0,0.24512652
0,0.42979687
0,0.1451075
0,0.09609876
0,0.09663382
0,0.25658008
0,0.4626514
0,0.15989365
0,0.08800314
0,0.5020577
0,0.9022597
0,0.14020726
0,0.26469803
0,0.19467601
0,0.13211432
0,0.16173998
0,0.22033356
0,0.4007445
0,0.36034933
0,0.20193206
0,0.3194352
0,0.1294675
0,0.19691494
0,0.27185842
0,0.60552627
0,0.0985434
0,0.25743228
0,0.14433813
0,0.4591515
0,0.3437675
0,0.22787328
0,0.20773871
0,0.8848804
0,0.21986228
0,0.2760658
0,0.16381666
0,0.23863211
0,0.20970464
0,0.22572803
0,0.13107978
0,0.53591883
0,0.20611669
0,0.32799125
0,0.22355214
0,0.06138692
0,0.36076963
0,0.22415313
0,0.16279931
0,0.07138766
0,0.09716334
0,0.1489983
0,0.17968881
0,0.25258964
0,0.117085606
0,0.11442657
0,0.5858563
0,0.18987721
0,0.24086952
0,0.2571401
0,0.09979132
0,0.09664814
0,0.13289966
0,0.28361076
0,0.1271643
0,0.21379414
0,0.13730307
0,0.09866188
0,0.0894582
0,0.18975687
0,0.1448819
0,0.16648753
0,0.20431682
0,0.11206032
0,0.4315203
0,0.1524095
0,0.19344188
0,0.39022854
0,0.16015396
0,0.16927515
0,0.23129533
0,0.35065973
0,0.3849939
0,0.13300845
0,0.14699924
0,0.34481186
0,0.48479423
0,0.2921774
0,0.14925349
0,0.11488143
0,0.0967834
0,0.12107053
0,0.11324026
0,0.18116297
0,0.14552249
0,0.10744815
0,0.5264853
0,0.1672827
0,0.110116124
0,0.1637657
0,0.8405593
0,0.16032277
0,0.26339337
0,0.16377127
0,0.44277957
0,0.086489886
0,0.13774437
0,0.17085345
0,0.14582336
0,0.11924736
0,0.11873426
0,0.12857999
0,0.2646424
0,0.08778833
0,0.3921979
0,0.12991801
0,0.17462195
0,0.12077405
0,0.30765688
0,0.31951106
0,0.18182585
0,0.1722678
0,0.8694324
0,0.11604768
0,0.12487259
0,0.25656292
0,0.19837923
0,0.12748373
0,0.21118769
0,0.12191726
0,0.18560237
0,0.344503
0,0.07071024
0,0.22391102
0,0.152942
0,0.23490416
0,0.31489223
0,0.16047026
0,0.069466054
0,0.09984079
0,0.49210063
0,0.30032262
0,0.14380376
0,0.25268224
0,0.75555456
0,0.076553635
0,0.4234423
0,0.19007987
0,0.48330995
0,0.18233342
0,0.14073277
0,0.18402167
0,0.31657124
0,0.4975165
0,0.09022119
0,0.17436637
0,0.08518664
0,0.45243606
0,0.13117488
0,0.17219892
0,0.24014905
0,0.28307623
0,0.22502588
0,0.20303011
0,0.21617538
0,0.20678775
0,0.76729804
0,0.24435726
0,0.21393119
0,0.25667226
0,0.23465955
0,0.25679734
0,0.11286724
0,0.107021935
0,0.26636374
0,0.21059866
0,0.15573665
0,0.111486524
0,0.17392166
0,0.4815562
0,0.15615232
0,0.21111366
0,0.2308323
0,0.25162026
0,0.13199255
0,0.20351988
0,0.12881382
0,0.08386326
0,0.6182579
0,0.39346915
0,0.23119634
0,0.22882776
0,0.28310484
0,0.109180905
0,0.17432334
0,0.3267307
0,0.19688158
0,0.17574668
0,0.16670485
0,0.14761703
0,0.3353265
0,0.25513953
0,0.22699237
0,0.16404258
0,0.10177964
0,0.11972281
0,0.11845542
0,0.4025886
0,0.5757222
0,0.20130292
0,0.22851574
0,0.5708199
0,0.1228568
0,0.30788988
0,0.2023439
0,0.2487127
0,0.160248
0,0.13860638
0,0.13127726
0,0.3494555
0,0.26611528
0,0.41111332
0,0.21903844
0,0.20047748
0,0.13739751
0,0.16621183
0,0.22540782
0,0.10717061
0,0.16498598
0,0.15202548
0,0.56013906
0,0.21040195
0,0.88649344
0,0.8376292
0,0.27540472
0,0.2930699
0,0.34991845
0,0.7036689
0,0.43925205
0,0.25290874
0,0.4469107
0,0.4157824
0,0.23019584
0,0.24984989
0,0.23953222
0,0.6098716
0,0.26571167
0,0.2983145
0,0.3668158
0,0.59567237
0,0.690782
0,0.4983416
0,0.3461526
0,0.57661396
0,0.89932775
0,0.7143927
0,0.3896017
0,0.41897509
0,0.35095447
0,0.3165275
0,0.55350953
0,0.63999385
0,0.3632459
0,0.52568096
0,0.47888514
0,0.51094556
0,0.41934687
0,0.19830127
0,0.25208446
0,0.23529522
0,0.43366167
0,0.25185883
0,0.34809592
0,0.22311941
0,0.28203523
0,0.29001245
0,0.48406085
0,0.2999438
0,0.44650912
0,0.28100914
0,0.20613606
0,0.15637583
0,0.3840476
0,0.43765944
0,0.49255523
0,0.36414894
0,0.48926613
0,0.3075825
0,0.19641577
0,0.46776295
0,0.20642312
0,0.41260907
0,0.33153522
0,0.25172016
0,0.56340647
0,0.44255972
0,0.20346548
0,0.34832206
0,0.6212404
0,0.6189073
0,0.3810328
0,0.55306214
0,0.17463697
0,0.16390379
0,0.19558653
0,0.28459018
0,0.28196543
0,0.3213237
0,0.26189345
0,0.46584383
0,0.27612007
0,0.36651498
0,0.15769093
0,0.21217053
0,0.2134994
0,0.22909664
0,0.7280211
0,0.250212
0,0.27276215
0,0.27185875
0,0.19177444
0,0.6674991
0,0.4719391
0,0.40681168
0,0.5146401
0,0.27733228
0,0.26650134
0,0.18300864
0,0.37426913
0,0.16946377
0,0.33364743
0,0.39901364
0,0.26493236
0,0.2701783
0,0.32431126
0,0.28004703
0,0.30016518
0,0.19909795
0,0.28603005
0,0.22235265
0,0.69786644
0,0.3890009
0,0.64997274
0,0.94022346
0,0.77425295
0,0.24114406
0,0.25089043
0,0.93791974
0,0.315259
0,0.38427126
0,0.19187063
0,0.30076653
0,0.45393845
0,0.47161943
0,0.24392426
0,0.2433034
0,0.27778104
0,0.26366806
0,0.3494648
0,0.28583452
0,0.24579594
0,0.222403
0,0.19151556
0,0.30683544
0,0.43068224
0,0.8970271
0,0.257788
0,0.27043787
0,0.19197367
0,0.35256204
0,0.2189189
0,0.23530886
0,0.5617276
0,0.17505415
0,0.3376808
0,0.17926954
0,0.1546677
0,0.4045247
0,0.2528459
0,0.54665184
0,0.38032725
0,0.3670165
0,0.26546448
0,0.30311576
0,0.3707885
0,0.22886264
0,0.3062442
0,0.80521446
0,0.1940742
0,0.22709437
0,0.21570179
0,0.30876762
0,0.3671896
0,0.42061287
0,0.22628546
0,0.23658042
0,0.12756978
0,0.60205376
0,0.42903364
0,0.46255997
0,0.20373414
0,0.2401172
0,0.18652992
0,0.19293845
0,0.27987173
0,0.16541247
0,0.2949698
0,0.3389116
0,0.19887885
0,0.69904655
0,0.22618143
0,0.4716871
0,0.35083446
0,0.6204242
0,0.22240964
0,0.3261254
0,0.36137974
0,0.2339113
0,0.27942812
0,0.38325292
0,0.38483772
0,0.42766622
0,0.36183447
0,0.2124312
0,0.20812818
0,0.19229767
0,0.20669256
0,0.21315676
0,0.34829435
0,0.25335017
0,0.25590357
0,0.7458154
0,0.63151795
0,0.38329765
0,0.2737966
0,0.15664087
0,0.2551879
0,0.39376685
0,0.2637213
0,0.27304465
0,0.266593
0,0.1797401
0,0.47616276
0,0.23424354
0,0.36185917
0,0.38644472
0,0.15606017
0,0.28909126
0,0.6028606
0,0.24957508
0,0.5198899
0,0.24300036
0,0.14316641
0,0.61578315
0,0.3239736
0,0.29428285
0,0.41778758
0,0.24157417
0,0.5570134
0,0.50312215
0,0.5109193
0,0.564791
0,0.19242933
0,0.38422573
0,0.20145057
0,0.2168483
0,0.36923245
0,0.60625935
0,0.25689942
0,0.20485471
0,0.33005673
0,0.15051903
0,0.42086375
0,0.3509877
0,0.6868548
0,0.8663058
0,0.25812256
0,0.20209415
0,0.34083733
0,0.35713166
0,0.2684819
0,0.22634964
0,0.62218964
0,0.27281016
0,0.35368598
0,0.1492784
0,0.2341227
0,0.21577694
0,0.4133269
0,0.20859815
0,0.15402418
0,0.35644138
0,0.17771842
1,0.96270424
1,0.9346149
0,0.2833086
1,0.13130803
1,0.9838801
1,0.5934868
0,0.90182555
0,0.45142972
1,0.3504738
1,0.98923236
0,0.25228247
0,0.34395522
1,0.9198256
1,0.90015864
0,0.26261324
0,0.27839556
1,0.9850016
1,0.46643844
0,0.46408278
1,0.50210136
1,0.98517066
1,0.73046046
0,0.20122303
1,0.6305129
1,0.98194134
0,0.1547004
0,0.19721267
1,0.7262234
1,0.9777629
0,0.11363349
1,0.2972905
1,0.98730713
1,0.2518227
0,0.23464984
1,0.5522895
1,0.9668775
0,0.8054102
0,0.35456148
0,0.19059971
1,0.93368304
1,0.92052126
0,0.23936597
1,0.29531324
1,0.9873124
0,0.1481195
0,0.50767326
1,0.65687853
1,0.97006255
0,0.32530528
0,0.30040097
1,0.78531194
1,0.9584191
0,0.17161633
0,0.26269335
1,0.56994545
1,0.9725242
0,0.2227175
0,0.21342538
1,0.95679647
1,0.8591513
0,0.27981675
0,0.18852851
1,0.9462011
1,0.7310469
0,0.18205719
0,0.69652975
0,0.39864028
1,0.9885717
1,0.6352265
0,0.25953284
1,0.24223147
1,0.98446393
0,0.17279486
0,0.3171109
1,0.66080564
1,0.9828483
0,0.26651025
0,0.23342237
1,0.9359668
1,0.70930195
0,0.14213833
0,0.23436815
1,0.969775
1,0.8522997
0,0.22555311
1,0.45782948
1,0.98361903
0,0.19060488
0,0.17238015
1,0.89126974
1,0.96646345
0,0.3420649
0,0.43250138
1,0.91977155
1,0.85454756
0,0.88114625
0,0.7998722
1,0.32637784
1,0.98773867
1,0.5135814
0,0.23709378
1,0.39382884
1,0.98134804
0,0.559656
0,0.33500484
1,0.9056834
1,0.9552478
0,0.34104058
0,0.25504965
1,0.94906884
1,0.91418827
0,0.18996567
1,0.29159763
1,0.9918818
1,0.6797074
0,0.36788455
1,0.20446946
1,0.9855595
1,0.295082
0,0.6493339
1,0.645524
1,0.9807404
0,0.3206648
0,0.23408833
1,0.81281203
1,0.9711095
0,0.92651343
0,0.16918114
0,0.14127414
1,0.95153266
1,0.9014586
0,0.25493047
1,0.3503349
1,0.9873946
0,0.17460635
0,0.25277987
1,0.68457425
1,0.97337216
0,0.522664
0,0.12969749
1,0.81109345
1,0.9280107
0,0.2858117
0,0.25081506
1,0.9284171
1,0.9198951
0,0.1603549
0,0.4152368
1,0.97794604
1,0.6863615
0,0.27267563
1,0.5627667
1,0.9665921
0,0.25600973
0,0.17270325
0,0.94142973
1,0.9384278
1,0.9165303
0,0.44704223
1,0.16853318
1,0.9893718
1,0.8911324
0,0.26174125
1,0.24683246
1,0.9798441
1,0.5158014
0,0.15320809
1,0.93089837
1,0.97799015
0,0.2665419
0,0.26948082
1,0.831942
1,0.95912534
0,0.2617949
0,0.1348683
1,0.90684247
1,0.92758936
0,0.2725464
0,0.23279102
1,0.9376278
1,0.86372113
0,0.40734482
1,0.24793081
1,0.9854989
1,0.6018417
0,0.49117106
0,0.6070419
1,0.2928314
1,0.98952824
0,0.12370316
0,0.21722479
1,0.6984998
1,0.9627573
0,0.15113729
0,0.3094905
1,0.97106034
1,0.9340365
0,0.41619185
0,0.26019856
1,0.9534991
1,0.7515073
0,0.44985405
0,0.435746
1,0.9562266
1,0.90952104
0,0.740825
1,0.3064857
1,0.98878926
0,0.21247521
0,0.110305175
1,0.73580873
1,0.9378573
0,0.24458174
0,0.33892918
1,0.8747018
1,0.9150738
0,0.7273658
0,0.32820106
0,0.34868634
1,0.98224676
1,0.7263086
0,0.14322785
1,0.21850464
1,0.9787459
0,0.21722877
0,0.23551343
1,0.63953334
1,0.9442822
0,0.16552395
0,0.21134022
1,0.9540572
1,0.7243992
0,0.27082795
0,0.31329715
1,0.985574
1,0.6341783
0,0.17370291
1,0.2120363
1,0.97429127
1,0.56911135
0,0.31766173
1,0.74309254
1,0.9783326
0,0.3230767
0,0.20910874
1,0.4498748
1,0.9766951
1,0.9375912
0,0.09842171
0,0.346893
1,0.93671143
1,0.83617944
0,0.14672156
0,0.28089416
1,0.9668805
1,0.52007663
0,0.2943486
1,0.27499145
1,0.98671114
1,0.7058268
0,0.25673056
1,0.31764656
1,0.98452574
0,0.43605715
0,0.3921369
1,0.4877674
1,0.97860706
0,0.29502127
0,0.11820029
1,0.94889647
1,0.8944593
0,0.20824715
1,0.19831713
1,0.9833494
1,0.559798
0,0.14034578
0,0.90039104
1,0.8675193
1,0.9856046
0,0.33576775
0,0.36512056
1,0.816266
1,0.9381116
0,0.36930054
0,0.1446574
1,0.9932541
1,0.71133214
0,0.537495
1,0.72368085
1,0.9731374
0,0.33565605
0,0.15850413
1,0.8477996
1,0.93944174
0,0.20914896
0,0.21875983
1,0.9674471
1,0.70974666
0,0.10779622
1,0.3075418
1,0.9803373
1,0.5288912
0,0.18837395
1,0.5175528
1,0.9799737
0,0.21807665
0,0.81881315
0,0.4237996
1,0.9307111
1,0.8521825
0,0.19834097
0,0.28470314
1,0.96223754
1,0.81814826
0,0.16111739
1,0.5630835
1,0.98608017
0,0.30519074
0,0.26741847
1,0.69991046
1,0.978994
0,0.25462678
0,0.27855828
1,0.8336226
1,0.9797024
0,0.5107889
0,0.32466227
1,0.8882197
1,0.92979556
0,0.34354535
0,0.54951984
1,0.94390494
1,0.93124866
0,0.1870995
1,0.17510463
1,0.97827584
1,0.5226516
0,0.63436586
0,0.25412628
1,0.8601366
1,0.97578865
0,0.12956555
0,0.35139987
1,0.8818269
1,0.9399247
0,0.22704393
0,0.2949771
1,0.9360454
1,0.9266034
0,0.51674503
1,0.3675817
1,0.964312
1,0.8051908
0,0.3706817
1,0.18140642
1,0.9839849
1,0.560116
0,0.3607897
1,0.26493317
1,0.9782496
1,0.17042573
0,0.30927688
1,0.88846135
1,0.95133287
0,0.20724073
0,0.23097713
1,0.9080481
1,0.8754045
0,0.565138
0,0.3950925
1,0.6714158
1,0.97165775
0,0.33608133
0,0.5779055
1,0.748951
1,0.9021273
0,0.40337038
0,0.116695404
1,0.94561964
1,0.9335723
0,0.35698405
1,0.19644287
1,0.986014
1,0.2637075
0,0.2904521
1,0.49151623
1,0.98842597
0,0.21659352
0,0.25471503
1,0.7804234
1,0.9799384
0,0.1474724
0,0.22340092
1,0.9224905
1,0.8662932
0,0.13065569
0,0.3266186
1,0.38942677
1,0.97912186
0,0.25388968
0,0.5108926
1,0.4569442
1,0.9819381
0,0.48000762
0,0.15311399
1,0.886233
1,0.962741
0,0.54278564
0,0.622373
1,0.9532897
1,0.9152692
0,0.21440116
1,0.1387517
1,0.98425335
0,0.23637313
0,0.24284951
1,0.5158542
1,0.9853108
1,0.51440054
0,0.15444727
1,0.94176555
1,0.91344315
0,0.34325308
1,0.20019326
1,0.9886685
1,0.32021555
0,0.7087093
0,0.5865216
1,0.7032655
1,0.97196025
0,0.15716197
0,0.28930297
1,0.98428094
1,0.80606204
0,0.37211818
1,0.16469407
1,0.9834342
1,0.8674147
0,0.40415534
1,0.33093917
1,0.984411
0,0.24711071
0,0.19201434
1,0.7242207
1,0.8993009
0,0.26194993
0,0.23657632
1,0.96579736
1,0.8190312
0,0.1700749
1,0.38905266
1,0.9797221
1,0.17459354
0,0.13995977
1,0.73732185
1,0.97080237
0,0.7994015
0,0.67593557
0,0.074143685
1,0.9236201
1,0.79493207
0,0.4126565
0,0.20968385
1,0.95856637
1,0.6566723
0,0.3202005
1,0.13794044
1,0.97939163
1,0.3121554
0,0.2460534
1,0.4397753
1,0.98613894
0,0.23901772
0,0.1872715
1,0.9035945
1,0.91946757
0,0.34267548
1,0.18545927
1,0.98465455
1,0.71663487
0,0.4265673
0,0.10201375
1,0.9700843
1,0.64443827
0,0.76134
1,0.82108825
1,0.89968103
1,0.80579054
0,0.1736701
0,0.22752988
1,0.70148396
1,0.9682872
0,0.43894023
1,0.41954586
1,0.9902353
1,0.42381364
0,0.21190284
1,0.35738975
1,0.9775164
0,0.25962844
1,0.39186567
1,0.98306555
1,0.67836034
0,0.4101384
1,0.2224954
1,0.9803494
0,0.24350399
0,0.2719716
1,0.8966452
1,0.93670064
0,0.4696323
0,0.18874902
1,0.9551149
1,0.570498
0,0.24091704
0,0.6039171
1,0.72051936
1,0.9916407
1,0.7425121
0,0.11617335
1,0.7225594
1,0.9713518
1,0.78271604
0,0.270298
0,0.4375743
1,0.98187363
1,0.6016856
0,0.10603823
1,0.59925896
1,0.9798075
0,0.3043344
0,0.44499117
1,0.60965663
1,0.97757477
0,0.12938552
0,0.1341235
1,0.6936513
1,0.9537504
0,0.33533242
0,0.21050733
1,0.94927084
1,0.8311228
0,0.2787975
0,0.24871972
1,0.9586239
1,0.7628043
0,0.35208157
0,0.7588612
1,0.1322766
1,0.98621607
1,0.3505205
0,0.20925435
1,0.3657546
1,0.96510327
0,0.30333808
0,0.27277496
1,0.9759651
1,0.7273598
0,0.19186619
1,0.10355524
1,0.99006003
1,0.50709593
0,0.15699357
1,0.72853154
1,0.9602358
0,0.26416114
0,0.102471665
1,0.9783788
1,0.83344334
0,0.412466
1,0.2897757
1,0.98829925
1,0.32904124
0,0.1598415
1,0.5277008
1,0.98786825
0,0.41093844
0,0.42361367
0,0.18061908
1,0.8839232
1,0.83810985
0,0.17432389
0,0.49223942
1,0.97269034
1,0.6115461
0,0.21283552
1,0.29170403
1,0.98679495
1,0.3198919
0,0.10213608
1,0.41765296
1,0.9905005
0,0.18792914
0,0.2343161
1,0.72806746
1,0.973765
0,0.18164055
0,0.14358523
1,0.9395336
1,0.92065376
0,0.30179918
1,0.20768383
1,0.98866946
0,0.31463358
0,0.18066826
1,0.39251208
1,0.9422649
1,0.9125438
0,0.21964118
0,0.24845794
1,0.9767903
1,0.6482144
0,0.087816484
0,0.3732511
1,0.97928345
1,0.5713802
0,0.12065015
1,0.3436069
1,0.97717786
1,0.15323083
0,0.14646412
1,0.4852416
1,0.98348826
0,0.3290907
0,0.26690117
1,0.89950097
1,0.89451486
0,0.13752201
0,0.16486819
1,0.98692083
1,0.7640955
0,0.22363023
1,0.11847861
1,0.986786
1,0.12685402
0,0.23104036
0,0.64722407
1,0.6286899
1,0.98221314
0,0.20131971
0,0.28757104
1,0.95681864
1,0.8462332
0,0.2250049
1,0.5942741
1,0.97119975
0,0.21198817
0,0.23902987
1,0.97720313
1,0.6764303
0,0.09848926
1,0.41094422
1,0.97737074
1,0.5736679
0,0.3188548
1,0.7737838
1,0.9740509
0,0.13036917
0,0.16136134
1,0.9258279
1,0.827428
0,0.6156045
1,0.23729762
1,0.9853006
0,0.37965167
0,0.71999913
0,0.20448588
1,0.7091431
1,0.9678407
0,0.28127918
0,0.20339623
1,0.9726433
1,0.78114086
0,0.14422408
0,0.18257047
1,0.9496909
1,0.62686175
0,0.2098599
1,0.15878354
1,0.9804875
1,0.2352352
0,0.42042032
1,0.5794613
1,0.9858946
0,0.2421161
0,0.17297515
1,0.741018
1,0.94017404
0,0.18262826
0,0.20523399
1,0.8883944
1,0.8536111
0,0.27803835
0,0.14066684
1,0.92731106
1,0.6364442
0,0.8386429
0,0.1543827
1,0.25623825
1,0.9886925
0,0.15975758
0,0.21768518
1,0.87352127
1,0.77062404
0,0.10212862
0,0.20306106
1,0.9636683
1,0.8070408
0,0.3941896
0,0.2649464
1,0.9680655
1,0.72363603
0,0.14003456
1,0.8369326
1,0.98306596
0,0.1464697
0,0.22723265
1,0.9335037
1,0.887857
0,0.10199871
0,0.3664979
0,0.2754142
0,0.23004426
1,0.80038375
1,0.95260835
0,0.94329524
0,0.1600574
0,0.20364334
1,0.9736485
1,0.70178676
0,0.12361202
0,0.1356131
1,0.9868269
1,0.29440692
0,0.42465973
1,0.2298611
1,0.9866795
1,0.35546893
0,0.12198483
1,0.6467949
1,0.9706124
0,0.12494904
0,0.42032722
1,0.895225
1,0.9589589
0,0.3967036
0,0.12752493
1,0.7513016
1,0.9655146
0,0.2664936
1,0.15339884
1,0.99140704
1,0.3732033
0,0.08114685
0,0.845125
1,0.8878802
1,0.9523493
0,0.26715532
0,0.20975958
1,0.6188982
1,0.9511451
0,0.10235775
0,0.10040211
1,0.87301296
1,0.9311845
0,0.4178879
0,0.1579913
1,0.94447
1,0.91629565
0,0.1475957
0,0.17039508
1,0.86641765
1,0.79896253
0,0.52067554
1,0.5844774
1,0.97622275
0,0.09114327
0,0.13672769
1,0.9711442
1,0.81281507
0,0.27277198
0,0.3001909
1,0.95326185
1,0.82178485
0,0.20932186
0,0.8280845
1,0.2309639
1,0.9762976
0,0.18562417
0,0.21729623
1,0.8730238
1,0.96275395
0,0.21824872
0,0.13683926
1,0.7207098
1,0.8469479
0,0.11840276
0,0.16851537
1,0.9623553
1,0.63097334
0,0.31288865
1,0.20382227
1,0.98650646
1,0.17720601
0,0.11282333
1,0.49863172
1,0.98696136
0,0.1570935
0,0.1473757
1,0.4794576
1,0.9493822
0,0.15500417
0,0.21985699
1,0.9684561
1,0.653585
0,0.61762595
0,0.11038063
1,0.13786303
1,0.98745894
0,0.2445478
0,0.23605895
1,0.6490694
1,0.97487545
0,0.15172234
0,0.2259376
1,0.5801407
1,0.9333338
0,0.24267381
0,0.2235856
1,0.95288557
1,0.4527332
0,0.17498949
1,0.115596265
1,0.9876154
1,0.18827643
0,0.1764191
1,0.52553564
1,0.98074245
0,0.2049818
0,0.117412254
1,0.5585573
1,0.9651213
0,0.30771783
0,0.22591284
1,0.45388538
1,0.88723516
1,0.72480106
0,0.104461424
0,0.14540896
1,0.98650855
1,0.5331835
0,0.2642299
1,0.094326735
1,0.9809887
1,0.28701487
0,0.13665825
1,0.7943081
1,0.95166534
0,0.06868273
0,0.0857666
1,0.80683076
1,0.9515033
0,0.3349959
0,0.49771416
1,0.88765746
1,0.8124133
0,0.2536744
1,0.10456198
1,0.9825644
1,0.36061868
0,0.11983344
1,0.2707027
1,0.9890542
1,0.34035096
0,0.17427406
0,0.6648762
1,0.5176049
1,0.97721785
0,0.14973515
0,0.1525118
1,0.3485674
1,0.98091185
0,0.5885952
0,0.33725524
1,0.263468
1,0.9743037
0,0.12041279
0,0.21546711
1,0.52862966
1,0.9608706
0,0.34942797
0,0.24594767
1,0.76928145
1,0.7966238
0,0.09139111
0,0.1448394
1,0.9650929
1,0.60998154
0,0.110442266
1,0.24184108
1,0.98465943
1,0.63672125
0,0.29534662
1,0.41765097
1,0.980594
0,0.25040296
0,0.76791584
0,0.08491886
1,0.94408417
1,0.8446755
0,0.37248865
0,0.2891552
1,0.9879127
1,0.77570003
0,0.06823646
1,0.50084007
1,0.98169416
0,0.13848698
0,0.2796385
1,0.8595946
1,0.9632666
0,0.20376304
0,0.16979639
1,0.6120587
1,0.9759044
0,0.36936125
0,0.3563197
1,0.95435095
1,0.9087993
0,0.31079236
0,0.21239421
1,0.57083374
1,0.9653989
0,0.22948265
0,0.18154182
1,0.9594249
1,0.8327262
0,0.690133
0,0.16733176
1,0.6506464
1,0.95870674
0,0.47052166
0,0.34484822
1,0.7478938
1,0.9676798
0,0.11946948
0,0.17890985
1,0.9613067
1,0.8021671
0,0.50163376
1,0.6508961
1,0.9778125
1,0.25466397
0,0.11438847
0,0.18719201
1,0.9833488
1,0.49021065
0,0.39468277
1,0.5479836
1,0.9828598
1,0.44641784
0,0.2662146
1,0.17788272
1,0.9833442
1,0.7719108
0,0.6080642
1,0.67402154
1,0.9699262
0,0.37329555
0,0.15611784
0,0.17608386
1,0.9598318
1,0.7835613
0,0.42453548
1,0.40761146
1,0.98551923
1,0.40030548
0,0.18982786
1,0.20959695
1,0.9799992
1,0.4046514
0,0.2252961
1,0.5160001
1,0.98458016
1,0.29579931
0,0.1035987
1,0.25845575
1,0.9755083
1,0.48789978
0,0.3610398
1,0.204396
1,0.98710537
0,0.1430907
0,0.14145409
1,0.7012306
1,0.9631288
0,0.3759121
0,0.5581601
1,0.6265976
1,0.9887313
1,0.16587107
0,0.18537591
0,0.20352867
0,0.32911247
0,0.22123441
0,0.23645566
0,0.19184741
0,0.12333385
0,0.07944085
0,0.41422206
0,0.35586324
0,0.22079128
0,0.24713558
0,0.14753208
0,0.20319007
0,0.31636047
0,0.28429502
0,0.14717185
0,0.23965038
0,0.30060452
0,0.3285046
0,0.702342
0,0.15025057
0,0.23038623
0,0.13251682
0,0.24005549
0,0.5342089
0,0.29374728
0,0.14100616
0,0.26471126
0,0.318889
0,0.43259117
0,0.38155577
0,0.21237274
0,0.13925007
0,0.15790893
0,0.18899296
0,0.33015472
0,0.4971008
0,0.21962547
0,0.22702718
0,0.104784064
0,0.1655252
0,0.24405007
0,0.6199704
0,0.18417266
0,0.34509563
0,0.16015099
0,0.49797666
0,0.17648888
0,0.20665452
0,0.3020369
0,0.34423745
0,0.35340083
0,0.47301313
0,0.24743965
0,0.1459608
0,0.15779191
0,0.18105441
0,0.5248584
0,0.57855135
0,0.25343528
0,0.10324401
0,0.15189101
0,0.10823018
0,0.56547534
0,0.69095224
0,0.19178262
0,0.21462347
0,0.1815549
0,0.22598295
0,0.2622798
0,0.67574656
0,0.1496972
0,0.14456372
0,0.2671517
0,0.24063304
0,0.2740559
0,0.32140476
0,0.15048687
0,0.2087574
0,0.3446681
0,0.32287958
0,0.21049559
0,0.3025725
0,0.39855
0,0.3422437
0,0.31293407
0,0.4605803
0,0.15589212
0,0.27524903
0,0.17508055
0,0.47989717
0,0.63394994
0,0.16178581
0,0.2138533
0,0.15429166
0,0.3707641
0,0.3859544
0,0.30922097
0,0.17302151
0,0.09964644
0,0.16075313
0,0.2614097
0,0.34289852
0,0.24469475
0,0.17669313
0,0.12912782
0,0.31330836
0,0.6455862
0,0.24138817
0,0.2345862
0,0.23757946
0,0.20771341
0,0.35363993
0,0.4511901
0,0.23958558
0,0.2999818
0,0.2742435
0,0.16570288
0,0.46078128
0,0.45174512
0,0.3203547
0,0.15504771
0,0.19313432
0,0.6454749
0,0.27934942
0,0.25250956
0,0.11608154
0,0.23864646
0,0.4870296
0,0.49727738
0,0.7547925
0,0.21232767
0,0.29579103
0,0.14876865
0,0.7585222
0,0.4928247
0,0.44428512
0,0.324183
0,0.19099413
0,0.1414935
0,0.3879535
0,0.4637386
0,0.20894934
0,0.1948639
0,0.12779532
0,0.16198817
0,0.21000278
0,0.26933694
0,0.16358776
0,0.45197403
0,0.21183677
0,0.25513312
0,0.23973967
0,0.32802588
0,0.19084223
0,0.15680756
0,0.13427229
0,0.23439479
0,0.3212223
0,0.15742335
0,0.15153041
0,0.22148633
0,0.15188581
0,0.6344907
0,0.111849345
0,0.10462411
0,0.12386671
0,0.17951253
0,0.29149672
0,0.22816251
0,0.17013305
0,0.15369618
0,0.16735567
0,0.23610467
0,0.3449309
0,0.8216213
0,0.73804677
0,0.24703567
0,0.38472146
0,0.21005645
0,0.30007643
0,0.38724115
0,0.14253892
0,0.26321375
0,0.17325109
0,0.25654614
0,0.3334557
0,0.32577124
0,0.21946527
0,0.163875
0,0.21279377
0,0.2493457
0,0.59224457
0,0.16843353
0,0.1848931
0,0.21287654
0,0.15480942
0,0.42698675
0,0.26263088
0,0.3427772
0,0.31266457
0,0.16389064
0,0.16350278
0,0.41149536
0,0.33516657
0,0.13733552
0,0.27770418
0,0.27911827
0,0.30465475
0,0.20122698
0,0.3669303
0,0.104870446
0,0.15660614
0,0.33492088
0,0.2342801
0,0.13557263
0,0.298687
0,0.3039596
0,0.19476517
0,0.48407146
0,0.31689247
0,0.5097125
0,0.28315452
0,0.43222067
0,0.15924843
0,0.4367659
0,0.3117508
0,0.44086438
0,0.20653765
0,0.1450518
0,0.19901456
0,0.36486852
0,0.19875498
0,0.22325157
0,0.17322354
0,0.16926308
0,0.17469907
0,0.26168966
0,0.26516354
0,0.1352725
0,0.14760572
0,0.23235784
0,0.76289296
0,0.23639503
0,0.45885122
0,0.117101036
0,0.20019759
0,0.44008976
0,0.6181345
0,0.2980432
0,0.30619773
0,0.12409282
0,0.090930134
0,0.20458315
0,0.24962886
0,0.46114936
0,0.26157662
0,0.16566409
0,0.17113128
0,0.50461304
0,0.3987056
0,0.28371653
0,0.24434112
0,0.13189359
0,0.25305113
0,0.62943184
0,0.2712175
0,0.09112743
0,0.19813025
0,0.27473477
0,0.67532235
0,0.31290722
0,0.19124024
0,0.2133681
0,0.46736535
0,0.17260192
0,0.51464343
0,0.34490687
0,0.25404647
0,0.13174696
0,0.19464009
0,0.12009945
0,0.4232419
0,0.44411236
0,0.27979606
0,0.1027349
0,0.16807806
0,0.36531645
0,0.55576265
0,0.26559097
0,0.24279118
0,0.25587
0,0.13385698
0,0.1791432
0,0.42213705
0,0.16766855
0,0.15806045
0,0.08647226
0,0.20678632
0,0.17796284
0,0.1841322
0,0.29916728
0,0.23369612
0,0.20982237
0,0.31605852
0,0.36288825
0,0.14789481
0,0.27574572
0,0.19291106
0,0.3880941
0,0.26474032
0,0.12864967
0,0.17636885
0,0.09958137
0,0.14481518
0,0.34643015
0,0.124990195
0,0.20066103
0,0.6731409
0,0.09738581
0,0.14423807
0,0.27772522
0,0.20391223
0,0.13992
0,0.21409652
0,0.36707783
0,0.21120194
0,0.14517292
0,0.4496941
0,0.22435033
0,0.18566053
0,0.35431382
0,0.684113
0,0.3293099
0,0.0911133
0,0.16206609
0,0.21570048
0,0.7235627
0,0.36439395
0,0.19866204
0,0.16858946
0,0.1773701
0,0.19473939
0,0.22905976
0,0.28970417
0,0.3150463
0,0.14899154
0,0.12531047
0,0.57562506
0,0.24115257
0,0.37207288
0,0.25053242
0,0.13090935
0,0.10756331
0,0.33096686
0,0.45607176
0,0.21775958
0,0.12743643
0,0.24457422
0,0.5024146
0,0.16574043
0,0.24776787
0,0.19237508
0,0.18533587
0,0.1584337
0,0.320525
0,0.22743215
0,0.22842534
0,0.17746703
0,0.13111264
0,0.16525877
0,0.39021572
0,0.102395795
0,0.11770855
0,0.22871354
0,0.21500757
0,0.26704252
0,0.210134
0,0.11011902
0,0.0654203
0,0.22762993
0,0.17052838
0,0.27624893
0,0.20081899
0,0.18905362
0,0.16836156
0,0.19692492
0,0.19516145
0,0.18089555
0,0.15126944
0,0.19386266
0,0.16838142
0,0.42573306
0,0.19929793
0,0.173541
0,0.11454529
0,0.21882372
0,0.15702724
0,0.27235436
0,0.19785342
0,0.115460485
0,0.08300899
0,0.16819227
0,0.109757684
0,0.56732816
0,0.2811037
0,0.34621754
0,0.28785703
0,0.10462582
0,0.2865036
0,0.5240806
0,0.6102463
0,0.29503718
0,0.15070477
0,0.110194266
0,0.20751935
0,0.1998568
0,0.24971345
0,0.14093497
0,0.5890811
0,0.11502354
0,0.34991848
0,0.27839023
0,0.22694844
0,0.11374477
0,0.10165749
0,0.41948926
0,0.22575718
0,0.31673276
0,0.18373153
0,0.115708984
0,0.17382038
0,0.37415695
0,0.35930297
0,0.49308375
0,0.40074846
0,0.32606685
0,0.27958447
0,0.54089177
0,0.26210743
0,0.71403265
0,0.16474862
0,0.48368913
0,0.87442774
0,0.21613131
0,0.37031722
0,0.45181525
0,0.40441272
0,0.45000327
0,0.60280097
0,0.43376085
0,0.33532393
0,0.33952826
0,0.5427241
0,0.53093845
0,0.30388236
0,0.38339657
0,0.43448415
0,0.51635647
0,0.6452815
0,0.34930846
0,0.48395658
0,0.5390693
0,0.33238104
0,0.27008384
0,0.38579375
0,0.37626162
0,0.40552032
0,0.47094637
0,0.67319036
0,0.45660737
0,0.28955936
0,0.44571543
0,0.5062427
0,0.24574184
0,0.42199486
0,0.3631937
0,0.1173532
0,0.2761712
0,0.23368083
0,0.31987867
0,0.49395984
0,0.27008906
0,0.23501953
0,0.31393617
0,0.35597336
0,0.2893857
0,0.24650796
0,0.54800314
0,0.33954883
0,0.39905342
0,0.19453016
0,0.23598883
0,0.44704166
0,0.38749608
0,0.40858632
0,0.6265623
0,0.4767836
0,0.2800609
0,0.5927224
0,0.32570666
0,0.38414738
0,0.40833807
0,0.30818084
0,0.29970044
0,0.2740936
0,0.5865269
0,0.5017934
0,0.19823837
0,0.21842831
0,0.5695092
0,0.19335242
0,0.6323277
0,0.37813085
0,0.767956
0,0.29442143
0,0.36064795
0,0.39200935
0,0.47331217
0,0.5608238
0,0.37556487
0,0.460828
0,0.4553992
0,0.32761574
0,0.5924369
0,0.25961116
0,0.28374627
0,0.45825014
0,0.5542633
0,0.43603155
0,0.41415817
0,0.25896385
0,0.50515234
0,0.2392995
0,0.5682769
0,0.37489802
0,0.6038007
0,0.38049647
0,0.19032265
0,0.38053516
0,0.5509081
0,0.34239608
0,0.6570524
0,0.38255683
0,0.36684746
0,0.2468566
0,0.39332244
0,0.27730694
0,0.50976336
0,0.20749922
0,0.3999845
0,0.4554485
0,0.25776404
0,0.42377898
0,0.50760716
0,0.62189007
0,0.29116103
0,0.5981268
0,0.42008466
0,0.42225266
0,0.39726454
0,0.5147665
0,0.29218236
0,0.29075503
0,0.45187747
0,0.34844813
0,0.24764349
0,0.47669047
0,0.42991447
0,0.3786342
0,0.146826
0,0.62827903
0,0.65300316
0,0.53632635
0,0.4084448
0,0.6034182
0,0.40287435
0,0.49540466
0,0.7166552
0,0.56727767
0,0.7434751
0,0.5317867
0,0.62527925
0,0.5562533
0,0.50247407
0,0.35123596
0,0.5172074
0,0.4162215
0,0.3810156
0,0.35603815
0,0.5293002
0,0.7432407
0,0.43344837
0,0.4467812
0,0.44826868
0,0.43756676
0,0.2876394
0,0.41052705
0,0.30720535
0,0.38718995
0,0.3661185
0,0.4709413
0,0.4986508
0,0.5970939
0,0.44101
0,0.46274668
0,0.5702308
0,0.20932844
0,0.4993949
0,0.31591624
0,0.7985603
0,0.35675466
0,0.26341188
0,0.48651394
0,0.6357115
0,0.5937202
0,0.64323217
0,0.5034718
0,0.32706672
0,0.35623556
0,0.37023053
0,0.52201223
0,0.22362615
0,0.29030228
0,0.22121091
0,0.28856868
0,0.27977934
0,0.6133965
0,0.51764446
0,0.6361291
0,0.5190406
0,0.64103603
0,0.61207813
0,0.5780638
0,0.38569576
0,0.35138798
0,0.32556236
0,0.39858383
0,0.42773774
0,0.30291384
0,0.56326914
0,0.34732127
0,0.38150573
0,0.25510758
0,0.22027242
0,0.5040259
0,0.2885733
0,0.42527804
0,0.3015232
0,0.36584026
0,0.5189681
0,0.18850191
0,0.25542846
0,0.19740053
0,0.20772082
0,0.5565538
0,0.46308956
0,0.2249374
0,0.17249982
0,0.38905528
0,0.7866209
0,0.51073515
0,0.74912345
0,0.5476928
0,0.20541883
0,0.5856803
0,0.551126
0,0.24001001
0,0.2758449
0,0.32977906
0,0.18097408
0,0.2791949
0,0.23393312
0,0.3818455
0,0.20088975
0,0.3045557
0,0.3137204
0,0.2644744
0,0.38951427
0,0.23529334
0,0.55186725
0,0.616883
0,0.47125232
0,0.5765144
0,0.34988952
0,0.4492419
0,0.25520125
0,0.6508951
0,0.5597633
0,0.5439567
0,0.27321538
0,0.26719728
0,0.45700434
0,0.24228644
0,0.33812866
0,0.57773083
0,0.5042443
0,0.16083072
0,0.27354664
0,0.2141916
0,0.29005745
0,0.25821596
0,0.17280222
0,0.23179093
0,0.17863478
0,0.42358714
0,0.8178021
0,0.43656006
0,0.3665971
0,0.92864114
0,0.25183806
0,0.38621095
0,0.34306565
0,0.18207574
0,0.25612742
0,0.46338016
0,0.37264106
0,0.26581684
0,0.20146896
0,0.16617231
0,0.1420463
0,0.5577231
0,0.44150582
0,0.37186366
0,0.19571286
0,0.14749035
0,0.23655058
0,0.18671194
0,0.23388836
0,0.43813455
0,0.27228332
0,0.2480051
0,0.32838026
0,0.18554424
0,0.58111906
0,0.25376832
0,0.43453225
0,0.27521005
0,0.13971315
0,0.23331201
0,0.22939643
0,0.37979117
0,0.5609126
0,0.23688945
0,0.35811797
0,0.19169761
0,0.20434804
0,0.40935272
0,0.17968528
0,0.19631104
0,0.1654561
0,0.57899505
0,0.40756956
0,0.28679302
0,0.11573715
0,0.24282368
0,0.21598461
0,0.322344
0,0.16420992
0,0.30505124
0,0.57468843
0,0.43387794
0,0.1692005
0,0.27205288
0,0.32188454
0,0.25665256
0,0.24492094
0,0.3538965
0,0.38142484
0,0.5056351
0,0.24020864
0,0.33033344
0,0.43626654
0,0.8260857
0,0.34982398
0,0.24570753
0,0.3459262
0,0.19257896
0,0.18869805
0,0.12900741
0,0.46901157
0,0.35814703
0,0.25996515
0,0.1710614
0,0.16615915
0,0.16429959
0,0.2191263
0,0.36021918
0,0.31697652
0,0.1392208
0,0.24277009
0,0.29147866
0,0.17603852
0,0.2280653
0,0.6893825
0,0.34806746
0,0.6657422
0,0.24310994
0,0.18776487
0,0.20711558
0,0.44221798
0,0.28789926
0,0.10820412
0,0.15376085
0,0.14774004
0,0.19723605
0,0.25853112
0,0.22079003
0,0.18626958
0,0.18093869
0,0.19933082
0,0.36257476
0,0.36061734
0,0.2997815
0,0.3430511
0,0.19109555
0,0.6278843
0,0.36518404
0,0.22798243
0,0.75790966
0,0.6047235
0,0.21454547
0,0.4296235
0,0.23189211
0,0.18892239
0,0.23876183
0,0.13015355
0,0.18805182
0,0.27933976
0,0.26801446
0,0.25572002
0,0.1413402
0,0.64581853
0,0.38076654
0,0.27854422
0,0.3402569
0,0.22601314
0,0.71488184
0,0.25461462
0,0.18854618
0,0.16464983
0,0.519895
0,0.31363097
0,0.29558486
0,0.2584927
0,0.42942572
0,0.3389288
0,0.5518576
0,0.48989138
0,0.29520372
0,0.6829047
0,0.30969572
1,0.42047647
1,0.8321737
1,0.83822215
1,0.97249955
1,0.9479125
1,0.965014
1,0.9497848
1,0.9766916
1,0.9753269
1,0.9213261
1,0.8716948
1,0.85894895
1,0.91390026
1,0.87931436
1,0.98138213
1,0.9615781
1,0.966599
1,0.8338263
1,0.88327336
1,0.8134379
1,0.88435453
1,0.845162
1,0.9679213
1,0.9886895
1,0.9518331
1,0.98379695
1,0.89373666
1,0.8377648
1,0.70481396
1,0.8219129
1,0.9477033
1,0.96817446
1,0.94345367
1,0.9847009
1,0.92600757
1,0.77883214
1,0.8378058
1,0.90214014
1,0.8424415
1,0.95617765
1,0.9892368
1,0.9580931
1,0.9026594
1,0.8578486
1,0.7879097
1,0.75949436
1,0.725001
1,0.9408893
1,0.9569577
1,0.77314067
1,0.9628263
1,0.9030122
1,0.88298196
1,0.8856319
1,0.83490336
1,0.89299655
1,0.8847586
1,0.90739304
1,0.9914949
1,0.843954
1,0.8409371
1,0.92749625
1,0.8384428
1,0.8979576
1,0.9288759
1,0.9795148
1,0.9617666
1,0.9516461
1,0.8337677
1,0.92583406
1,0.88668597
1,0.8730384
1,0.9352008
1,0.9391976
1,0.9727985
1,0.97304314
1,0.9457729
1,0.9630633
1,0.9387433
1,0.9177441
1,0.8204163
1,0.8001826
1,0.9333193
1,0.9660746
1,0.98518175
1,0.96480435
1,0.7978448
1,0.96520805
1,0.91687316
1,0.8976878
1,0.90199155
1,0.8715073
1,0.9570656
1,0.98015195
1,0.940353
1,0.8811674
1,0.82298017
1,0.91722864
1,0.8176905
1,0.8977104
1,0.9447773
1,0.96204334
1,0.9744975
1,0.9049333
1,0.92683977
1,0.9453931
1,0.8047135
1,0.7889539
1,0.9557192
1,0.9850263
1,0.9595963
1,0.96198577
1,0.8520719
1,0.9165811
1,0.93237036
1,0.86026275
1,0.9534902
1,0.9692522
1,0.9538629
1,0.98556197
1,0.88459414
1,0.8770498
1,0.8328026
1,0.87552977
1,0.9595081
1,0.91310006
1,0.9476236
1,0.9566914
1,0.9846569
1,0.9110954
1,0.8559899
1,0.80079806
1,0.95967275
1,0.9581943
1,0.9218212
1,0.93321633
1,0.98044914
1,0.81394374
1,0.9022081
1,0.82492524
1,0.8465996
1,0.89172435
1,0.9353615
1,0.94279474
1,0.94641167
1,0.93744063
1,0.7386125
1,0.63369
1,0.9096657
1,0.8320942
1,0.9559438
1,0.9669252
1,0.99306774
1,0.9914125
1,0.8816933
1,0.8162144
1,0.8518275
1,0.81768864
1,0.8644205
1,0.969995
1,0.98751426
1,0.98220176
1,0.955507
1,0.90242714
1,0.95597285
1,0.784596
1,0.8015895
1,0.8066714
1,0.975347
1,0.97416717
1,0.94238603
1,0.84327084
1,0.82565016
1,0.831301
1,0.9617195
1,0.85662216
1,0.9641443
1,0.9558324
1,0.98470104
1,0.8817785
1,0.9798157
1,0.91096854
1,0.8603895
1,0.7454698
1,0.98351574
1,0.94764996
1,0.96222466
1,0.9560492
1,0.9589831
1,0.7990028
1,0.9479762
1,0.66751003
1,0.8551534
1,0.9650332
1,0.97896314
1,0.95169383
1,0.94009334
1,0.73254037
1,0.8635232
1,0.92710465
1,0.6644199
1,0.9531525
1,0.9905804
1,0.9650885
1,0.95953697
1,0.8775985
1,0.8595611
1,0.81910056
1,0.86812156
1,0.86145335
1,0.9815974
1,0.9551047
1,0.971643
1,0.7995848
1,0.8264324
1,0.881558
1,0.80296606
1,0.7827357
1,0.98976004
1,0.96131164
1,0.9785703
1,0.9852196
1,0.91626734
1,0.77114415
1,0.9329692
1,0.89067566
1,0.9523109
1,0.96585333
1,0.94828844
1,0.8959033
1,0.9560504
1,0.8938241
1,0.82484
1,0.9023952
1,0.9318153
1,0.9250377
1,0.9693702
1,0.93862486
1,0.9605081
1,0.8997656
1,0.86614513
1,0.870265
1,0.86335176
1,0.92512417
1,0.9628695
1,0.97799104
1,0.90421796
1,0.7726992
1,0.7737256
1,0.8236406
1,0.77904004
1,0.86819285
1,0.984597
1,0.954001
1,0.9624506
1,0.9606851
1,0.8669775
1,0.74865305
1,0.81233627
1,0.97237337
1,0.8975446
1,0.95043504
1,0.92984664
1,0.9911738
1,0.9459829
1,0.9180931
1,0.780549
1,0.8966539
1,0.9318673
1,0.881718
1,0.98138684
1,0.93757915
1,0.8988797
1,0.9431487
1,0.8197268
1,0.78016114
1,0.8845295
1,0.89182067
1,0.8151118
1,0.96974677
1,0.9424158
1,0.84756
1,0.86261535
1,0.8669996
1,0.86915493
1,0.88983756
1,0.92165315
1,0.96769977
1,0.9066171
1,0.8202747
1,0.9402499
1,0.82850695
1,0.80234003
1,0.9117608
1,0.8372055
1,0.97264105
1,0.9250655
1,0.9836263
1,0.9910601
1,0.952686
1,0.8269674
1,0.88532466
1,0.8108509
1,0.89734757
1,0.9513837
1,0.93566537
1,0.9334631
1,0.9334673
1,0.81043667
1,0.7933106
1,0.9394206
1,0.94443756
1,0.9251869
1,0.95825166
1,0.9910178
1,0.9293209
1,0.8520982
1,0.85406005
1,0.94686675
1,0.8281395
1,0.947187
1,0.9877318
1,0.93753254
1,0.8969973
1,0.86082155
1,0.88559526
1,0.9134205
1,0.88325495
1,0.8719425
1,0.97186315
1,0.9614349
1,0.96667504
1,0.92890686
1,0.78196627
1,0.8269217
1,0.93003005
1,0.6595495
1,0.96852666
1,0.9715189
1,0.97226983
1,0.97706324
1,0.91935664
1,0.81824905
1,0.87909204
1,0.6309549
1,0.908542
1,0.95004946
1,0.95397484
1,0.9078618
1,0.87126905
1,0.75369316
1,0.9092861
1,0.9069853
1,0.84111595
1,0.9757941
1,0.95083696
1,0.9168445
1,0.8319394
1,0.82778615
1,0.79518837
1,0.9299193
1,0.8315247
1,0.9267027
1,0.9723946
1,0.96451336
1,0.88691837
1,0.8102919
1,0.9177416
1,0.806866
1,0.8793081
1,0.91014826
1,0.9396602
1,0.9726247
1,0.9891583
1,0.97467846
1,0.9156114
1,0.89756763
1,0.84991384
1,0.8477489
1,0.918285
1,0.930352
1,0.92291623
1,0.96590316
1,0.88705295
1,0.9541597
1,0.8250972
1,0.88952917
1,0.7209252
1,0.97053623
1,0.9611407
1,0.9284501
1,0.9344258
1,0.87279034
1,0.92167443
1,0.96793383
1,0.8093602
1,0.9015152
1,0.9819647
1,0.9586984
1,0.9170026
1,0.97447556
1,0.86927515
1,0.8864495
1,0.7190505
1,0.8094342
1,0.9841924
1,0.90189534
1,0.9093571
1,0.9596036
1,0.7651477
1,0.7194227
1,0.6540593
1,0.8849182
1,0.9847232
1,0.94906133
1,0.9605378
1,0.9643066
1,0.7559018
1,0.8617353
1,0.7396814
1,0.7501126
1,0.8286815
1,0.8767176
1,0.9581265
1,0.9796591
1,0.954477
1,0.8949574
1,0.8431087
1,0.89466745
1,0.8769362
1,0.9422279
1,0.97177786
1,0.9771474
1,0.94171554
1,0.8203645
1,0.859286
1,0.7728097
1,0.578462
1,0.9026394
1,0.9836342
1,0.9076253
1,0.9005358
1,0.9708551
1,0.9593119
1,0.90291494
1,0.75743663
1,0.83735806
1,0.96305645
1,0.97151417
1,0.82661027
1,0.9656425
1,0.73815984
1,0.78763777
1,0.775939
1,0.8527397
1,0.7457792
1,0.89868116
1,0.9832175
1,0.87293804
1,0.92448086
1,0.7969882
1,0.9046316
1,0.7407935
1,0.9061445
1,0.9888416
1,0.9506581
1,0.9612989
1,0.8536677
1,0.8950094
1,0.8542151
1,0.8336702
1,0.94597274
1,0.91100156
1,0.980313
1,0.9685046
1,0.97055614
1,0.7658017
1,0.87071097
1,0.7987722
1,0.9485508
1,0.88908494
1,0.9732187
1,0.9927343
1,0.9905968
1,0.8348099
1,0.8236195
1,0.825633
1,0.910785
1,0.72845364
1,0.97051525
1,0.97104573
1,0.90349424
1,0.9234194
1,0.82839566
1,0.8704084
1,0.9084417
1,0.6041275
1,0.96566975
1,0.9611137
1,0.96901095
1,0.95522
1,0.83277375
1,0.8544867
1,0.8859078
1,0.88156134
1,0.9693485
1,0.93642545
1,0.9476864
1,0.89310104
1,0.87117094
1,0.82821673
1,0.9093515
1,0.77520865
1,0.9728994
1,0.9863537
1,0.951423
1,0.9438151
1,0.84286475
1,0.8944574
1,0.8046152
1,0.8910449
1,0.837411
1,0.9829227
1,0.9383947
1,0.91988987
1,0.93162227
1,0.7825472
1,0.8566737
1,0.76696926
1,0.9307792
1,0.94057506
1,0.9488283
1,0.9625519
1,0.94836724
1,0.9118934
1,0.82214266
1,0.9348801
1,0.88971066
1,0.7550994
1,0.9749033
1,0.9910908
1,0.95389783
1,0.9560612
1,0.8913483
1,0.9800851
1,0.95564896
1,0.81142783
1,0.87887794
1,0.97826433
1,0.9423173
1,0.9697887
1,0.96715844
1,0.96196896
1,0.93874884
1,0.92756003
1,0.9108183
1,0.79549754
1,0.95115244
1,0.96159065
1,0.9855123
1,0.8955347
1,0.84978
1,0.8312186
1,0.80039656
1,0.83838207
1,0.93633527
1,0.9636281
1,0.9497836
1,0.89920366
1,0.844985
1,0.7759989
1,0.8365244
1,0.9139546
1,0.9170408
1,0.9647122
1,0.98770493
1,0.939761
1,0.9659176
1,0.88919455
1,0.83741385
1,0.90874493
1,0.8171831
1,0.96287817
1,0.98423254
1,0.9310039
1,0.9804704
1,0.8418486
1,0.9085961
1,0.7215472
1,0.96779555
1,0.9801854
1,0.95976466
1,0.9376626
1,0.9736934
1,0.9734816
1,0.8727225
1,0.6054467
1,0.83474815
1,0.9319814
1,0.8753544
1,0.96873033
1,0.9359229
1,0.94597316
1,0.9631041
1,0.8459181
1,0.9340567
1,0.7871347
1,0.7606259
1,0.96920365
1,0.9434699
1,0.9755888
1,0.9362022
1,0.8993818
1,0.9201628
1,0.80089986
1,0.9418719
1,0.9314036
1,0.9503014
1,0.905934
1,0.9508859
1,0.8446311
1,0.74211067
1,0.7893344
1,0.8648471
1,0.8587997
1,0.9548289
1,0.96972144
1,0.9537548
1,0.8791363
1,0.9477032
1,0.91053194
1,0.9137968
1,0.8727409
1,0.97928417
1,0.88289267
1,0.99027306
1,0.84835404
1,0.8064599
1,0.777933
1,0.83505255
1,0.8088004
1,0.85145485
1,0.96756226
1,0.9749229
1,0.8378393
1,0.9394483
1,0.8414815
1,0.773082
1,0.9317404
1,0.8155193
1,0.9710419
1,0.979575
1,0.8625011
1,0.79134184
1,0.9358143
1,0.89289516
1,0.9281475
1,0.74325925
1,0.93368137
1,0.98746
1,0.9713004
1,0.905933
1,0.94206274
1,0.89935774
1,0.83400184
1,0.73738146
1,0.9671066
1,0.9582601
1,0.9704286
1,0.882822
1,0.85474485
1,0.8613986
1,0.78564596
1,0.75602543
1,0.9408072
1,0.9659352
1,0.9447289
1,0.89687437
1,0.81143486
1,0.83285373
1,0.8982081
1,0.91688687
1,0.93428385
1,0.8696821
1,0.97983974
1,0.9919945
1,0.84274286
1,0.7570223
1,0.72431445
1,0.855003
1,0.7610745
1,0.90318936
1,0.87244713
1,0.93386257
1,0.85639167
1,0.7219144
1,0.779181
1,0.7312814
1,0.90268964
1,0.9704493
1,0.9519881
1,0.96541625
1,0.88296485
1,0.57688594
1,0.71573746
1,0.9078892
1,0.8284989
1,0.92602533
1,0.9130554
1,0.96574634
1,0.98569715
1,0.937567
1,0.58080286
1,0.6583432
1,0.82926995
1,0.8456415
1,0.87905157
1,0.9356726
1,0.95768946
1,0.9219801
1,0.6569592
1,0.6766688
1,0.74672866
1,0.8592509
1,0.8852802
1,0.9800142
1,0.9844897
1,0.86890167
1,0.9574556
1,0.5679708
1,0.70708334
1,0.6278869
1,0.5507931
1,0.93059903
1,0.87639934
1,0.8205841
1,0.85364664
1,0.73625064
1,0.8701629
1,0.6076339
1,0.8845935
1,0.9047593
1,0.87518746
1,0.96898174
1,0.8918396
1,0.81098074
1,0.6866945
1,0.82136047
1,0.8757535
1,0.8282326
1,0.8638513
1,0.9274905
1,0.8752811
1,0.75591767
1,0.9137555
1,0.8847504
1,0.9392928
1,0.67234856
1,0.97727895
1,0.94049406
1,0.8622523
1,0.792602
1,0.7089422
1,0.9016212
1,0.59607697
1,0.76412076
1,0.8553633
1,0.8859801
1,0.94030136
1,0.9656826
1,0.82389677
1,0.69971645
1,0.8141751
1,0.80489045
1,0.85277915
1,0.94255006
1,0.92191917
1,0.9742212
1,0.83959496
1,0.9276467
1,0.743728
1,0.73710215
1,0.75014234
1,0.9108187
1,0.95434386
1,0.9236258
1,0.8967184
1,0.75609493
1,0.76745963
1,0.9014096
1,0.75859946
1,0.6845587
1,0.87932414
1,0.9249608
1,0.88379663
1,0.69880277
1,0.8521008
1,0.8392232
1,0.84672064
1,0.7503214
1,0.960653
1,0.9089896
1,0.91599137
1,0.9767517
1,0.9433882
1,0.8184011
1,0.9003175
1,0.77911174
1,0.8607548
1,0.6189302
0,0.2949023
0,0.35094902
1,0.6425866
1,0.80025154
1,0.7905815
1,0.82955897
1,0.9346678
1,0.96390676
1,0.84840876
1,0.943645
1,0.9478293
1,0.74346805
1,0.88428557
1,0.8415376
1,0.7645633
1,0.9471693
1,0.93531036
1,0.8420462
1,0.73730445
1,0.7411171
1,0.9011593
1,0.7888324
1,0.81301326
1,0.91541225
1,0.8933381
1,0.9319607
1,0.81415164
1,0.7856973
1,0.9099816
1,0.9743834
1,0.8997415
1,0.89295655
1,0.9195448
1,0.91345483
1,0.80788004
1,0.8726456
1,0.793736
1,0.71717936
1,0.7629387
1,0.8746319
1,0.9415763
1,0.85170674
1,0.7082547
1,0.7972666
1,0.7794738
1,0.58229417
1,0.5554973
1,0.84241563
1,0.87770134
1,0.8457181
1,0.8636409
1,0.8123888
1,0.90320617
1,0.69667584
1,0.7217263
1,0.7608051
1,0.960052
1,0.97663033
1,0.89096683
1,0.94072515
1,0.8978548
1,0.84009004
1,0.55290025
1,0.7624917
1,0.6570505
1,0.9505423
1,0.8010152
1,0.6601406
1,0.9503424
1,0.9315188
1,0.66289264
1,0.57290095
1,0.864858
1,0.9336154
1,0.90277684
1,0.9440354
1,0.924674
1,0.959365
1,0.68622804
1,0.75054747
1,0.7935062
1,0.80900496
1,0.91640556
1,0.87586826
1,0.95337445
1,0.88109154
1,0.7521102
1,0.72077477
1,0.804381
1,0.8834177
1,0.9609924
1,0.795979
1,0.8560456
1,0.80205953
1,0.8383839
1,0.8447403
1,0.78436005
1,0.8562922
1,0.8882402
1,0.9568704
1,0.8596807
1,0.90131277
1,0.8694199
1,0.63277984
1,0.76185465
1,0.7703772
1,0.83270574
1,0.9238448
1,0.7829224
1,0.85353744
1,0.84994274
1,0.7666273
1,0.61861026
1,0.6883474
1,0.88776606
1,0.9170082
1,0.9503061
1,0.9365321
1,0.8693267
1,0.94374883
1,0.8557515
1,0.8705343
1,0.82611394
1,0.78242934
1,0.90295637
1,0.9468284
1,0.90881
1,0.94753504
1,0.7055073
1,0.8211124
1,0.665138
1,0.74142134
1,0.91365856
1,0.9351649
1,0.9151738
1,0.93569136
1,0.8050309
1,0.7920046
1,0.83090514
1,0.5390101
1,0.74748677
1,0.94039345
1,0.8794361
1,0.9713453
1,0.9122219
1,0.7078049
1,0.8551123
1,0.801024
1,0.7057834
1,0.9219164
1,0.92982376
1,0.9002251
1,0.8681892
1,0.7796017
1,0.6460872
1,0.6927153
1,0.61370426
1,0.7346829
1,0.92941403
1,0.7164992
1,0.8560631
1,0.85569715
1,0.78051305
1,0.7798006
1,0.7851772
1,0.75047517
1,0.900892
1,0.8984166
1,0.9527806
1,0.86132026
1,0.74168223
1,0.74684036
1,0.6602531
1,0.6137548
1,0.69206464
1,0.96901834
1,0.96606666
1,0.9806213
1,0.73070264
1,0.85949373
1,0.6241504
1,0.96341306
1,0.72502375
1,0.81251717
1,0.8513185
1,0.92725676
1,0.9164877
1,0.74753255
1,0.77539736
1,0.9166079
1,0.7054193
1,0.69057846
1,0.92085683
1,0.86309034
1,0.8156177
1,0.8192543
1,0.7164184
1,0.8977814
1,0.86398673
1,0.79300886
1,0.7049567
1,0.81762815
1,0.8294196
1,0.8900648
1,0.7622965
1,0.7136689
1,0.7633655
1,0.5026995
1,0.71732455
1,0.90649045
1,0.9010323
1,0.86979806
1,0.9579821
1,0.8537397
1,0.76711345
1,0.7754718
1,0.6761257
1,0.78698194
1,0.9074918
1,0.96679294
1,0.8733872
1,0.7690015
1,0.8463368
1,0.7938639
1,0.76566464
1,0.71323067
1,0.89213747
1,0.8937836
1,0.9734249
1,0.9190598
1,0.7432356
1,0.81578404
1,0.65639496
1,0.7301886
1,0.86654
1,0.80741686
1,0.92049295
1,0.83436924
1,0.8082888
1,0.6962107
1,0.80637586
1,0.6474721
1,0.93523204
1,0.86842585
1,0.8137882
1,0.9427987
1,0.9333796
1,0.83277124
1,0.7469828
1,0.72831976
1,0.7047236
1,0.83857733
1,0.96978253
1,0.84771144
1,0.7422338
1,0.8732459
1,0.7364457
1,0.87262565
1,0.77759135
1,0.6266371
1,0.80909866
1,0.86118513
1,0.8764386
1,0.90450555
1,0.7486922
1,0.741343
1,0.77830625
1,0.7784859
1,0.9549848
1,0.9023359
1,0.9564124
1,0.93487155
1,0.93121034
1,0.77568525
1,0.88870883
1,0.780256
1,0.69881684
1,0.89806706
1,0.9360761
1,0.8600672
1,0.86660874
1,0.84400976
1,0.91781783
1,0.91383004
1,0.7850434
1,0.73319757
1,0.9332167
1,0.8444092
1,0.9264251
1,0.91817284
1,0.85068583
1,0.88637775
1,0.801059
1,0.77973694
1,0.7269111
1,0.9195602
1,0.93609065
1,0.72859246
1,0.8788995
1,0.6366231
1,0.7551966
1,0.6009044
1,0.585458
1,0.8688104
1,0.8129997
1,0.8267916
1,0.9212822
1,0.8348635
1,0.80929804
1,0.7859836
1,0.6106951
1,0.64285034
1,0.93367076
1,0.84582126
1,0.8534771
1,0.8437879
1,0.91377985
1,0.8226001
1,0.73172003
1,0.7919796
1,0.88151515
1,0.9526208
1,0.9160084
1,0.9369679
1,0.8363338
1,0.79806554
1,0.8327631
1,0.62605196
1,0.6516293
1,0.822371
1,0.8066343
1,0.8932985
1,0.9335224
1,0.62460184
1,0.77809477
1,0.8702335
1,0.8232268
1,0.78923124
1,0.9054086
1,0.87605083
1,0.95052475
1,0.71404904
1,0.8343738
1,0.86981326
1,0.8724511
1,0.8292871
1,0.9260986
1,0.9310645
1,0.9152676
1,0.78230935
1,0.7999393
1,0.77077913
1,0.79545385
1,0.8653894
1,0.8240891
1,0.9045009
1,0.798309
1,0.89072293
1,0.84594595
1,0.844255
1,0.8250499
1,0.60376817
1,0.9042413
1,0.87853557
1,0.8821266
1,0.9535411
1,0.84070903
1,0.80747366
1,0.8293199
1,0.8765475
1,0.8831547
1,0.86496407
1,0.85837245
1,0.9077134
1,0.8327194
1,0.7799106
1,0.7211657
1,0.7801174
1,0.651252
1,0.91277087
1,0.9422301
1,0.9166591
1,0.69405055
1,0.44763976
0,0.32805642
0,0.13039757
0,0.40321827
0,0.45905247
0,0.24685265
0,0.11824907
0,0.14222668
0,0.61096823
0,0.28880084
0,0.3965328
0,0.4010057
0,0.13706736
0,0.1815935
0,0.30797198
0,0.5590792
0,0.30975962
0,0.15321577
0,0.24547261
0,0.2437056
0,0.716109
0,0.18948154
0,0.88425595
0,0.15144141
0,0.18872909
0,0.18866807
0,0.28454813
0,0.3961898
0,0.25957355
0,0.29502654
0,0.2578614
0,0.6258107
0,0.2615897
0,0.52358973
0,0.23810336
0,0.16355263
0,0.23181629
0,0.31298223
0,0.332967
0,0.16683356
0,0.21707974
0,0.29099402
0,0.16382007
0,0.6612533
0,0.37379816
0,0.62859696
0,0.3803823
0,0.2851681
0,0.37279025
0,0.27752882
0,0.13464956
0,0.32588932
0,0.24083951
0,0.16762944
0,0.3718572
0,0.18483932
0,0.26550788
0,0.32234126
0,0.2263858
0,0.16802719
0,0.6970837
0,0.31432822
0,0.23221098
0,0.114963084
0,0.116478086
0,0.15708315
0,0.4747801
0,0.26053402
0,0.30980745
0,0.13639125
0,0.13276216
0,0.46005854
0,0.28290558
0,0.37941748
0,0.3208594
0,0.20169519
0,0.19231243
0,0.38611364
0,0.29649016
0,0.2231972
0,0.14597076
0,0.12899831
0,0.3952362
0,0.5644213
0,0.23311216
