y_true,y_prob
0,0.9938512
0,0.9650984
0,0.86364186
0,0.77491117
0,0.9676353
0,0.98515594
0,0.8862719
0,0.65369225
0,0.86689866
0,0.9861031
0,0.91662174
0,0.78252596
0,0.69925994
0,0.9864884
0,0.9094744
0,0.81643736
0,0.65155333
0,0.9926239
0,0.9430807
0,0.7648537
0,0.30388904
0,0.61297345
0,0.87456167
0,0.5015103
0,0.7157138
0,0.98945063
0,0.7193595
0,0.70272774
0,0.80112195
0,0.38038424
0,0.2386072
0,0.28425375
0,0.8984264
0,0.299395
0,0.9209626
0,0.9470716
0,0.75142175
0,0.097592175
0,0.18014458
0,0.47833267
0,0.88607174
0,0.79984415
0,0.9401613
0,0.9007913
0,0.60693514
0,0.83547264
0,0.19437172
0,0.71203816
0,0.83823496
0,0.94659334
0,0.5923646
0,0.47287735
0,0.13204747
0,0.58688605
0,0.6450954
0,0.23837255
0,0.61653686
0,0.83796144
0,0.7690089
0,0.9444077
0,0.9579514
0,0.9640682
0,0.6927191
0,0.33519796
0,0.82162035
0,0.65903544
0,0.4064501
0,0.2711351
0,0.38539255
0,0.29190618
0,0.52505434
0,0.40213674
0,0.8490646
0,0.8690756
0,0.7165398
0,0.95901436
0,0.9900551
0,0.8875612
0,0.36668697
0,0.42758268
0,0.2701765
0,0.7694353
0,0.89809465
0,0.8725119
0,0.85855293
0,0.9316272
0,0.8450837
0,0.8443109
0,0.7518539
0,0.7164936
0,0.79920536
0,0.92950416
0,0.6057242
0,0.322476
0,0.18429893
0,0.84309447
0,0.9465109
0,0.35580844
0,0.8857552
0,0.8616778
0,0.45594567
0,0.7709235
0,0.5172423
0,0.8905953
0,0.56341577
0,0.7448257
0,0.5415822
0,0.24096069
0,0.929502
0,0.66129845
0,0.8674235
0,0.36314398
0,0.95834386
0,0.6530053
0,0.77013063
0,0.54889363
0,0.6643543
0,0.34145078
0,0.4662093
0,0.4734856
0,0.97494626
0,0.93331176
0,0.871403
0,0.8559838
0,0.62057716
0,0.9095453
0,0.56006235
0,0.7081836
0,0.8626817
0,0.7927541
0,0.83767575
0,0.9367523
0,0.50285035
0,0.8750061
0,0.4983089
0,0.8146182
0,0.63733596
0,0.0815447
0,0.29967123
0,0.85547143
0,0.75583404
0,0.86640304
0,0.8241391
0,0.9481834
0,0.895668
0,0.22069119
0,0.8800117
0,0.9521651
0,0.9827625
0,0.7574421
0,0.9375778
0,0.96590984
0,0.7410124
0,0.9846235
0,0.7748802
0,0.9204902
0,0.5359363
0,0.9170085
0,0.66429675
0,0.852376
0,0.8828674
0,0.9713662
0,0.6858285
0,0.9126729
0,0.9536522
0,0.96425843
0,0.17277646
0,0.75514764
0,0.65011585
0,0.3232789
0,0.9124893
0,0.53386
0,0.3297515
0,0.24720328
0,0.47556722
0,0.72780794
0,0.8469393
0,0.566391
0,0.89668506
0,0.76166046
0,0.16829567
0,0.4471888
0,0.79636914
0,0.9484702
0,0.97981286
0,0.7157826
0,0.8078306
0,0.49004036
0,0.9161919
0,0.71204615
0,0.9876181
0,0.91197264
0,0.46927407
0,0.9454665
0,0.9119219
0,0.90352255
0,0.9469756
0,0.9812392
0,0.9010316
0,0.55147845
0,0.8729389
0,0.92409354
0,0.20156327
0,0.30482784
0,0.6877513
0,0.25054732
0,0.51924276
0,0.9729541
0,0.85016304
0,0.9700675
0,0.284495
0,0.91983354
0,0.8985079
0,0.1951284
0,0.9602028
0,0.3776396
0,0.8761172
0,0.36753318
0,0.44428456
0,0.9724361
0,0.94759345
0,0.21343733
0,0.8507838
0,0.92845154
0,0.9434382
0,0.9471304
0,0.43540817
0,0.58955437
0,0.7091184
0,0.33880165
0,0.2864117
0,0.53914243
0,0.77834314
0,0.21006425
0,0.9532947
0,0.9042011
0,0.8762626
0,0.598552
0,0.48172817
0,0.8832968
0,0.21433082
0,0.94240373
0,0.7970081
0,0.14210325
0,0.4943184
0,0.37495625
0,0.3957309
0,0.1527519
0,0.9160114
0,0.90926206
0,0.6539432
0,0.57545716
0,0.60601485
0,0.5303462
0,0.492538
0,0.7355866
0,0.78380746
0,0.93136376
0,0.91908205
0,0.38616413
0,0.79518986
0,0.9731408
0,0.9463026
0,0.5374769
0,0.9081078
0,0.93488646
0,0.5086311
0,0.38127887
0,0.5502129
0,0.7040804
0,0.27046376
0,0.3264872
0,0.90286905
0,0.75204897
0,0.9254985
0,0.76497173
0,0.34213278
0,0.92891365
0,0.65795463
0,0.4538344
0,0.23238908
0,0.6260599
0,0.8936641
0,0.9460755
0,0.79346657
0,0.494928
0,0.59290713
0,0.95927155
0,0.988321
0,0.933908
0,0.78236413
0,0.6521785
0,0.50623333
0,0.7271121
0,0.3251634
0,0.4224935
0,0.89010906
0,0.8380583
0,0.901822
0,0.92226356
0,0.7629036
0,0.8744429
0,0.9327191
0,0.7555058
0,0.4228562
0,0.9460839
0,0.54540414
0,0.95254993
0,0.106492765
0,0.28566054
0,0.5520737
0,0.39688843
0,0.9513809
0,0.53091025
0,0.96849614
0,0.8919577
0,0.8577446
0,0.6272938
0,0.7092232
0,0.25246966
0,0.7308785
0,0.7583821
0,0.90820456
0,0.8462796
0,0.9298236
0,0.45488998
0,0.7951877
0,0.9244832
0,0.78912336
0,0.9261198
0,0.86430347
0,0.81490284
0,0.46365604
0,0.6865307
0,0.88586664
0,0.19644998
0,0.92014885
0,0.3507901
0,0.62677395
0,0.9013147
0,0.30860168
0,0.7175909
0,0.8120255
0,0.9492956
0,0.61332464
0,0.7158397
0,0.21209155
0,0.79186875
0,0.4375761
0,0.6372423
0,0.8114251
0,0.8700417
0,0.27629104
0,0.6178285
0,0.6194826
0,0.6750547
0,0.7173983
0,0.8078092
0,0.534424
0,0.37956965
0,0.6958001
0,0.22854815
0,0.12672338
0,0.49137038
0,0.33944428
0,0.5424315
0,0.16905087
0,0.6981768
0,0.9287261
0,0.25175613
0,0.6517406
0,0.94728786
0,0.7450407
0,0.7544663
0,0.40452012
0,0.57241833
0,0.528397
0,0.8019227
0,0.9535192
0,0.90425646
0,0.764204
0,0.65491253
0,0.9201363
0,0.8545052
0,0.95188355
0,0.5377721
0,0.65560544
0,0.21869093
0,0.55994153
0,0.77178454
0,0.30631685
0,0.8952924
0,0.58110964
0,0.90141153
0,0.8080964
0,0.90597254
0,0.37267336
0,0.8336426
0,0.62165815
0,0.3223203
0,0.43538386
0,0.8223908
0,0.16999483
0,0.5008768
0,0.924743
0,0.5609882
0,0.24705604
0,0.4354508
0,0.8802245
0,0.7245754
0,0.9160677
0,0.8760188
0,0.62273324
0,0.7117186
0,0.753281
0,0.7957357
0,0.904337
0,0.31073174
0,0.80397874
0,0.5689904
0,0.43675426
0,0.75171304
0,0.8349902
0,0.1938948
0,0.3953358
0,0.8612205
0,0.76711977
0,0.32867274
0,0.66206396
0,0.78706527
0,0.5075383
0,0.7665237
0,0.3396739
0,0.35124013
0,0.34084266
0,0.8501084
0,0.49940917
0,0.9659502
0,0.77945566
0,0.5698552
0,0.3000739
0,0.96341294
0,0.8840903
0,0.6867034
0,0.6353484
0,0.55442125
0,0.18930137
0,0.8209047
0,0.6758893
0,0.69023806
0,0.3163351
0,0.7363913
0,0.6090535
0,0.25365782
0,0.18605137
0,0.85311013
0,0.21208581
0,0.32089937
0,0.7436048
0,0.55659693
0,0.80221397
0,0.9191457
0,0.17776465
0,0.284277
0,0.6711503
0,0.30180436
0,0.46624878
0,0.57114816
0,0.09427749
0,0.55808896
0,0.9172112
0,0.9282362
0,0.3672258
0,0.10118289
0,0.48953018
0,0.29678136
0,0.6774466
0,0.9385391
0,0.81348324
0,0.33613086
0,0.5615684
0,0.9053281
0,0.36348477
0,0.41306654
0,0.685209
0,0.7333074
0,0.8667814
0,0.8975659
0,0.9329807
0,0.9172132
0,0.5932113
0,0.96613806
0,0.4737774
0,0.9013769
0,0.46138003
0,0.48998734
0,0.07521969
0,0.4626828
0,0.8430915
0,0.100906886
0,0.10974756
0,0.2652685
0,0.3466243
0,0.8500486
0,0.7424194
0,0.903619
0,0.25679913
0,0.46564528
0,0.7054292
0,0.8481769
0,0.40417764
0,0.9504731
0,0.6257144
0,0.1528658
0,0.34361988
0,0.46947587
0,0.19839789
0,0.902178
0,0.8079449
0,0.93894607
0,0.8904098
0,0.9041827
0,0.80352753
0,0.4628099
0,0.89582264
0,0.7084352
0,0.55884594
0,0.8190376
0,0.81607085
0,0.92495596
0,0.8725401
0,0.956298
0,0.97247076
0,0.834267
0,0.84007394
0,0.85594624
0,0.45467746
0,0.32762447
0,0.7872564
0,0.89339125
0,0.64749676
0,0.19659655
0,0.8314413
0,0.82388955
0,0.94734216
0,0.891967
0,0.9744135
0,0.72682834
0,0.3333726
0,0.94204545
0,0.21471015
0,0.83063716
0,0.9648421
0,0.96474993
0,0.22967446
0,0.9689024
0,0.7776135
0,0.66033274
0,0.8382054
0,0.79546666
0,0.89317673
0,0.93554413
0,0.3972064
0,0.46337965
0,0.55352026
0,0.8565095
0,0.89899313
0,0.75374275
0,0.62842333
0,0.5301378
0,0.8087305
0,0.90309197
0,0.10844735
0,0.6033733
0,0.6666739
0,0.0759305
0,0.06963812
0,0.36913463
0,0.17264824
0,0.58218056
0,0.5258687
0,0.7708969
0,0.26217848
0,0.30436683
0,0.93283653
0,0.6801992
0,0.15411146
0,0.61100906
0,0.11686779
0,0.42162716
0,0.20947267
0,0.3184974
0,0.8719526
0,0.7818821
0,0.80119634
0,0.811424
0,0.63392895
0,0.84536827
0,0.57611436
0,0.5206343
0,0.35698092
0,0.46222687
0,0.6954208
0,0.45753732
0,0.19269618
0,0.10588929
0,0.565415
0,0.7039496
0,0.78736913
0,0.2502923
0,0.75902104
0,0.6249614
0,0.98715067
0,0.8842631
0,0.92596996
0,0.8756289
0,0.75847936
0,0.4283291
0,0.2751638
0,0.38520762
0,0.7134728
0,0.8414748
0,0.92298305
0,0.71943665
0,0.9049572
0,0.9260087
0,0.9290831
0,0.88802093
0,0.9622878
0,0.2585788
0,0.36498582
0,0.20797251
0,0.7406002
0,0.9159611
0,0.11395226
0,0.90414697
0,0.3227733
0,0.8912182
0,0.4869316
0,0.9900484
0,0.15681638
0,0.36335915
0,0.9790166
0,0.71234185
0,0.18693006
0,0.7151556
0,0.6196614
0,0.29783157
0,0.45596576
0,0.2543541
0,0.49149036
0,0.15928818
0,0.5168086
0,0.5265249
0,0.58595306
0,0.43806618
0,0.40901268
0,0.9199735
0,0.2958321
0,0.67535836
0,0.6150991
0,0.8190996
0,0.8079781
0,0.95824313
0,0.8695545
0,0.85880834
0,0.9225599
0,0.93674093
0,0.19176927
0,0.8272442
0,0.840183
0,0.86250776
0,0.86315393
0,0.838929
0,0.43336043
0,0.3945945
0,0.8753304
0,0.87450695
0,0.8592278
0,0.9544162
0,0.6429652
0,0.4481398
0,0.83244425
0,0.45259854
0,0.5625673
0,0.8547002
0,0.41541073
0,0.9617862
0,0.08362243
0,0.07323241
0,0.1280444
0,0.084744036
0,0.34191522
0,0.7317549
0,0.6016801
0,0.14095798
0,0.13402344
0,0.58690685
0,0.57190657
0,0.16241261
0,0.9172934
0,0.84473085
0,0.68730867
0,0.6973304
0,0.52807605
0,0.2620762
0,0.77200884
0,0.46119097
0,0.82273823
0,0.8336576
0,0.58883536
0,0.870125
0,0.07815166
0,0.15747926
0,0.88088375
0,0.5224318
0,0.2798028
0,0.97124815
0,0.47847137
0,0.8232205
0,0.8245166
0,0.93923736
0,0.75257194
0,0.60928106
0,0.8580806
0,0.8067817
0,0.789899
0,0.24146995
0,0.9390809
0,0.29591864
0,0.43978387
0,0.8938032
0,0.991678
0,0.06538491
0,0.90745753
0,0.16042955
0,0.37958744
0,0.7127914
0,0.4546793
0,0.18059057
0,0.7985571
0,0.85402095
0,0.7483903
0,0.6203861
0,0.5185108
0,0.96115524
0,0.9315882
0,0.9139401
0,0.91315573
0,0.7865296
0,0.33948138
0,0.9624462
0,0.6264576
0,0.8719954
0,0.9172101
0,0.9155798
0,0.76313764
0,0.88551044
0,0.9039845
0,0.6747934
0,0.78664804
0,0.45096427
0,0.2614965
0,0.24024254
0,0.76773506
0,0.62907434
0,0.68924874
0,0.48234236
0,0.85024107
0,0.29372507
0,0.17955245
0,0.9367822
0,0.7482052
0,0.22720365
0,0.78296584
0,0.83429325
0,0.975722
0,0.74429035
0,0.105655864
0,0.25151572
0,0.9117532
0,0.48252785
0,0.3461867
0,0.8650595
0,0.33307856
0,0.12949318
0,0.14243795
0,0.2574223
0,0.5982845
0,0.16617306
0,0.13097987
0,0.39235273
0,0.3537744
0,0.35757813
0,0.22896269
0,0.65659726
0,0.17735809
0,0.9706504
0,0.3852624
0,0.85400754
0,0.7821781
0,0.9154488
0,0.9716881
0,0.60551333
0,0.731431
0,0.31666887
0,0.8391149
0,0.18447052
0,0.078188166
0,0.5120773
0,0.33284706
0,0.2655433
0,0.87404335
0,0.78783005
0,0.30089316
0,0.3701454
0,0.6521001
0,0.6045952
0,0.2811652
0,0.35581633
0,0.48050466
0,0.51539755
0,0.5191112
0,0.5819147
0,0.66777116
0,0.3587972
0,0.39840317
0,0.7084062
0,0.29339805
0,0.91463584
0,0.7696303
0,0.9831277
0,0.40877447
0,0.6144047
0,0.5417935
0,0.52030766
0,0.4378682
0,0.1497217
0,0.74780786
0,0.42871168
0,0.3279317
0,0.56615394
0,0.45363474
0,0.90426695
0,0.7320928
0,0.7219072
0,0.7146231
0,0.29327035
0,0.73292464
0,0.8877698
0,0.43022102
0,0.8814249
0,0.47779757
0,0.7608263
0,0.89214754
0,0.8051015
0,0.1488307
0,0.60176873
0,0.07886828
0,0.24644805
0,0.4240844
0,0.22817646
0,0.26320454
0,0.6289792
0,0.09779953
0,0.61210066
0,0.92631584
0,0.3195603
0,0.4864833
0,0.64553887
0,0.8241551
0,0.20973606
0,0.28610864
0,0.06447248
0,0.2190289
0,0.80309397
0,0.61302704
0,0.30545464
0,0.28986883
0,0.5378636
0,0.39897633
0,0.53709745
0,0.817957
0,0.43385836
0,0.6400929
0,0.754829
0,0.27498117
0,0.6097246
0,0.32690158
0,0.65507996
0,0.66639936
0,0.53852826
0,0.42840275
0,0.5884852
0,0.87276345
0,0.77369696
0,0.89480186
0,0.7351766
0,0.82666963
0,0.91220254
0,0.6159134
0,0.8180753
0,0.9028593
0,0.55722284
0,0.50765765
0,0.6280572
0,0.4001677
0,0.76366377
0,0.47631606
0,0.34236962
0,0.552375
0,0.9830191
0,0.4963643
0,0.064952224
0,0.51287806
0,0.44068193
0,0.50025266
0,0.8577651
0,0.20528094
0,0.6712149
0,0.27899078
0,0.13373113
0,0.8610975
0,0.47421402
0,0.7361669
0,0.7053282
0,0.15228824
0,0.14468165
0,0.20664147
0,0.19128402
0,0.4671174
0,0.6718433
0,0.5918094
0,0.8405101
0,0.65026325
0,0.42734626
0,0.4057434
0,0.2720267
0,0.7810961
0,0.7199403
0,0.17219712
0,0.94674826
0,0.1727488
0,0.29942173
0,0.51319265
0,0.79601747
0,0.18128875
0,0.082888335
0,0.5038359
0,0.47138828
0,0.6198497
0,0.13033079
0,0.21528532
0,0.46452364
0,0.565461
0,0.28256306
0,0.9734012
0,0.32344618
0,0.6700933
0,0.623173
0,0.75893474
0,0.26690707
0,0.7918519
0,0.7924584
0,0.60874957
0,0.90494514
0,0.6684795
0,0.8895635
0,0.07647212
0,0.11297247
0,0.3915483
0,0.8282185
0,0.5061087
0,0.20696822
0,0.66640157
0,0.6465406
0,0.83519584
0,0.6876666
0,0.9506277
0,0.7624838
0,0.49205634
0,0.36150932
0,0.4840843
0,0.32653344
0,0.58577913
0,0.24255627
0,0.20412406
0,0.4765784
0,0.52349347
0,0.28629634
0,0.9040187
0,0.34122697
0,0.47898883
0,0.9143509
0,0.21091607
0,0.6130095
0,0.16143976
0,0.063054755
0,0.87566
0,0.7844513
0,0.92496395
0,0.29561287
0,0.93153876
0,0.3123826
0,0.7938818
0,0.36383557
0,0.63737136
0,0.627901
0,0.20710477
0,0.11089708
0,0.63232386
0,0.37211183
0,0.4162004
0,0.21867429
0,0.9532132
0,0.528075
0,0.7369974
0,0.9897261
0,0.3145094
0,0.22404654
0,0.91143394
0,0.23534745
0,0.23295663
0,0.7863616
0,0.34297866
0,0.7946716
0,0.21008632
0,0.24007317
0,0.41682002
0,0.9237788
0,0.34836584
0,0.47970176
0,0.5604536
0,0.2386608
0,0.7674711
0,0.17771637
0,0.21700923
0,0.7158569
0,0.18746984
0,0.32000107
0,0.2259346
0,0.339049
0,0.4391614
0,0.0725453
0,0.1351637
0,0.95264035
0,0.1570514
0,0.9926126
0,0.47860083
0,0.083535366
0,0.21241051
0,0.052960362
0,0.06932336
0,0.6697718
0,0.5154982
0,0.90832496
0,0.78606033
0,0.14803937
0,0.22938667
0,0.5951757
0,0.052310098
0,0.08420585
0,0.10745295
0,0.87221986
0,0.63309664
0,0.6043393
0,0.44921643
0,0.25742096
0,0.94642407
0,0.94705546
0,0.1712909
0,0.47981635
0,0.71179414
0,0.22248523
0,0.1991534
0,0.16756393
0,0.52920693
0,0.10063211
0,0.39726406
0,0.36005896
0,0.11613615
0,0.13713592
0,0.48653248
0,0.6539871
0,0.114458315
0,0.18341589
0,0.4246799
0,0.2902724
0,0.2310311
0,0.5957983
0,0.34624645
0,0.8215914
0,0.10835559
0,0.35122663
0,0.17376103
0,0.42404422
0,0.4447658
0,0.7065935
0,0.2896389
0,0.41794488
0,0.13162543
0,0.119278625
0,0.39027405
0,0.53464746
0,0.2992037
0,0.2197069
0,0.84765154
0,0.30470613
0,0.9364189
0,0.23382422
0,0.97246313
0,0.955765
0,0.14690211
0,0.9167283
0,0.9527385
0,0.17265452
0,0.105181105
0,0.060750104
0,0.89848584
0,0.19449171
0,0.27264532
0,0.9512304
0,0.8113902
0,0.59878415
0,0.16920102
0,0.32511672
0,0.10079994
0,0.06196081
0,0.34669453
0,0.50053275
0,0.35879296
0,0.2938431
0,0.73634636
0,0.15722507
0,0.26667076
0,0.80417526
0,0.8968565
0,0.74413496
0,0.81856596
0,0.87388796
0,0.6844386
0,0.180501
0,0.37892827
0,0.6887675
0,0.28712478
0,0.899001
0,0.5997779
0,0.31329727
0,0.33470124
0,0.1725696
0,0.61687136
0,0.13442974
0,0.4119687
0,0.8021051
0,0.21656194
0,0.101910494
0,0.1872779
0,0.11761908
0,0.35406882
0,0.31372723
0,0.7276474
0,0.087219425
0,0.21057934
0,0.17727858
0,0.27278578
0,0.65284777
0,0.41545805
0,0.13720903
0,0.20576525
0,0.2622931
0,0.049064796
0,0.058254577
0,0.21408224
0,0.34415743
0,0.3896887
0,0.60148716
0,0.41280907
0,0.1201562
0,0.48707944
0,0.394342
0,0.1898795
0,0.33308887
0,0.7477172
0,0.40289515
0,0.28037292
0,0.7410076
0,0.7500669
0,0.66598225
0,0.55657196
0,0.2939119
0,0.54131395
0,0.58158004
0,0.6605869
0,0.91105145
0,0.074629605
0,0.7313692
0,0.18323874
0,0.19335668
0,0.13618164
0,0.36440605
0,0.6468088
0,0.9262428
0,0.36740533
0,0.38731948
0,0.91745144
0,0.9466544
0,0.9175737
0,0.4869992
0,0.5115148
0,0.4144214
0,0.31001648
0,0.2142689
0,0.16991939
0,0.7397445
0,0.7020684
0,0.099628076
0,0.11517738
0,0.22064932
0,0.31285036
0,0.616522
0,0.873298
0,0.049117647
0,0.63497365
0,0.18727954
0,0.07653753
0,0.26896465
0,0.7262954
0,0.6726347
0,0.66899794
0,0.17691672
0,0.05894336
0,0.7518323
0,0.09852757
0,0.29556826
0,0.5503608
0,0.20781659
0,0.18540531
0,0.08672856
0,0.081872195
0,0.59677863
0,0.2449613
0,0.6806563
0,0.17506461
0,0.095325746
0,0.25738862
0,0.120415986
0,0.39890695
0,0.121530965
0,0.09314799
0,0.09216346
0,0.97191507
0,0.25624526
0,0.096438296
0,0.3052093
0,0.33871824
0,0.18143946
0,0.3048157
0,0.18359417
0,0.92573434
0,0.6829473
0,0.18340637
0,0.3653823
0,0.2694877
0,0.11756293
0,0.1836829
0,0.12900516
0,0.75152683
0,0.6444757
0,0.29726303
0,0.18285803
0,0.25249922
0,0.55902386
0,0.2114861
0,0.8976177
0,0.08241261
0,0.31950182
0,0.0703814
0,0.08459275
0,0.08483124
0,0.053766217
0,0.9113311
0,0.504975
0,0.29336438
0,0.34060356
0,0.81277394
0,0.20426412
0,0.15572006
0,0.23297645
0,0.13589716
0,0.18036349
0,0.7986018
0,0.7305684
0,0.7002841
0,0.52039856
0,0.25830263
0,0.38261825
0,0.9595128
0,0.28131244
0,0.33440512
0,0.5300502
0,0.16452555
0,0.9527411
0,0.3784599
0,0.32598236
0,0.36973265
0,0.48031092
0,0.16409224
0,0.60394675
0,0.22664005
0,0.77302843
0,0.103454866
0,0.36908752
0,0.23088425
0,0.16052166
0,0.29748103
0,0.65787095
0,0.3285847
0,0.23156866
0,0.9175134
0,0.6998027
0,0.30389717
0,0.58943784
0,0.14050438
0,0.27103525
0,0.16719845
0,0.2804309
0,0.6659749
0,0.95753753
0,0.27288264
0,0.67840797
0,0.16358921
0,0.7001953
0,0.03728335
0,0.1440219
0,0.3024622
0,0.09283965
0,0.45791575
0,0.20749381
0,0.7842065
0,0.31421483
0,0.62436163
0,0.9816675
0,0.6401945
0,0.79020816
0,0.058859322
0,0.71271074
0,0.07368558
0,0.9215453
0,0.06145964
0,0.109034434
0,0.09740307
0,0.25974736
0,0.17216583
0,0.07492921
0,0.103377104
0,0.1643362
0,0.18474452
0,0.8492878
0,0.28183565
0,0.27871427
0,0.69746864
0,0.34028003
0,0.69017905
0,0.96416336
0,0.6248202
0,0.4213199
0,0.29677203
0,0.2367217
0,0.14341345
0,0.080497995
0,0.5752148
0,0.08213984
0,0.4031302
0,0.48809615
0,0.24829504
0,0.2927345
0,0.4743306
0,0.2322017
0,0.7956013
0,0.8861531
0,0.4223082
0,0.31931916
0,0.09803833
0,0.13799483
0,0.12501009
0,0.16197948
0,0.6223631
0,0.29915816
0,0.11992219
0,0.21739285
0,0.26477915
0,0.17610623
0,0.054505683
0,0.21279511
0,0.3559133
0,0.58608216
0,0.20063412
0,0.42096135
0,0.076454416
0,0.09751171
0,0.21729155
0,0.28431466
0,0.2144619
0,0.04704192
0,0.3637096
0,0.12958832
0,0.5301723
0,0.2559894
0,0.8534579
0,0.84099686
0,0.18040694
0,0.1743049
0,0.33571896
0,0.88839823
0,0.06375934
0,0.14391951
0,0.16612324
0,0.06444455
0,0.15898375
0,0.098083295
0,0.14601889
0,0.51183385
0,0.09149514
0,0.09493258
0,0.31875205
0,0.2607937
0,0.8933732
0,0.59347403
0,0.57061774
0,0.052300725
0,0.11336898
0,0.6446432
0,0.97139806
0,0.50151145
0,0.70981663
0,0.22193728
0,0.69448835
0,0.3674986
0,0.22947323
0,0.586655
0,0.48717457
0,0.117017545
0,0.12994973
0,0.42437413
0,0.430824
0,0.19070385
0,0.9001037
0,0.37025562
0,0.78701323
0,0.35380813
0,0.42277226
0,0.50324327
0,0.44817865
0,0.52155656
0,0.5651037
0,0.77297914
0,0.76757824
0,0.23689106
0,0.42319998
0,0.41394076
0,0.6647704
0,0.71069473
0,0.7235808
0,0.40605935
0,0.6151266
0,0.112109326
0,0.71105593
0,0.06155145
0,0.90947497
0,0.7791578
0,0.11166117
0,0.19458698
0,0.18725057
0,0.46642715
0,0.7800091
0,0.3953872
0,0.59258765
0,0.9642156
0,0.9111972
0,0.3983132
0,0.8041873
0,0.42596668
0,0.22964253
0,0.5566408
0,0.43915054
0,0.9711085
0,0.82588947
0,0.7595537
0,0.7719966
0,0.25493082
0,0.46517536
0,0.093981676
0,0.6750653
0,0.21639457
0,0.47655118
0,0.8771778
0,0.15636642
0,0.12771969
0,0.38291475
0,0.9217177
0,0.7907143
0,0.6013053
0,0.22800152
0,0.7828936
0,0.47374973
0,0.49685642
0,0.49832365
0,0.91568303
0,0.13202505
0,0.6212615
0,0.6745918
0,0.96115875
0,0.15547484
0,0.43779
0,0.5255822
0,0.051985368
0,0.8800871
0,0.29917502
0,0.5824409
0,0.7058283
0,0.23851354
0,0.28210703
0,0.6581542
0,0.8956027
0,0.32156673
0,0.40453327
0,0.6947289
0,0.49186507
0,0.74141484
0,0.4045785
0,0.35371745
0,0.044923898
0,0.293586
0,0.10257563
0,0.31970602
0,0.50865954
0,0.5588596
0,0.32044917
0,0.66601807
0,0.3299323
0,0.89665556
0,0.23861882
0,0.7695468
0,0.23361416
0,0.8502153
0,0.72491014
0,0.15769438
0,0.053306594
0,0.7108936
0,0.72125435
0,0.39445278
0,0.81511897
0,0.4353527
0,0.4870681
0,0.93843156
0,0.4326428
0,0.89304143
0,0.59555477
0,0.14961888
0,0.62881815
0,0.13182227
0,0.7056702
0,0.7254
0,0.41128287
0,0.90499574
0,0.8526307
0,0.6133717
0,0.7536106
0,0.9463531
0,0.6274492
0,0.8793854
0,0.7575902
0,0.50925034
0,0.54214054
0,0.42547745
0,0.77484196
0,0.82103
0,0.71415854
0,0.12157618
0,0.10596496
0,0.13242798
0,0.79153574
0,0.8342904
0,0.44386706
0,0.10409758
0,0.36220405
0,0.6576913
0,0.49671933
0,0.40332678
0,0.5862451
0,0.84987515
0,0.7691134
0,0.8980524
0,0.94226694
0,0.9378721
0,0.7198136
0,0.9020305
0,0.8445041
0,0.7300139
0,0.4728749
0,0.15153345
0,0.70486546
0,0.5025718
0,0.42698932
0,0.16087855
0,0.12198737
0,0.2823425
0,0.9076981
0,0.3732589
0,0.21725562
0,0.7121003
0,0.39990923
0,0.27979028
0,0.7413038
0,0.5718894
0,0.20605646
0,0.5910718
0,0.5542705
0,0.21129973
0,0.78408253
0,0.6018293
0,0.89853984
0,0.46951675
0,0.53512937
0,0.76864827
0,0.45708063
0,0.1429826
0,0.9476147
0,0.22665894
0,0.7110391
0,0.6745129
0,0.98025835
0,0.9708481
0,0.5645543
0,0.4018501
0,0.6648821
0,0.8470773
0,0.24136204
0,0.13944818
0,0.14557278
0,0.70920026
0,0.7145515
0,0.41229352
0,0.9220887
0,0.9284763
0,0.26815173
0,0.50607234
0,0.27183402
0,0.650447
0,0.7779745
0,0.7415226
0,0.22431798
0,0.21849261
0,0.4942127
0,0.6142475
0,0.282244
0,0.87930256
0,0.9342046
0,0.72982174
0,0.805048
0,0.7752768
0,0.8054602
0,0.24948709
0,0.473314
0,0.9040973
0,0.58896244
0,0.45681077
0,0.840178
0,0.19281435
0,0.36542854
0,0.17023382
0,0.7628711
0,0.73219675
0,0.22686787
0,0.75038433
0,0.7495218
0,0.69889575
0,0.9854794
0,0.33233348
0,0.10553307
0,0.90453345
0,0.85996294
0,0.79171056
0,0.13918953
0,0.7514188
0,0.06999689
0,0.9758982
0,0.64177954
0,0.85688686
0,0.9884071
0,0.9062903
0,0.46146426
0,0.3471387
0,0.6468524
0,0.76650643
0,0.19635889
0,0.77402633
0,0.31712744
0,0.6005707
0,0.92969215
0,0.9245179
0,0.8805746
0,0.27622312
0,0.71599716
0,0.7834582
0,0.85167027
0,0.8957666
0,0.19413237
0,0.93745345
0,0.40366402
0,0.95677346
0,0.87155735
0,0.96589166
0,0.9731155
0,0.96910524
0,0.5134568
0,0.99658763
0,0.96456814
0,0.88520145
0,0.19754447
0,0.42881396
0,0.647301
0,0.20767415
0,0.90927744
0,0.8977491
0,0.75962657
0,0.97869736
0,0.9603058
0,0.9575719
0,0.9527714
0,0.9835223
0,0.71194535
0,0.74075675
0,0.8875658
0,0.9856347
0,0.95729494
0,0.85508525
0,0.77504903
0,0.8889407
0,0.21322791
0,0.7084846
0,0.9013354
0,0.9171211
0,0.9034907
0,0.7507124
0,0.5255357
0,0.67835253
0,0.77269095
0,0.7291727
0,0.5394891
0,0.86536855
0,0.9441544
0,0.85638905
0,0.9395938
0,0.93360054
0,0.6851473
0,0.7158812
0,0.95986867
0,0.4414448
0,0.68326294
0,0.6924025
0,0.12327331
0,0.28157943
0,0.9276906
0,0.74499685
0,0.33267906
0,0.7566092
0,0.90972185
0,0.9710796
0,0.6395005
0,0.9336769
0,0.88138056
0,0.7184342
0,0.5879476
0,0.38614663
0,0.8921836
0,0.7654555
0,0.9197048
0,0.23483127
0,0.4039292
0,0.09800623
0,0.1582275
0,0.17831686
0,0.15236169
0,0.54015565
0,0.81682
0,0.2855989
0,0.36764607
0,0.42737097
0,0.5233152
0,0.98453736
0,0.49455732
0,0.4185341
0,0.34782192
0,0.7312973
0,0.8456502
0,0.4350204
0,0.20926651
0,0.95261276
0,0.7248317
0,0.38194698
0,0.07034842
0,0.7655632
0,0.36200616
0,0.9076937
0,0.79299456
0,0.5968336
0,0.5817119
0,0.5297021
0,0.2951055
0,0.7428468
0,0.8436817
0,0.3998255
0,0.70797163
0,0.4565526
0,0.7208333
0,0.5861004
0,0.5552168
0,0.77062064
0,0.16212521
0,0.31063178
0,0.57806724
0,0.67527264
0,0.8954764
0,0.8759013
0,0.8627496
0,0.34306958
0,0.102651335
0,0.30254945
0,0.39391047
0,0.39769146
0,0.5341633
0,0.7879408
0,0.5535695
0,0.28152668
0,0.87650484
0,0.8205712
0,0.66356665
0,0.24017666
0,0.9613492
0,0.82586944
0,0.9616237
0,0.63778794
0,0.86820984
0,0.57801884
0,0.6945275
0,0.235686
0,0.8864296
0,0.6859174
0,0.7997425
0,0.6706057
0,0.32984924
0,0.8613115
0,0.6211562
0,0.72258866
0,0.42557207
0,0.5191646
0,0.34560528
0,0.18558754
0,0.2975835
0,0.18389928
0,0.96496093
0,0.86320835
0,0.8465741
0,0.8179321
0,0.8224432
0,0.21066834
0,0.96011686
0,0.65932256
0,0.35245606
0,0.72445107
0,0.15564911
0,0.11063512
0,0.33406174
0,0.2176054
0,0.49852368
0,0.08411874
0,0.28919536
0,0.42373803
0,0.2681296
0,0.533713
0,0.38633573
0,0.098384164
0,0.3966952
0,0.6011044
0,0.8481315
0,0.37001282
0,0.89177233
0,0.7676003
0,0.68075097
0,0.8267885
0,0.5004948
0,0.8279393
0,0.96604407
0,0.92539036
0,0.8097634
0,0.57863426
0,0.39587495
0,0.14209893
0,0.66479903
0,0.8191919
0,0.9565739
0,0.8949586
0,0.8571952
0,0.32620224
0,0.9054502
0,0.34814322
0,0.7958926
0,0.9245438
0,0.9541553
0,0.60320276
0,0.3655155
0,0.8107508
0,0.43731493
0,0.6579699
0,0.5845254
0,0.9374843
0,0.1953119
0,0.5471814
0,0.7245596
0,0.5590206
0,0.81320137
0,0.12421961
0,0.26133993
0,0.7141052
0,0.66560364
0,0.18174362
0,0.23205073
0,0.74823856
0,0.74085397
0,0.43599352
0,0.85340506
0,0.92679024
0,0.8343589
0,0.19025402
0,0.88727856
0,0.17301114
0,0.752129
0,0.11618388
0,0.3954576
0,0.72402406
0,0.73898673
0,0.11007721
0,0.8718744
0,0.15828887
0,0.4521929
0,0.20607775
0,0.6231198
0,0.556527
0,0.83223015
0,0.5468048
0,0.70949984
0,0.5828967
0,0.43874463
0,0.14121902
0,0.8797871
0,0.17491613
0,0.86609393
0,0.31312075
0,0.25480223
0,0.60416144
0,0.84020734
0,0.9119759
0,0.98641866
0,0.2523002
0,0.14349297
0,0.70909405
0,0.4509884
0,0.628527
0,0.6501871
0,0.5959407
0,0.7393825
0,0.1844443
0,0.56484294
0,0.29103097
0,0.6590909
0,0.87630945
0,0.75318
0,0.89212734
0,0.51915157
0,0.64602184
0,0.78717816
0,0.21553831
0,0.58916724
0,0.1845781
0,0.35045663
0,0.43869123
0,0.5487063
0,0.42190403
0,0.63242996
0,0.97065777
0,0.7280184
0,0.7628453
0,0.78889585
0,0.8001399
0,0.4112582
0,0.5363414
0,0.5715152
0,0.4798567
0,0.49746034
0,0.25302178
0,0.5727065
0,0.8251008
0,0.8753079
0,0.8515963
0,0.5498722
0,0.17518786
0,0.14244916
0,0.58075655
0,0.57181287
0,0.35454166
0,0.48600253
0,0.8156064
0,0.18317914
0,0.4537152
0,0.95155054
0,0.6216971
0,0.62170523
0,0.7382107
0,0.283277
0,0.51963294
0,0.77863514
0,0.19545105
0,0.95849586
0,0.77842987
0,0.919708
0,0.34623122
0,0.8994025
0,0.7795351
0,0.81715995
0,0.8216964
0,0.4932689
0,0.7113739
0,0.43280727
0,0.7077333
0,0.88181955
0,0.2565485
0,0.7648402
0,0.32817087
0,0.28054073
0,0.4441861
0,0.87553114
0,0.7531707
0,0.8068472
0,0.72268945
0,0.8559466
0,0.9685894
0,0.6153194
0,0.12604831
0,0.36325347
0,0.5059816
0,0.14301744
0,0.6019635
0,0.5112757
0,0.12786527
0,0.41912502
0,0.21040267
0,0.17109534
0,0.35304508
0,0.81352
0,0.22553383
0,0.63074803
0,0.745251
0,0.52920467
0,0.102858804
0,0.75495684
0,0.57345176
0,0.32401812
0,0.27735057
0,0.71856123
0,0.8424503
0,0.8536311
0,0.35820976
0,0.4999535
0,0.32482642
0,0.22809476
0,0.5800036
0,0.2623866
0,0.96751696
0,0.8889017
0,0.81748855
0,0.29033747
0,0.67408
0,0.87283003
0,0.52872217
0,0.37170845
0,0.6091853
0,0.2178995
0,0.48918802
0,0.35982442
0,0.37989733
0,0.23148638
0,0.9770437
0,0.11128611
0,0.83741945
0,0.19593161
0,0.1177279
0,0.77480835
0,0.4095025
0,0.32234654
0,0.28218624
0,0.29499733
0,0.13914971
0,0.13583697
0,0.09258864
0,0.52081066
0,0.6006242
0,0.5213808
0,0.71805185
0,0.046264425
0,0.3063701
0,0.90221334
0,0.9713367
0,0.85544837
0,0.92126995
0,0.3953571
0,0.6479828
0,0.20169124
0,0.32066414
0,0.9139022
0,0.7586119
0,0.82432497
0,0.812215
0,0.8689503
0,0.7353357
0,0.63741446
0,0.58440655
0,0.6352428
0,0.7457343
0,0.53625816
0,0.70623076
0,0.17558439
0,0.43593937
0,0.25157622
0,0.23228253
0,0.19064072
0,0.40623367
0,0.5908423
0,0.6334663
0,0.4503947
0,0.074237
0,0.2813694
0,0.9387818
0,0.1329023
0,0.40848485
0,0.32246143
0,0.31972334
0,0.7986889
0,0.14297646
0,0.29768
0,0.14151315
0,0.4527319
0,0.6314081
0,0.28316218
0,0.26856425
0,0.05731866
0,0.17602059
0,0.8323306
0,0.9232045
0,0.44747275
0,0.88711613
0,0.31835738
0,0.090111196
0,0.91597646
0,0.40685004
0,0.8183073
0,0.8993587
0,0.57480985
0,0.67842495
0,0.14137778
0,0.28485167
0,0.71893406
0,0.7240679
0,0.6721402
0,0.8424263
0,0.3979433
0,0.16129926
0,0.8652721
0,0.57309484
0,0.9835609
0,0.94330066
0,0.6847669
0,0.8635782
0,0.078535974
0,0.19624908
0,0.5399946
0,0.35329148
0,0.9285458
0,0.19823644
0,0.20655079
0,0.5797348
0,0.5119964
0,0.83958703
0,0.66308945
0,0.060074873
0,0.5031138
0,0.36951908
0,0.93491226
0,0.16380434
0,0.23162828
0,0.36762407
0,0.29009786
0,0.17098281
0,0.8943665
0,0.9650253
0,0.28926253
0,0.67152923
0,0.46743557
0,0.12108657
0,0.36250725
0,0.198904
0,0.17844044
0,0.69621867
0,0.19638413
0,0.4065631
0,0.13683163
0,0.2837655
0,0.2317274
0,0.35540262
0,0.4895711
0,0.4344425
0,0.22624263
0,0.91133374
0,0.5761982
0,0.8873679
0,0.12492438
0,0.7533033
0,0.21129501
0,0.9559168
0,0.48494133
0,0.7160877
0,0.25871718
0,0.57037187
0,0.69201714
0,0.20246665
0,0.569276
0,0.19071372
0,0.16759543
0,0.63648057
0,0.68792695
0,0.5981321
0,0.79515475
0,0.16316754
0,0.31469798
0,0.12997338
0,0.2158596
0,0.27067465
0,0.15594795
0,0.98603547
0,0.064255446
0,0.105326906
0,0.53991127
0,0.5609747
0,0.15943559
0,0.24481772
0,0.096020624
0,0.28946698
0,0.49565607
0,0.8268969
0,0.7910586
0,0.541011
0,0.57776314
0,0.91045487
0,0.5306621
0,0.49873897
0,0.78837216
0,0.64021766
0,0.91473925
0,0.6784328
0,0.3730875
0,0.9525085
0,0.77584124
0,0.97356045
0,0.40886596
0,0.498218
0,0.1623304
0,0.17901044
0,0.1898152
0,0.187998
0,0.6599666
0,0.9499238
0,0.84355193
0,0.5414987
0,0.70074815
0,0.8296392
0,0.46757385
0,0.22095257
0,0.1730968
0,0.62608665
0,0.12860511
0,0.26740795
0,0.12514183
0,0.055241626
0,0.7343649
0,0.6887916
0,0.8598487
0,0.6704894
0,0.77277523
0,0.69741756
0,0.8687246
0,0.30440962
0,0.6072552
0,0.14741603
0,0.28589594
0,0.12779441
0,0.20399275
0,0.102751724
0,0.29246005
0,0.35708684
0,0.797474
0,0.7801384
0,0.38191602
0,0.36011022
0,0.9340345
0,0.21270911
0,0.942513
0,0.32377902
0,0.37592748
0,0.14152822
0,0.24794266
0,0.9107457
0,0.4610376
0,0.124924585
0,0.74143374
0,0.06421156
0,0.20052056
0,0.5350691
0,0.06446345
0,0.12703703
0,0.13393502
0,0.31055605
0,0.2686767
0,0.32796592
0,0.3862265
0,0.40410683
0,0.13859242
0,0.13632372
0,0.7139885
0,0.3799999
0,0.14249848
0,0.23109148
0,0.3957921
0,0.11933708
0,0.19858322
0,0.4271883
0,0.08267046
0,0.19541599
0,0.65625733
0,0.22055006
0,0.9528874
0,0.05407153
0,0.7866173
0,0.2723544
0,0.11029231
0,0.19297093
0,0.16407703
0,0.07446024
0,0.22006157
0,0.24521422
0,0.89340943
0,0.29257262
0,0.38653877
0,0.15220602
0,0.35110548
0,0.25718462
0,0.06794763
0,0.617094
0,0.34206116
0,0.24556062
0,0.21987644
0,0.23118536
0,0.17962484
0,0.1093986
0,0.397042
0,0.52348787
0,0.16896407
0,0.10502783
0,0.07628288
0,0.88903004
0,0.7895639
0,0.3258954
0,0.7323575
0,0.20943543
0,0.06516565
0,0.057232052
0,0.15122032
0,0.10794301
0,0.11655906
0,0.16532715
0,0.18675217
0,0.1855377
0,0.6462199
0,0.2962238
0,0.2150997
0,0.085451484
0,0.1679631
0,0.08064925
0,0.13492306
0,0.28093338
0,0.19043209
0,0.6817159
0,0.19590653
0,0.33936936
0,0.93347204
0,0.089216314
0,0.0845775
0,0.5523661
0,0.24678317
0,0.37832773
0,0.09750726
0,0.17996997
0,0.7222392
0,0.47190633
0,0.84488803
0,0.2041029
0,0.72376776
0,0.47202143
0,0.17989904
0,0.92401254
0,0.60117376
0,0.5861896
0,0.56204814
0,0.085306264
0,0.40279463
0,0.32552195
0,0.107888624
0,0.64111775
0,0.47675425
0,0.18682617
0,0.5550951
0,0.16675036
0,0.17933555
0,0.30315435
0,0.17455637
1,0.17547138
1,0.97860307
1,0.923294
1,0.84222674
1,0.98794264
1,0.9932579
1,0.99380785
1,0.99745685
1,0.9740441
1,0.9799422
1,0.9823979
1,0.9935468
1,0.9641921
1,0.8457297
1,0.82697713
1,0.9924937
1,0.96194625
1,0.95583385
1,0.9948194
1,0.97377354
1,0.9413071
1,0.89336187
1,0.98039895
1,0.9533767
1,0.70018506
1,0.5270887
1,0.647854
1,0.6040634
1,0.9008348
1,0.59793055
1,0.9834058
1,0.9745448
1,0.79848784
1,0.949434
1,0.87929374
1,0.93286514
1,0.8731723
1,0.6680476
1,0.974374
1,0.80979514
1,0.9338981
1,0.68823314
1,0.94765574
1,0.95665973
1,0.95289606
1,0.15779965
1,0.9761326
1,0.23610237
1,0.87497014
1,0.98551124
1,0.760817
1,0.96158844
1,0.87441796
1,0.9850796
1,0.9994536
1,0.9256803
1,0.48720342
1,0.7486012
1,0.65332663
1,0.9881465
1,0.9873406
1,0.6556625
1,0.851663
1,0.5985012
1,0.93072224
1,0.6295052
1,0.32363135
1,0.9493186
1,0.9679952
1,0.9951592
1,0.8690858
1,0.7143764
1,0.850495
1,0.93860525
1,0.92877245
1,0.50018924
1,0.80958694
1,0.5276962
1,0.95703316
1,0.9924638
1,0.9373947
1,0.934062
1,0.9947234
1,0.9972287
1,0.79197484
1,0.67548746
1,0.9483644
1,0.98100835
1,0.9825599
1,0.98709106
1,0.98449624
1,0.98883945
1,0.9981359
1,0.8913626
1,0.9891985
1,0.790685
1,0.6980406
1,0.9621617
1,0.63265383
1,0.9168097
1,0.8943629
1,0.9913162
1,0.98457193
1,0.97866267
1,0.83303034
1,0.9355746
1,0.9665894
1,0.68761754
1,0.80313295
1,0.95966685
1,0.9723424
1,0.9958728
1,0.7641101
1,0.9062832
1,0.541995
1,0.95385295
1,0.84533453
1,0.9809482
1,0.62562126
1,0.75378585
1,0.99639314
1,0.68433756
1,0.97520965
1,0.98285174
1,0.92315537
1,0.9596911
1,0.99324185
1,0.90961415
1,0.99651164
1,0.99865437
1,0.99614584
1,0.7819392
1,0.9524802
1,0.09105854
1,0.71660376
1,0.94200087
1,0.83546555
1,0.67363787
1,0.83226913
1,0.99680376
1,0.82670176
1,0.8940989
1,0.9949851
1,0.93138725
1,0.9967445
1,0.80659115
1,0.80851865
1,0.97822475
1,0.9947042
1,0.9926607
1,0.97644866
1,0.93760115
1,0.99813
1,0.9628122
1,0.98133725
1,0.89912254
1,0.93646353
1,0.88336
1,0.9991097
1,0.9785929
1,0.90732175
1,0.85048574
1,0.26136827
1,0.9935312
1,0.98900735
1,0.89760125
1,0.99368834
1,0.98497677
1,0.92977995
1,0.9835868
1,0.9788063
1,0.96321297
1,0.7764499
1,0.9951934
1,0.8944685
1,0.9844565
1,0.85363406
1,0.9882697
1,0.9892253
1,0.9726389
1,0.9925182
1,0.8958085
1,0.95603174
1,0.9942565
1,0.95778525
1,0.6238359
1,0.9957327
1,0.980756
1,0.727348
1,0.7571793
1,0.9965519
1,0.23334466
1,0.70284647
1,0.99171925
1,0.85346895
1,0.6378243
1,0.96342623
1,0.95794505
1,0.98388773
1,0.9894412
1,0.12182347
1,0.96596056
1,0.97754514
1,0.8969628
1,0.96471846
1,0.9669321
1,0.9963954
1,0.7633557
1,0.9718103
1,0.973554
1,0.95056134
1,0.8447663
1,0.9668879
1,0.9299944
1,0.660085
1,0.9157315
1,0.97682524
1,0.9793762
1,0.48085845
1,0.95749885
1,0.9818336
1,0.59824485
1,0.9581349
1,0.97352254
1,0.9404873
1,0.99864346
1,0.7085506
1,0.89148366
1,0.9322011
1,0.9732487
1,0.9936714
1,0.88244325
1,0.9462189
1,0.993839
1,0.96696
1,0.96350133
1,0.9373056
1,0.9929757
1,0.97331196
1,0.95762986
1,0.956935
1,0.8891555
1,0.8408683
1,0.8925156
1,0.93104124
1,0.90342265
1,0.9442411
1,0.9424541
1,0.8719054
1,0.97421175
1,0.98325807
1,0.9030672
1,0.33904335
1,0.80098826
1,0.71297127
1,0.9917779
1,0.14371988
1,0.7632802
1,0.34120876
1,0.9649455
1,0.5761127
1,0.8744586
1,0.93808156
1,0.99287486
1,0.9807475
1,0.9894406
1,0.97358084
1,0.7809284
1,0.9429541
1,0.96117383
1,0.87305576
1,0.3716505
1,0.97501785
1,0.9834305
1,0.96819466
1,0.9887798
1,0.9249171
1,0.9851017
1,0.6023407
1,0.9796311
1,0.94113845
1,0.99420315
1,0.9397518
1,0.9570955
1,0.7439363
1,0.46033332
1,0.946082
1,0.9608506
1,0.9130672
1,0.8789725
1,0.62269306
1,0.9237274
1,0.79364437
1,0.64818007
1,0.591754
1,0.7474525
1,0.9691518
1,0.917309
1,0.87527114
1,0.9892926
1,0.91656035
1,0.9979658
1,0.664946
1,0.93651366
1,0.9003578
1,0.6863425
1,0.98006845
1,0.9357051
1,0.8357734
1,0.9514476
1,0.92160875
1,0.9927897
1,0.6591454
1,0.9837531
1,0.29796717
1,0.9969301
1,0.98473686
1,0.4904292
1,0.9869033
1,0.91076964
1,0.99930274
1,0.5211407
1,0.98506063
1,0.9861692
1,0.9588782
1,0.9820879
1,0.99578446
1,0.9908825
1,0.97916013
1,0.9194986
1,0.97754765
1,0.9940256
1,0.9828561
1,0.8836634
1,0.97919285
1,0.9813068
1,0.73142225
1,0.97942895
1,0.64179003
1,0.7959579
1,0.9789159
1,0.98559964
1,0.43955645
1,0.98513246
1,0.9363744
1,0.7448533
1,0.9962606
1,0.845668
1,0.98564017
1,0.99674726
1,0.98747605
1,0.9859898
1,0.93805724
1,0.9799855
1,0.99456936
1,0.48092946
1,0.9958243
1,0.97882307
1,0.8208131
1,0.994416
1,0.96678793
1,0.99137455
1,0.96689326
1,0.9774819
1,0.9929148
1,0.9973561
1,0.9907552
1,0.85753495
1,0.9855928
1,0.9469016
1,0.99856
1,0.99331987
1,0.9452191
1,0.98877186
1,0.9974401
1,0.97720474
1,0.98840606
1,0.97648513
1,0.995282
1,0.9377243
1,0.99747
1,0.8650135
1,0.74472606
1,0.9014294
1,0.99152666
1,0.99781656
1,0.9392918
1,0.998998
1,0.89589334
1,0.98208565
1,0.9689297
1,0.9768869
1,0.6653133
1,0.7338338
1,0.9347743
1,0.9950703
1,0.993089
1,0.9893581
1,0.9976714
1,0.9932121
1,0.9970247
1,0.9141016
1,0.9993425
1,0.9995325
1,0.983144
1,0.93194187
1,0.91283834
1,0.991433
1,0.99639493
1,0.861606
1,0.9926852
1,0.9167602
1,0.9907828
1,0.9968695
1,0.96832097
1,0.9946296
1,0.8134799
1,0.996826
1,0.81084466
1,0.8445596
1,0.99074346
1,0.9890387
1,0.788424
1,0.970817
1,0.8163389
1,0.9558452
1,0.9326405
1,0.997288
1,0.9875046
1,0.9929686
1,0.98465216
1,0.9995354
1,0.96416724
1,0.96810776
1,0.97782385
1,0.99337864
1,0.9984755
1,0.9343721
1,0.98878187
1,0.99313545
1,0.86010414
1,0.9984875
1,0.91042274
1,0.9903572
1,0.9887623
1,0.9985871
1,0.798216
1,0.9753784
1,0.9966623
1,0.9567037
1,0.9990973
1,0.9252938
1,0.9846026
1,0.9897585
1,0.6215753
1,0.87890965
1,0.9669393
1,0.9623413
1,0.9990651
1,0.89336884
1,0.9765597
1,0.98239124
1,0.9834997
1,0.9984723
1,0.98180103
1,0.97654676
1,0.94462836
1,0.22131507
1,0.9994413
1,0.9951119
1,0.99134904
1,0.9983746
1,0.9750162
1,0.96731
1,0.78508735
1,0.98741734
1,0.9795585
1,0.99538624
1,0.9557671
1,0.87978286
1,0.8762158
1,0.9526658
1,0.9986833
1,0.97177625
1,0.9842418
1,0.85784537
1,0.8543213
1,0.9624108
1,0.99599904
1,0.9419892
1,0.98624897
1,0.93477154
1,0.99781084
1,0.85897243
1,0.96135163
1,0.9789436
1,0.9220445
1,0.99377793
1,0.98669755
1,0.99944097
1,0.9506092
1,0.8696103
1,0.9206747
1,0.94907874
1,0.98553294
1,0.9920954
1,0.9974891
1,0.96543235
1,0.99880517
1,0.9805464
1,0.9940588
1,0.9995905
1,0.9988555
1,0.9739226
1,0.7649758
1,0.9026511
1,0.9911199
1,0.9989901
1,0.997431
1,0.99562466
1,0.7968244
1,0.99859387
1,0.99382186
1,0.8497296
1,0.93720645
1,0.94745195
1,0.9939137
1,0.80719835
1,0.95463
1,0.94503546
1,0.49190286
1,0.9987036
1,0.9884256
1,0.99230665
1,0.98434526
1,0.9902698
1,0.99821043
1,0.9801885
1,0.9975521
1,0.80403185
1,0.99962544
1,0.99893993
1,0.9891405
1,0.9977392
1,0.98516995
1,0.9868579
1,0.9683805
1,0.9961289
1,0.9754264
1,0.67863446
1,0.99528176
1,0.93809426
1,0.99851876
1,0.76425177
1,0.96207756
1,0.993361
1,0.89100415
1,0.98825455
1,0.9703922
1,0.8429227
1,0.9917828
1,0.99091935
1,0.99821717
1,0.96235245
1,0.92429656
1,0.99632424
1,0.98205644
1,0.78396034
1,0.9966673
1,0.9870417
1,0.9990735
1,0.9838791
1,0.9925593
1,0.9912208
1,0.9886368
1,0.9871028
1,0.9113089
1,0.9818447
1,0.9941176
1,0.98663795
1,0.99667287
1,0.9929316
1,0.96507424
1,0.97079843
1,0.97808343
1,0.99020505
1,0.9927918
1,0.9012692
1,0.99193513
1,0.9889514
1,0.9879192
1,0.9010049
1,0.76892686
1,0.94895333
1,0.96750057
1,0.9925523
1,0.99562454
1,0.99064404
1,0.96778184
1,0.9601059
1,0.99595624
1,0.9918023
1,0.70710015
1,0.9989066
1,0.5780245
1,0.9916276
1,0.9482401
1,0.99755293
1,0.8402244
1,0.68006384
1,0.99204683
1,0.96854365
1,0.9654673
1,0.9951633
1,0.9742803
1,0.9958866
1,0.9666755
1,0.9668317
1,0.67596966
1,0.98804796
1,0.9919463
1,0.9851247
1,0.9964138
1,0.98362136
1,0.9940572
1,0.7981235
1,0.9983595
1,0.9691824
1,0.9925068
1,0.8584033
1,0.996888
1,0.9852935
1,0.97550714
1,0.9745899
1,0.98201483
1,0.69695807
1,0.9952913
1,0.75460166
1,0.9942005
1,0.98825896
1,0.9799548
1,0.99226356
1,0.9023062
1,0.9929168
1,0.9900754
1,0.87727374
1,0.98143584
1,0.9014268
1,0.9961921
1,0.99538356
1,0.89982295
1,0.8973474
1,0.32889435
1,0.99728334
1,0.99173063
1,0.9930937
1,0.99158436
1,0.84685737
1,0.99936014
1,0.93883383
1,0.98751926
1,0.99624985
1,0.94923115
1,0.9759257
1,0.9704003
1,0.97261983
1,0.72310585
1,0.9366493
1,0.6840608
1,0.97021705
1,0.8635545
1,0.9807653
1,0.98539066
1,0.99620783
1,0.8653099
1,0.9927672
1,0.99737924
1,0.98796993
1,0.9864537
1,0.9559497
1,0.99785954
1,0.979719
1,0.94770306
1,0.9985518
1,0.6238992
1,0.99689174
1,0.96838033
1,0.9917874
1,0.998757
1,0.66804427
1,0.9970464
1,0.51359254
1,0.93483955
1,0.98457295
1,0.79752713
1,0.87453675
1,0.9252411
1,0.67001903
1,0.9776752
1,0.9003116
1,0.6182708
1,0.9299658
1,0.8745386
1,0.9990685
1,0.57921815
1,0.7938419
1,0.99910706
1,0.96736676
1,0.94921243
1,0.9890041
1,0.9927167
1,0.9776998
1,0.9905827
1,0.901379
1,0.9282889
1,0.9925174
1,0.97048473
1,0.9707658
1,0.9559019
1,0.947674
1,0.8565749
1,0.99361974
1,0.63821465
1,0.9612529
1,0.8944669
1,0.9961598
1,0.9849053
1,0.86869013
1,0.9761781
1,0.7866058
1,0.9883599
1,0.6889712
1,0.9968951
1,0.44522938
1,0.99703646
1,0.9887462
1,0.7931684
1,0.8447604
1,0.7861573
1,0.94433796
1,0.90772414
1,0.95921123
1,0.97740024
1,0.7688794
1,0.9934864
1,0.98977506
1,0.9952612
1,0.9381287
1,0.9520859
1,0.9803618
1,0.78125215
1,0.98528117
1,0.99266714
1,0.9226649
1,0.9926318
1,0.75088245
1,0.9386079
1,0.82508296
1,0.99877864
1,0.8841684
1,0.8761432
1,0.519918
1,0.818173
1,0.979951
1,0.9984657
1,0.8941673
1,0.79174733
1,0.98095614
1,0.96182513
1,0.9679578
1,0.9949622
1,0.4072071
1,0.9877501
1,0.99940896
1,0.9769568
1,0.60954833
1,0.99469274
1,0.8724027
1,0.9913188
1,0.9049938
1,0.9565722
1,0.93034875
1,0.9903148
1,0.94097227
1,0.43720853
1,0.9736231
1,0.9818611
1,0.99574155
1,0.9375232
1,0.99888116
1,0.97557133
1,0.99721396
1,0.9894393
1,0.8765793
1,0.9292696
1,0.98510444
1,0.90435255
1,0.4551607
1,0.77339506
1,0.9586954
1,0.9982718
1,0.9972692
1,0.9224048
1,0.9653315
1,0.97776103
1,0.9976125
1,0.999361
1,0.995656
1,0.9041954
1,0.88073224
1,0.9906353
1,0.99768615
1,0.9682528
1,0.74895567
1,0.98977214
1,0.99561983
1,0.9622369
1,0.97612464
1,0.8668201
1,0.98992574
1,0.8129723
1,0.98937595
1,0.79774743
1,0.95707345
1,0.9989323
1,0.9924178
1,0.9934051
1,0.9774226
1,0.5143679
1,0.9864666
1,0.98680425
1,0.96273506
1,0.656675
1,0.9857832
1,0.98733246
1,0.8795696
1,0.9905428
1,0.8733019
1,0.99185365
1,0.9764998
1,0.8017741
1,0.98515004
1,0.9316725
1,0.99771523
1,0.9840948
1,0.9984988
1,0.9883708
1,0.9832172
1,0.9985659
1,0.9908866
1,0.8818486
1,0.99005884
1,0.9941434
1,0.97716594
1,0.9813081
1,0.7062638
1,0.9776943
1,0.994517
1,0.9916752
1,0.97239596
1,0.9437618
1,0.98859954
1,0.9436775
1,0.92266494
1,0.990964
1,0.9968029
1,0.7089278
1,0.9972088
1,0.9952685
1,0.9457379
1,0.9754167
1,0.95097977
1,0.9667508
1,0.99662066
1,0.9834342
1,0.9672848
1,0.9699737
1,0.9914705
1,0.99242604
1,0.9744622
1,0.97851586
1,0.63045657
1,0.98263645
1,0.9821296
1,0.9929041
1,0.6199023
1,0.9806116
1,0.80473626
1,0.9668001
1,0.9887068
1,0.91624093
1,0.81002927
1,0.90957636
1,0.9887018
1,0.9953618
1,0.9813081
1,0.9906059
1,0.9974685
1,0.99625754
1,0.9861816
1,0.93884957
1,0.94942933
1,0.9968947
1,0.9779748
1,0.97876817
1,0.955251
1,0.98617315
1,0.99709535
1,0.99219865
1,0.98512816
1,0.95188594
1,0.99216545
1,0.99034226
1,0.9776253
1,0.99710864
1,0.7673891
1,0.9634487
1,0.9983676
1,0.97819805
1,0.96147263
1,0.87714934
1,0.9992699
1,0.9969759
1,0.9325991
1,0.97807246
1,0.99361503
1,0.9886641
1,0.99583024
1,0.8513813
1,0.9461533
1,0.9854505
1,0.9704865
1,0.9643285
1,0.9748087
1,0.959538
1,0.997294
1,0.996443
1,0.99664944
1,0.99476373
1,0.97012615
1,0.9916585
1,0.9952885
1,0.97970355
1,0.9846885
1,0.8355856
1,0.99801135
1,0.86878806
1,0.9977215
1,0.98240966
1,0.9227267
1,0.9781495
1,0.9215414
1,0.9988451
1,0.9920442
1,0.99430096
1,0.9837457
1,0.96304196
1,0.9933576
1,0.7358889
1,0.9490853
1,0.9974502
1,0.78656256
1,0.97815937
1,0.96539813
1,0.9866254
1,0.9285533
1,0.8146425
1,0.9762404
1,0.97966385
1,0.9903645
1,0.89163244
1,0.92094785
1,0.9782371
1,0.98713976
1,0.9897035
1,0.937757
1,0.9836776
1,0.97012556
1,0.5652945
1,0.7491772
1,0.9685278
1,0.70598805
1,0.7740342
1,0.9850862
1,0.99493885
1,0.995917
1,0.98537666
1,0.99073565
1,0.9714949
1,0.992763
1,0.99921596
1,0.84286714
1,0.87848145
1,0.9902906
1,0.8539488
1,0.9047406
1,0.9755318
1,0.99757653
1,0.99909604
1,0.8914327
1,0.9760469
1,0.7157507
1,0.8193223
1,0.9977137
1,0.9941746
1,0.98289204
1,0.9492084
1,0.9834418
1,0.9179329
1,0.98955894
1,0.9949467
1,0.9769041
1,0.99736774
1,0.97186023
1,0.9870483
1,0.9385584
1,0.9671503
1,0.95668036
1,0.91214293
1,0.9730775
1,0.9929972
1,0.9442747
1,0.99795353
1,0.98564154
1,0.9927174
1,0.99016273
1,0.64256626
1,0.6807942
1,0.99075377
1,0.97592306
1,0.8441181
1,0.7788605
1,0.56053674
1,0.9935218
1,0.9909169
1,0.7465962
1,0.89812493
1,0.8489809
1,0.99427146
1,0.85603386
1,0.4071004
1,0.9138438
1,0.79996324
1,0.9678965
1,0.9517435
1,0.9826695
1,0.81777334
1,0.9879182
1,0.5247139
1,0.9282039
1,0.9722887
1,0.9774994
1,0.8623523
1,0.94113904
1,0.9916265
1,0.96747476
1,0.62921107
1,0.9879319
1,0.37865883
1,0.99255764
1,0.9427402
1,0.87829417
1,0.8928424
1,0.9772131
1,0.9949642
1,0.997642
1,0.7549556
1,0.9023166
1,0.27004808
1,0.9650938
1,0.936167
1,0.5724125
1,0.98165536
1,0.99811125
1,0.90988475
1,0.83454305
1,0.9866472
1,0.9445935
1,0.9764495
1,0.99499667
1,0.9811908
1,0.98155963
1,0.8957004
1,0.99139005
1,0.9654929
1,0.92985934
1,0.75904065
1,0.9128674
1,0.9824927
1,0.996669
1,0.49940133
1,0.9853698
1,0.9961612
1,0.97713315
1,0.77047986
1,0.9623848
1,0.98953164
1,0.999612
1,0.9956782
1,0.99331516
1,0.95652056
1,0.9102493
1,0.99002284
1,0.9699036
1,0.9876423
1,0.93496364
1,0.99489444
1,0.9928624
1,0.99136555
1,0.968613
1,0.99757344
1,0.99507517
1,0.99913657
1,0.83873105
1,0.97558904
1,0.92293817
1,0.9897793
1,0.9801251
1,0.9575353
1,0.99066335
1,0.84519434
1,0.98752046
1,0.96781
1,0.9602194
1,0.9966543
1,0.9767526
1,0.936248
1,0.9858395
1,0.8074089
1,0.90388435
1,0.8464664
1,0.9976699
1,0.96889716
1,0.830664
1,0.9368901
1,0.8880028
1,0.94529414
1,0.9445151
1,0.9614799
1,0.94389325
1,0.9897754
1,0.9981304
1,0.99805045
1,0.9420186
1,0.9817986
1,0.97708124
1,0.9976191
1,0.99305326
1,0.99358976
1,0.98943454
1,0.9877097
1,0.97582203
1,0.9809801
1,0.8932383
1,0.996797
1,0.978585
1,0.99362105
1,0.9462554
1,0.9814556
1,0.98353773
1,0.9961413
1,0.97128904
1,0.96858674
1,0.99648863
1,0.995307
1,0.99647975
1,0.98849
1,0.9841686
1,0.98712844
1,0.97397023
1,0.8505673
1,0.75378394
1,0.96040124
1,0.9948351
1,0.9971618
1,0.9914525
1,0.54395455
1,0.62084144
1,0.984478
1,0.82204914
1,0.99053043
1,0.8432557
1,0.9623997
1,0.99129456
1,0.95888686
1,0.82338923
1,0.6989647
1,0.99235094
1,0.9935404
1,0.49196863
1,0.98264956
1,0.5128413
1,0.9895222
1,0.99251163
1,0.95888174
1,0.96624357
1,0.8249026
1,0.74932665
1,0.84423596
1,0.71633536
1,0.9557076
1,0.93568105
1,0.9926689
1,0.9702908
1,0.93331134
1,0.6621534
1,0.98318464
1,0.9954803
1,0.9560833
1,0.8698368
1,0.80201435
1,0.9459903
1,0.35023707
1,0.8868247
1,0.98313165
1,0.6884731
1,0.95123816
1,0.9589758
1,0.54208976
1,0.85960793
1,0.91212946
1,0.9498197
1,0.990952
1,0.5442348
1,0.98481166
1,0.9594755
1,0.9934911
1,0.84463286
1,0.86851555
1,0.98306566
1,0.943478
1,0.9719982
1,0.93329793
1,0.9801256
1,0.97464037
1,0.8206189
1,0.9782325
1,0.96327895
1,0.898817
1,0.99369496
1,0.9216005
1,0.99540836
1,0.98411626
1,0.95508033
1,0.89257026
1,0.9913085
1,0.9236011
1,0.5719233
1,0.8950158
1,0.88826925
1,0.6516815
1,0.95067036
1,0.8740967
1,0.6132005
1,0.86375445
1,0.9978169
1,0.994393
1,0.95585245
1,0.9881445
1,0.9853092
1,0.99751955
1,0.7202687
1,0.82793677
1,0.9855541
1,0.9902559
1,0.97418773
1,0.9897424
1,0.9373009
1,0.73940843
1,0.9664177
1,0.9956896
1,0.37057805
1,0.9850589
1,0.32687834
1,0.6870367
1,0.78627753
1,0.37068003
1,0.9562796
1,0.9641142
1,0.97358626
1,0.97836465
1,0.7847187
1,0.853498
1,0.74163705
1,0.9544681
1,0.9736692
1,0.98497874
1,0.935972
1,0.9880332
1,0.97617733
1,0.48884115
1,0.9838982
1,0.93930334
1,0.85112333
1,0.96550745
1,0.9644363
1,0.74921495
1,0.95957464
1,0.96032363
1,0.9910945
1,0.22596963
1,0.75756997
1,0.6748599
1,0.88392544
1,0.095007256
1,0.66767114
1,0.7741773
1,0.9689696
1,0.9818862
1,0.7427458
1,0.9889454
1,0.99415374
1,0.98708504
1,0.9944694
1,0.91019034
1,0.9080048
1,0.9817245
1,0.76817894
1,0.8255981
1,0.97040343
1,0.99356705
1,0.93448466
1,0.9350483
1,0.9500853
1,0.7093459
1,0.9454691
1,0.9938315
1,0.9815141
1,0.95406806
1,0.65357006
1,0.69260424
1,0.9213986
1,0.96939856
1,0.9419724
1,0.9902097
1,0.97836095
1,0.96215767
1,0.94281095
1,0.5659437
1,0.9924225
1,0.99159324
1,0.8895901
1,0.97187513
1,0.7469363
1,0.9911907
1,0.8183065
1,0.9280354
1,0.94869703
1,0.9715474
1,0.9447088
1,0.9452626
1,0.94904804
1,0.9691416
1,0.9735087
1,0.8393438
1,0.19078252
0,0.93354297
0,0.7486961
0,0.86159873
0,0.54453045
0,0.5378065
0,0.55269754
0,0.74468493
0,0.695021
0,0.97435045
0,0.43987897
0,0.6847548
0,0.44626784
0,0.40290612
0,0.6509964
0,0.62151796
0,0.3283932
0,0.35846722
0,0.94347626
0,0.3881003
0,0.89198834
0,0.7457929
0,0.9238034
0,0.22667189
0,0.9035144
0,0.61910015
0,0.6528765
0,0.8424246
0,0.7808845
0,0.8753964
0,0.29575416
0,0.6500286
0,0.7792921
0,0.4135115
0,0.48614278
0,0.74418455
0,0.32722506
0,0.9584148
0,0.89957166
0,0.6685549
0,0.92636824
0,0.92217636
0,0.6008735
0,0.4521368
0,0.60093045
0,0.8615533
0,0.9641492
0,0.9687629
0,0.8214256
0,0.5766988
0,0.5684306
0,0.5886983
0,0.94972396
0,0.9249548
0,0.9525876
0,0.95879734
0,0.58402395
0,0.7592311
0,0.7549263
0,0.89255315
0,0.77465737
0,0.9092297
0,0.90273345
0,0.8377344
0,0.9081173
0,0.78719217
0,0.9608561
0,0.96067643
0,0.7634281
0,0.85113907
0,0.42821768
0,0.5343358
0,0.5913881
0,0.14374234
0,0.5733535
0,0.37122288
0,0.6756168
0,0.28100383
0,0.70419705
0,0.87586814
0,0.8905881
0,0.6185253
0,0.7602443
0,0.6337961
0,0.967066
0,0.666131
0,0.7722724
0,0.646738
0,0.91956866
0,0.47311613
0,0.72040135
0,0.19003934
0,0.8982457
0,0.97205585
0,0.60602933
0,0.9014992
0,0.8755642
0,0.94537026
0,0.9675817
0,0.8192961
0,0.9090678
0,0.93766224
0,0.81367993
0,0.7284311
0,0.2861976
0,0.770056
0,0.90630877
0,0.7754659
0,0.91072303
0,0.88782364
0,0.5843505
0,0.44343382
0,0.65872484
0,0.58826005
0,0.9739792
0,0.55972475
0,0.41316622
0,0.7700211
0,0.78989947
0,0.9196879
0,0.97172034
0,0.84857273
0,0.91791564
0,0.69990325
0,0.7561936
0,0.27364406
0,0.9382111
0,0.32091042
0,0.7199051
0,0.4640037
0,0.6598293
0,0.5220859
0,0.93327135
0,0.80474675
0,0.90822476
0,0.39805222
0,0.37560377
0,0.4695261
0,0.38006908
0,0.19753265
0,0.25057918
0,0.82914495
0,0.7488009
0,0.8483738
0,0.82593834
0,0.47989026
0,0.81050324
0,0.32778665
0,0.8501756
0,0.7388146
0,0.64840883
0,0.34885725
0,0.4018576
0,0.20694725
0,0.8898877
0,0.7080797
0,0.8856448
0,0.82617563
0,0.9792748
0,0.8763058
0,0.8167329
0,0.43013898
0,0.9574151
0,0.8603202
0,0.3718305
0,0.9527017
0,0.71523035
0,0.6649131
0,0.7310614
0,0.54828656
0,0.56031245
0,0.935459
0,0.43495277
0,0.8985428
0,0.6212708
0,0.56890094
0,0.6178613
0,0.3370968
0,0.4924353
0,0.07000653
0,0.8764449
0,0.08035267
0,0.70718485
0,0.65067875
0,0.10265389
0,0.505029
0,0.8733236
0,0.26302007
0,0.9034624
0,0.31688666
0,0.7813695
0,0.512797
0,0.4255193
0,0.23998466
0,0.68482876
0,0.6014913
0,0.7668756
0,0.5546686
0,0.47494414
0,0.8559828
0,0.58975744
0,0.65297127
0,0.92976534
0,0.3087147
0,0.74238056
0,0.30354738
0,0.13894391
0,0.6064832
0,0.22626153
0,0.4449983
0,0.26930177
0,0.20094608
0,0.47372985
0,0.58685946
0,0.48197472
0,0.89194745
0,0.63057995
0,0.5024249
0,0.86704856
0,0.26916066
0,0.2398612
0,0.86181957
0,0.24749166
0,0.28802076
0,0.4897687
0,0.69566774
0,0.30945536
0,0.40281555
0,0.17489746
0,0.2804774
0,0.7829918
0,0.34838492
0,0.2948688
0,0.44637236
0,0.7434318
0,0.15563564
0,0.5384695
0,0.54181826
0,0.72055125
0,0.54241675
0,0.47516218
0,0.87481385
0,0.28238532
0,0.6995461
0,0.46781358
0,0.42614463
0,0.3181528
0,0.5938659
0,0.4914644
0,0.553315
0,0.78008693
0,0.8266001
0,0.7418324
0,0.3562418
0,0.41124684
0,0.26006696
0,0.15645923
0,0.42391518
0,0.4364255
0,0.06710026
0,0.73911434
0,0.35104606
0,0.1155028
0,0.18467939
0,0.20263432
0,0.43709472
0,0.8132155
0,0.94821244
0,0.5662167
0,0.58513135
0,0.686501
0,0.100204006
0,0.7216513
0,0.6364038
0,0.5981798
0,0.69233316
0,0.33635622
0,0.41270545
0,0.7308678
0,0.77675676
0,0.9522107
0,0.20749944
0,0.53406364
0,0.97867954
0,0.87377775
0,0.7091906
0,0.5042835
0,0.83301055
0,0.7670106
0,0.8541919
0,0.9553202
0,0.78175837
0,0.79377913
0,0.91160595
0,0.8951264
0,0.95987284
0,0.87836534
0,0.96448797
0,0.6202835
0,0.95754945
0,0.9743242
0,0.78763527
0,0.9717727
0,0.4552647
0,0.97507733
0,0.9594678
0,0.94744277
0,0.8228313
0,0.9913665
0,0.88709784
0,0.98358434
0,0.9037486
0,0.60181725
0,0.5514384
0,0.68803084
0,0.83899957
0,0.60867614
0,0.58989245
0,0.8547956
0,0.9144798
0,0.9211542
0,0.9099908
0,0.916478
0,0.6989091
0,0.9656455
0,0.34275085
0,0.77161646
0,0.7739607
0,0.81628776
0,0.76142687
0,0.75469893
0,0.91647243
0,0.7213713
0,0.9823429
0,0.78094214
0,0.511312
0,0.9853243
0,0.89183813
0,0.94066846
0,0.8560455
0,0.8905173
0,0.88593215
0,0.9576849
0,0.8938018
0,0.72109425
0,0.6719983
0,0.18275197
0,0.9121129
0,0.8346227
0,0.7361242
0,0.9697403
0,0.6808898
0,0.97515094
0,0.91203403
0,0.90205604
0,0.9345337
0,0.8573122
0,0.9703507
0,0.6915574
0,0.9192608
0,0.9281184
0,0.6365858
0,0.9146344
0,0.76708186
0,0.4457527
0,0.22437653
0,0.6536912
0,0.9257179
0,0.27116838
0,0.8564282
0,0.68523216
0,0.49744594
0,0.71284586
0,0.29486042
0,0.498771
0,0.79134697
0,0.8412841
0,0.94987947
0,0.4617739
0,0.8062285
0,0.7457829
0,0.2067269
0,0.7542045
0,0.6550351
0,0.11726666
0,0.58488375
0,0.69550204
0,0.5089988
0,0.9057863
0,0.18027925
0,0.8892201
0,0.9137599
0,0.6966742
0,0.95644826
0,0.56319433
0,0.9594579
0,0.92747396
0,0.863886
0,0.9542439
0,0.65969545
0,0.54517424
0,0.35075796
0,0.19009982
0,0.6170778
0,0.9303126
0,0.27592742
0,0.4840176
0,0.59474367
0,0.51332474
0,0.6830816
0,0.9007102
0,0.8826234
0,0.770768
0,0.6969829
0,0.6856603
0,0.85472023
0,0.98004526
0,0.43855536
0,0.6778431
0,0.44389206
0,0.6544225
0,0.7640475
0,0.33693764
0,0.9464904
0,0.8358158
0,0.8859827
0,0.40930566
0,0.91763115
0,0.851491
0,0.26492178
0,0.81169367
0,0.8523876
0,0.77819973
0,0.6173013
0,0.7866853
0,0.92717046
0,0.83818984
0,0.78500295
0,0.8639652
0,0.9590341
0,0.83166885
0,0.9118776
0,0.9763506
0,0.9438958
0,0.8578078
0,0.73417187
0,0.81475836
0,0.3829988
0,0.34476182
0,0.7838265
0,0.5232356
0,0.81502104
0,0.3167126
0,0.3714219
0,0.49722704
0,0.18051198
0,0.74697524
0,0.6959898
0,0.25616196
0,0.25587615
0,0.16729185
0,0.3635385
0,0.45172718
0,0.71718323
0,0.2987638
0,0.41444016
0,0.4940422
0,0.44444048
0,0.23464163
0,0.3696703
0,0.6735174
0,0.4819591
0,0.59307754
0,0.55242157
0,0.23237614
0,0.2843826
0,0.11966244
0,0.8453434
0,0.81414753
0,0.32530746
0,0.362012
0,0.12949118
0,0.4592784
0,0.514223
0,0.9113245
0,0.8538124
0,0.18284778
0,0.96210885
0,0.40601715
0,0.2408477
0,0.2562418
0,0.43717954
0,0.46689755
0,0.4018435
0,0.74624264
0,0.4291095
0,0.41307947
0,0.48082983
0,0.82375616
0,0.60464275
0,0.57497364
0,0.3999939
0,0.17536469
0,0.75515497
0,0.47965693
0,0.26759487
0,0.15879913
0,0.3032262
0,0.809055
0,0.7130821
0,0.23389284
0,0.2675235
0,0.31094328
0,0.41719458
0,0.18855956
0,0.8581226
0,0.07290438
0,0.44171676
0,0.5735526
0,0.47324198
0,0.88875914
0,0.5861284
0,0.38267663
0,0.20961073
0,0.507733
0,0.8904821
0,0.5289458
0,0.5665721
0,0.8339549
0,0.5858611
0,0.36330906
0,0.15752539
0,0.843946
0,0.7817932
0,0.4126668
0,0.2655835
0,0.48100722
0,0.61729527
0,0.76721334
0,0.49132732
0,0.67510253
0,0.7915983
0,0.79431665
0,0.18983723
0,0.37008858
0,0.59392387
0,0.328605
0,0.753311
0,0.23045157
0,0.6680009
0,0.27056387
0,0.25121048
0,0.6277375
0,0.7546177
0,0.80300856
0,0.34372038
0,0.89996976
0,0.30497804
0,0.7403246
0,0.20789741
0,0.6427005
0,0.78090733
0,0.35807222
0,0.6994357
0,0.7273699
0,0.9097565
0,0.50050545
0,0.5925619
0,0.22039826
0,0.91781825
0,0.81799495
0,0.63526976
0,0.31425726
0,0.9125055
0,0.55054766
0,0.30437782
0,0.8405916
0,0.5264627
0,0.6144449
0,0.22357818
0,0.3685384
0,0.63097525
0,0.95121
0,0.52974415
0,0.87972575
0,0.13866459
0,0.7817698
0,0.609215
0,0.18144175
0,0.19826785
0,0.32435822
0,0.19316682
0,0.5087362
0,0.19928044
0,0.46256703
0,0.60531205
0,0.8971631
0,0.70769197
0,0.2650566
0,0.3801456
0,0.61170644
0,0.72640693
0,0.68956417
0,0.8017617
0,0.2942703
0,0.74143344
0,0.53634995
0,0.6553883
0,0.9279485
0,0.49913818
0,0.924875
0,0.53374654
0,0.49126178
0,0.5270994
0,0.20979273
0,0.2936219
0,0.7254578
0,0.12362362
0,0.11980006
0,0.7099473
0,0.6628481
0,0.42312104
0,0.8091674
0,0.29244575
0,0.863642
0,0.9075214
0,0.6479269
0,0.6451665
0,0.16920915
0,0.08048365
0,0.30558512
0,0.7698681
0,0.11726252
0,0.26819202
0,0.17429872
0,0.47566673
0,0.9607744
0,0.72921145
0,0.8025068
0,0.3457928
0,0.076702066
0,0.560529
0,0.6137334
0,0.49825114
0,0.30752623
0,0.3307062
0,0.83674115
0,0.35033315
0,0.177546
0,0.25182462
0,0.84867203
0,0.21868026
0,0.8391481
0,0.6645514
0,0.17741913
0,0.20491493
0,0.43599126
0,0.5731652
0,0.8716857
0,0.24914093
0,0.9633656
0,0.1213944
0,0.51839876
0,0.8129319
0,0.55064017
0,0.5647892
0,0.31684867
0,0.13344419
0,0.9153067
0,0.10574883
0,0.7451876
0,0.6171454
0,0.84930724
0,0.35754398
0,0.6724771
0,0.5179514
0,0.4711141
0,0.38976416
0,0.67800224
0,0.9304589
0,0.7803145
0,0.11152238
0,0.49601585
0,0.11700859
0,0.096748985
0,0.9582172
0,0.9312955
0,0.9659425
0,0.36293957
0,0.042387422
0,0.4391109
0,0.87981933
0,0.607045
0,0.5620434
0,0.93970096
0,0.6622999
0,0.14641325
0,0.24964972
0,0.29897636
0,0.77982175
0,0.78038657
0,0.3715281
0,0.51974726
0,0.5025813
0,0.722931
0,0.88003135
0,0.8848244
0,0.7031357
0,0.8669325
0,0.56186676
0,0.19638899
0,0.5619627
0,0.7005447
0,0.27679795
0,0.9529149
0,0.39491636
0,0.68790424
0,0.9247851
0,0.86378294
0,0.87334955
0,0.5781386
0,0.6275094
0,0.2175535
0,0.9242047
0,0.90010494
0,0.62005174
0,0.7639368
0,0.23514812
0,0.5663752
0,0.8601984
0,0.13827482
0,0.6572814
0,0.42543343
0,0.33866596
0,0.6522873
0,0.29171517
0,0.4329168
0,0.20888655
0,0.92579263
0,0.572169
0,0.38003522
0,0.7712192
0,0.2228843
0,0.6554438
0,0.76607984
0,0.9211606
0,0.9626513
0,0.50117713
0,0.5754166
0,0.86880326
0,0.5769415
0,0.2892293
0,0.19587259
0,0.6422761
0,0.91815466
0,0.8106775
0,0.617182
0,0.92450696
0,0.07606967
0,0.90754414
0,0.37106743
0,0.7606451
0,0.69886816
0,0.96769965
0,0.812996
0,0.13753255
0,0.5681288
0,0.4096557
0,0.23445123
0,0.79364324
0,0.5450802
0,0.26740736
0,0.33411404
0,0.22714475
0,0.92869824
0,0.697455
0,0.25602272
0,0.2358052
0,0.7731114
0,0.8904192
0,0.37364718
0,0.45714152
0,0.41456679
0,0.27338055
0,0.8979981
0,0.8525407
0,0.60152406
0,0.3912289
0,0.8656581
0,0.6240952
0,0.5220564
0,0.5121089
0,0.82538736
0,0.1388287
0,0.6027354
0,0.5170478
0,0.537652
0,0.2636249
0,0.81330216
0,0.7826038
0,0.59066194
0,0.6542411
0,0.8240103
0,0.9276515
0,0.8797881
0,0.8692605
0,0.46832752
0,0.7149896
0,0.76934737
0,0.3425054
0,0.89526606
0,0.794466
0,0.9585572
0,0.3563943
0,0.77068466
0,0.5578305
0,0.5749909
0,0.7892011
0,0.38965186
0,0.8330088
0,0.87795985
0,0.86495185
0,0.34982544
0,0.61866105
0,0.67945933
0,0.8823395
0,0.24708086
0,0.72286016
0,0.7164877
0,0.84715366
0,0.87227255
0,0.8927151
0,0.8993958
0,0.37706658
0,0.77469444
0,0.09048894
0,0.37304476
0,0.77707326
0,0.97367984
0,0.16448633
0,0.815096
0,0.4488236
0,0.37213808
0,0.7621403
0,0.8399188
0,0.39157477
0,0.9571219
0,0.9183513
0,0.75401145
0,0.77864516
0,0.3532019
0,0.9272052
0,0.3522997
0,0.24327159
0,0.7858779
1,0.20414442
1,0.995254
1,0.98922825
1,0.99032545
1,0.9895678
1,0.9902511
1,0.99679995
1,0.99208283
1,0.9756594
1,0.99133134
1,0.9851003
1,0.9963689
1,0.9391534
1,0.9395715
1,0.98879725
1,0.99390054
1,0.9950159
1,0.97693866
1,0.93501335
1,0.93998253
1,0.985059
1,0.99682164
1,0.9986413
1,0.9905613
1,0.97479624
1,0.9707374
1,0.9542353
1,0.9941512
1,0.99820805
1,0.99556774
1,0.9668164
1,0.9384536
1,0.93439513
1,0.9951312
1,0.99659115
1,0.9988469
1,0.9986167
1,0.99618524
1,0.983508
1,0.9978816
1,0.9676731
1,0.9904525
1,0.95873016
1,0.99649507
1,0.9842249
1,0.99454236
1,0.9984047
1,0.9945415
1,0.94228
1,0.8781082
1,0.99813795
1,0.99346113
1,0.9924703
1,0.91911167
1,0.9765014
1,0.9979303
1,0.98340714
1,0.9860308
1,0.9943844
1,0.8758193
1,0.9890197
1,0.96915215
1,0.99270475
1,0.9831394
1,0.96007884
1,0.99487984
1,0.9984806
1,0.99469507
1,0.9644443
1,0.8392953
1,0.99236286
1,0.9756094
1,0.97009134
1,0.94562906
1,0.9610952
1,0.99064404
1,0.99940157
1,0.98264784
1,0.99386376
1,0.9921984
1,0.9856554
1,0.97343
1,0.9940672
1,0.99918765
1,0.9977703
1,0.9953611
1,0.9948313
1,0.99701655
1,0.9847506
1,0.97985244
1,0.9469214
1,0.9964
1,0.99691796
1,0.90970993
1,0.86135703
1,0.9919241
1,0.95445615
1,0.9975127
1,0.99082375
1,0.97399944
1,0.98209596
1,0.9864327
1,0.98238915
1,0.9877707
1,0.8859446
1,0.9877174
1,0.99680126
1,0.9966371
1,0.9769117
1,0.9912957
1,0.99497896
1,0.9989869
1,0.9963356
1,0.9370828
1,0.9726651
1,0.9977703
1,0.9948915
1,0.9855503
1,0.9889565
1,0.978705
1,0.99433935
1,0.99098504
1,0.98248845
1,0.9818592
1,0.96925104
1,0.9719087
1,0.9800292
1,0.99710745
1,0.9950022
1,0.9905647
1,0.9175331
1,0.9901369
1,0.9712263
1,0.9159304
1,0.9948416
1,0.99291456
1,0.9985275
1,0.998589
1,0.9800781
1,0.9922956
1,0.99634176
1,0.98029286
1,0.984542
1,0.9824735
1,0.89339334
1,0.9942755
1,0.9876502
1,0.9818648
1,0.99478
1,0.9847231
1,0.9900614
1,0.9267348
1,0.98621434
1,0.9931231
1,0.9992125
1,0.9927892
1,0.98287994
1,0.9659494
1,0.97557074
1,0.91034985
1,0.9789417
1,0.99470866
1,0.9834027
1,0.8874184
1,0.94945675
1,0.9817494
1,0.9949098
1,0.9842307
1,0.95765615
1,0.74255496
1,0.9975078
1,0.99820054
1,0.98005116
1,0.9561821
1,0.9955162
1,0.9997847
1,0.982102
1,0.9924473
1,0.9597697
1,0.9922801
1,0.99912316
1,0.97922575
1,0.9625283
1,0.9459515
1,0.99691105
1,0.999009
1,0.9899774
1,0.86240125
1,0.9841217
1,0.99859804
1,0.999014
1,0.99220663
1,0.97697073
1,0.81136894
1,0.9310838
1,0.99464875
1,0.9776972
1,0.9786587
1,0.9437977
1,0.99491614
1,0.99869657
1,0.98414004
1,0.99572974
1,0.94608647
1,0.9959282
1,0.9950587
1,0.9857114
1,0.98991877
1,0.94594896
1,0.9985487
1,0.99498284
1,0.99377817
1,0.98021966
1,0.99806494
1,0.9896541
1,0.9830888
1,0.9661252
1,0.9901688
1,0.9973546
1,0.9740452
1,0.97804433
1,0.9973615
1,0.99825686
1,0.9833444
1,0.9782226
1,0.8813561
1,0.92145747
1,0.9661184
1,0.98329854
1,0.97766256
1,0.94553447
1,0.997204
1,0.9971257
1,0.9734508
1,0.97812116
1,0.9945419
1,0.9968045
1,0.9943738
1,0.902061
1,0.8522494
1,0.99897903
1,0.9981826
1,0.99337333
1,0.74571157
1,0.9055835
1,0.9994093
1,0.99383813
1,0.99019194
1,0.96432173
1,0.99104065
1,0.9827746
1,0.9766366
1,0.91245526
1,0.94732755
1,0.9374817
1,0.9878878
1,0.97138196
1,0.9487049
1,0.9664892
1,0.96120185
1,0.99386036
1,0.9762857
1,0.8729658
1,0.99809283
1,0.99695325
1,0.9597602
1,0.9600112
1,0.8540028
1,0.98364294
1,0.99324965
1,0.99750626
1,0.9766396
1,0.9930419
1,0.97695357
1,0.97626376
1,0.9972494
1,0.9992906
1,0.95834005
1,0.9783798
1,0.96496993
1,0.9279834
1,0.9597326
1,0.91132116
1,0.99690133
1,0.9966466
1,0.9124453
1,0.92539567
1,0.9994718
1,0.9942808
1,0.98150235
1,0.9774933
1,0.9576206
1,0.9789218
1,0.98704684
1,0.99897444
1,0.9646904
1,0.9848096
1,0.9698324
1,0.997198
1,0.99708855
1,0.9894868
1,0.99398285
1,0.9911039
1,0.9736918
1,0.9577601
1,0.7185188
1,0.99753976
1,0.99485797
1,0.94602567
1,0.99178517
1,0.9587592
1,0.98824894
1,0.99881786
1,0.9881365
1,0.96810776
1,0.9713184
1,0.8992155
1,0.9691808
1,0.99314404
1,0.99123096
1,0.98741674
1,0.9768247
1,0.9968029
1,0.9994194
1,0.92659605
1,0.9829152
1,0.98761183
1,0.99470544
1,0.999582
1,0.9851027
1,0.98877037
1,0.90814847
1,0.98407924
1,0.9760484
1,0.9319377
1,0.9984035
1,0.9983753
1,0.99017
1,0.9940687
1,0.98686194
1,0.98950213
1,0.9159831
1,0.9865836
1,0.916982
1,0.93296206
1,0.99310744
1,0.7913599
1,0.87714016
1,0.91587806
1,0.9907745
1,0.9746729
1,0.9958801
1,0.9716573
1,0.9444754
1,0.97659135
1,0.9970933
1,0.99958485
1,0.9682919
1,0.9768332
1,0.96982735
1,0.9795364
1,0.9979571
1,0.9427094
1,0.9704204
1,0.99237746
1,0.89474857
1,0.9992908
1,0.9786194
1,0.96457213
1,0.9524686
1,0.9852147
1,0.9924304
1,0.8268305
1,0.998591
1,0.9964138
1,0.99437046
1,0.9468764
1,0.9761163
1,0.9926698
1,0.9996551
1,0.99810636
1,0.9907546
1,0.89068645
1,0.94410247
1,0.9544967
1,0.93140405
1,0.9134894
1,0.99537635
1,0.9984439
1,0.9944544
1,0.9962896
1,0.9561037
1,0.9515944
1,0.9296246
1,0.8986945
1,0.9886825
1,0.9961268
1,0.9530324
1,0.99594724
1,0.98574346
1,0.92179537
1,0.9282284
1,0.9627476
1,0.99063385
1,0.9389448
1,0.94695145
1,0.9569278
1,0.99053526
1,0.9591478
1,0.972394
1,0.9583321
1,0.99704826
1,0.9857453
1,0.9408994
1,0.8865267
1,0.9460365
1,0.91227615
1,0.96939564
1,0.9787083
1,0.90715486
1,0.99617875
1,0.98661333
1,0.98478943
1,0.9953303
1,0.98179066
1,0.95109034
1,0.93934274
1,0.92698973
1,0.9738786
1,0.88602823
1,0.92566526
1,0.9847311
1,0.95917505
1,0.9875326
1,0.90664023
1,0.969329
1,0.8867247
1,0.9894081
1,0.9904305
1,0.9810348
1,0.78486675
1,0.923262
1,0.99144346
1,0.99697423
1,0.98073936
1,0.9650815
1,0.9123612
1,0.9431745
1,0.99683064
1,0.9922305
1,0.99829715
1,0.9838867
1,0.9950061
1,0.97520125
1,0.97527146
1,0.97881144
1,0.9981799
1,0.97972155
1,0.995295
1,0.9944879
1,0.9720033
1,0.96208435
1,0.98059374
1,0.8374236
1,0.9950246
1,0.98696274
1,0.99569863
1,0.9985026
1,0.9965503
1,0.9523753
1,0.92801756
1,0.91007054
1,0.98702055
1,0.8288883
1,0.9906693
1,0.9819962
1,0.9959966
1,0.9981146
1,0.9875917
1,0.95077145
1,0.89264923
1,0.9867149
1,0.9730928
1,0.9615666
1,0.9928866
1,0.9992749
1,0.99011457
1,0.91385424
1,0.96442753
1,0.975748
1,0.99791354
1,0.9994517
1,0.96725625
1,0.9949721
1,0.9989206
1,0.9994188
1,0.99725723
1,0.98183525
1,0.90336007
1,0.98133713
1,0.99616915
1,0.9989506
1,0.9155565
1,0.96741706
1,0.9730703
1,0.99700373
1,0.9946341
1,0.99973494
1,0.99945503
1,0.9972045
1,0.95153576
1,0.9886368
1,0.9944537
1,0.970499
1,0.989165
1,0.9919743
1,0.98210126
1,0.97918767
1,0.97816247
1,0.99845636
1,0.9646595
1,0.97996134
1,0.9964929
1,0.9402518
1,0.9738438
1,0.96806854
1,0.99785006
1,0.99407893
1,0.9839161
1,0.9844317
1,0.9949393
1,0.95812124
1,0.8900964
1,0.9795186
1,0.98815733
1,0.99777657
1,0.9953069
1,0.98597056
1,0.9734547
1,0.9576006
1,0.99412656
1,0.99540573
1,0.9811567
1,0.9265567
1,0.99065477
1,0.99644405
1,0.9995023
1,0.9968238
1,0.991527
1,0.983203
1,0.99565893
1,0.9894801
1,0.9906736
1,0.98341274
1,0.93691725
1,0.99062496
1,0.9940886
1,0.9950978
1,0.88558346
1,0.99480504
1,0.9300777
1,0.98074543
1,0.97764355
1,0.9920894
1,0.9970023
1,0.9914479
1,0.9895874
1,0.9882045
1,0.9814631
1,0.91785276
1,0.89322966
1,0.98696434
1,0.9990294
1,0.98649704
1,0.99828845
1,0.99462974
1,0.9696371
1,0.9785865
1,0.97005874
1,0.996342
1,0.9864894
1,0.98851657
1,0.9946177
1,0.9645715
1,0.9779239
1,0.9686964
1,0.98819226
1,0.9952908
1,0.96568096
1,0.99990666
1,0.9978205
1,0.9969704
1,0.99546105
1,0.99697614
1,0.96421534
1,0.9981312
1,0.9930594
1,0.99106807
1,0.9342121
1,0.95926356
1,0.96205163
1,0.99697006
1,0.9985794
1,0.99062985
1,0.99698913
1,0.994286
1,0.96003467
1,0.9827394
1,0.9895879
1,0.9776868
1,0.98968667
1,0.9886473
1,0.9800464
1,0.9909182
1,0.9993894
1,0.99550426
1,0.9935318
1,0.99847883
1,0.99446726
1,0.991372
1,0.9918692
1,0.9921698
1,0.9764449
1,0.7695371
1,0.99445856
1,0.97764504
1,0.98526424
1,0.9775698
1,0.9978733
1,0.996351
1,0.99754226
1,0.99930084
1,0.9627613
1,0.98050284
1,0.97383684
1,0.9724243
1,0.97303027
1,0.9952583
1,0.97847235
1,0.96730775
1,0.993793
1,0.99932426
1,0.99856
1,0.99392194
1,0.97913545
1,0.98902726
1,0.9978125
1,0.9985019
1,0.990655
1,0.9930903
1,0.96678215
1,0.9974994
1,0.99912256
1,0.9870136
1,0.98687786
1,0.9739509
1,0.996585
1,0.9751649
1,0.9678399
1,0.98623437
1,0.9992256
1,0.99101526
1,0.93062073
1,0.94420564
1,0.9892251
1,0.91804653
1,0.9559497
1,0.94834036
1,0.98633605
1,0.99723864
1,0.9876539
1,0.9972698
1,0.9234569
1,0.9388304
1,0.9771362
1,0.9974927
1,0.9975924
1,0.95220405
1,0.91611993
1,0.99417675
1,0.9947437
1,0.99286836
1,0.98528486
1,0.9751033
1,0.9883682
1,0.99793833
1,0.9844891
1,0.9944424
1,0.94989043
1,0.9915571
1,0.99944586
1,0.9969259
1,0.98562604
1,0.9751073
1,0.9886501
1,0.9886085
1,0.8944203
1,0.9774329
1,0.98764044
1,0.9910846
1,0.9862949
1,0.950689
1,0.9838416
1,0.982894
1,0.9984547
1,0.9977429
1,0.9175106
1,0.915816
1,0.9915487
1,0.9983016
1,0.9972071
1,0.99490356
1,0.9885018
1,0.98785037
1,0.99856794
1,0.97285163
1,0.9842203
1,0.9672076
1,0.9987301
1,0.999528
1,0.9561909
1,0.97222584
1,0.9768659
1,0.9964324
1,0.96649265
1,0.9101129
1,0.9972102
1,0.9863986
1,0.9796594
1,0.9915965
1,0.9508
1,0.90510637
1,0.99552613
1,0.98990077
1,0.85027343
1,0.97726303
1,0.970737
1,0.9993376
1,0.9970847
1,0.99601316
1,0.9897814
1,0.9909328
1,0.94450396
1,0.9969078
1,0.9832988
1,0.9960828
1,0.99524033
1,0.99120766
1,0.9954815
1,0.9688037
1,0.9953861
1,0.96021676
1,0.91624063
1,0.9561922
1,0.9890282
1,0.93995893
1,0.9675721
1,0.958276
1,0.9796224
1,0.9910856
1,0.9729761
1,0.97829354
1,0.98648816
1,0.98697436
1,0.99796426
1,0.9903668
1,0.9049826
1,0.96472657
1,0.9774105
1,0.92035276
1,0.9650646
1,0.99572206
1,0.9991473
1,0.9980262
1,0.99325365
1,0.97358805
1,0.9839519
1,0.9635672
1,0.99623835
1,0.99611187
1,0.99731404
1,0.99424696
1,0.9764807
1,0.7837694
1,0.9988514
1,0.9996109
1,0.9819772
1,0.9763684
1,0.99095625
1,0.9946945
1,0.97832763
1,0.99134386
1,0.96479124
1,0.99256355
1,0.96702945
1,0.9837167
1,0.98067737
1,0.9945809
1,0.99791807
1,0.9796591
1,0.98273164
1,0.57010823
1,0.9728028
1,0.99744594
1,0.9980908
1,0.98528534
1,0.96691364
1,0.91817826
1,0.99323773
1,0.9993119
1,0.9832898
1,0.984903
1,0.9713357
1,0.9639803
1,0.99737155
1,0.9961612
1,0.97986424
1,0.96134996
1,0.97340715
1,0.9986079
1,0.987422
1,0.9762996
1,0.96249914
1,0.9163246
1,0.98417467
1,0.9986105
1,0.9980616
1,0.9765812
1,0.9531106
1,0.97871983
1,0.9972887
1,0.99263424
1,0.8969967
1,0.95299613
1,0.9994369
1,0.9994904
1,0.91244125
1,0.9665445
1,0.83656096
1,0.9726724
1,0.98945636
1,0.9802715
1,0.9917406
1,0.9993119
1,0.660804
1,0.99537975
1,0.9995349
1,0.99310195
1,0.9757782
1,0.97111446
1,0.9682587
1,0.9953175
1,0.9299957
1,0.90049416
1,0.990831
1,0.9900337
1,0.9857183
1,0.93411356
1,0.9824789
1,0.9615329
1,0.9944709
1,0.9982083
1,0.9949596
1,0.9573036
1,0.86677736
1,0.98927516
1,0.95148873
1,0.9891669
1,0.99418265
1,0.985748
1,0.9476225
1,0.9120629
1,0.9705659
1,0.99837124
1,0.9532927
1,0.78639174
1,0.99550843
1,0.9861269
1,0.96115834
1,0.9845718
1,0.9841426
1,0.99922144
1,0.9989475
1,0.9841341
1,0.979596
1,0.9880128
1,0.9454338
1,0.97442293
1,0.9844184
1,0.9874566
1,0.9575876
1,0.9924811
1,0.9970362
1,0.9777468
1,0.98039275
1,0.9386605
1,0.9613774
1,0.9992593
1,0.9980767
1,0.9338092
1,0.962726
1,0.8831573
1,0.98776346
1,0.9821615
1,0.9512665
1,0.9070433
1,0.9989762
1,0.9849282
1,0.9702636
1,0.9938379
1,0.9407441
1,0.9300868
1,0.97653574
1,0.94821525
1,0.9239609
1,0.8503511
1,0.9940582
1,0.98572356
1,0.8989697
1,0.99079084
1,0.9631782
1,0.972962
1,0.95790905
1,0.9990696
1,0.9016717
1,0.988335
1,0.9826224
1,0.9607531
1,0.8992968
1,0.99659014
1,0.9591051
1,0.99932015
1,0.97892326
1,0.96343803
1,0.9570975
1,0.9743158
1,0.9958384
1,0.99149656
1,0.96912616
1,0.97446805
1,0.98472947
1,0.9671432
1,0.96912897
1,0.9453637
1,0.9724945
1,0.98608816
1,0.9949976
1,0.9977259
1,0.997886
1,0.97448254
1,0.97872066
1,0.98771113
1,0.9871634
1,0.9895981
1,0.9914402
1,0.97811604
1,0.9978956
1,0.9986234
1,0.9983437
1,0.98021245
1,0.9540607
1,0.9371255
1,0.8988834
1,0.99590105
1,0.96681434
1,0.995361
1,0.93328613
1,0.9951932
1,0.99286073
1,0.95892876
1,0.96776885
1,0.8769111
1,0.9941402
1,0.9188066
1,0.9954511
1,0.981699
1,0.94386494
1,0.9740096
1,0.9969306
1,0.9994818
1,0.99265975
1,0.95025665
1,0.9945859
1,0.99550676
1,0.9987276
1,0.99638367
1,0.98380584
1,0.9508193
1,0.9961688
1,0.986313
1,0.9984409
1,0.9516207
1,0.984262
1,0.9955538
1,0.8579998
1,0.9333421
1,0.9895381
1,0.9795141
1,0.99296147
1,0.98348284
1,0.9856186
1,0.90089077
1,0.96149266
1,0.99562454
1,0.99837255
1,0.990439
1,0.9982121
1,0.9775849
1,0.9776439
1,0.8622623
1,0.8551591
1,0.9829409
1,0.997843
1,0.9983551
1,0.9142006
1,0.8750119
1,0.9288721
1,0.9968633
1,0.9980692
1,0.9602595
1,0.98649675
1,0.93764657
1,0.9297833
1,0.98022306
1,0.98269814
1,0.998104
1,0.99843043
1,0.9804612
1,0.9911301
1,0.9392055
1,0.9854806
1,0.9808349
1,0.97221494
1,0.94790256
1,0.727812
1,0.818011
1,0.7689948
1,0.9628384
1,0.98853695
1,0.99831545
1,0.9989279
1,0.98690224
1,0.9941794
1,0.86464304
1,0.99843436
1,0.9987262
1,0.96545005
1,0.9538793
1,0.9894608
1,0.99561274
1,0.94792366
1,0.7221386
1,0.9860172
1,0.9626846
1,0.9712327
1,0.98125815
1,0.9604058
1,0.9718767
1,0.9920487
1,0.99940944
1,0.9635269
1,0.97102404
1,0.9885915
1,0.9502477
1,0.96800655
1,0.98359746
1,0.97141415
1,0.9575041
1,0.95894265
1,0.99644
1,0.9922922
1,0.9965293
1,0.9898785
1,0.9892825
1,0.99886566
1,0.99480194
1,0.9939195
1,0.9582481
1,0.993736
1,0.95353436
1,0.99019045
1,0.98833185
1,0.93343264
1,0.96109116
1,0.9287842
1,0.9624795
1,0.99208355
1,0.94858676
1,0.9872863
1,0.9957413
1,0.9935575
1,0.97637594
1,0.92442185
1,0.9912552
1,0.9639776
1,0.9989893
1,0.9994799
1,0.9618828
1,0.94129527
1,0.971376
1,0.9886051
1,0.99745756
1,0.99538
1,0.9817459
1,0.99146724
1,0.9739319
1,0.99217844
1,0.97750366
1,0.9911363
1,0.9168541
1,0.97942746
1,0.99513817
1,0.9218866
1,0.9926445
1,0.9879417
1,0.9977556
1,0.9947904
1,0.9284497
1,0.97643626
1,0.9764837
1,0.9876296
1,0.9990679
1,0.97470504
1,0.9901312
1,0.967366
1,0.9130588
1,0.9151723
1,0.9882278
1,0.98256177
1,0.9904199
1,0.9919992
1,0.9600294
1,0.8978152
1,0.9965197
1,0.9985241
1,0.98700404
1,0.7073794
1,0.93389
1,0.9481042
1,0.9809967
1,0.98529977
1,0.99366564
1,0.99455947
1,0.99913526
1,0.9851558
1,0.99519116
1,0.99648046
1,0.9956724
1,0.9956262
1,0.9970083
1,0.9984718
1,0.9926105
1,0.9828872
1,0.9770662
1,0.99580294
1,0.98858577
1,0.987939
1,0.9820483
1,0.998268
1,0.99866045
1,0.9950829
1,0.99487853
1,0.99107426
1,0.9939847
1,0.8249351
1,0.95463604
1,0.98303825
1,0.99754983
1,0.99380386
1,0.9942695
1,0.92396957
1,0.9846283
1,0.97542053
1,0.96224207
1,0.982565
1,0.95623195
1,0.9710871
1,0.9956183
1,0.99861515
1,0.98900783
1,0.98634106
1,0.96949106
1,0.97932017
1,0.98621315
1,0.9761796
1,0.89459795
1,0.9476867
1,0.99793726
1,0.9873075
1,0.98133147
1,0.94761723
1,0.86016214
1,0.98140633
1,0.7725015
1,0.9675217
1,0.9915731
1,0.9701616
1,0.9898413
1,0.9785655
1,0.8976259
1,0.94699657
1,0.99523085
1,0.9177307
1,0.9260595
1,0.94641906
1,0.9889003
1,0.9803593
1,0.93082637
1,0.97699636
1,0.92195785
1,0.9982407
1,0.9141881
1,0.9737519
1,0.9917278
1,0.97051877
1,0.9804652
1,0.9700646
1,0.97703743
1,0.9992706
1,0.99864584
1,0.9461842
1,0.93956655
1,0.9972283
1,0.99506253
1,0.9872028
1,0.6453281
1,0.96152306
1,0.9990283
1,0.9968439
1,0.93796194
1,0.95032346
1,0.95795226
1,0.9914193
1,0.97600627
1,0.9463486
1,0.96740973
1,0.98413014
1,0.9923603
1,0.9994543
1,0.9858708
1,0.98668355
1,0.98935145
1,0.96606976
1,0.9912379
1,0.997844
1,0.99847406
1,0.9988105
1,0.99123865
1,0.972961
1,0.9805855
1,0.9977284
1,0.9862936
1,0.9961186
1,0.9969606
1,0.9716815
1,0.8912226
1,0.9895403
1,0.98716736
1,0.9826173
1,0.9577919
1,0.9827608
1,0.9907346
1,0.9983016
1,0.99419546
1,0.97844976
1,0.96934074
1,0.98880005
1,0.99732983
1,0.99209225
1,0.9986033
1,0.9946998
1,0.9918997
1,0.9954561
1,0.99476457
1,0.952066
1,0.9914975
1,0.9767691
1,0.21326017
1,0.9328271
1,0.9741813
1,0.98130167
1,0.99214
1,0.9895774
1,0.6381674
1,0.9914579
1,0.93952876
1,0.9864254
1,0.9411055
1,0.95759183
1,0.96881235
1,0.96484935
1,0.9933557
1,0.98802173
1,0.98714715
1,0.95792955
1,0.93670535
1,0.99188906
1,0.9958679
1,0.9854806
1,0.8482855
1,0.96102816
1,0.98814094
1,0.99329805
1,0.9403908
1,0.9213307
1,0.99601054
1,0.999129
1,0.9609849
1,0.7885513
1,0.96086997
1,0.99571663
1,0.99671066
1,0.9855686
1,0.87117857
1,0.8549119
1,0.9632805
1,0.97612065
1,0.9501194
1,0.9915025
1,0.99417746
1,0.9571168
1,0.9769629
1,0.9505416
1,0.9545291
1,0.98425287
1,0.9468213
1,0.91854745
1,0.9240573
1,0.9951356
1,0.97992206
1,0.98635894
1,0.9942741
1,0.9952991
1,0.9972596
1,0.9727551
1,0.9593174
1,0.97075427
1,0.9298316
1,0.949782
1,0.91494656
1,0.99585515
1,0.99463826
1,0.989753
1,0.9922072
1,0.8306523
1,0.9881742
1,0.97886807
1,0.9856956
1,0.9907919
1,0.9909539
1,0.99459153
1,0.99713147
1,0.9844676
1,0.9917275
1,0.9458407
1,0.983345
1,0.99854594
1,0.99468505
1,0.9909758
1,0.983931
1,0.95668244
1,0.994988
1,0.99816185
1,0.7982661
1,0.9906981
1,0.96750224
1,0.96947145
1,0.9796402
1,0.7595212
1,0.9898578
1,0.99844545
1,0.99826425
1,0.9959376
1,0.85293394
1,0.9858411
1,0.9677595
1,0.90920836
1,0.9724008
1,0.9856908
1,0.52009654
1,0.980003
1,0.9169922
1,0.980666
1,0.9416405
1,0.9887272
1,0.95240134
1,0.947132
1,0.97963893
1,0.99400955
1,0.99848
1,0.9106316
1,0.9971585
1,0.99355406
1,0.9978598
1,0.9922186
1,0.99216276
1,0.9802376
1,0.99829537
1,0.9962029
1,0.78035533
1,0.91402423
1,0.9142688
1,0.98244417
1,0.9975726
1,0.97922724
1,0.943265
1,0.97486115
1,0.9032643
1,0.85208386
1,0.95508176
1,0.97367924
1,0.8354605
1,0.965702
1,0.9956767
1,0.99568045
1,0.9784318
1,0.914841
1,0.98574215
1,0.99087536
1,0.997077
1,0.99844354
1,0.99881303
1,0.9803022
1,0.99538213
1,0.9893126
1,0.9656216
1,0.99197453
1,0.9960584
1,0.99431133
1,0.9669611
1,0.97146934
1,0.87739784
1,0.8580823
1,0.9765154
1,0.99682766
1,0.99773836
1,0.9672518
1,0.9080661
1,0.954986
1,0.9892721
1,0.9859119
1,0.9840889
1,0.9260925
1,0.9767957
1,0.9778969
1,0.9990515
1,0.96918136
1,0.9552809
1,0.9777673
1,0.98087746
1,0.98082674
1,0.8642698
1,0.9972561
1,0.9725136
1,0.9899101
1,0.9958394
1,0.9910428
1,0.95124024
1,0.96427685
1,0.971422
1,0.74828213
1,0.9382935
1,0.9346475
1,0.9069626
1,0.9975575
1,0.98122156
1,0.5910656
1,0.9793219
1,0.99776924
1,0.96901107
1,0.9707756
1,0.9529909
1,0.720029
1,0.9663203
1,0.7919718
1,0.9979607
1,0.9943883
1,0.9222206
1,0.983511
1,0.9748106
1,0.98940885
1,0.98473144
1,0.98989946
1,0.8681914
1,0.9769383
1,0.9932406
1,0.9623166
1,0.9643958
1,0.8937387
1,0.9830525
1,0.95879847
1,0.99029773
1,0.9904789
1,0.94172513
1,0.91847
1,0.49028966
1,0.97430736
1,0.9866233
1,0.9695443
1,0.9755275
1,0.9961062
1,0.99692553
1,0.9814953
1,0.84925586
1,0.98945427
1,0.97723186
1,0.8661571
1,0.99243546
1,0.99811953
1,0.96494716
1,0.9821154
1,0.9375384
1,0.9936392
1,0.99365973
1,0.96026194
1,0.9650525
1,0.8224411
1,0.9780939
1,0.98630416
1,0.990802
1,0.93074465
1,0.95491886
1,0.9448849
1,0.9133058
1,0.98409945
1,0.9894412
1,0.9937969
1,0.94343024
1,0.95546556
1,0.96514153
1,0.9241249
1,0.9694005
1,0.9914176
1,0.9466764
1,0.97401196
1,0.93545
1,0.9906557
1,0.99629694
1,0.9533647
1,0.9922748
1,0.8793503
1,0.9891723
1,0.9968515
1,0.9885639
1,0.98186654
1,0.88635695
1,0.79429024
1,0.6970918
1,0.97332
1,0.98299676
1,0.9938188
1,0.97864974
1,0.9883509
1,0.97389936
1,0.95632964
1,0.97871816
1,0.9904764
1,0.98819655
1,0.93876815
1,0.960235
1,0.9568801
1,0.9860533
1,0.9992186
1,0.9910567
1,0.85009825
1,0.8860306
1,0.982947
1,0.987182
1,0.9843649
1,0.98775035
1,0.9158004
1,0.9417161
1,0.99025965
1,0.9888748
1,0.93517756
1,0.94237345
1,0.97555655
1,0.98947036
1,0.9982405
1,0.9430216
1,0.80748975
1,0.99199533
1,0.9957106
1,0.9854578
1,0.98543686
1,0.94852036
1,0.9436261
1,0.98736864
1,0.8470577
1,0.7668839
1,0.9822417
1,0.9130291
1,0.97486955
1,0.9925243
1,0.988316
1,0.99876165
1,0.99909836
1,0.99159193
1,0.99394387
1,0.9567094
1,0.95144165
1,0.9908438
1,0.9894879
1,0.9972095
1,0.9839857
1,0.99017394
1,0.67138165
1,0.9902485
1,0.9974208
1,0.95874596
1,0.9484048
0,0.71015376
0,0.46297076
0,0.0979811
0,0.89653784
0,0.4496589
0,0.3367547
0,0.12973946
0,0.42628565
0,0.19349825
0,0.6635087
0,0.60110366
0,0.28021485
0,0.24527882
0,0.22747554
0,0.5357485
0,0.48152122
0,0.75351405
0,0.6249862
0,0.59717935
0,0.75380284
0,0.08715529
0,0.55084395
0,0.1286289
0,0.5817846
0,0.5746499
0,0.27238473
0,0.28977636
0,0.45500547
0,0.28509936
0,0.46745104
0,0.83292985
0,0.20052233
0,0.3094146
0,0.41146812
0,0.2094696
0,0.4708445
0,0.23950766
0,0.96556014
0,0.62616664
0,0.7232456
0,0.49434
0,0.23837233
0,0.23985384
0,0.14032724
0,0.09485138
0,0.21765296
0,0.43700176
0,0.15470156
0,0.6317401
0,0.21639507
0,0.7259706
0,0.41238573
0,0.19982114
0,0.9650935
0,0.87297064
0,0.517311
0,0.51357025
0,0.8502679
0,0.11509856
0,0.19373773
0,0.96361846
0,0.13225551
0,0.53756666
0,0.23184033
0,0.41088808
0,0.63054657
0,0.8963037
0,0.17471667
0,0.66485757
0,0.1956136
0,0.9694421
0,0.56487334
0,0.24288087
0,0.64516556
0,0.6554328
0,0.6088534
0,0.9825667
0,0.78750986
0,0.16861378
0,0.8598048
0,0.25330892
0,0.69467956
0,0.14369784
0,0.4911676
0,0.15798286
0,0.67809457
0,0.38200012
0,0.08372672
0,0.30016515
0,0.410295
0,0.26946658
0,0.71359974
0,0.76165706
0,0.24972916
0,0.80785066
0,0.15562075
0,0.4817203
0,0.5354165
0,0.28494942
0,0.8092187
0,0.1608409
0,0.1573863
0,0.1779665
0,0.13486326
0,0.0671847
0,0.95899135
0,0.4728465
0,0.4463814
0,0.96960336
0,0.8749007
0,0.39082235
0,0.2337376
0,0.2343802
0,0.4197205
0,0.3502801
0,0.35319707
0,0.95431155
0,0.29663864
0,0.9343336
0,0.40376878
0,0.19334939
0,0.8275524
0,0.5433722
0,0.40320146
0,0.25006893
0,0.7302446
0,0.4330164
0,0.84557307
0,0.38512394
0,0.16746937
0,0.58694786
0,0.6113216
0,0.18156436
0,0.8790034
0,0.078611195
0,0.26183245
0,0.4499712
0,0.28188103
0,0.41707233
0,0.52607733
0,0.83552957
0,0.40287498
0,0.62618834
0,0.15037768
0,0.2186242
0,0.17786974
0,0.15299046
0,0.18947247
0,0.80642325
0,0.4764445
0,0.24334827
0,0.22013609
0,0.43706173
0,0.14015236
0,0.2165254
0,0.4659089
0,0.94261336
0,0.06728761
0,0.18709092
0,0.32306892
0,0.7563306
0,0.8011397
0,0.80880284
0,0.81937695
0,0.12479619
0,0.17048578
0,0.7442528
0,0.44057256
0,0.5690646
0,0.6835944
0,0.09382069
0,0.4153155
0,0.20546621
0,0.1816966
0,0.055166643
0,0.32985273
0,0.4238928
0,0.6978642
0,0.7986229
0,0.72584665
0,0.4781012
0,0.6858867
0,0.09175935
0,0.90812385
0,0.34240404
0,0.9574454
0,0.27414304
0,0.7139149
0,0.1137
0,0.25199395
0,0.7501431
0,0.11740349
0,0.4609112
0,0.14135075
0,0.49506238
0,0.06689742
0,0.44370583
0,0.47123864
0,0.14094667
0,0.3246518
0,0.5151119
0,0.80361813
0,0.112649426
0,0.1268036
0,0.92219937
0,0.22258769
0,0.19063514
0,0.40510952
0,0.19392395
0,0.60272336
0,0.118741445
0,0.0652415
0,0.26186198
0,0.10460509
0,0.34828472
0,0.18677564
0,0.08049299
0,0.32953444
0,0.37877524
0,0.110923745
0,0.81159335
0,0.45354733
0,0.7036439
0,0.14062844
0,0.26279357
0,0.0817858
0,0.6283103
0,0.16629149
0,0.2776117
0,0.566795
0,0.15189964
0,0.17790739
0,0.12355728
0,0.2980835
0,0.46738097
0,0.29145765
0,0.4550887
0,0.0690138
0,0.22639558
0,0.12049928
0,0.32049134
0,0.5946445
0,0.3413755
0,0.8863684
0,0.4417926
0,0.1389802
0,0.7844923
0,0.18240233
0,0.14718062
0,0.28147203
0,0.11420165
0,0.19745475
0,0.08650016
0,0.763117
0,0.27568898
0,0.21310596
0,0.4991331
0,0.3067863
0,0.25131097
0,0.4973623
0,0.69422585
0,0.07969151
0,0.17603259
0,0.26514846
0,0.06521529
0,0.44139016
0,0.8416698
0,0.7289478
0,0.1626508
0,0.058028292
0,0.28328606
0,0.16679877
0,0.23281653
0,0.17748848
0,0.09829594
0,0.3663737
0,0.061191924
0,0.7917513
0,0.39368653
0,0.16320145
0,0.5476096
0,0.223338
0,0.42366117
0,0.62358975
0,0.14728276
0,0.19211826
0,0.50298846
0,0.10956148
0,0.060613405
0,0.104533836
0,0.08864827
0,0.043730464
0,0.07054601
0,0.12366698
0,0.24162516
0,0.7286996
0,0.32952833
0,0.45500472
0,0.24123043
0,0.113215856
0,0.12782913
0,0.1196919
0,0.42577064
0,0.1070412
0,0.22285649
0,0.025819246
0,0.1944945
0,0.10414295
0,0.15943961
0,0.33723387
0,0.11054987
0,0.5248857
0,0.11859318
0,0.21292824
0,0.20178618
0,0.40449983
0,0.2973907
0,0.774211
0,0.23847283
0,0.37445843
0,0.23796417
0,0.14209905
0,0.10622722
0,0.54373246
0,0.48756748
0,0.19976248
0,0.2658582
0,0.26525098
0,0.15189067
0,0.11685006
0,0.0964519
0,0.07530346
0,0.21839654
0,0.12381942
0,0.38246405
0,0.8007362
0,0.20695964
0,0.24254994
0,0.08787247
0,0.12968229
0,0.39666545
0,0.1221922
0,0.39084253
0,0.09660622
0,0.46778637
0,0.042468864
0,0.26249745
0,0.35282806
0,0.19501194
0,0.23244384
0,0.5621503
0,0.3512903
0,0.5106925
0,0.22107734
0,0.17466879
0,0.26739296
0,0.20126759
0,0.09394711
0,0.61989045
0,0.08913517
0,0.7706163
0,0.2046408
0,0.21956497
0,0.3154871
0,0.12738493
0,0.39054513
0,0.08814559
0,0.15782045
0,0.09124264
0,0.5174236
0,0.34174365
0,0.09530696
0,0.10652932
0,0.09267788
0,0.10185037
0,0.30548644
0,0.5361743
0,0.6257675
0,0.7690344
0,0.42101678
0,0.29542336
0,0.29581052
0,0.09792162
0,0.18545474
0,0.45066965
0,0.18860206
0,0.07715305
0,0.042281
0,0.5796357
0,0.20190011
0,0.14894748
0,0.057242304
0,0.6782081
0,0.47238737
0,0.13761695
0,0.91661847
0,0.17850448
0,0.3370805
0,0.17138205
0,0.8046379
0,0.16520528
0,0.07930718
0,0.4942739
0,0.1903004
0,0.28090698
0,0.18128006
0,0.14076369
0,0.17648494
0,0.59987
0,0.14481309
0,0.15122585
0,0.33889344
0,0.23911755
0,0.34648827
0,0.1654138
0,0.12305803
0,0.122417696
0,0.6561016
0,0.15999776
0,0.09794853
0,0.09921073
0,0.12994179
0,0.15275614
0,0.6103984
0,0.39603966
0,0.1274079
0,0.13632536
0,0.18656228
0,0.17084837
0,0.35078248
0,0.061346095
0,0.21312359
0,0.23657599
0,0.60055643
0,0.50581986
0,0.49891907
0,0.20031926
0,0.5294166
0,0.2037204
0,0.11277028
0,0.7779412
0,0.14678386
0,0.17680325
0,0.71904397
0,0.17846172
0,0.43608093
0,0.7050556
0,0.564405
0,0.75354314
0,0.5889055
0,0.5212774
0,0.1037906
0,0.47983557
0,0.28730705
0,0.11390461
0,0.46253705
0,0.16004203
0,0.103041284
0,0.12514447
0,0.21629965
0,0.25720364
0,0.7801567
0,0.75530803
0,0.44719094
0,0.22048306
0,0.40401846
0,0.2135741
0,0.89940035
0,0.88361573
0,0.61018574
0,0.18411416
0,0.12172764
0,0.44524413
0,0.5415641
0,0.4806529
0,0.19146204
0,0.1944252
0,0.1555757
0,0.5124198
0,0.7639959
0,0.7580163
0,0.85002434
0,0.7315702
0,0.25539503
0,0.76946837
0,0.32013273
0,0.76496243
0,0.14290799
0,0.60805285
0,0.5413974
0,0.16419668
0,0.5644135
0,0.2789685
0,0.07999338
0,0.51081634
0,0.33339143
0,0.17114735
0,0.79081994
0,0.82207596
0,0.962045
0,0.46369702
0,0.18426926
0,0.22131635
0,0.115766026
0,0.17406124
0,0.3028134
0,0.4974825
0,0.15654446
0,0.16884305
0,0.04663439
0,0.040269125
0,0.21382885
0,0.1967863
0,0.10934262
0,0.7574463
0,0.44644734
0,0.4657718
0,0.2609714
0,0.58154756
0,0.5929841
0,0.17045881
0,0.5023968
0,0.16281925
0,0.21089429
0,0.40611228
0,0.8117483
0,0.64547986
0,0.104425564
0,0.6788921
0,0.104689814
0,0.2818555
0,0.23965573
0,0.58771354
0,0.5614355
0,0.6057412
0,0.54052395
0,0.3677297
0,0.23663598
0,0.19441333
0,0.4775175
0,0.13545792
0,0.3971602
0,0.3958054
0,0.27151573
0,0.94737715
0,0.6198669
0,0.90431833
0,0.88227665
0,0.20655346
0,0.79051155
0,0.87599164
0,0.5297382
0,0.14336202
0,0.5735498
0,0.653607
0,0.1738385
0,0.10708277
0,0.15977536
0,0.61861765
0,0.8870523
0,0.3446267
0,0.7721717
0,0.7418374
0,0.9368934
0,0.13830574
0,0.25944632
0,0.2848967
0,0.5445213
0,0.8455937
0,0.68973196
0,0.23902395
0,0.26833284
0,0.7669021
0,0.26329285
0,0.75654227
0,0.11906389
0,0.7625012
0,0.16802776
0,0.21447764
0,0.8745891
0,0.10034258
0,0.78251946
0,0.7107266
0,0.9691808
0,0.32645234
0,0.48413706
0,0.9286563
0,0.4177802
0,0.30010998
0,0.6535288
0,0.1077556
0,0.72573847
0,0.53702545
0,0.35409087
0,0.64330804
0,0.074555
0,0.4308784
0,0.20977518
0,0.34780845
0,0.6395114
0,0.8575678
0,0.8794631
0,0.36512056
0,0.33508042
0,0.2039292
0,0.34763092
0,0.89646244
0,0.8783441
0,0.71482384
0,0.38913572
0,0.8311283
0,0.56977403
0,0.45410523
0,0.8850285
0,0.80778664
0,0.6499863
0,0.69691265
0,0.21665539
0,0.51849157
0,0.14104916
0,0.86770463
0,0.3723333
0,0.58312446
0,0.6567242
0,0.43701875
0,0.55665207
0,0.75365365
0,0.81187105
0,0.5517828
0,0.3405178
0,0.7032886
0,0.3571443
0,0.17767404
0,0.5692144
0,0.7336221
0,0.46277195
0,0.41154778
0,0.60711944
0,0.7867293
0,0.44228476
0,0.8575338
0,0.3808466
0,0.4841123
0,0.82794034
0,0.41038293
0,0.20472303
0,0.6365145
0,0.92046547
0,0.5916937
0,0.18021524
0,0.65282345
0,0.23677118
0,0.37372184
0,0.21524097
0,0.89382493
0,0.6218788
0,0.71427983
0,0.26484343
0,0.41729316
0,0.079412065
0,0.3416425
0,0.092755735
0,0.5679347
0,0.5067182
0,0.09744813
0,0.2655536
0,0.75143063
0,0.5318527
0,0.09310998
0,0.32678884
0,0.56906337
0,0.62082475
0,0.50542915
0,0.363748
0,0.2100547
0,0.59988934
0,0.20692566
0,0.15047279
0,0.13463044
0,0.4921866
0,0.6014091
0,0.22805825
0,0.3503566
0,0.6692478
0,0.31727064
0,0.20898063
0,0.40881655
0,0.9007444
0,0.27641034
0,0.20884794
0,0.34659848
0,0.79076296
0,0.11723284
0,0.9047053
0,0.30280003
0,0.30620024
0,0.27175876
0,0.19923876
0,0.072434336
0,0.054372806
0,0.3730812
0,0.038536742
0,0.6853158
0,0.5521704
0,0.4894111
0,0.6818628
0,0.67987126
0,0.8407972
0,0.38314855
0,0.34367985
0,0.8210982
0,0.7457445
0,0.7930179
0,0.52990454
0,0.3992905
0,0.6037361
0,0.9323678
0,0.25852743
0,0.13819021
0,0.9006252
0,0.20363238
0,0.12766407
0,0.42007378
0,0.11398014
0,0.7146023
0,0.19791645
0,0.9271965
0,0.3658641
0,0.5069773
0,0.09118469
0,0.118696384
0,0.15711145
0,0.37620282
0,0.23625383
0,0.46544158
0,0.131237
0,0.1650528
0,0.3117066
0,0.7206715
0,0.09990606
0,0.26689932
0,0.50738597
0,0.56765306
0,0.3599784
0,0.5408191
0,0.23881473
0,0.68699145
0,0.70763344
0,0.6958775
0,0.45852637
0,0.2383924
0,0.63997513
0,0.09229155
0,0.38525522
0,0.21999985
0,0.20207046
0,0.21579528
0,0.20510498
0,0.43774825
0,0.1868386
0,0.26266953
0,0.15526088
0,0.40573114
0,0.30058712
0,0.53612375
0,0.28004053
0,0.6679813
0,0.07791989
0,0.14899495
0,0.32821202
0,0.5648026
0,0.37522528
0,0.1982438
0,0.46298257
0,0.5354433
0,0.14518356
0,0.16673142
0,0.20644112
0,0.548309
0,0.21482301
0,0.645197
0,0.14281073
0,0.25512934
0,0.4559917
0,0.226135
0,0.2035743
0,0.1588904
0,0.4324202
0,0.5941895
0,0.5393364
0,0.06709736
0,0.40414867
0,0.605827
0,0.32017413
0,0.42207792
0,0.38441342
0,0.40242714
0,0.66438913
0,0.35063562
0,0.6777878
0,0.74898523
0,0.64996254
0,0.17643063
0,0.0852363
0,0.48740524
0,0.88854307
0,0.30196038
0,0.20100246
0,0.57157964
0,0.18861324
0,0.91804934
0,0.37845412
0,0.7304453
0,0.16014697
0,0.46325922
0,0.35965723
0,0.1634138
0,0.1470274
0,0.67732257
0,0.20523465
0,0.72817874
0,0.1579257
0,0.28057632
0,0.3873008
0,0.103471324
0,0.51064104
0,0.6207621
0,0.45267504
0,0.15699086
0,0.47750962
0,0.13934247
0,0.2891944
0,0.47072443
0,0.10559834
0,0.20612212
0,0.39715752
0,0.3719012
0,0.19726938
0,0.39688936
0,0.8398871
0,0.23534685
0,0.1397702
0,0.09352242
0,0.21322629
0,0.120653145
0,0.29382813
0,0.06806393
0,0.3938232
0,0.105125785
0,0.33285287
0,0.12338914
0,0.15869768
0,0.04762842
0,0.116968155
0,0.23021127
0,0.1712864
0,0.19013822
0,0.15277192
0,0.69667315
0,0.1423677
0,0.23474158
0,0.31799978
0,0.18265004
0,0.19585577
0,0.9371594
0,0.36523423
0,0.16022605
0,0.22560681
0,0.16756551
0,0.3533256
0,0.6041804
0,0.093401566
0,0.3184854
0,0.110058285
0,0.21163751
0,0.3309738
0,0.19842595
0,0.035161246
0,0.33606267
0,0.11387754
0,0.45720506
0,0.23508124
0,0.4123578
0,0.10570316
0,0.2822874
0,0.09852372
0,0.26407698
0,0.10180405
0,0.1884396
0,0.060352482
0,0.11996359
0,0.23317088
0,0.07267974
0,0.28502262
0,0.24892008
0,0.18136407
0,0.40736407
0,0.15877548
0,0.26212505
0,0.20160374
0,0.07679273
0,0.30527434
0,0.113612145
0,0.9256722
0,0.076591834
0,0.15060055
0,0.13806361
0,0.44629297
0,0.2726326
0,0.13605894
0,0.07286498
0,0.19972043
0,0.5255378
0,0.37761134
0,0.1424391
0,0.10060706
0,0.10323491
0,0.16136199
0,0.6554945
0,0.23259857
0,0.19255072
0,0.23141389
0,0.34470883
0,0.13621698
0,0.6324063
0,0.27261126
0,0.17242229
0,0.21352026
0,0.22727627
0,0.22567269
0,0.39438605
0,0.21669576
0,0.07807245
0,0.4082442
0,0.41830683
0,0.5862974
0,0.56776476
0,0.302153
0,0.6222511
0,0.10950802
0,0.528197
0,0.17933011
0,0.696315
0,0.56730765
0,0.16502723
0,0.5827172
0,0.6315135
0,0.43256187
0,0.6325425
0,0.64034855
0,0.27173734
0,0.11829659
0,0.19591086
0,0.51710486
0,0.26215833
0,0.41286704
0,0.17588492
0,0.13509421
0,0.581275
0,0.10508054
0,0.29727083
0,0.08597598
0,0.42227173
0,0.21194084
0,0.34364426
0,0.39796466
0,0.19432701
0,0.18960842
0,0.12598547
0,0.116405256
0,0.36010647
0,0.0816774
0,0.25614157
0,0.2660483
0,0.20724359
0,0.1924155
0,0.57793486
0,0.27852744
0,0.3693348
0,0.6078118
0,0.1425769
0,0.79066277
0,0.10274433
0,0.486653
0,0.1293031
0,0.097801305
0,0.5421915
0,0.093935825
0,0.4359154
0,0.41313505
0,0.40300846
0,0.2725084
0,0.39519328
0,0.23906137
0,0.34987155
0,0.1283314
0,0.21203624
0,0.3310523
0,0.095340565
0,0.14621489
0,0.096978664
0,0.09628183
0,0.37710828
0,0.37770778
0,0.29779652
0,0.073753886
0,0.13488527
0,0.12031246
0,0.4452102
0,0.19196028
0,0.095759116
0,0.12636063
0,0.14958544
0,0.37538242
0,0.32005984
0,0.73557925
0,0.13337933
0,0.40418243
0,0.69374985
0,0.77321255
0,0.40610754
0,0.25198683
0,0.13195685
0,0.07220752
0,0.33473107
0,0.12167021
0,0.22959772
0,0.20229283
0,0.4850684
0,0.8822974
0,0.9016524
0,0.23526408
0,0.4624543
0,0.54791194
0,0.51395404
0,0.8472253
0,0.06949373
0,0.75105757
0,0.8529936
0,0.34582406
0,0.11804801
0,0.5653557
0,0.36961907
0,0.41707745
0,0.72302914
0,0.1903524
0,0.8904074
0,0.590542
0,0.36061168
0,0.7884442
0,0.6145729
0,0.4405939
0,0.813384
0,0.27407485
0,0.076492846
0,0.60197645
0,0.34453142
0,0.5386618
0,0.90157527
0,0.3799746
0,0.16827679
0,0.12916985
0,0.6289837
0,0.0974101
0,0.7760839
0,0.10535609
0,0.38114527
0,0.39299306
0,0.56229055
0,0.84956485
0,0.7368091
0,0.61899143
0,0.55906236
0,0.14643712
0,0.41695684
0,0.5207783
0,0.08444592
0,0.8511685
0,0.36845204
0,0.28179246
0,0.21590684
0,0.12079748
0,0.75782573
0,0.4901891
0,0.11638001
0,0.8663536
0,0.23917967
0,0.1311794
0,0.33706066
0,0.7233709
0,0.12107561
0,0.21718732
0,0.35918084
0,0.12370036
0,0.2175022
0,0.19926287
0,0.9209358
0,0.12505469
0,0.43445584
0,0.4518064
0,0.54878074
0,0.62360513
0,0.4909873
0,0.48514083
0,0.7628487
0,0.6520152
0,0.33601707
0,0.21550128
0,0.3812749
0,0.83742714
0,0.39037493
0,0.6458585
0,0.40919137
0,0.89979136
0,0.25256637
0,0.094356105
0,0.8009837
0,0.4063837
0,0.77657497
0,0.55136776
0,0.12639575
0,0.23547858
0,0.11177599
0,0.33310917
0,0.25677952
0,0.25591847
0,0.0989792
0,0.9276172
0,0.47005546
0,0.123017624
0,0.66291314
0,0.4275589
0,0.100358464
0,0.25690207
0,0.6137107
0,0.7013609
0,0.1738852
0,0.54346776
0,0.6920719
0,0.18243715
0,0.7474286
0,0.562383
0,0.40137163
0,0.7588575
0,0.14575018
0,0.10098977
0,0.5828997
0,0.49859667
0,0.081726715
0,0.83287996
0,0.46173394
0,0.52112395
0,0.89780605
0,0.530374
0,0.14186363
0,0.30183986
0,0.099115044
0,0.5093636
0,0.7254072
0,0.31264663
0,0.59174407
0,0.48407924
0,0.10919245
0,0.8407614
0,0.45338035
0,0.30636564
0,0.5789188
0,0.33103618
0,0.8397
0,0.547062
0,0.44121155
0,0.7806498
0,0.89648896
0,0.12888089
0,0.41309163
0,0.11740587
0,0.4365574
0,0.18985036
0,0.5892463
0,0.59714264
0,0.7267737
0,0.3888546
0,0.657198
0,0.36257383
0,0.5997946
0,0.7942974
0,0.7240854
0,0.11344302
0,0.5214805
0,0.21932405
0,0.63887405
0,0.6808083
0,0.3447299
0,0.89141667
0,0.44480586
0,0.17499427
0,0.6127401
0,0.07929176
0,0.12372047
0,0.50520533
0,0.2744495
0,0.32415786
0,0.24655789
0,0.39537328
0,0.06271483
0,0.15645972
0,0.109620064
0,0.7026199
0,0.8789004
0,0.20922753
0,0.6334582
0,0.17474024
0,0.21991172
0,0.12686989
0,0.109643176
0,0.8997859
0,0.9012788
0,0.11796184
0,0.43442503
0,0.45171112
0,0.27113292
0,0.11517854
0,0.2662206
0,0.20870742
0,0.19805604
0,0.6641387
0,0.17713505
0,0.19440694
0,0.61217743
0,0.19288504
0,0.43346757
0,0.11634352
0,0.49014866
0,0.13032913
0,0.2669991
0,0.76342857
0,0.23411138
0,0.8094657
0,0.6409704
0,0.2088192
0,0.497918
0,0.58985204
0,0.50334114
0,0.4604278
0,0.24720101
0,0.08542414
0,0.33919752
0,0.48123604
0,0.9330567
0,0.47192094
0,0.23123765
0,0.2618084
0,0.3709654
0,0.17178148
0,0.6940983
0,0.3437856
0,0.96060634
0,0.95926136
0,0.49371168
0,0.26220137
0,0.90523714
0,0.81767404
0,0.75066197
0,0.54209846
0,0.31557766
0,0.23301686
0,0.33016318
0,0.2853398
0,0.29708526
0,0.32552302
0,0.12793076
0,0.59969354
0,0.25196895
0,0.29503828
0,0.8753557
0,0.43048322
0,0.940996
0,0.68056834
0,0.1947599
0,0.15544662
0,0.45261824
0,0.896573
1,0.99863714
1,0.99983776
1,0.99758637
1,0.99911684
1,0.9996733
1,0.9999547
1,0.9982596
1,0.99959505
1,0.9997696
1,0.9999405
1,0.99991155
1,0.9995236
1,0.99980927
1,0.99970573
1,0.99827886
1,0.9998739
1,0.9994511
1,0.99943393
1,0.9972537
1,0.99934393
1,0.99968725
1,0.9997069
1,0.9999701
1,0.99902105
1,0.99969214
1,0.9999001
1,0.996418
1,0.9983057
1,0.9992236
1,0.99941903
1,0.9978574
1,0.99686074
1,0.99956864
1,0.99992716
1,0.9763837
1,0.99689734
1,0.9997564
1,0.9994923
1,0.99978423
1,0.9997032
1,0.999869
1,0.99734014
1,0.9998145
1,0.9999448
1,0.9997966
1,0.9998965
1,0.9997978
1,0.99908733
1,0.99963284
1,0.9996207
1,0.999912
1,0.9988122
1,0.9996371
1,0.9992681
1,0.9997403
1,0.9980028
1,0.99931824
1,0.99937165
1,0.9992612
1,0.9996449
1,0.99905807
1,0.99904364
1,0.99985886
1,0.9994481
1,0.9995148
1,0.99418795
1,0.99784803
1,0.9952677
1,0.9989712
1,0.9995864
1,0.99984324
1,0.99961305
1,0.9998628
1,0.9998015
1,0.99985456
1,0.9996351
1,0.9998467
1,0.9996988
1,0.9992112
1,0.999838
1,0.99971884
1,0.999463
1,0.9998355
1,0.99985576
1,0.99996674
1,0.99622667
1,0.9998697
1,0.9993813
1,0.999584
1,0.997969
1,0.99976
1,0.99410325
1,0.9999083
1,0.9997248
1,0.9995498
1,0.99948275
1,0.9997613
1,0.9999224
1,0.99978924
1,0.9974249
1,0.99657625
1,0.99962306
1,0.99987984
1,0.9995578
1,0.9990416
1,0.99624497
1,0.999619
1,0.9995092
1,0.99998176
1,0.99945706
1,0.9991567
1,0.9995348
1,0.99982226
1,0.9997657
1,0.9997786
1,0.99876565
1,0.999522
1,0.9998591
1,0.99977875
1,0.9995067
1,0.9996808
1,0.99977094
1,0.999805
1,0.99977434
1,0.99953884
1,0.9995735
1,0.9998963
1,0.9992199
1,0.99931145
1,0.99948466
1,0.99992085
1,0.9988193
1,0.8630049
1,0.9898325
1,0.9984816
1,0.9997428
1,0.99980414
1,0.9998487
1,0.99985385
1,0.99958825
1,0.99984705
1,0.9998497
1,0.9986205
1,0.99955326
1,0.99975353
1,0.9999306
1,0.9991585
1,0.99846435
1,0.9996624
1,0.99985325
1,0.9999038
1,0.9998888
1,0.99936694
1,0.9998838
1,0.9998224
1,0.9997279
1,0.9993707
1,0.9995678
1,0.9987853
1,0.9997872
1,0.999752
1,0.99926156
1,0.9995629
1,0.9998623
1,0.99994564
1,0.9913023
1,0.99920076
1,0.99896693
1,0.9998815
1,0.9998771
1,0.9980013
1,0.99975497
1,0.9982211
1,0.9992287
1,0.9993326
1,0.9993104
1,0.9988691
1,0.99844956
1,0.999647
1,0.9996732
1,0.99947095
1,0.9992151
1,0.9985422
1,0.9922333
1,0.9993924
1,0.999559
1,0.9988882
1,0.9990678
1,0.9991862
1,0.9995053
1,0.9998739
1,0.9996883
1,0.9998385
1,0.99995255
1,0.9983341
1,0.9997496
1,0.99978185
1,0.9996849
1,0.9851971
1,0.99894255
1,0.99761343
1,0.9997116
1,0.99857354
1,0.99903107
1,0.9998611
1,0.99932075
1,0.99955887
1,0.99967986
1,0.99943155
1,0.999377
1,0.99975806
1,0.99984646
1,0.9998597
1,0.99734855
1,0.9992386
1,0.99915874
1,0.99841666
1,0.99894893
1,0.99927264
1,0.99992585
1,0.99983156
1,0.9990809
1,0.9975147
1,0.9991006
1,0.99894327
1,0.99935097
1,0.9983736
1,0.99847645
1,0.9997792
1,0.9985902
1,0.998662
1,0.99946964
1,0.9913306
1,0.99977696
1,0.99957615
1,0.9997296
1,0.99995196
1,0.9992236
1,0.9976513
1,0.98909926
1,0.9997921
1,0.999928
1,0.9929174
1,0.9914575
1,0.9996606
1,0.9986804
1,0.9992138
1,0.99987376
1,0.9997509
1,0.9997081
1,0.99906707
1,0.9997404
1,0.9989749
1,0.9992015
1,0.9996656
1,0.9998232
1,0.9988054
1,0.99831307
1,0.9990478
1,0.9998026
1,0.9994562
1,0.99908125
1,0.99995136
1,0.9986664
1,0.9913242
1,0.9996555
1,0.9997205
1,0.9999647
1,0.9987924
1,0.9987464
1,0.9998393
1,0.99825877
1,0.9997847
1,0.9990791
1,0.99919516
1,0.99855477
1,0.99993956
1,0.99996126
1,0.9907932
1,0.9991887
1,0.99984825
1,0.99978495
1,0.9997994
1,0.99951136
1,0.9998652
1,0.99990535
1,0.9948394
1,0.99981296
1,0.99953085
1,0.9999546
1,0.99971694
1,0.99987817
1,0.9993968
1,0.99990356
1,0.9980052
1,0.9986425
1,0.99920654
1,0.99813926
1,0.9998591
1,0.999284
1,0.99863595
1,0.99955314
1,0.9998921
1,0.99989235
1,0.99842083
1,0.99933845
1,0.99974877
1,0.99944836
1,0.99851733
1,0.9978896
1,0.9989115
1,0.9993013
1,0.99986434
1,0.9995229
1,0.9996562
1,0.99920076
1,0.99973017
1,0.999468
1,0.99914277
1,0.9996895
1,0.99987197
1,0.99965334
1,0.99893624
1,0.9983741
1,0.9998181
1,0.9996669
1,0.9968195
1,0.9993845
1,0.99959636
1,0.99961734
1,0.9046078
1,0.99957854
1,0.9990639
1,0.99998856
1,0.99966913
1,0.9998244
1,0.9998956
1,0.9982008
1,0.9996795
1,0.99981546
1,0.9997285
1,0.9985221
1,0.99982536
1,0.9990946
1,0.9998089
1,0.9997817
1,0.9998269
1,0.9992704
1,0.99945027
1,0.99986124
1,0.99937344
1,0.99937105
1,0.99990785
1,0.9988978
1,0.9996165
1,0.9994497
1,0.9992218
1,0.9996456
1,0.99993455
1,0.99674726
1,0.9991742
1,0.9998939
1,0.99966407
1,0.99717844
1,0.9986619
1,0.9994019
1,0.9992937
1,0.9992536
1,0.999823
1,0.999473
1,0.99890053
1,0.9990439
1,0.99828196
1,0.99925643
1,0.9778976
1,0.99787676
1,0.99976367
1,0.9998224
1,0.990809
1,0.99969155
1,0.99976295
1,0.99967927
1,0.99926656
1,0.99964607
1,0.99764174
1,0.99984753
1,0.99923766
1,0.9996197
1,0.9986242
1,0.9995442
1,0.99981284
1,0.99880815
1,0.9979923
1,0.9998939
1,0.99968225
1,0.99583364
1,0.9981894
1,0.97844756
1,0.9995412
1,0.9997514
1,0.9995722
1,0.99805045
1,0.99972147
1,0.99739635
1,0.99883956
1,0.99981594
1,0.9995604
1,0.99973494
1,0.9995274
1,0.9997032
1,0.99985397
1,0.9998926
1,0.9990245
1,0.99968463
1,0.9990815
1,0.999797
1,0.9995922
1,0.99644697
1,0.99946207
1,0.99974424
1,0.99979365
1,0.9955971
1,0.9896181
1,0.9997687
1,0.9996654
1,0.99987304
1,0.9997012
1,0.99978113
1,0.9998722
1,0.99773407
1,0.9998529
1,0.99979246
1,0.99848425
1,0.9991617
1,0.9997773
1,0.9997423
1,0.99966586
1,0.99954194
1,0.9995135
1,0.9996907
1,0.9996095
1,0.9989598
1,0.99719274
1,0.9986327
1,0.99992347
1,0.99985385
1,0.99692196
1,0.99816424
1,0.99976486
1,0.9997309
1,0.9989145
1,0.9998585
1,0.9993549
1,0.9997669
1,0.9998021
1,0.9992174
1,0.999845
1,0.9998262
1,0.9998741
1,0.99976903
1,0.9996544
1,0.99949133
1,0.92388666
1,0.9998139
1,0.9965641
1,0.99655557
1,0.9982161
1,0.9984458
1,0.99974304
1,0.99780244
1,0.99983454
1,0.9995491
1,0.99951565
1,0.9998015
1,0.9999324
1,0.99984396
1,0.999593
1,0.9998623
1,0.999718
1,0.9995286
1,0.9994035
1,0.9998982
1,0.9999254
1,0.9996152
1,0.99783605
1,0.999724
1,0.99989295
1,0.99971944
1,0.9992912
1,0.9984334
1,0.9992789
1,0.99912363
1,0.99934644
1,0.99657553
1,0.99983096
1,0.99980056
1,0.9993845
1,0.9986045
1,0.99987066
1,0.99905187
1,0.99885607
1,0.9998827
1,0.9997577
1,0.99823546
1,0.9998673
1,0.99994814
1,0.9988815
1,0.99958223
1,0.9998671
1,0.99992585
1,0.9975526
1,0.99368316
1,0.99982345
1,0.99975175
1,0.9995005
1,0.9998764
1,0.99831533
1,0.99982524
1,0.999967
1,0.9995329
1,0.9996456
1,0.9993124
1,0.9983828
1,0.99577844
1,0.99909437
1,0.9997864
1,0.9987244
1,0.9994394
1,0.9985067
1,0.95577914
1,0.99918145
1,0.99943763
1,0.99963677
1,0.9997754
1,0.9986941
1,0.9995565
1,0.99973017
1,0.99978364
1,0.99962926
1,0.9995928
1,0.9999751
1,0.99930775
1,0.99962497
1,0.99949396
1,0.9998162
1,0.9971402
1,0.99976736
1,0.99901986
1,0.999754
1,0.9974019
1,0.9997634
1,0.9998934
1,0.99941593
1,0.9999143
1,0.9998994
1,0.9997371
1,0.99975806
1,0.9998243
1,0.9985599
1,0.9998417
1,0.9994055
1,0.9999442
1,0.9990722
1,0.99909043
1,0.99910146
1,0.9983677
1,0.99986744
1,0.99953
1,0.99977446
1,0.99996483
1,0.99791795
1,0.9995448
1,0.9997068
1,0.9985985
1,0.9992249
1,0.9997978
1,0.9997883
1,0.99757546
1,0.9982451
1,0.9998566
1,0.99995315
1,0.99954766
1,0.996795
1,0.9995085
1,0.99998
1,0.9999126
1,0.99979687
1,0.9998033
1,0.9989077
1,0.99953634
1,0.99984837
1,0.99977493
1,0.99839824
1,0.99976295
1,0.99975425
1,0.91908103
1,0.9982974
1,0.9951926
1,0.99977124
1,0.99961245
1,0.99962807
1,0.99284244
1,0.9971776
1,0.99965155
1,0.99991786
1,0.9997477
1,0.9985329
1,0.9968566
1,0.99973494
1,0.9998561
1,0.99986434
1,0.99893826
1,0.9998617
1,0.99905986
1,0.99944645
1,0.99928796
1,0.99769324
1,0.999458
1,0.99929035
1,0.9995577
1,0.9984096
1,0.9979528
1,0.9996346
1,0.9996184
1,0.9999386
1,0.999138
1,0.99942106
1,0.9995036
1,0.98939556
1,0.9975636
1,0.9989818
1,0.9989641
1,0.9996681
1,0.99980056
1,0.9981055
1,0.99535286
1,0.9995622
1,0.99920833
1,0.9994256
1,0.9998441
1,0.99927646
1,0.9999175
1,0.99971277
1,0.99971527
1,0.9993462
1,0.9994948
1,0.99855214
1,0.99753785
1,0.999393
1,0.9998306
1,0.9997915
1,0.9999578
1,0.99882406
1,0.99988914
1,0.99936205
1,0.9996388
1,0.9999064
1,0.99963033
1,0.9998889
1,0.99937046
1,0.97887015
1,0.9016214
1,0.9997075
1,0.99917144
1,0.99897003
1,0.99739575
1,0.9981077
1,0.99973875
1,0.9998237
1,0.997503
1,0.99962187
1,0.99962354
1,0.9998435
1,0.9998121
1,0.99886286
1,0.9990644
1,0.99982727
1,0.99971145
1,0.9944814
1,0.99638414
1,0.9998288
1,0.99978435
1,0.99950194
1,0.999765
1,0.99945515
1,0.9989747
1,0.9985776
1,0.9996517
1,0.9998114
1,0.99993587
1,0.99947214
1,0.99723756
1,0.99964833
1,0.9998994
1,0.99676275
1,0.99956554
1,0.9998965
1,0.99966156
1,0.99949324
1,0.99989593
1,0.9994886
1,0.99768615
1,0.9996955
1,0.99957293
1,0.9997069
1,0.9997291
1,0.9971072
1,0.9999099
1,0.99980056
1,0.9995313
1,0.99990034
1,0.9976609
1,0.99973613
1,0.9997118
1,0.99781144
1,0.9991676
1,0.9987202
1,0.9996781
1,0.99978805
1,0.9993949
1,0.9997147
1,0.9999534
1,0.9982652
1,0.99786454
1,0.99954206
1,0.99939
1,0.9997124
1,0.97839487
1,0.99898666
1,0.99810696
1,0.9999502
1,0.9997742
1,0.9973453
1,0.99928105
1,0.9972264
1,0.99975044
1,0.9895515
1,0.9973117
1,0.9995498
1,0.99857724
1,0.99963963
1,0.99947083
1,0.99923146
1,0.9999032
1,0.9977968
1,0.99961555
1,0.9980261
1,0.99991393
1,0.9991755
1,0.9993357
1,0.9994275
1,0.99963295
1,0.99943596
1,0.99519736
1,0.99937105
1,0.999838
1,0.9994597
1,0.99867743
1,0.998582
1,0.9997423
1,0.9999114
1,0.99081147
1,0.9980159
1,0.999786
1,0.99975866
1,0.9994264
1,0.99986756
1,0.99733245
1,0.99944335
1,0.9997209
1,0.99903995
1,0.9992415
1,0.99841726
1,0.99994004
1,0.99815124
1,0.999062
1,0.9995796
1,0.9996937
1,0.99983084
1,0.9989421
1,0.9991499
1,0.9990102
1,0.9998958
1,0.99416095
1,0.99892634
1,0.999556
1,0.99942106
1,0.99833965
1,0.9995009
1,0.9996951
1,0.9992495
1,0.99939954
1,0.98028916
0,0.38984057
0,0.91896564
0,0.4212408
0,0.14725524
0,0.77674913
0,0.11590848
0,0.08095219
0,0.1273844
0,0.059013806
0,0.27520543
0,0.53277713
0,0.23146658
0,0.1533825
0,0.1439368
0,0.31780845
0,0.559695
0,0.36826065
0,0.28306288
0,0.35739768
0,0.44843045
0,0.29385346
0,0.37279212
0,0.25700176
0,0.75174445
0,0.9626715
0,0.33525637
0,0.13347094
0,0.083339654
0,0.14289492
0,0.28285325
0,0.107288696
0,0.44678614
0,0.13233961
0,0.34473404
0,0.24399526
0,0.71151847
0,0.32348105
0,0.27645817
0,0.1700696
0,0.120344356
0,0.15030012
0,0.11846043
0,0.084806934
0,0.14591168
0,0.1561209
0,0.86865693
0,0.28519174
0,0.72518367
0,0.2423585
0,0.21518187
0,0.26918244
0,0.7320278
0,0.37741232
0,0.15650886
0,0.69359165
0,0.14824316
0,0.40876105
0,0.16493727
0,0.041713346
0,0.33334062
0,0.13639827
0,0.10117013
0,0.25080714
0,0.18574487
0,0.3256668
0,0.20801757
0,0.069331445
0,0.27220407
0,0.9621717
0,0.05605181
0,0.15256238
0,0.17076729
0,0.077136874
0,0.15612566
0,0.5400074
0,0.10118189
0,0.33532783
0,0.39811197
0,0.21391691
0,0.11956983
0,0.17420977
0,0.17021035
0,0.15384246
0,0.18995634
0,0.31707734
0,0.10426065
0,0.43536863
0,0.19789657
0,0.28440928
0,0.25163046
0,0.8774254
0,0.32382408
0,0.24919674
0,0.42368796
0,0.25935155
0,0.12201541
0,0.15474424
0,0.36662555
0,0.21558885
0,0.32128814
0,0.042803857
0,0.2661787
0,0.20475577
0,0.09879112
0,0.29530948
0,0.22065887
0,0.11134772
0,0.13118377
0,0.24740556
0,0.81965274
0,0.39930287
0,0.14747381
0,0.14795934
0,0.9778056
0,0.2742019
0,0.32541424
0,0.6192259
0,0.737144
0,0.27003226
0,0.42614108
0,0.12015337
0,0.16838768
0,0.18271327
0,0.123691715
0,0.45195332
0,0.091203876
0,0.08968114
0,0.4749184
0,0.43457606
0,0.44300452
0,0.2717122
0,0.22239722
0,0.5458562
0,0.23016019
0,0.4887015
0,0.59334564
0,0.668559
0,0.050417844
0,0.25000894
0,0.6635012
0,0.10496188
0,0.19381121
0,0.48456913
0,0.8725889
0,0.6170172
0,0.3771192
0,0.0773691
0,0.60249263
0,0.13754009
0,0.6558693
0,0.12622921
0,0.16635391
0,0.6100105
0,0.13677971
0,0.12056841
0,0.22021103
0,0.5566953
0,0.21506408
0,0.96040905
0,0.54816204
0,0.5165449
0,0.3594938
0,0.3048537
0,0.15223289
0,0.38606417
0,0.379991
0,0.46942133
0,0.12010473
0,0.29326358
0,0.25073767
0,0.83528113
0,0.13612826
0,0.8670489
0,0.35475507
0,0.081369326
0,0.07838235
0,0.16060056
0,0.38909298
0,0.39235544
0,0.2592468
0,0.70436347
0,0.10230425
0,0.14984107
0,0.42752764
0,0.12372333
0,0.63548905
0,0.25839978
0,0.6772008
0,0.1409657
0,0.3428546
0,0.33466473
0,0.30583936
0,0.245205
0,0.2770128
0,0.62150484
0,0.1650499
0,0.18401137
0,0.92308223
0,0.30491856
0,0.42738092
0,0.3011182
0,0.2600983
0,0.89341265
0,0.4275685
0,0.25960582
0,0.5121247
0,0.38624933
0,0.15392631
0,0.2804447
0,0.5095718
0,0.07635159
0,0.3342968
0,0.59555393
0,0.26374173
0,0.31257555
0,0.68479186
0,0.085481286
0,0.0666871
0,0.12986465
0,0.13398565
0,0.5628035
0,0.23075576
0,0.63924736
0,0.21025614
0,0.7351411
0,0.4483976
0,0.83741224
0,0.49605033
0,0.53685105
0,0.7568318
0,0.07479288
0,0.41892266
0,0.4411303
0,0.49953508
0,0.13823944
0,0.1704903
0,0.14000902
0,0.08118876
0,0.114139125
0,0.3917447
0,0.50931096
0,0.1861518
0,0.3817707
0,0.07537954
0,0.57833064
0,0.24104719
0,0.37812927
0,0.6753538
0,0.37555757
0,0.124097325
0,0.19011363
0,0.40070352
0,0.35918894
0,0.17996761
0,0.54451746
0,0.3111418
0,0.7170452
0,0.65969163
0,0.19526085
0,0.2394125
0,0.11096678
0,0.5876908
0,0.5967974
0,0.44362754
0,0.31178614
0,0.63322645
0,0.28034598
0,0.8059774
0,0.67906106
0,0.7938288
0,0.2381263
0,0.11461205
0,0.39124086
0,0.09555303
0,0.52407265
0,0.43949538
0,0.87342983
0,0.6194771
0,0.71989536
0,0.28393978
0,0.07595426
0,0.16707344
0,0.59174114
0,0.30286786
0,0.211956
0,0.2991696
0,0.21654879
0,0.16416112
0,0.80579734
0,0.40062994
0,0.045181956
0,0.9697343
0,0.23158666
0,0.062477835
0,0.704375
0,0.29767781
0,0.11069914
0,0.37692913
0,0.058382697
0,0.52201086
0,0.12076668
0,0.49258938
0,0.28795707
0,0.05374263
0,0.040846996
0,0.42066076
0,0.15216427
0,0.32412592
0,0.120811135
0,0.18866809
0,0.30582926
0,0.35013047
0,0.12195132
0,0.739293
0,0.20853457
0,0.08117613
0,0.41567874
0,0.10765923
0,0.14100169
0,0.6164941
0,0.09442888
0,0.7333704
0,0.7396668
0,0.08415872
0,0.13153546
0,0.12177859
0,0.41773674
0,0.40457553
0,0.26129055
0,0.54790366
0,0.23752153
0,0.08998495
0,0.87159836
0,0.24010561
0,0.094830565
0,0.73569566
0,0.68804675
0,0.08965644
0,0.9577732
0,0.1507994
0,0.1263006
0,0.53850377
0,0.46004006
0,0.41912746
0,0.47251776
0,0.31214526
0,0.35657597
0,0.1215955
0,0.38659525
0,0.5900613
0,0.83521783
0,0.11363923
0,0.16433445
0,0.17188157
0,0.760865
0,0.10287851
0,0.4971207
0,0.83383286
0,0.6029044
0,0.3765125
0,0.66950846
0,0.12473854
0,0.44580853
0,0.44989562
0,0.17264853
0,0.13860227
0,0.26969796
0,0.2887568
0,0.5472421
0,0.2656173
0,0.1962718
0,0.35394183
0,0.097010314
0,0.41780266
0,0.28873158
0,0.45415008
0,0.3010356
0,0.38775015
0,0.17591119
0,0.6135551
0,0.3329701
0,0.16671023
0,0.07989858
0,0.065519385
0,0.783436
0,0.07911121
0,0.48613057
0,0.08234818
0,0.9143846
0,0.14208065
0,0.17023923
0,0.4007773
0,0.26543266
0,0.6246796
0,0.29220673
0,0.7524711
0,0.5812276
0,0.334921
0,0.21134646
0,0.223304
0,0.7975478
0,0.7289125
0,0.83730674
0,0.18712933
0,0.47508445
0,0.36293927
0,0.4108914
0,0.11795516
0,0.103202276
0,0.22330962
0,0.12084053
0,0.4907428
0,0.22571127
0,0.14971492
0,0.26107806
0,0.7448126
0,0.20178796
0,0.15801267
0,0.10420972
0,0.24565253
0,0.19492023
0,0.16186994
0,0.0857076
0,0.26304638
0,0.93441814
0,0.4311316
0,0.10742355
0,0.14492184
0,0.26989022
0,0.073987566
0,0.20510702
0,0.27344766
0,0.6358414
0,0.6567437
0,0.37705907
0,0.10353327
0,0.19723915
0,0.17047551
0,0.7699343
0,0.37397048
0,0.2856116
0,0.08741818
0,0.76429206
0,0.16695139
0,0.7223671
0,0.73412806
0,0.7866319
0,0.24578078
0,0.11060704
0,0.11419007
0,0.09436291
0,0.17215484
0,0.36169878
0,0.17692727
0,0.1904699
0,0.1480484
0,0.19892065
0,0.12778139
0,0.2959283
0,0.69859254
0,0.11814871
0,0.26734763
0,0.044969033
0,0.097051926
0,0.09497886
0,0.16657355
0,0.14903608
0,0.2053025
0,0.358119
0,0.87924176
0,0.76051134
0,0.282329
0,0.27279094
0,0.09553482
0,0.24582106
0,0.5426667
0,0.9169581
0,0.15959269
0,0.4942841
0,0.20728508
0,0.17246598
0,0.07150692
0,0.08036045
0,0.1550597
0,0.5907952
0,0.56197906
0,0.18140475
0,0.7403129
0,0.07129944
0,0.42853498
0,0.51539767
0,0.26746348
0,0.3931179
0,0.1748734
0,0.24631731
0,0.15039673
0,0.1563812
0,0.34442428
0,0.13843915
0,0.6342732
0,0.65126294
0,0.3853583
0,0.11201392
0,0.37113768
0,0.13852978
0,0.064840496
0,0.32206756
0,0.21572973
0,0.08770225
0,0.25619772
0,0.5429793
0,0.3535514
0,0.55858034
0,0.96776575
0,0.1658954
0,0.7337134
0,0.07195871
0,0.31662717
0,0.17534758
0,0.84854203
0,0.12368754
0,0.094978645
0,0.17397577
0,0.10224983
0,0.30681306
0,0.31061777
0,0.117535576
0,0.34134072
0,0.09559035
0,0.22028397
0,0.21037185
0,0.12525171
0,0.09223953
0,0.4629262
0,0.09001481
0,0.75355315
0,0.53115886
0,0.30010343
0,0.34868535
0,0.10894145
0,0.25214693
0,0.23441127
0,0.12967347
0,0.28721264
0,0.35528606
0,0.5175817
0,0.4348749
0,0.13291791
0,0.19977659
0,0.0914571
0,0.04739171
0,0.10547246
0,0.13502227
0,0.5137104
0,0.40115008
0,0.1169059
0,0.4922997
0,0.89043486
0,0.17925714
0,0.20578903
0,0.08073064
0,0.26186562
0,0.060227744
0,0.61022586
0,0.13383794
0,0.07483869
0,0.19871938
0,0.36304373
0,0.36003587
0,0.065721005
0,0.09895026
0,0.19402394
0,0.29476446
0,0.20798063
0,0.91399086
0,0.5029247
0,0.15172277
0,0.09892688
0,0.468339
0,0.7844927
0,0.29838404
0,0.37642586
0,0.31837955
0,0.11736203
0,0.16459286
0,0.22486286
0,0.14423889
0,0.11400151
0,0.20916066
0,0.11261075
0,0.32081157
0,0.18341134
0,0.6251873
0,0.20984289
0,0.22271205
0,0.3984639
0,0.8331122
0,0.12745407
0,0.3479913
0,0.17642963
0,0.37363297
0,0.9008441
0,0.94821244
0,0.045643557
0,0.15442763
0,0.6275128
0,0.074178845
0,0.42061704
0,0.5979868
0,0.3534643
0,0.17342985
0,0.12070001
0,0.38846564
0,0.5241673
0,0.4330088
0,0.10897631
0,0.10499772
0,0.036413565
0,0.3461799
0,0.19651127
0,0.18986128
0,0.5997848
0,0.6509015
0,0.9014945
0,0.7505765
0,0.26842794
0,0.6890077
0,0.11594329
0,0.23817216
0,0.1791703
0,0.16915989
0,0.068023
0,0.5423142
0,0.3814288
0,0.46060666
0,0.14257745
0,0.30564246
0,0.077549666
0,0.61886877
0,0.14117804
0,0.1681193
0,0.23217137
0,0.19499724
0,0.6576013
0,0.1678887
0,0.61319846
0,0.8556069
0,0.5142646
0,0.094027996
0,0.72633874
0,0.9056048
0,0.2285078
0,0.63665575
0,0.69282234
0,0.50691426
0,0.41521707
0,0.37285626
0,0.1240071
0,0.22744642
0,0.40641809
0,0.53990877
0,0.34863928
0,0.2854882
0,0.8217957
0,0.322669
0,0.38110253
0,0.51856184
0,0.8656893
0,0.8309068
0,0.30655786
0,0.53434974
0,0.6822729
0,0.11390521
0,0.3467052
0,0.9363386
0,0.14201283
0,0.51490086
0,0.7273321
0,0.27816823
0,0.42668676
0,0.6348123
0,0.25263202
0,0.6057343
0,0.36085477
0,0.09729778
0,0.057313804
0,0.11747824
0,0.3530386
0,0.28769213
0,0.8553798
0,0.60531515
0,0.7382463
0,0.14890902
0,0.15896972
0,0.2730438
0,0.19427763
0,0.6840306
0,0.442827
0,0.48514694
0,0.9118405
0,0.556762
0,0.29772568
0,0.50251466
0,0.17441213
0,0.52763313
0,0.83947176
0,0.2766524
0,0.70274836
0,0.45300806
0,0.08640228
0,0.75077236
0,0.65225637
0,0.8423242
0,0.50538594
0,0.42091683
0,0.12594731
0,0.551083
0,0.26225334
0,0.8480489
0,0.40339357
0,0.4862575
0,0.17204724
0,0.17446172
0,0.16634247
0,0.9106945
0,0.35191408
0,0.2803507
0,0.36096057
0,0.4010065
0,0.9784947
0,0.7088288
0,0.7122167
0,0.20421858
0,0.30470067
0,0.9783382
0,0.8143219
0,0.16120006
0,0.9233699
0,0.3158798
0,0.38006446
0,0.75341684
0,0.96197283
0,0.4855204
0,0.4682121
0,0.14220604
0,0.13108626
0,0.78085816
0,0.68589735
0,0.50567275
0,0.21160637
0,0.09448794
0,0.7079477
0,0.15627813
0,0.34670404
0,0.21779925
0,0.67947954
0,0.8676266
0,0.78115463
0,0.5180544
0,0.27610096
0,0.9152777
0,0.18934639
0,0.7293492
0,0.22810636
0,0.069242395
0,0.40051213
0,0.40399727
0,0.15358321
0,0.2771632
0,0.3158038
0,0.59777933
0,0.96063745
0,0.14753269
0,0.2618747
0,0.3053671
0,0.16185994
0,0.20058934
0,0.29087013
0,0.8273146
0,0.79178953
0,0.40755844
0,0.43264896
0,0.18272297
0,0.43605635
0,0.63620216
0,0.30228844
0,0.1624841
0,0.5520627
0,0.25393984
0,0.11264299
0,0.47700545
0,0.50177944
0,0.8365091
0,0.19197148
0,0.24745733
0,0.24703081
0,0.13083135
0,0.3949975
0,0.37634298
0,0.330699
0,0.96597624
0,0.108173154
0,0.76572895
0,0.20956838
0,0.37515616
0,0.67084
0,0.29081297
0,0.6177266
0,0.27296942
0,0.26637194
0,0.43812382
0,0.44703224
0,0.7852033
0,0.3413606
0,0.28877643
0,0.2187768
0,0.19557424
0,0.4044503
0,0.4544394
0,0.104984075
0,0.22016
0,0.08516295
0,0.7528211
0,0.62118846
0,0.37762716
0,0.19473287
0,0.8877918
0,0.23136117
0,0.7752143
0,0.86401826
0,0.23058036
0,0.19217548
0,0.6294094
0,0.4635756
0,0.27273667
0,0.5996384
0,0.064355634
0,0.2928324
0,0.6169901
0,0.7823684
0,0.15344736
0,0.20667617
0,0.2374071
0,0.16181362
0,0.9698733
0,0.87877023
0,0.7349928
0,0.5838319
0,0.28674752
0,0.6278484
0,0.29405466
0,0.2665073
0,0.49829057
0,0.47960633
0,0.39780426
0,0.5612545
0,0.24327634
0,0.6021464
0,0.33130983
0,0.051107902
0,0.09968122
0,0.71004117
0,0.8413187
0,0.338243
0,0.13830283
0,0.487242
0,0.63220346
0,0.16068958
0,0.74337
0,0.26008257
0,0.7092386
0,0.23525415
0,0.22264078
0,0.27497062
0,0.52084476
0,0.13494465
0,0.5136572
0,0.17150569
0,0.22154488
0,0.79264206
0,0.49138236
0,0.1296887
0,0.17612834
0,0.17602395
0,0.40093404
0,0.07345348
0,0.12064187
0,0.33357072
0,0.9337909
0,0.5393767
0,0.13244873
0,0.532739
0,0.10843257
0,0.54428834
0,0.31416994
0,0.8331144
0,0.6010476
0,0.95374906
0,0.11895476
0,0.31989086
0,0.20434183
0,0.19247098
0,0.307946
0,0.15583384
0,0.399851
0,0.20203586
1,0.9420898
1,0.95285076
0,0.92256534
1,0.13252388
1,0.9823099
1,0.760008
0,0.90483993
0,0.39766455
1,0.11621565
1,0.9844848
0,0.32791126
0,0.16802602
1,0.9251373
1,0.83822274
0,0.34676006
0,0.45605922
1,0.96477103
1,0.8144245
0,0.3209654
1,0.32532576
1,0.9894628
1,0.82737935
0,0.7139912
1,0.13955556
1,0.958478
0,0.10314112
0,0.5442623
1,0.41893956
1,0.98186976
0,0.27517405
1,0.14673647
1,0.9722099
1,0.9607983
0,0.2488171
1,0.1741948
1,0.96581215
0,0.98816514
0,0.15615027
0,0.20642962
1,0.9841985
1,0.86666274
0,0.14415224
1,0.63404626
1,0.97048855
0,0.46120372
0,0.15796569
1,0.46095562
1,0.9648524
0,0.17483184
0,0.12836893
1,0.58913815
1,0.958822
0,0.26806548
0,0.4491282
1,0.5546274
1,0.97857213
0,0.2857682
0,0.14734608
1,0.97389936
1,0.989962
0,0.26989862
0,0.5314554
1,0.9787415
1,0.7974461
0,0.18196781
0,0.9277534
0,0.76888376
1,0.9953204
1,0.45081013
0,0.34686938
1,0.4129974
1,0.9654174
0,0.26328355
0,0.14795502
1,0.6376053
1,0.9802909
0,0.14749394
0,0.23011796
1,0.9439947
1,0.8321363
0,0.4066278
0,0.27431154
1,0.9824658
1,0.92232454
0,0.42290944
1,0.93697196
1,0.9846407
0,0.09409438
0,0.2103984
1,0.7803279
1,0.9655577
0,0.08012015
0,0.60258996
1,0.79042256
1,0.86130553
0,0.7041297
0,0.84954077
1,0.5850082
1,0.9896064
1,0.24282682
0,0.1507079
1,0.70675635
1,0.9668753
0,0.24539638
0,0.42480287
1,0.9280065
1,0.95095724
0,0.10486384
0,0.1363104
1,0.9816279
1,0.7485367
0,0.10557479
1,0.53118503
1,0.9712922
1,0.909476
0,0.9289975
1,0.07109876
1,0.97002023
1,0.17960286
0,0.88801557
1,0.7493335
1,0.9843557
0,0.4159
0,0.4275098
1,0.21116759
1,0.94257873
0,0.71293545
0,0.20844825
0,0.14756204
1,0.92923933
1,0.9723846
0,0.20369555
1,0.34542745
1,0.98310536
0,0.30694008
0,0.24837993
1,0.6622397
1,0.982946
0,0.29496932
0,0.08706523
1,0.5635174
1,0.9304852
0,0.6158179
0,0.250825
1,0.861216
1,0.8144871
0,0.22165358
0,0.59960425
1,0.9643502
1,0.3875177
0,0.3323892
1,0.65793794
1,0.96896094
0,0.17058755
0,0.1727206
0,0.96409345
1,0.98581713
1,0.8770091
0,0.3349968
1,0.6153901
1,0.9878555
1,0.7614481
0,0.45693678
1,0.18996479
1,0.9818202
1,0.7875854
0,0.1692899
1,0.79889923
1,0.9677058
0,0.54700404
0,0.24429001
1,0.737751
1,0.89962
0,0.14738142
0,0.0896379
1,0.8979792
1,0.8220565
0,0.46091762
0,0.38974804
1,0.9625687
1,0.92183536
0,0.2835469
1,0.2247694
1,0.9826759
1,0.6902451
0,0.6211602
0,0.7749919
1,0.5175477
1,0.99129105
0,0.7553929
0,0.1346148
1,0.41967374
1,0.953572
0,0.4642717
0,0.3510407
1,0.9650607
1,0.9392254
0,0.8574787
0,0.7691695
1,0.9669066
1,0.78883135
0,0.83291644
0,0.83046854
1,0.9129943
1,0.9493692
0,0.9129127
1,0.63719505
1,0.976915
0,0.102744356
0,0.06507661
1,0.4619952
1,0.95121175
0,0.24685541
0,0.9350091
1,0.8899927
1,0.85067064
0,0.74144346
0,0.810716
0,0.11270166
1,0.98984975
1,0.86172754
0,0.29342002
1,0.69331324
1,0.9813526
0,0.6351614
0,0.32762685
1,0.12692215
1,0.983112
0,0.09665441
0,0.489893
1,0.9317436
1,0.7691967
0,0.37628153
0,0.19226062
1,0.97834206
1,0.42097378
0,0.38680375
1,0.32608974
1,0.9512593
1,0.7463032
0,0.4634923
1,0.57081497
1,0.9811062
0,0.390254
0,0.14786054
1,0.14863205
1,0.93597525
1,0.86748296
0,0.11603238
0,0.16775787
1,0.9627345
1,0.9204576
0,0.34346598
0,0.09749721
1,0.93003386
1,0.7742605
0,0.83945245
1,0.4857308
1,0.9829092
1,0.7085757
0,0.107095875
1,0.173016
1,0.97498375
0,0.24883819
0,0.4640509
1,0.3827897
1,0.98392856
0,0.4975296
0,0.7460444
1,0.93736124
1,0.9099419
0,0.11857071
1,0.090867974
1,0.9824039
1,0.5443278
0,0.3361634
0,0.6422943
1,0.89203393
1,0.9880058
0,0.4206887
0,0.15040056
1,0.85316736
1,0.95400405
0,0.31613046
0,0.16141899
1,0.99316084
1,0.1944869
0,0.09395081
1,0.884493
1,0.95579886
0,0.091253296
0,0.13334426
1,0.6410727
1,0.92499584
0,0.103200205
0,0.30894628
1,0.9477766
1,0.88361144
0,0.15219894
1,0.28385898
1,0.9807216
1,0.5623098
0,0.11614668
1,0.44161102
1,0.9912264
0,0.48095614
0,0.93773603
0,0.7782363
1,0.90352404
1,0.8925821
0,0.11755639
0,0.3466689
1,0.90641534
1,0.8375833
0,0.13991572
1,0.40245417
1,0.99238074
0,0.32544267
0,0.2101008
1,0.80153495
1,0.95560193
0,0.8375046
0,0.6848797
1,0.8678347
1,0.97486854
0,0.41859272
0,0.2543599
1,0.9527216
1,0.89957047
0,0.22473142
0,0.5421845
1,0.94034266
1,0.9404579
0,0.22974114
1,0.14923182
1,0.94891006
1,0.80767566
0,0.63264453
0,0.07889346
1,0.8285528
1,0.9848556
0,0.069299944
0,0.29784518
1,0.8877046
1,0.87071586
0,0.28618574
0,0.14155582
1,0.94385844
1,0.95418996
0,0.52216655
1,0.39659885
1,0.95994085
1,0.73162705
0,0.25032285
1,0.663991
1,0.98189354
1,0.15301639
0,0.416637
1,0.32355163
1,0.95317155
1,0.1121062
0,0.27044985
1,0.7849381
1,0.95420396
0,0.11332531
0,0.41200924
1,0.94845617
1,0.945435
0,0.86701936
0,0.7580438
1,0.3456967
1,0.9939654
0,0.62998354
0,0.5513786
1,0.46057627
1,0.9523328
0,0.4899026
0,0.2341809
1,0.7861439
1,0.9869905
0,0.91995287
1,0.12746061
1,0.9844401
1,0.7140307
0,0.1928869
1,0.5671138
1,0.98720783
0,0.41676456
0,0.36568195
1,0.8144809
1,0.95079106
0,0.6296119
0,0.13151427
1,0.72963214
1,0.92369354
0,0.36612123
0,0.6543059
1,0.35833597
1,0.93773615
0,0.09815033
0,0.7475399
1,0.20221087
1,0.98703194
0,0.8047493
0,0.38117358
1,0.8194153
1,0.9113964
0,0.514604
0,0.66663224
1,0.92007774
1,0.8811248
0,0.85711306
1,0.5128884
1,0.9813696
0,0.14604145
0,0.24267848
1,0.10945196
1,0.98800033
1,0.71740663
0,0.13694096
1,0.56250715
1,0.9698855
0,0.6016458
1,0.20077394
1,0.9963219
1,0.28342894
0,0.9001924
0,0.72143525
1,0.6229893
1,0.9707591
0,0.06989527
0,0.110618554
1,0.98280317
1,0.74562556
0,0.2264903
1,0.2567186
1,0.8631561
1,0.9618557
0,0.35019812
1,0.105587356
1,0.99036884
0,0.32059613
0,0.1943005
1,0.8451907
1,0.9199285
0,0.10643237
0,0.29284418
1,0.9747288
1,0.89766073
0,0.096206084
1,0.11021903
1,0.96173626
1,0.1586482
0,0.22424886
1,0.546735
1,0.9833809
0,0.59792894
0,0.66596246
0,0.076372124
1,0.91364133
1,0.9404557
0,0.18179512
0,0.4322563
1,0.94723797
1,0.920487
0,0.36052725
1,0.104341
1,0.93805766
1,0.21331404
0,0.27453077
1,0.69565225
1,0.9699221
0,0.2417716
0,0.31571084
1,0.84983754
1,0.7972869
0,0.41043603
1,0.17511186
1,0.99331045
1,0.67398244
0,0.81440765
0,0.62073034
1,0.9584081
1,0.63724196
0,0.26343116
1,0.23472558
1,0.9873778
1,0.88837314
0,0.16251573
0,0.92177147
1,0.89538723
1,0.9440198
0,0.7657361
1,0.39102712
1,0.9898925
1,0.46210077
0,0.08396894
1,0.38302082
1,0.9733069
0,0.10494033
1,0.38906446
1,0.98580474
1,0.74604183
0,0.6026158
1,0.1330198
1,0.9900385
0,0.15387928
0,0.7480028
1,0.8277222
1,0.94278514
0,0.44506413
0,0.54202735
1,0.9543947
1,0.75702405
0,0.300811
0,0.89971626
1,0.809996
1,0.9967065
1,0.94286966
0,0.2277879
1,0.85881346
1,0.98266375
1,0.67403185
0,0.5495595
0,0.094254635
1,0.9861021
1,0.83520204
0,0.11118477
1,0.36172074
1,0.95454836
0,0.1687846
0,0.45730913
1,0.4139562
1,0.97304845
0,0.122796156
0,0.12639482
1,0.9484142
1,0.85828674
0,0.44447693
0,0.3996205
1,0.97731996
1,0.8948869
0,0.17585011
0,0.21826835
1,0.919643
1,0.8544837
0,0.21925358
0,0.9598688
1,0.65954274
1,0.9865989
1,0.50081426
0,0.18088636
1,0.0795616
1,0.9646188
0,0.36478794
0,0.4697397
1,0.9192358
1,0.8710154
0,0.51351345
1,0.05723294
1,0.99567866
1,0.72587264
0,0.08768421
1,0.6448831
1,0.9342765
0,0.58879393
0,0.15171479
1,0.9876081
1,0.7278503
0,0.19915803
1,0.16549614
1,0.9486241
1,0.12823921
0,0.25445575
1,0.6515661
1,0.9880812
0,0.835197
0,0.61038625
0,0.157196
1,0.9357997
1,0.8777329
0,0.2186235
0,0.2376937
1,0.97929
1,0.9037619
0,0.07214941
1,0.55437803
1,0.9776538
1,0.6729569
0,0.05660767
1,0.28279036
1,0.98962504
0,0.093828835
0,0.63534737
1,0.90953314
1,0.959389
0,0.24485274
0,0.198833
1,0.9272068
1,0.9037339
0,0.60666853
1,0.10851237
1,0.98209405
0,0.4356754
0,0.15561129
1,0.110630125
1,0.9901312
1,0.9603056
0,0.18282694
0,0.14555137
1,0.98450875
1,0.6334211
0,0.09538774
0,0.41159275
1,0.98210967
1,0.56187475
0,0.16849777
1,0.4936368
1,0.9718154
1,0.08658865
0,0.06161252
1,0.34903204
1,0.98754627
0,0.77584827
0,0.72411865
1,0.92983985
1,0.8924132
0,0.174297
0,0.15663965
1,0.9944221
1,0.77197564
0,0.39243132
1,0.118065916
1,0.9800883
1,0.19209935
0,0.16566202
0,0.7286967
1,0.69408154
1,0.97871006
0,0.34221885
0,0.46799436
1,0.9796913
1,0.933677
0,0.27997002
1,0.63565624
1,0.9904515
0,0.12418216
0,0.41837433
1,0.9922927
1,0.8250963
0,0.09210268
1,0.65210384
1,0.9886031
1,0.59585536
0,0.08780434
1,0.8087461
1,0.94845086
0,0.04246012
0,0.286482
1,0.931351
1,0.8601451
0,0.8559195
1,0.8166088
1,0.9858056
0,0.64197606
0,0.9331056
0,0.23390943
1,0.6625769
1,0.9859599
0,0.68628085
0,0.22420886
1,0.8658659
1,0.8851143
0,0.17305003
0,0.078503944
1,0.9229776
1,0.776673
0,0.14797823
1,0.5854809
1,0.97648734
1,0.3264464
0,0.8791849
1,0.271363
1,0.98095673
0,0.09472856
0,0.22515638
1,0.5931573
1,0.9135149
0,0.45521632
0,0.21331918
1,0.9670128
1,0.9388034
0,0.185832
0,0.14845048
1,0.9610796
1,0.8491037
0,0.83558506
0,0.2854298
1,0.16566196
1,0.9862891
0,0.08627996
0,0.17221941
1,0.9571211
1,0.9470257
0,0.3428537
0,0.25826982
1,0.9853994
1,0.8355877
0,0.38417315
0,0.1582036
1,0.911198
1,0.421701
0,0.09483176
1,0.42694914
1,0.99263155
0,0.06319064
0,0.28879336
1,0.9107074
1,0.83936334
0,0.13698111
0,0.42699254
0,0.30606985
0,0.31666362
1,0.70833164
1,0.948583
0,0.94702625
0,0.30412754
0,0.19101234
1,0.97135663
1,0.7148587
0,0.21213134
0,0.17261213
1,0.9814331
1,0.1510216
0,0.26898915
1,0.29480535
1,0.986435
1,0.31863514
0,0.08493335
1,0.7040892
1,0.9494506
0,0.31641516
0,0.2334129
1,0.8433602
1,0.9222342
0,0.6919056
0,0.495743
1,0.67532843
1,0.89627415
0,0.2639464
1,0.084870145
1,0.98491836
1,0.5060342
0,0.7427635
0,0.71074456
1,0.58868986
1,0.8794894
0,0.32849187
0,0.62572145
1,0.29099908
1,0.9816194
0,0.155414
0,0.50794375
1,0.90161616
1,0.8773446
0,0.08940274
0,0.07319385
1,0.93199176
1,0.8663462
0,0.06610199
0,0.1612183
1,0.8735329
1,0.61852616
0,0.7188832
1,0.13832183
1,0.9875743
0,0.19731624
0,0.10462783
1,0.7638105
1,0.69217086
0,0.14471586
0,0.549382
1,0.9639615
1,0.57388073
0,0.20494118
0,0.9113276
1,0.3696562
1,0.981369
0,0.3313817
0,0.09316286
1,0.79050887
1,0.96884704
0,0.5388226
0,0.087239034
1,0.7164
1,0.93586844
0,0.0920404
0,0.1373145
1,0.97550225
1,0.754937
0,0.14857541
1,0.09969912
1,0.9662683
1,0.53329134
0,0.10393577
1,0.51840276
1,0.9655297
0,0.21581744
0,0.14711086
1,0.7582334
1,0.96090466
0,0.16025014
0,0.748665
1,0.96746325
1,0.87266695
0,0.7690243
0,0.5989679
1,0.13687345
1,0.9845249
0,0.24615431
0,0.12958065
1,0.16760822
1,0.97474515
0,0.16068107
0,0.2035307
1,0.8621612
1,0.90819997
0,0.18139775
0,0.29979238
1,0.93995553
1,0.5995872
0,0.1308442
1,0.21016403
1,0.9922236
1,0.5624823
0,0.22436704
1,0.8277378
1,0.98904663
0,0.8846767
0,0.07754457
1,0.17366144
1,0.99250823
0,0.5872068
0,0.29101998
1,0.93082315
1,0.97578216
1,0.54511315
0,0.045265783
0,0.13053286
1,0.98536044
1,0.79561126
0,0.15079774
1,0.51585865
1,0.9691845
1,0.46815792
0,0.17599681
1,0.5579364
1,0.9494791
0,0.07832725
0,0.12806691
1,0.9174128
1,0.8304775
0,0.24026094
0,0.5535538
1,0.9423057
1,0.91027397
0,0.2561827
1,0.07820397
1,0.96222156
1,0.4087883
0,0.06333167
1,0.20526887
1,0.99147403
1,0.42495927
0,0.29410592
0,0.64120203
1,0.23616053
1,0.9577627
0,0.09705046
0,0.11014084
1,0.8083471
1,0.98458266
0,0.7296409
0,0.6240797
1,0.3708744
1,0.96718174
0,0.25300977
0,0.21416937
1,0.27873734
1,0.9781758
0,0.24997085
0,0.27697858
1,0.88566077
1,0.93643934
0,0.10276148
0,0.34137583
1,0.96445847
1,0.8308187
0,0.6650146
1,0.22044416
1,0.96611494
1,0.5454161
0,0.32144636
1,0.45394763
1,0.9733638
0,0.28060266
0,0.9158807
0,0.12641367
1,0.9774844
1,0.67222184
0,0.40603152
0,0.4040343
1,0.9510757
1,0.85500306
0,0.1292824
1,0.70342386
1,0.90914756
0,0.20771952
0,0.53897977
1,0.58898807
1,0.9344351
0,0.8279423
0,0.56310856
1,0.5137207
1,0.8946091
0,0.43335688
0,0.9082684
1,0.9600472
1,0.9470656
0,0.4634626
0,0.61200786
1,0.70408005
1,0.9627913
0,0.8064373
0,0.25682765
1,0.9041377
1,0.80062926
0,0.7113889
0,0.36380818
1,0.85089755
1,0.8481639
0,0.378582
0,0.32410145
1,0.753251
1,0.93386775
0,0.10812164
0,0.34535232
1,0.8607203
1,0.7124632
0,0.8921086
1,0.7443242
1,0.9841256
1,0.13111292
0,0.17614694
0,0.4712143
1,0.95508903
1,0.5729633
0,0.3700911
1,0.10857855
1,0.97060263
1,0.46848813
0,0.2891464
1,0.81231177
1,0.96483165
1,0.8543499
0,0.8059557
1,0.14905435
1,0.97699237
0,0.50978446
0,0.31634957
0,0.15480255
1,0.7960977
1,0.76813054
0,0.16424067
1,0.13485172
1,0.97276986
1,0.2644522
0,0.37959817
1,0.08962116
1,0.92851806
1,0.7648226
0,0.117243744
1,0.32063907
1,0.9405103
1,0.44745228
0,0.22216375
1,0.66851157
1,0.85520834
1,0.42848545
0,0.262461
1,0.05845757
1,0.9276858
0,0.31471002
0,0.1449574
1,0.33365476
1,0.9117285
0,0.300822
0,0.6344134
1,0.8096769
1,0.9376809
1,0.6784499
0,0.30840388
0,0.12685585
0,0.1146514
0,0.15418409
0,0.29340926
0,0.6225165
0,0.28729403
0,0.04829736
0,0.4152493
0,0.4277851
0,0.7676439
0,0.58275354
0,0.24003968
0,0.05104527
0,0.12536898
0,0.6016333
0,0.42396307
0,0.119111724
0,0.22063036
0,0.08015154
0,0.28941634
0,0.39061737
0,0.052957673
0,0.06300533
0,0.2242304
0,0.2802833
0,0.15038526
0,0.5530407
0,0.22988449
0,0.15138747
0,0.13912237
0,0.14001429
0,0.23622078
0,0.057632357
0,0.10864179
0,0.04687479
0,0.44951612
0,0.5937165
0,0.70934737
0,0.50443554
0,0.05112039
0,0.26610637
0,0.12895004
0,0.5102751
0,0.9516501
0,0.9089992
0,0.5513025
0,0.6317608
0,0.26965064
0,0.072833106
0,0.16364764
0,0.19858153
0,0.3341108
0,0.40669447
0,0.124716096
0,0.7643566
0,0.27965182
0,0.54102683
0,0.88038415
0,0.2198096
0,0.099459134
0,0.1020777
0,0.4630162
0,0.21580753
0,0.31584802
0,0.8332085
0,0.13927153
0,0.33018738
0,0.09778443
0,0.26037255
0,0.108266704
0,0.27637094
0,0.6195307
0,0.44384554
0,0.088734716
0,0.10245241
0,0.1460843
0,0.13861825
0,0.49688613
0,0.3415081
0,0.21593063
0,0.21495742
0,0.68983763
0,0.6356293
0,0.47095123
0,0.24969864
0,0.3777958
0,0.81012344
0,0.10844398
0,0.3628843
0,0.4413091
0,0.26239398
0,0.7731778
0,0.5514843
0,0.3083323
0,0.08961896
0,0.17903566
0,0.40025374
0,0.26914072
0,0.7348323
0,0.23399614
0,0.090097
0,0.45837465
0,0.5851304
0,0.827886
0,0.7959532
0,0.3612552
0,0.5174087
0,0.9612169
0,0.6834566
0,0.950442
0,0.6406872
0,0.8814367
0,0.66488075
0,0.1660428
0,0.7504127
0,0.39857253
0,0.7560059
0,0.19281036
0,0.7712923
0,0.65436673
0,0.89609903
0,0.83198583
0,0.2583756
0,0.24451353
0,0.55852914
0,0.95691854
0,0.042192664
0,0.21606389
0,0.6839398
0,0.9255909
0,0.7447453
0,0.79463243
0,0.6156564
0,0.27601904
0,0.7927768
0,0.80282503
0,0.77222586
0,0.585005
0,0.58213294
0,0.6606542
0,0.14180802
0,0.7444253
0,0.72582245
0,0.7698207
0,0.28935355
0,0.20366421
0,0.2737546
0,0.21723299
0,0.56589246
0,0.23636937
0,0.13204178
0,0.9615568
0,0.5258059
0,0.16885968
0,0.24045579
0,0.809555
0,0.22741956
0,0.18825673
0,0.07656581
0,0.25089133
0,0.89293003
0,0.81713194
0,0.13399395
0,0.5422708
0,0.36803523
0,0.72070396
0,0.4049071
0,0.13860507
0,0.1685542
0,0.29326323
0,0.27514613
0,0.34501627
0,0.6191687
0,0.5113066
0,0.51292944
0,0.9525089
0,0.9328539
0,0.24702495
0,0.44937342
0,0.90201473
0,0.4237384
0,0.788047
0,0.16889848
0,0.16185433
0,0.2574194
0,0.26508138
0,0.4942838
0,0.84458685
0,0.7604055
0,0.51589924
0,0.5042919
0,0.94584817
0,0.87523305
0,0.52727103
0,0.83521426
0,0.8778555
0,0.17226565
0,0.5080358
0,0.19301964
0,0.9363621
0,0.24299085
0,0.6027695
0,0.41753513
0,0.8894318
0,0.8002219
0,0.87724406
0,0.4246403
0,0.91971457
0,0.3230457
0,0.2481615
0,0.6487242
0,0.3157994
0,0.30168837
0,0.18132567
0,0.34936202
0,0.310968
0,0.8833803
0,0.942976
0,0.19289055
0,0.7632193
0,0.66431314
0,0.9325357
0,0.8579246
0,0.2449163
0,0.8539654
0,0.46946546
0,0.8730258
0,0.683058
0,0.6485464
0,0.4463775
0,0.5950468
0,0.9073882
0,0.19629343
0,0.8459697
0,0.942904
0,0.94921374
0,0.25963795
0,0.38106355
0,0.49221596
0,0.57102144
0,0.77466697
0,0.25682732
0,0.71242595
0,0.1742525
0,0.5403583
0,0.23333791
0,0.57425976
0,0.9615129
0,0.46626183
0,0.9599257
0,0.8449812
0,0.56581676
0,0.46583098
0,0.32135308
0,0.10122159
0,0.6698307
0,0.95180255
0,0.538885
0,0.25744033
0,0.8457455
0,0.79663515
0,0.33424538
0,0.9643038
0,0.4878947
0,0.6244554
0,0.47225112
0,0.5350856
0,0.20587003
0,0.7322775
0,0.90312123
0,0.72294396
0,0.842451
0,0.7115951
0,0.8631026
0,0.9550946
0,0.88042754
0,0.8726611
0,0.6326924
0,0.86631036
0,0.91130686
0,0.43302876
0,0.7496471
0,0.3973897
0,0.55649894
0,0.6494721
0,0.3447532
0,0.16479683
0,0.77471983
0,0.75347763
0,0.21260586
0,0.8308013
0,0.6985051
0,0.30153692
0,0.31238216
0,0.45632562
0,0.6753395
0,0.43426153
0,0.21800642
0,0.5002544
0,0.57521176
0,0.09073295
0,0.87665564
0,0.10354659
0,0.5221638
0,0.14037144
0,0.73891383
0,0.5442381
0,0.92097026
0,0.7361646
0,0.655598
0,0.44748044
0,0.26286817
0,0.69877356
0,0.14505325
0,0.4450835
0,0.5709512
0,0.40356892
0,0.11954232
0,0.9354621
0,0.2666117
0,0.31633204
0,0.24930575
0,0.078808784
0,0.36504543
0,0.2807661
0,0.966508
0,0.74060726
0,0.22780162
0,0.4640317
0,0.18793736
0,0.6281247
0,0.78820103
0,0.8081543
0,0.56867915
0,0.103602014
0,0.5160869
0,0.48357928
0,0.85362065
0,0.40159324
0,0.72771573
0,0.5602195
0,0.96678114
0,0.88324386
0,0.14314286
0,0.46621373
0,0.7446767
0,0.37188572
0,0.5556693
0,0.89270186
0,0.13164355
0,0.8135429
0,0.93695116
0,0.4008466
0,0.9306385
0,0.6029627
0,0.8701743
0,0.83600867
0,0.858152
0,0.25620952
0,0.71077144
0,0.18288113
0,0.38170934
0,0.47479984
0,0.11474499
0,0.38794488
0,0.32958877
0,0.25040302
0,0.8938261
0,0.65774703
0,0.19685513
0,0.082809165
0,0.34175634
0,0.20319292
0,0.13549906
0,0.1314236
0,0.07927951
0,0.07243709
0,0.12030009
0,0.8060873
0,0.11005568
0,0.14867792
0,0.10756675
0,0.8576979
0,0.59697527
0,0.9130702
0,0.2305649
0,0.48469502
0,0.14988422
0,0.1131364
0,0.14461857
0,0.22811769
0,0.24740346
0,0.513051
0,0.19623734
0,0.14628038
0,0.35593784
0,0.6654088
0,0.62944895
0,0.6479757
0,0.12454219
0,0.15142022
0,0.21810763
0,0.23063022
0,0.579696
0,0.60836744
0,0.37689465
0,0.16634744
0,0.5828112
0,0.11653986
0,0.36887258
0,0.5891216
0,0.35845158
0,0.60778916
0,0.37819937
0,0.046363138
0,0.12083774
0,0.07274517
0,0.28290856
0,0.08853372
0,0.8977099
0,0.39327678
0,0.56456715
0,0.2015655
0,0.6503413
0,0.23129748
0,0.8423915
0,0.93083626
0,0.49827066
0,0.38921797
0,0.7836761
0,0.1909199
0,0.8052944
0,0.7672956
0,0.6651959
0,0.44411457
0,0.8944187
0,0.6792598
0,0.6074363
0,0.9228961
0,0.8251949
0,0.83146054
0,0.1670582
0,0.93782735
0,0.93133307
0,0.18608738
0,0.6289887
0,0.6513281
0,0.4033896
0,0.4212875
0,0.35071254
0,0.478979
0,0.33976713
0,0.20017435
0,0.93109095
0,0.23539907
0,0.77391964
0,0.32141942
0,0.13802323
0,0.49810806
0,0.48200324
0,0.1810376
0,0.7159323
0,0.8984833
0,0.6287251
0,0.38613704
0,0.4109705
0,0.40384486
0,0.728862
0,0.13324068
0,0.46910253
0,0.47026005
0,0.39519954
0,0.36384147
0,0.27004483
0,0.18907969
0,0.1449429
0,0.14330798
0,0.1279998
0,0.2916571
0,0.6939208
0,0.10451486
0,0.5824782
0,0.18923612
0,0.2548884
0,0.4088643
0,0.8030345
0,0.26667735
0,0.7106328
0,0.48086092
0,0.5944214
0,0.16941477
0,0.28508434
0,0.6295218
0,0.605664
0,0.72608536
0,0.23614047
0,0.8515158
0,0.7409329
0,0.35229385
0,0.89168084
0,0.37842134
0,0.6303513
0,0.42235333
0,0.58229864
0,0.6012846
0,0.61678374
0,0.9498646
0,0.67675126
0,0.2797944
0,0.6629284
0,0.70100635
0,0.12716533
0,0.4967225
0,0.26463124
0,0.17592281
0,0.29981443
0,0.38942567
0,0.3176709
0,0.46307534
0,0.2335502
0,0.3054847
0,0.98142403
0,0.30472258
0,0.8190695
0,0.32913193
0,0.13697086
0,0.37131378
0,0.44825858
0,0.827405
0,0.35495892
0,0.51003987
0,0.15280925
0,0.43377733
0,0.27106965
0,0.7602382
0,0.80048656
0,0.35123467
0,0.5233112
0,0.20230712
0,0.1849957
0,0.7864555
0,0.13990435
0,0.2422725
0,0.4534421
0,0.3371161
0,0.13447644
0,0.32860315
0,0.3331626
0,0.32132882
0,0.24628653
0,0.1485772
0,0.48064953
0,0.15903567
0,0.5030736
0,0.24607298
0,0.30582556
0,0.20431133
0,0.76151824
0,0.49352723
0,0.08295126
0,0.24320005
0,0.5603646
0,0.62345093
0,0.13814528
0,0.19165011
0,0.19019006
0,0.4131012
0,0.76627284
0,0.4383427
0,0.33379498
0,0.12410107
0,0.71630883
0,0.993775
0,0.61902666
0,0.71471614
0,0.8777901
0,0.46339205
0,0.8775271
0,0.93277854
0,0.86717457
0,0.9436173
0,0.96547204
0,0.91866434
0,0.12074724
0,0.42408147
0,0.21342513
0,0.6126004
0,0.71561545
0,0.3358374
0,0.7591514
0,0.3707927
0,0.8039323
0,0.39411387
0,0.27238044
0,0.30310124
0,0.4650983
0,0.38815755
0,0.8712742
0,0.82896405
0,0.2797166
0,0.4988086
0,0.5776847
0,0.51290184
0,0.5851004
0,0.60028976
0,0.20889506
0,0.6241498
0,0.25626007
0,0.56527877
0,0.1732075
0,0.8979046
0,0.44180134
0,0.25488922
0,0.8233157
0,0.53946733
0,0.48728845
0,0.91247374
0,0.8312787
0,0.59108514
0,0.5762724
0,0.26661775
0,0.7933975
0,0.1997793
0,0.7835771
0,0.47671497
0,0.7295905
0,0.19465105
0,0.828875
0,0.6607026
0,0.40996242
0,0.53697395
0,0.2197114
0,0.5529215
0,0.3835033
0,0.23260035
0,0.6467131
0,0.57806855
0,0.6346384
0,0.8989175
0,0.68412125
0,0.71729815
0,0.50433034
0,0.91882426
0,0.7245998
0,0.62888014
0,0.62135935
0,0.26041335
0,0.25147414
0,0.6036054
0,0.24192177
0,0.8289308
0,0.888276
0,0.21014664
0,0.6594881
0,0.91491824
0,0.46849316
0,0.78969336
0,0.9098796
0,0.6344132
0,0.6969893
0,0.83596003
0,0.9372932
0,0.8554026
0,0.940318
0,0.49026278
0,0.7255385
0,0.7671334
0,0.25673556
0,0.692394
0,0.33646476
0,0.12645422
0,0.13346991
0,0.09221011
0,0.9091118
0,0.5886111
0,0.82732433
0,0.37618908
0,0.76561373
0,0.9452059
0,0.88798165
0,0.96978354
0,0.8883448
0,0.8932633
0,0.8969864
0,0.8617816
0,0.84581465
0,0.27582413
0,0.90027905
0,0.444894
0,0.9072558
0,0.8066699
0,0.8965017
0,0.69220954
0,0.60127443
0,0.75750786
0,0.95478487
0,0.9754926
0,0.5789953
0,0.24071485
0,0.18190391
0,0.18096414
0,0.5938502
0,0.4152126
0,0.7224689
0,0.09143578
0,0.59583575
0,0.25275484
0,0.9015864
0,0.79687715
0,0.9268035
0,0.36696994
0,0.6051256
0,0.868685
0,0.35102385
0,0.8356525
0,0.40953857
0,0.6782436
0,0.4901423
0,0.15160768
0,0.09112137
0,0.7434936
0,0.55610293
0,0.26610026
0,0.9117003
0,0.9201201
0,0.2288576
0,0.42678085
0,0.29066268
0,0.26663297
0,0.44492444
0,0.4119949
0,0.43367803
0,0.68861926
0,0.7760948
0,0.96327364
0,0.88336545
0,0.9293609
0,0.8542556
0,0.41063327
0,0.8914987
0,0.19324665
0,0.5725464
0,0.77501845
0,0.10566312
0,0.8153309
0,0.9670543
0,0.6749895
0,0.9203406
0,0.43246293
0,0.29838017
0,0.6664345
0,0.9292876
0,0.7759353
0,0.45479932
0,0.2656747
0,0.59586966
0,0.3225337
0,0.52944916
0,0.41562626
0,0.14830895
0,0.69827807
0,0.66499144
0,0.15887512
0,0.47430786
0,0.5246085
0,0.7393744
0,0.41402334
0,0.7436923
0,0.56920314
0,0.4193197
0,0.3455026
0,0.5986763
0,0.65916723
0,0.908081
0,0.7900736
0,0.88883954
0,0.44486436
0,0.52822727
0,0.88314474
0,0.6231149
0,0.7962402
0,0.85540885
0,0.8474124
0,0.3332073
0,0.17317528
0,0.878997
0,0.3980004
0,0.8780055
0,0.78516304
0,0.04427893
0,0.1859968
0,0.47569138
0,0.5976282
0,0.17980075
0,0.693846
0,0.6654731
0,0.62486935
0,0.3629519
0,0.84624267
0,0.6790538
0,0.3624961
0,0.3537872
0,0.29507592
0,0.36001182
0,0.1316281
0,0.14165962
0,0.53672326
0,0.51772475
0,0.30363303
0,0.7515849
0,0.5464099
0,0.82540286
0,0.6662345
0,0.64310324
0,0.68937826
0,0.765636
0,0.8742113
0,0.12187342
0,0.63855034
0,0.553568
0,0.78876084
0,0.23634307
0,0.42723304
0,0.34529594
0,0.67119753
0,0.267883
0,0.2695791
0,0.41273287
0,0.53265476
0,0.4455194
0,0.41251013
0,0.89694124
0,0.4951082
0,0.19747993
0,0.48209348
0,0.3655839
0,0.58152455
0,0.86447555
0,0.22840075
0,0.32603726
0,0.20822357
0,0.7829891
0,0.15920547
0,0.11743176
0,0.18540771
0,0.22584552
0,0.4958849
0,0.81528145
0,0.87688863
0,0.87590164
0,0.738221
0,0.3912186
1,0.6332033
1,0.59600073
1,0.30885378
1,0.95542103
1,0.87816876
1,0.85392386
1,0.8992705
1,0.8920881
1,0.9000746
1,0.75981563
1,0.5902938
1,0.68839294
1,0.51147735
1,0.5649651
1,0.8748101
1,0.76071805
1,0.9420241
1,0.7178407
1,0.633962
1,0.24010864
1,0.85832214
1,0.9448086
1,0.784744
1,0.8575863
1,0.726331
1,0.9862097
1,0.49071327
1,0.60684425
1,0.43380928
1,0.46676546
1,0.5550513
1,0.83592606
1,0.9361731
1,0.9368396
1,0.60251963
1,0.6327302
1,0.58871824
1,0.8439942
1,0.6140997
1,0.792036
1,0.9422982
1,0.8321409
1,0.5974206
1,0.59780073
1,0.3550902
1,0.62112147
1,0.6809988
1,0.8873165
1,0.8757335
1,0.44187334
1,0.9090973
1,0.67058975
1,0.82018167
1,0.733485
1,0.93095917
1,0.6987301
1,0.66472805
1,0.69294053
1,0.8900188
1,0.3979342
1,0.5648837
1,0.9779296
1,0.7989708
1,0.8514055
1,0.79705554
1,0.9170366
1,0.9417541
1,0.8679592
1,0.6519484
1,0.9387044
1,0.5483277
1,0.8220887
1,0.80042744
1,0.87282604
1,0.94244194
1,0.91945004
1,0.8256403
1,0.9941096
1,0.5878247
1,0.740574
1,0.4780811
1,0.6258052
1,0.4284375
1,0.9081862
1,0.9703188
1,0.97855693
1,0.51931924
1,0.719983
1,0.8415257
1,0.96942866
1,0.67282784
1,0.7002384
1,0.80121094
1,0.843516
1,0.93935347
1,0.5623112
1,0.59096205
1,0.8760977
1,0.7474888
1,0.84832
1,0.70993304
1,0.86824876
1,0.8910686
1,0.8095192
1,0.9599492
1,0.9408257
1,0.71208555
1,0.70187324
1,0.9367061
1,0.956917
1,0.8794139
1,0.8572527
1,0.62330496
1,0.7580909
1,0.7168579
1,0.5015832
1,0.8102662
1,0.8441738
1,0.7188911
1,0.9487611
1,0.37874237
1,0.460357
1,0.42131785
1,0.90944463
1,0.94001704
1,0.7383761
1,0.87256086
1,0.7432117
1,0.9860773
1,0.71410316
1,0.4676797
1,0.6816615
1,0.9488481
1,0.7138559
1,0.7167415
1,0.6997528
1,0.8788378
1,0.63690025
1,0.8486328
1,0.38166898
1,0.9437618
1,0.781786
1,0.79438704
1,0.8055004
1,0.9283252
1,0.9756242
1,0.62110907
1,0.5517416
1,0.8794169
1,0.85725653
1,0.8707648
1,0.9704075
1,0.97590476
1,0.9559006
1,0.73561466
1,0.7559839
1,0.8603959
1,0.75907165
1,0.7762612
1,0.9561418
1,0.96772945
1,0.8229187
1,0.62850314
1,0.89177233
1,0.9832093
1,0.61830395
1,0.57999676
1,0.43059808
1,0.9731853
1,0.88053644
1,0.4031757
1,0.43466926
1,0.5148338
1,0.88357145
1,0.9369581
1,0.6242947
1,0.95939094
1,0.7651934
1,0.95172113
1,0.87794316
1,0.98535675
1,0.8417
1,0.6035315
1,0.9107981
1,0.9916397
1,0.9466869
1,0.59555966
1,0.80748767
1,0.9091533
1,0.48030734
1,0.9410259
1,0.4488893
1,0.6649245
1,0.86985785
1,0.84437114
1,0.92878175
1,0.8909162
1,0.44330946
1,0.5387397
1,0.843969
1,0.8240827
1,0.9266379
1,0.98452234
1,0.5180242
1,0.82813025
1,0.8317782
1,0.8849144
1,0.5399435
1,0.8769144
1,0.60034674
1,0.91274494
1,0.8443206
1,0.95640486
1,0.67040396
1,0.89508665
1,0.69278115
1,0.62321824
1,0.74538857
1,0.9718313
1,0.96231174
1,0.9839939
1,0.97314036
1,0.7764055
1,0.5530198
1,0.7655266
1,0.8749191
1,0.97373235
1,0.67952925
1,0.876663
1,0.47906575
1,0.81238675
1,0.57683945
1,0.6379043
1,0.9809466
1,0.93454194
1,0.7941583
1,0.8235754
1,0.80422455
1,0.78696007
1,0.48113963
1,0.64423716
1,0.81332886
1,0.47819915
1,0.5235779
1,0.8168262
1,0.9834373
1,0.41914755
1,0.7903413
1,0.3209041
1,0.54786646
1,0.5186232
1,0.927526
1,0.92598724
1,0.9509673
1,0.69129175
1,0.7472727
1,0.45381564
1,0.3209304
1,0.48417452
1,0.93181276
1,0.7151406
1,0.8246488
1,0.78684914
1,0.9747608
1,0.9455036
1,0.9296553
1,0.41684878
1,0.972861
1,0.9805649
1,0.60494894
1,0.88170695
1,0.7318224
1,0.7996262
1,0.5732749
1,0.39166307
1,0.5825475
1,0.88590395
1,0.7014365
1,0.8852166
1,0.90185946
1,0.9099962
1,0.45938203
1,0.6237453
1,0.41518128
1,0.26445752
1,0.9158824
1,0.9385748
1,0.85594094
1,0.7514033
1,0.2599067
1,0.8525138
1,0.4597417
1,0.17699414
1,0.95999926
1,0.80778366
1,0.8044385
1,0.7038868
1,0.9941443
1,0.9621118
1,0.5023902
1,0.43543968
1,0.6488719
1,0.69032896
1,0.68719393
1,0.8909805
1,0.50626737
1,0.84757453
1,0.61816037
1,0.26110628
1,0.88087404
1,0.8728116
1,0.94618136
1,0.86143696
1,0.8261106
1,0.8358233
1,0.7370733
1,0.6491032
1,0.43015808
1,0.77576417
1,0.39063948
1,0.7846754
1,0.9635517
1,0.3625821
1,0.50667655
1,0.86715317
1,0.6720384
1,0.64657116
1,0.7225656
1,0.8030591
1,0.9618245
1,0.81467855
1,0.75401723
1,0.8922109
1,0.34284857
1,0.78319025
1,0.8862441
1,0.63279366
1,0.9008296
1,0.80593187
1,0.855336
1,0.7638916
1,0.63948065
1,0.9002683
1,0.6146084
1,0.4581079
1,0.66477585
1,0.6501451
1,0.58824074
1,0.4957443
1,0.41552287
1,0.63301325
1,0.6415001
1,0.8532401
1,0.72588044
1,0.95112395
1,0.9326787
1,0.734038
1,0.68233097
1,0.19862276
1,0.949097
1,0.8621177
1,0.55527
1,0.70371836
1,0.87189287
1,0.8039234
1,0.37534702
1,0.97517985
1,0.93181515
1,0.4556937
1,0.8547529
1,0.5224892
1,0.7708766
1,0.93188584
1,0.9874122
1,0.9209707
1,0.7063741
1,0.62218034
1,0.811821
1,0.83231413
1,0.5710517
1,0.8449264
1,0.7604208
1,0.779076
1,0.55066115
1,0.7625791
1,0.519774
1,0.84457433
1,0.51684916
1,0.9410089
1,0.87955123
1,0.5555111
1,0.5579813
1,0.95796025
1,0.7353976
1,0.8871688
1,0.5341856
1,0.81367093
1,0.93047893
1,0.54612386
1,0.8268452
1,0.9600696
1,0.79759634
1,0.6766763
1,0.560557
1,0.8365794
1,0.7755696
1,0.4423268
1,0.75523716
1,0.840909
1,0.48693135
1,0.57781786
1,0.42286968
1,0.97832763
1,0.96750176
1,0.5892553
1,0.6837567
1,0.5594447
1,0.6786116
1,0.9232584
1,0.6727471
1,0.8207635
1,0.70242697
1,0.78867984
1,0.61697114
1,0.53736454
1,0.8060225
1,0.5257341
1,0.37080663
1,0.7773367
1,0.4364217
1,0.90753704
1,0.87864304
1,0.59867805
1,0.6356562
1,0.8313763
1,0.54881185
1,0.50683504
1,0.46871376
1,0.7891936
1,0.8797787
1,0.7419883
1,0.89223546
1,0.9592889
1,0.85597485
1,0.6216301
1,0.4566025
1,0.81254596
1,0.5883797
1,0.7348468
1,0.2490958
1,0.85585874
1,0.34342128
1,0.65767276
1,0.6786048
1,0.4203374
1,0.15487696
1,0.4632261
1,0.6559966
1,0.46613634
1,0.6122793
1,0.27047828
1,0.953792
1,0.49689552
1,0.60889846
1,0.98760563
1,0.70608526
1,0.92848986
1,0.4486134
1,0.9386817
1,0.69082415
1,0.67757195
1,0.97174555
1,0.63246447
1,0.9833098
1,0.82044834
1,0.8831623
1,0.458318
1,0.7178419
1,0.68938154
1,0.9418018
1,0.52863824
1,0.97715265
1,0.95557773
1,0.937507
1,0.3035891
1,0.7623294
1,0.68357474
1,0.73205686
1,0.4899019
1,0.94815
1,0.8351325
1,0.67527646
1,0.40427324
1,0.5972893
1,0.61443967
1,0.7737327
1,0.34411728
1,0.6987475
1,0.6783926
1,0.8600257
1,0.85703105
1,0.89428395
1,0.75608516
1,0.6906719
1,0.86167544
1,0.9515938
1,0.8025861
1,0.81284237
1,0.31448194
1,0.93183976
1,0.7651361
1,0.78540915
1,0.5283921
1,0.9752456
1,0.90454215
1,0.83611417
1,0.79393667
1,0.8468868
1,0.95915353
1,0.8488688
1,0.75062454
1,0.78397506
1,0.9213766
1,0.7739525
1,0.73634505
1,0.65566057
1,0.27332753
1,0.74685115
1,0.47410452
1,0.9948906
1,0.6861407
1,0.8479263
1,0.8316109
1,0.83532155
1,0.8952093
1,0.4277328
1,0.93601084
1,0.70644265
1,0.57931566
1,0.89625835
1,0.9922806
1,0.78605163
1,0.8680237
1,0.82428926
1,0.9922921
1,0.85667974
1,0.34209967
1,0.8282389
1,0.91874784
1,0.74034107
1,0.83579814
1,0.89438665
1,0.9478035
1,0.760705
1,0.9203597
1,0.8351732
1,0.8202966
1,0.78819394
1,0.89805895
1,0.95071745
1,0.92856914
1,0.92193943
1,0.865059
1,0.7339159
1,0.7764424
1,0.9100748
1,0.9394735
1,0.61784065
1,0.69229496
1,0.18470208
1,0.56373847
1,0.6958214
1,0.73177475
1,0.8038727
1,0.8392371
1,0.9804063
1,0.6228916
1,0.9491769
1,0.759
1,0.85982877
1,0.7743771
1,0.7738536
1,0.9425313
1,0.9523837
1,0.85194576
1,0.986948
1,0.87645704
1,0.7413678
1,0.8144604
1,0.9831568
1,0.98991054
1,0.8336209
1,0.8320381
1,0.9003567
1,0.92510617
1,0.48801103
1,0.30473477
1,0.6922006
1,0.92549115
1,0.91739374
1,0.9660198
1,0.9396356
1,0.88650197
1,0.9701515
1,0.7544508
1,0.94370013
1,0.9028095
1,0.85080093
1,0.81090516
1,0.93408144
1,0.97406864
1,0.91099966
1,0.98337644
1,0.6706425
1,0.43049008
1,0.9914246
1,0.8373173
1,0.9211018
1,0.7554939
1,0.8884938
1,0.6742998
1,0.551167
1,0.9521145
1,0.82266927
1,0.68738407
1,0.8753116
1,0.8680065
1,0.9574219
1,0.8762606
1,0.9734595
1,0.91036516
1,0.7513976
1,0.80158186
1,0.973211
1,0.6353613
1,0.97931206
1,0.40384212
1,0.49211177
1,0.97880685
1,0.51372606
1,0.7495054
1,0.52547795
1,0.8922296
1,0.68506056
1,0.50345427
1,0.9498528
1,0.65474933
1,0.50122154
1,0.9828847
1,0.43591157
1,0.9719143
1,0.93930024
1,0.4417292
1,0.5483008
1,0.98450446
1,0.83539593
1,0.7433026
1,0.82767755
1,0.91065127
1,0.9916102
1,0.8001351
1,0.9575994
1,0.9786183
1,0.8678111
1,0.67615396
1,0.8686846
1,0.87491864
1,0.8509275
1,0.84502685
1,0.3953135
1,0.35718614
1,0.8319582
1,0.8636699
1,0.8450077
1,0.6125497
1,0.7882756
1,0.9316779
1,0.57782537
1,0.83973515
1,0.9631163
1,0.68201697
1,0.86857104
1,0.7669158
1,0.6312151
1,0.9573748
1,0.9555262
1,0.6763703
1,0.563371
1,0.89171755
1,0.6920156
1,0.42893255
1,0.51469415
1,0.42439368
1,0.4341455
1,0.33198822
1,0.4243131
1,0.83178496
1,0.50795877
1,0.8408267
1,0.7970944
1,0.68136394
1,0.8344507
1,0.7143268
1,0.43935043
1,0.5521383
1,0.8198551
1,0.462488
1,0.9059525
1,0.5873411
1,0.9879205
1,0.9374018
1,0.8238434
1,0.12113898
1,0.29210067
1,0.9595565
1,0.5307434
1,0.63084346
1,0.537337
1,0.77184814
1,0.53098387
1,0.53643036
1,0.64418393
1,0.60316247
1,0.4560078
1,0.7136369
1,0.9891752
1,0.9211076
1,0.8448725
1,0.688963
1,0.29693857
1,0.4166472
1,0.6294798
1,0.55678195
1,0.6803608
1,0.39476255
1,0.72762483
1,0.5007422
1,0.4723377
1,0.95788753
1,0.7742598
1,0.80579346
1,0.8801135
1,0.51461005
1,0.88733286
1,0.64212203
1,0.79148376
1,0.5052259
1,0.9073592
1,0.88100815
1,0.93459886
1,0.5215852
1,0.6513419
1,0.90354544
1,0.8001788
1,0.9484186
1,0.46679527
1,0.90109146
1,0.65098816
1,0.9574067
1,0.6659398
1,0.519725
1,0.8325102
1,0.5962416
1,0.51638967
1,0.87912804
1,0.97200394
1,0.24202321
1,0.53439254
1,0.85299593
1,0.8546275
1,0.85723406
1,0.37522668
1,0.97090423
1,0.72289073
1,0.7414783
1,0.9535714
1,0.68455815
1,0.87280595
1,0.6870671
1,0.994166
1,0.6324044
1,0.5230733
1,0.8983751
1,0.753927
1,0.7355568
1,0.83135617
1,0.95348257
1,0.7539514
1,0.89833385
1,0.98406845
1,0.52462363
1,0.6715841
1,0.93887544
1,0.58587605
1,0.70298326
1,0.23757178
1,0.9199595
1,0.74201906
1,0.89731055
1,0.84652746
1,0.9297133
1,0.29269058
1,0.4184706
1,0.97552335
1,0.93181443
1,0.43752047
1,0.8460868
1,0.45186982
1,0.9784403
1,0.37542775
0,0.06737791
0,0.10383878
1,0.34408826
1,0.30169266
1,0.654085
1,0.8775212
1,0.8837918
1,0.5689172
1,0.80203557
1,0.97916734
1,0.7880991
1,0.5796113
1,0.98294413
1,0.7381836
1,0.35028398
1,0.87753737
1,0.822704
1,0.4493248
1,0.8070085
1,0.600987
1,0.9791981
1,0.45120692
1,0.5036658
1,0.39083466
1,0.45910054
1,0.58486766
1,0.6824306
1,0.56788254
1,0.9697906
1,0.8307616
1,0.89502054
1,0.39664027
1,0.8060045
1,0.26501346
1,0.7780205
1,0.9027645
1,0.75214344
1,0.8759855
1,0.7276195
1,0.7608917
1,0.944937
1,0.86740315
1,0.31596816
1,0.72788596
1,0.44065353
1,0.19479673
1,0.6612333
1,0.82900524
1,0.55680805
1,0.8384312
1,0.6885952
1,0.94588923
1,0.7947611
1,0.7400328
1,0.7538884
1,0.9583227
1,0.9034305
1,0.84648854
1,0.3270129
1,0.9718042
1,0.9617417
1,0.8873095
1,0.33171895
1,0.78152925
1,0.77260995
1,0.9778356
1,0.37475592
1,0.5412801
1,0.9897922
1,0.34175602
1,0.25634283
1,0.5373021
1,0.7753976
1,0.7791286
1,0.688913
1,0.9605399
1,0.7550274
1,0.71975815
1,0.77444774
1,0.6302061
1,0.661213
1,0.60739934
1,0.8678485
1,0.6889833
1,0.88310754
1,0.86166006
1,0.9239488
1,0.72058666
1,0.8417507
1,0.9440779
1,0.37722394
1,0.5254116
1,0.6036947
1,0.35050207
1,0.39740732
1,0.55757606
1,0.93729085
1,0.9549038
1,0.4391077
1,0.90660506
1,0.7840089
1,0.9105812
1,0.725037
1,0.3333869
1,0.9128276
1,0.8939838
1,0.6567544
1,0.8885707
1,0.492313
1,0.82721364
1,0.70589864
1,0.8704256
1,0.87448096
1,0.6414649
1,0.7545303
1,0.9653027
1,0.96939003
1,0.7552314
1,0.6594761
1,0.5961131
1,0.92771554
1,0.91285044
1,0.8765852
1,0.92493933
1,0.9095054
1,0.8955221
1,0.7529752
1,0.8670073
1,0.5968017
1,0.8719057
1,0.624808
1,0.78836685
1,0.65766275
1,0.9125719
1,0.79585516
1,0.8391678
1,0.65050715
1,0.7072515
1,0.9480822
1,0.40886843
1,0.64314777
1,0.87955105
1,0.6328799
1,0.9503197
1,0.9511481
1,0.34362316
1,0.9270171
1,0.80747294
1,0.66956073
1,0.9627396
1,0.806626
1,0.6502894
1,0.68216866
1,0.8694992
1,0.27316418
1,0.31678084
1,0.8227414
1,0.8646172
1,0.59001136
1,0.62733704
1,0.8460185
1,0.46973035
1,0.5150824
1,0.52035826
1,0.9164795
1,0.7945246
1,0.62449884
1,0.24947482
1,0.84458256
1,0.5435043
1,0.61036736
1,0.929918
1,0.5734261
1,0.2685362
1,0.6647999
1,0.843668
1,0.6075111
1,0.8918542
1,0.5005055
1,0.5273067
1,0.77174956
1,0.8998442
1,0.7719698
1,0.765901
1,0.828382
1,0.778422
1,0.709806
1,0.75633323
1,0.56669307
1,0.60773873
1,0.5596431
1,0.74490356
1,0.60953176
1,0.6335866
1,0.4162456
1,0.94930726
1,0.36521155
1,0.4032258
1,0.8880279
1,0.96127266
1,0.71179944
1,0.3371629
1,0.29381153
1,0.54631466
1,0.7751034
1,0.4424212
1,0.5789655
1,0.7789325
1,0.8609857
1,0.7815349
1,0.57804537
1,0.41615608
1,0.93028563
1,0.80655426
1,0.70814526
1,0.84995496
1,0.671588
1,0.7923576
1,0.8729573
1,0.9870995
1,0.8654455
1,0.47058833
1,0.58639306
1,0.9248695
1,0.88880885
1,0.79489285
1,0.8216726
1,0.47890776
1,0.96878237
1,0.7140074
1,0.7795134
1,0.48519185
1,0.58614516
1,0.77753997
1,0.8788077
1,0.8348021
1,0.7012497
1,0.66953313
1,0.5386446
1,0.6808519
1,0.8771058
1,0.5896792
1,0.87954587
1,0.6314851
1,0.87657124
1,0.908627
1,0.7244311
1,0.9443148
1,0.82241744
1,0.17981197
1,0.7375656
1,0.9017623
1,0.70001066
1,0.6788684
1,0.38760614
1,0.43740696
1,0.5404868
1,0.49925938
1,0.48629448
1,0.90905845
1,0.90831953
1,0.4517585
1,0.5488342
1,0.9039461
1,0.70900005
1,0.4935042
1,0.82611597
1,0.59600514
1,0.9949669
1,0.57852316
1,0.7987111
1,0.8236524
1,0.8778456
1,0.766984
1,0.83586997
1,0.73011816
1,0.8295853
1,0.82863134
1,0.57276237
1,0.44190693
1,0.66272455
1,0.8312267
1,0.8956733
1,0.98793864
1,0.8744321
1,0.68417287
1,0.8645024
1,0.4211405
1,0.91350514
1,0.4198302
1,0.53090346
1,0.90500796
1,0.39866218
1,0.86814237
1,0.8481868
1,0.76422006
1,0.756385
1,0.43763232
1,0.804553
1,0.37554047
1,0.35751638
1,0.31438604
1,0.8153098
1,0.6129981
1,0.2880798
1,0.6352997
1,0.90601313
1,0.77183175
1,0.65448767
1,0.7477587
1,0.7356904
1,0.97775143
1,0.7655571
1,0.6003261
1,0.70817035
1,0.44794554
1,0.8150092
1,0.66580343
1,0.7435486
1,0.9551758
1,0.7419828
1,0.9119125
1,0.64554906
1,0.8791687
1,0.7119966
1,0.75368875
1,0.9806065
1,0.84478486
1,0.8526058
1,0.84847325
1,0.3822239
1,0.7040952
1,0.34971428
1,0.63067216
1,0.9406143
1,0.7606315
1,0.91611433
1,0.41752476
1,0.84560406
1,0.6192564
1,0.77598804
1,0.64521235
1,0.5260017
1,0.78560877
1,0.7886331
1,0.9016497
1,0.6399828
1,0.6332731
1,0.54471713
1,0.170551
1,0.7342676
1,0.9319037
1,0.69838834
1,0.8484947
1,0.42427126
1,0.5716371
1,0.17498669
1,0.56822157
1,0.81875074
1,0.41964525
1,0.8478336
1,0.8227471
1,0.70441693
1,0.2122856
1,0.85007256
1,0.8524438
1,0.71629536
1,0.66463226
1,0.90750986
1,0.9818816
1,0.9457733
1,0.60490334
1,0.8738285
1,0.7585889
1,0.49984363
1,0.5355088
1,0.60251915
1,0.6425209
1,0.5099688
1,0.4409663
1,0.96516055
1,0.59496266
1,0.44340572
1,0.8222056
0,0.60335773
0,0.19343404
0,0.49675116
0,0.099771425
0,0.13653703
0,0.1844832
0,0.0996908
0,0.1729813
0,0.75011826
0,0.6086964
0,0.6368117
0,0.23288146
0,0.12846749
0,0.06794844
0,0.095160924
0,0.45625186
0,0.17057635
0,0.43975195
0,0.06851106
0,0.1826654
0,0.109260514
0,0.35266417
0,0.29404718
0,0.66921
0,0.27983564
0,0.56325465
0,0.17642818
0,0.106880635
0,0.4877159
0,0.42645532
0,0.09391448
0,0.075317934
0,0.25540859
0,0.1704019
0,0.09744129
0,0.12649526
0,0.42440537
0,0.15544917
0,0.19756047
0,0.7087124
0,0.07685395
0,0.4500527
0,0.5023309
0,0.49092108
0,0.8552551
0,0.2313623
0,0.1345693
0,0.37776
0,0.079519756
0,0.6243229
0,0.226063
0,0.36144537
0,0.47482467
0,0.5341522
0,0.079839446
0,0.070001684
0,0.5252908
0,0.31787595
0,0.7265416
0,0.86053437
0,0.30870512
0,0.23939009
0,0.06886517
0,0.062995315
0,0.7554559
0,0.5297644
0,0.391868
0,0.61636907
0,0.13837762
0,0.13146077
0,0.26099604
0,0.29907236
0,0.65666646
0,0.8088227
0,0.5114124
0,0.11285874
0,0.33277205
0,0.38922137
0,0.46473446
0,0.08726951
0,0.7764843
0,0.20073573
0,0.48223916
0,0.38716778
