y_true,y_prob
0,0.9240446
0,0.8703336
0,0.8348017
0,0.72800475
0,0.9222217
0,0.88710403
0,0.8152542
0,0.69718826
0,0.8664191
0,0.8799225
0,0.7244054
0,0.8783773
0,0.9155708
0,0.9787137
0,0.89157784
0,0.9254837
0,0.86994374
0,0.9766025
0,0.94274664
0,0.5181148
0,0.20936932
0,0.11655898
0,0.23666307
0,0.18915765
0,0.5935291
0,0.8921327
0,0.19386166
0,0.568392
0,0.27985248
0,0.12651937
0,0.20382586
0,0.5034585
0,0.13198018
0,0.1534242
0,0.19010012
0,0.47375894
0,0.15052974
0,0.19210306
0,0.20919243
0,0.46016413
0,0.6642472
0,0.53578055
0,0.56461203
0,0.7601989
0,0.25684834
0,0.807282
0,0.15711863
0,0.64304805
0,0.8969418
0,0.63116604
0,0.2951863
0,0.12923661
0,0.11197604
0,0.20522006
0,0.25872743
0,0.3832762
0,0.4391052
0,0.1975721
0,0.20763724
0,0.7872542
0,0.90787727
0,0.7627386
0,0.42736807
0,0.26835975
0,0.3481921
0,0.3863896
0,0.25903267
0,0.50319695
0,0.14683558
0,0.25300065
0,0.19967076
0,0.3887893
0,0.72166544
0,0.41895238
0,0.15302743
0,0.2529326
0,0.32579765
0,0.4407061
0,0.24740647
0,0.16897933
0,0.3431621
0,0.65391403
0,0.8061174
0,0.2573619
0,0.19550331
0,0.35993075
0,0.34442857
0,0.4168197
0,0.4685657
0,0.5597908
0,0.36897925
0,0.29405853
0,0.60934776
0,0.4899718
0,0.12568375
0,0.6310463
0,0.3030702
0,0.38107076
0,0.74947935
0,0.20471612
0,0.37383547
0,0.5327807
0,0.17895465
0,0.57119703
0,0.22631711
0,0.122305475
0,0.20877029
0,0.20895892
0,0.10785162
0,0.18441032
0,0.490385
0,0.22029093
0,0.117350705
0,0.17444357
0,0.22499722
0,0.23604397
0,0.5085745
0,0.2952428
0,0.6053709
0,0.13871297
0,0.6918065
0,0.5899578
0,0.3174985
0,0.51121724
0,0.13423242
0,0.19999394
0,0.1508814
0,0.3555907
0,0.5929415
0,0.17869274
0,0.2504715
0,0.85935634
0,0.15878007
0,0.19068445
0,0.31510592
0,0.6250586
0,0.42228127
0,0.077011205
0,0.24037498
0,0.08102977
0,0.92029554
0,0.25207442
0,0.49278533
0,0.4482664
0,0.0716585
0,0.25550255
0,0.11543848
0,0.28967378
0,0.4315749
0,0.16995814
0,0.13290906
0,0.735905
0,0.45093468
0,0.810843
0,0.18068047
0,0.31199935
0,0.2964658
0,0.20599371
0,0.09232483
0,0.12072191
0,0.22153264
0,0.5445601
0,0.20925455
0,0.71350425
0,0.35220513
0,0.3955717
0,0.2252766
0,0.45081195
0,0.3196606
0,0.18328577
0,0.1653505
0,0.07752138
0,0.95854187
0,0.11276131
0,0.12181796
0,0.925457
0,0.6069261
0,0.36222795
0,0.25049976
0,0.23367211
0,0.13129666
0,0.15561023
0,0.26923028
0,0.40303704
0,0.18398872
0,0.20929419
0,0.1865814
0,0.4609951
0,0.25838035
0,0.1745564
0,0.6803972
0,0.538044
0,0.23493248
0,0.6810478
0,0.6370145
0,0.5664424
0,0.54112405
0,0.81799424
0,0.64070624
0,0.27488938
0,0.38301945
0,0.13497798
0,0.2999694
0,0.27011204
0,0.30224603
0,0.06871752
0,0.54517794
0,0.7572318
0,0.10374479
0,0.81857747
0,0.3739368
0,0.14156257
0,0.26825097
0,0.1269421
0,0.42990637
0,0.59435123
0,0.31508914
0,0.15287331
0,0.13171178
0,0.64539015
0,0.31377763
0,0.15323439
0,0.22034907
0,0.0928413
0,0.3796628
0,0.10946439
0,0.22741254
0,0.3713356
0,0.44334272
0,0.34385377
0,0.4132425
0,0.46781516
0,0.89869756
0,0.19930485
0,0.12807272
0,0.4115213
0,0.43837315
0,0.52025515
0,0.15014686
0,0.13549939
0,0.08117408
0,0.24030896
0,0.43880698
0,0.113906614
0,0.20601428
0,0.24781518
0,0.18020949
0,0.61558115
0,0.51805586
0,0.488248
0,0.20031571
0,0.1713529
0,0.59332037
0,0.29339603
0,0.18486151
0,0.80843973
0,0.50651616
0,0.8161628
0,0.52926373
0,0.14814964
0,0.21039739
0,0.278067
0,0.34267038
0,0.21114606
0,0.59519494
0,0.81709135
0,0.2030254
0,0.099759825
0,0.18436563
0,0.48137492
0,0.45223606
0,0.154257
0,0.11355449
0,0.20683607
0,0.72923696
0,0.58958083
0,0.16669613
0,0.20939724
0,0.36293557
0,0.22164355
0,0.11953294
0,0.24021833
0,0.10247275
0,0.1750431
0,0.15035638
0,0.2268958
0,0.35171428
0,0.21706298
0,0.20811759
0,0.6751517
0,0.20492221
0,0.2206818
0,0.30683634
0,0.17497942
0,0.09794826
0,0.5672676
0,0.8377973
0,0.34247833
0,0.32650298
0,0.21066353
0,0.15270051
0,0.8446678
0,0.50882053
0,0.1784468
0,0.20610595
0,0.20287846
0,0.103438616
0,0.25911286
0,0.14648767
0,0.3225199
0,0.2322403
0,0.22537367
0,0.5441831
0,0.5129569
0,0.19584236
0,0.3536678
0,0.51030034
0,0.2926903
0,0.52764314
0,0.519623
0,0.42659804
0,0.12687574
0,0.39204043
0,0.24221128
0,0.82446855
0,0.712164
0,0.18718193
0,0.13711596
0,0.08801208
0,0.18907435
0,0.22756076
0,0.1910124
0,0.14694175
0,0.17712218
0,0.4980094
0,0.44444665
0,0.5055209
0,0.27844447
0,0.34206885
0,0.42872864
0,0.19752963
0,0.12678216
0,0.1383687
0,0.0751672
0,0.20765033
0,0.4507928
0,0.23814216
0,0.91787815
0,0.10657642
0,0.15340671
0,0.20452729
0,0.22009104
0,0.448787
0,0.31919166
0,0.20363776
0,0.24059422
0,0.093792126
0,0.23841417
0,0.5083226
0,0.099766456
0,0.07650172
0,0.122101024
0,0.14302154
0,0.2744275
0,0.20823583
0,0.15936898
0,0.3472922
0,0.12613577
0,0.12439397
0,0.5763553
0,0.22860776
0,0.10573234
0,0.26715827
0,0.13371171
0,0.22169507
0,0.110997744
0,0.13752541
0,0.19037916
0,0.53382456
0,0.17972246
0,0.092966415
0,0.12783352
0,0.18581691
0,0.24290383
0,0.35914043
0,0.7714337
0,0.14143607
0,0.08980389
0,0.25288218
0,0.55808717
0,0.1732994
0,0.22918741
0,0.55381286
0,0.14658472
0,0.13523182
0,0.21032304
0,0.25481585
0,0.150955
0,0.16379674
0,0.30979446
0,0.17202747
0,0.13313718
0,0.23984614
0,0.11412593
0,0.57235235
0,0.13950664
0,0.1580123
0,0.24606524
0,0.37641713
0,0.19068755
0,0.22234063
0,0.16779396
0,0.33516687
0,0.09532649
0,0.25962725
0,0.21926439
0,0.20466985
0,0.14541453
0,0.18227758
0,0.15904813
0,0.25467885
0,0.23626937
0,0.24723691
0,0.43802154
0,0.3488434
0,0.21138664
0,0.13238741
0,0.10388455
0,0.06651024
0,0.09993079
0,0.20966701
0,0.0804504
0,0.16499251
0,0.19295172
0,0.07400287
0,0.120966606
0,0.3694975
0,0.19414124
0,0.6115679
0,0.19921969
0,0.10009312
0,0.11334102
0,0.18958844
0,0.37285647
0,0.22566386
0,0.20691565
0,0.13040179
0,0.5103865
0,0.20856032
0,0.503198
0,0.5609638
0,0.1367745
0,0.116588764
0,0.075724125
0,0.15486816
0,0.19160289
0,0.11818182
0,0.11436906
0,0.10011225
0,0.17019683
0,0.124410085
0,0.9873182
0,0.090265624
0,0.05182611
0,0.1379813
0,0.16358818
0,0.14413564
0,0.07066666
0,0.09654595
0,0.048043847
0,0.17135671
0,0.2373691
0,0.14429823
0,0.13841514
0,0.25813076
0,0.2109334
0,0.07606901
0,0.18752289
0,0.4742528
0,0.08493629
0,0.26688653
0,0.45622873
0,0.27232864
0,0.25546995
0,0.715865
0,0.18676706
0,0.31043908
0,0.15178044
0,0.27622837
0,0.27554655
0,0.19882162
0,0.197971
0,0.2411706
0,0.16647875
0,0.3177
0,0.24178088
0,0.2857501
0,0.16848372
0,0.12876907
0,0.0877577
0,0.295966
0,0.15454017
0,0.12438215
0,0.1165361
0,0.22484903
0,0.4858154
0,0.33373022
0,0.44037944
0,0.13522165
0,0.18231393
0,0.27262068
0,0.3297538
0,0.3523543
0,0.52356887
0,0.15534261
0,0.4013828
0,0.23132554
0,0.23103632
0,0.23069529
0,0.28644085
0,0.2592349
0,0.5813865
0,0.43902302
0,0.5499882
0,0.40014336
0,0.65559727
0,0.5631358
0,0.681037
0,0.35982564
0,0.3999585
0,0.8851876
0,0.79953474
0,0.9366252
0,0.461395
0,0.41710097
0,0.16269523
0,0.27218726
0,0.6473197
0,0.5415519
0,0.45533875
0,0.2581012
0,0.152767
0,0.1558128
0,0.53899884
0,0.66845965
0,0.3819735
0,0.38471282
0,0.3328172
0,0.16889963
0,0.4216943
0,0.3143305
0,0.24807215
0,0.89392996
0,0.57636565
0,0.7975637
0,0.6621929
0,0.6333421
0,0.46062452
0,0.50897217
0,0.18456693
0,0.743228
0,0.76744074
0,0.71980184
0,0.64367867
0,0.21604946
0,0.2533858
0,0.39955837
0,0.77093756
0,0.2824824
0,0.35831
0,0.6035771
0,0.53887945
0,0.46810758
0,0.35666165
0,0.8924053
0,0.11927898
0,0.1414412
0,0.7452466
0,0.17305952
0,0.14801186
0,0.28148705
0,0.26532638
0,0.26114592
0,0.30398104
0,0.43768853
0,0.57368743
0,0.24288362
0,0.29782888
0,0.18784595
0,0.15608598
0,0.2817596
0,0.28733632
0,0.76088303
0,0.8531812
0,0.6244803
0,0.73301315
0,0.8064766
0,0.8614378
0,0.37454712
0,0.3625062
0,0.70464575
0,0.49560523
0,0.623727
0,0.22776054
0,0.649759
0,0.30711246
0,0.6619404
0,0.37492064
0,0.20812826
0,0.4815432
0,0.83885777
0,0.7146019
0,0.8978418
0,0.88034236
0,0.7190375
0,0.27847075
0,0.7122328
0,0.4990649
0,0.22480278
0,0.79990536
0,0.6330692
0,0.7877604
0,0.48772362
0,0.6002716
0,0.3156511
0,0.5837282
0,0.76708883
0,0.7305779
0,0.70493966
0,0.3783255
0,0.40445092
0,0.45187473
0,0.5906441
0,0.88334155
0,0.70694184
0,0.27570978
0,0.15035753
0,0.7610623
0,0.6948554
0,0.54341114
0,0.2231296
0,0.22302791
0,0.8585507
0,0.49940336
0,0.4143063
0,0.3499871
0,0.43363902
0,0.5747596
0,0.6323861
0,0.4657023
0,0.33846456
0,0.5099962
0,0.5386197
0,0.32563177
0,0.6211353
0,0.50213706
0,0.2351206
0,0.2742453
0,0.54254574
0,0.66784674
0,0.3558059
0,0.44405502
0,0.23810542
0,0.38431337
0,0.21473889
0,0.595769
0,0.4257594
0,0.5998071
0,0.23194669
0,0.24561656
0,0.7017804
0,0.41469193
0,0.42329243
0,0.58528346
0,0.17391574
0,0.7735568
0,0.57050323
0,0.7002851
0,0.38719952
0,0.39934382
0,0.36833122
0,0.28383663
0,0.80423933
0,0.30644158
0,0.32461122
0,0.7215417
0,0.22203007
0,0.8589153
0,0.58103603
0,0.28599444
0,0.17606689
0,0.13335223
0,0.25040948
0,0.18424003
0,0.2303917
0,0.2605262
0,0.11555307
0,0.15528795
0,0.48802233
0,0.15586807
0,0.54408276
0,0.453974
0,0.13546985
0,0.26666826
0,0.650345
0,0.27238682
0,0.24545014
0,0.20537607
0,0.5295982
0,0.87706506
0,0.67453754
0,0.15689246
0,0.32438213
0,0.13038285
0,0.6753915
0,0.8226448
0,0.12500896
0,0.36345938
0,0.9621263
0,0.5716563
0,0.90049917
0,0.40235385
0,0.33790243
0,0.15798418
0,0.12489911
0,0.39022204
0,0.42272878
0,0.24726489
0,0.32739007
0,0.12866019
0,0.17055199
0,0.6936929
0,0.9283111
0,0.1131854
0,0.20540304
0,0.2340421
0,0.15394703
0,0.2059678
0,0.41920337
0,0.4773855
0,0.19534978
0,0.15430067
0,0.67364764
0,0.18705958
0,0.13728201
0,0.41935804
0,0.42908913
0,0.89082086
0,0.2684325
0,0.3555882
0,0.16141959
0,0.32231995
0,0.47122648
0,0.47878793
0,0.766248
0,0.6688029
0,0.19282368
0,0.2461728
0,0.40326425
0,0.17500919
0,0.45527667
0,0.2846209
0,0.1279883
0,0.07734685
0,0.14806516
0,0.4952996
0,0.2530327
0,0.18974888
0,0.7858845
0,0.2475463
0,0.13346805
0,0.27806213
0,0.36423847
0,0.1724082
0,0.43420824
0,0.5873105
0,0.9071319
0,0.29563683
0,0.19817536
0,0.18453164
0,0.3021585
0,0.4084221
0,0.5220684
0,0.16113508
0,0.118825175
0,0.28760546
0,0.4466093
0,0.25590035
0,0.17594427
0,0.16467088
0,0.059382763
0,0.29464552
0,0.6787692
0,0.65554744
0,0.6310545
0,0.5611651
0,0.25703937
0,0.54182416
0,0.1910285
0,0.6597171
0,0.39553428
0,0.3895442
0,0.41912922
0,0.38688198
0,0.49833518
0,0.24603978
0,0.303792
0,0.24378651
0,0.14743787
0,0.29150233
0,0.38927448
0,0.39957336
0,0.7438498
0,0.4490089
0,0.16005807
0,0.60796994
0,0.33634135
0,0.14266996
0,0.18058491
0,0.33404738
0,0.5636662
0,0.8122632
0,0.7517744
0,0.2887869
0,0.41142976
0,0.38424727
0,0.42059648
0,0.65849644
0,0.31417865
0,0.47589302
0,0.27611017
0,0.7316866
0,0.5434685
0,0.73183143
0,0.32409087
0,0.17868055
0,0.62292546
0,0.3774988
0,0.8621832
0,0.3165293
0,0.49601644
0,0.1776283
0,0.26234132
0,0.24800651
0,0.8928757
0,0.1285683
0,0.6622642
0,0.19324522
0,0.17004117
0,0.33507708
0,0.39074448
0,0.22255445
0,0.20539503
0,0.21024922
0,0.42074016
0,0.39529768
0,0.23118253
0,0.15826431
0,0.09540391
0,0.45457733
0,0.123251505
0,0.08096832
0,0.18025744
0,0.44342282
0,0.20366868
0,0.42307028
0,0.87761384
0,0.27333242
0,0.11669926
0,0.16321135
0,0.21712705
0,0.24000026
0,0.26542544
0,0.1890748
0,0.09588284
0,0.25309396
0,0.33896393
0,0.21228366
0,0.14809403
0,0.15732089
0,0.24274354
0,0.57782984
0,0.30326143
0,0.2860965
0,0.46283033
0,0.20308167
0,0.11896745
0,0.18648888
0,0.32845095
0,0.5254433
0,0.74218017
0,0.33511183
0,0.32529762
0,0.2252453
0,0.8057946
0,0.66854143
0,0.16887666
0,0.55637276
0,0.6935657
0,0.4029659
0,0.70970595
0,0.334681
0,0.5481447
0,0.4411129
0,0.7818479
0,0.17714627
0,0.52591455
0,0.21406122
0,0.43928918
0,0.6117963
0,0.42684287
0,0.8333074
0,0.23959516
0,0.41105193
0,0.5154049
0,0.6630296
0,0.4699439
0,0.4783376
0,0.122207835
0,0.29914433
0,0.17889409
0,0.10774207
0,0.17051014
0,0.42587736
0,0.25642464
0,0.28451246
0,0.22359292
0,0.22314154
0,0.07773078
0,0.12766115
0,0.36957893
0,0.3673755
0,0.34024063
0,0.7857524
0,0.58351845
0,0.08323973
0,0.33619586
0,0.376485
0,0.7079245
0,0.2770387
0,0.22742741
0,0.24590257
0,0.089489855
0,0.15869337
0,0.3332499
0,0.26116243
0,0.21129362
0,0.20529017
0,0.15773526
0,0.23963031
0,0.28605598
0,0.21868631
0,0.17500979
0,0.078978226
0,0.27931795
0,0.53237355
0,0.9020544
0,0.32466495
0,0.3971184
0,0.4900859
0,0.2734007
0,0.5439019
0,0.10278316
0,0.11963
0,0.6273143
0,0.6159968
0,0.21253744
0,0.40576822
0,0.1350783
0,0.22856839
0,0.1296313
0,0.5404885
0,0.57073647
0,0.1496071
0,0.30103734
0,0.37332267
0,0.44621992
0,0.24719582
0,0.20761621
0,0.70179236
0,0.53529364
0,0.20850822
0,0.2761152
0,0.24351297
0,0.18275437
0,0.19859965
0,0.18777508
0,0.8835817
0,0.44253337
0,0.25384352
0,0.97722924
0,0.21619686
0,0.4859729
0,0.80252904
0,0.23878749
0,0.19997601
0,0.06386358
0,0.12247802
0,0.57813
0,0.33511916
0,0.3839552
0,0.22391872
0,0.90582484
0,0.27546483
0,0.45197192
0,0.24586423
0,0.5266945
0,0.20679154
0,0.20050137
0,0.10406476
0,0.15703472
0,0.18291159
0,0.24127586
0,0.10779067
0,0.2533919
0,0.31159613
0,0.5543459
0,0.29123536
0,0.26555696
0,0.59834707
0,0.5757207
0,0.21871625
0,0.3314509
0,0.3613159
0,0.58229846
0,0.56274
0,0.54801327
0,0.13559917
0,0.16275172
0,0.7136332
0,0.16399492
0,0.80952597
0,0.2514258
0,0.16857095
0,0.14087944
0,0.12724367
0,0.30758384
0,0.41650015
0,0.08410159
0,0.46076745
0,0.13409461
0,0.683371
0,0.23700109
0,0.38621357
0,0.12398744
0,0.73231995
0,0.24511644
0,0.94637007
0,0.23474757
0,0.26260146
0,0.20582142
0,0.18242843
0,0.27547354
0,0.31360415
0,0.23270997
0,0.20522854
0,0.22702096
0,0.16026667
0,0.1739419
0,0.24959409
0,0.0876158
0,0.14910065
0,0.15698433
0,0.8507792
0,0.41310257
0,0.38908944
0,0.113156796
0,0.19516678
0,0.9152787
0,0.923948
0,0.29238242
0,0.15650946
0,0.3483059
0,0.11914403
0,0.15507577
0,0.1725183
0,0.61415786
0,0.2371958
0,0.093015976
0,0.12923476
0,0.13612437
0,0.09220045
0,0.17320487
0,0.20550708
0,0.21565358
0,0.46657863
0,0.15630828
0,0.1333301
0,0.2828027
0,0.5032011
0,0.7634293
0,0.82588595
0,0.32043642
0,0.14434011
0,0.1655146
0,0.17535432
0,0.7044784
0,0.8100956
0,0.18305698
0,0.64953065
0,0.16777234
0,0.2643101
0,0.7591706
0,0.18197119
0,0.37124234
0,0.39384335
0,0.46795
0,0.102674484
0,0.44162697
0,0.19814618
0,0.5209085
0,0.27189085
0,0.13937515
0,0.9557197
0,0.92374
0,0.10365172
0,0.21068232
0,0.10599456
0,0.7460437
0,0.41490078
0,0.3142674
0,0.29770172
0,0.73271644
0,0.8103125
0,0.33397806
0,0.18096639
0,0.31371173
0,0.1632855
0,0.41126916
0,0.67211664
0,0.246591
0,0.29018736
0,0.85371536
0,0.28860176
0,0.345297
0,0.68399286
0,0.79798687
0,0.6055992
0,0.31500083
0,0.3391928
0,0.29988438
0,0.3648912
0,0.17740206
0,0.23556888
0,0.8086452
0,0.83469284
0,0.44184148
0,0.7787389
0,0.16450359
0,0.20465174
0,0.1625091
0,0.4996019
0,0.31263375
0,0.35048097
0,0.14724997
0,0.050207105
0,0.16180225
0,0.47554746
0,0.20275831
0,0.91006935
0,0.80474263
0,0.19341576
0,0.09757618
0,0.11697186
0,0.15560015
0,0.3348543
0,0.42044127
0,0.23679444
0,0.15171556
0,0.06396399
0,0.16590433
0,0.15876676
0,0.321092
0,0.8036904
0,0.43120578
0,0.15877402
0,0.15259643
0,0.21721129
0,0.2731334
0,0.24134661
0,0.07488099
0,0.28058058
0,0.8601582
0,0.24590291
0,0.0804754
0,0.71237445
0,0.28659612
0,0.65924567
0,0.18579489
0,0.10730688
0,0.11790642
0,0.29537994
0,0.14223742
0,0.33953565
0,0.07996756
0,0.10113862
0,0.064567916
0,0.19867823
0,0.19975978
0,0.1418
0,0.51643956
0,0.36497858
0,0.3226919
0,0.32274336
0,0.296015
0,0.84019995
0,0.49039727
0,0.37101352
0,0.20648421
0,0.14411426
0,0.19824101
0,0.17322546
0,0.27282217
0,0.33044803
0,0.19456576
0,0.22035296
0,0.11050706
0,0.18698943
0,0.15718116
0,0.35196173
0,0.4413621
0,0.07037245
0,0.3839054
0,0.26073468
0,0.17871042
0,0.47410432
0,0.21313857
0,0.7248857
0,0.44061944
0,0.6181839
0,0.093056574
0,0.31833255
0,0.2530109
0,0.26693514
0,0.55262697
0,0.31916973
0,0.1267182
0,0.10970258
0,0.06668108
0,0.73749167
0,0.53858674
0,0.12795039
0,0.17787403
0,0.08701231
0,0.30898413
0,0.37389615
0,0.49245727
0,0.16728891
0,0.46107456
0,0.19027118
0,0.89850605
0,0.16449772
0,0.3895363
0,0.22400536
0,0.10862082
0,0.0967279
0,0.36132687
0,0.32806304
0,0.9782959
0,0.16665523
0,0.1476323
0,0.8873774
0,0.1352938
0,0.1393389
0,0.11310645
0,0.15065524
0,0.6285057
0,0.6374655
0,0.1487384
0,0.3093575
0,0.09657953
0,0.20832269
0,0.61335605
0,0.9778782
0,0.14240329
0,0.046790596
0,0.061133243
0,0.050047167
0,0.117829345
0,0.106761806
0,0.59424263
0,0.38625118
0,0.21001498
0,0.4114622
0,0.4919272
0,0.24937177
0,0.14642717
0,0.14397551
0,0.18522947
0,0.57405406
0,0.14289552
0,0.08177251
0,0.108077645
0,0.27830836
0,0.269173
0,0.86958545
0,0.8744205
0,0.35240963
0,0.1474407
0,0.13686435
0,0.17911042
0,0.3601613
0,0.1450822
0,0.107765846
0,0.28253654
0,0.106967576
0,0.17495513
0,0.21642192
0,0.18781686
0,0.20220219
0,0.39152816
0,0.15804993
0,0.37093505
0,0.17009038
0,0.099317305
0,0.26489
0,0.34539396
0,0.14366549
0,0.85463256
0,0.18713385
0,0.13903546
0,0.4830061
0,0.13374989
0,0.09403591
0,0.14059941
0,0.1272441
0,0.22327644
0,0.10973291
0,0.1646543
0,0.4137168
0,0.1285281
0,0.13103916
0,0.06970499
0,0.12749937
0,0.34998515
0,0.14364728
0,0.42051482
0,0.2827017
0,0.12703721
0,0.08124394
0,0.110054836
0,0.90838605
0,0.14806847
0,0.23882349
0,0.20159046
0,0.15615958
0,0.08860977
0,0.14684379
0,0.1306284
0,0.11537972
0,0.11851
0,0.19800833
0,0.0813315
0,0.16010897
0,0.094527215
0,0.07846344
0,0.05597696
0,0.36738202
0,0.11405907
0,0.2922205
0,0.71603197
0,0.09897845
0,0.28290418
0,0.73992836
0,0.10232433
0,0.21935456
0,0.18777636
0,0.116053164
0,0.24480999
0,0.069852605
0,0.12868321
0,0.2004425
0,0.21927947
0,0.22049813
0,0.15201752
0,0.10989872
0,0.26548356
0,0.49808145
0,0.40660796
0,0.13490792
0,0.10678918
0,0.10895932
0,0.092398286
0,0.13924067
0,0.21212032
0,0.5932171
0,0.9495207
0,0.28432313
0,0.15846482
0,0.17999645
0,0.1491929
0,0.23427725
0,0.06229224
0,0.13534097
0,0.47543475
0,0.36491165
0,0.06790341
0,0.20683074
0,0.106389314
0,0.12872928
0,0.12312412
0,0.089280695
0,0.044779293
0,0.08894921
0,0.6572051
0,0.13122146
0,0.13662557
0,0.15084255
0,0.90348595
0,0.9167671
0,0.09468251
0,0.13916788
0,0.16189633
0,0.5331116
0,0.14387968
0,0.05186225
0,0.09855825
0,0.04822066
0,0.11303864
0,0.06259505
0,0.10596009
0,0.22374022
0,0.14778775
0,0.09830038
0,0.103127055
0,0.096427545
0,0.20299308
0,0.14674921
0,0.5952173
0,0.106003605
0,0.052757658
0,0.8692405
0,0.9684922
0,0.6085076
0,0.4081409
0,0.12934867
0,0.1756445
0,0.1548939
0,0.5389933
0,0.30476856
0,0.0731545
0,0.25638983
0,0.18056156
0,0.5480508
0,0.39127636
0,0.14176458
0,0.23345245
0,0.23737255
0,0.088254616
0,0.16303287
0,0.25726634
0,0.25720656
0,0.15023845
0,0.13456212
0,0.12872298
0,0.6697074
0,0.30870715
0,0.21060348
0,0.29043323
0,0.081374615
0,0.20562519
0,0.26370603
0,0.33509558
0,0.13982436
0,0.43835506
0,0.118581675
0,0.13168567
0,0.25414535
0,0.09531247
0,0.06554077
0,0.17216411
0,0.18737355
0,0.19626132
0,0.24194269
0,0.2981848
0,0.3083717
0,0.7309321
0,0.91538167
0,0.8103512
0,0.10036507
0,0.18560329
0,0.7504411
0,0.43889377
0,0.29284364
0,0.52259696
0,0.29062146
0,0.27790716
0,0.24697582
0,0.5619246
0,0.29809117
0,0.20946936
0,0.113528974
0,0.423405
0,0.8255453
0,0.6456739
0,0.5877962
0,0.2290252
0,0.109439485
0,0.43298948
0,0.7199004
0,0.7207562
0,0.6336987
0,0.109565236
0,0.06401017
0,0.49776176
0,0.32623044
0,0.10835361
0,0.7934053
0,0.13364014
0,0.7822028
0,0.8065748
0,0.44065022
0,0.19552393
0,0.17889
0,0.22947188
0,0.19509712
0,0.108046204
0,0.1697376
0,0.32101482
0,0.18353291
0,0.23359483
0,0.5178361
0,0.8686577
0,0.23030011
0,0.07837639
0,0.12385004
0,0.36760277
0,0.57263
0,0.5022688
0,0.37270808
0,0.248774
0,0.06652512
0,0.9777959
0,0.16410671
0,0.13247406
0,0.30920532
0,0.13097562
0,0.17676204
0,0.32852364
0,0.24727114
0,0.19177453
0,0.17564708
0,0.49024984
0,0.14792937
0,0.92226195
0,0.5167911
0,0.115351215
0,0.070511
0,0.3460095
0,0.17720006
0,0.23638533
0,0.30831072
0,0.100006014
0,0.22277626
0,0.6882677
0,0.30123118
0,0.7761795
0,0.48805687
0,0.17406334
0,0.45218846
0,0.04984308
0,0.15371235
0,0.21913452
0,0.15245147
0,0.73489726
0,0.6688567
0,0.27722585
0,0.7622423
0,0.8932966
0,0.20737605
0,0.12799272
0,0.07592582
0,0.16196051
0,0.417862
0,0.3239443
0,0.25433558
0,0.39776477
0,0.3562328
0,0.11955854
0,0.10160259
0,0.107883364
0,0.13280034
0,0.30782774
0,0.17225505
0,0.16006626
0,0.32487845
0,0.1372931
0,0.7581652
0,0.5712509
0,0.45123696
0,0.50301796
0,0.8683933
0,0.13031188
0,0.91645235
0,0.44914648
0,0.19773807
0,0.54738784
0,0.47653374
0,0.34191832
0,0.2730349
0,0.13247815
0,0.15115736
0,0.123518504
0,0.34734324
0,0.119943455
0,0.16310744
0,0.3236732
0,0.24059372
0,0.1948269
0,0.23809691
0,0.68951005
0,0.072925575
0,0.25585234
0,0.5002576
0,0.25217068
0,0.3107733
0,0.24425896
0,0.6977665
0,0.2228136
0,0.33716255
0,0.43899858
0,0.13668332
0,0.12095307
0,0.20013806
0,0.51958597
0,0.3666769
0,0.07517584
0,0.15330811
0,0.13127206
0,0.17563696
0,0.7658303
0,0.8542687
0,0.60939336
0,0.18436825
0,0.30649057
0,0.14277531
0,0.93127894
0,0.18655778
0,0.09320321
0,0.09928333
0,0.10382094
0,0.25736272
0,0.18329631
0,0.2788064
0,0.7105123
0,0.09871817
0,0.073567905
0,0.17019987
0,0.70397425
0,0.57903934
0,0.121622905
0,0.24591802
0,0.42607325
0,0.62494713
0,0.5857117
0,0.17043445
0,0.2686925
0,0.27546677
0,0.6547094
0,0.95924884
0,0.13251695
0,0.19534503
0,0.14232545
0,0.22059236
0,0.5956892
0,0.29355416
0,0.12770264
0,0.1150347
0,0.3166616
0,0.11088133
0,0.27279115
0,0.19507536
0,0.6208835
0,0.18962915
0,0.17702462
0,0.24670243
0,0.50230724
0,0.6534642
0,0.11212402
0,0.053009786
0,0.11835578
0,0.9537942
0,0.631629
0,0.29216447
0,0.4145403
0,0.13598536
0,0.2810461
0,0.155962
0,0.4780217
0,0.18476646
0,0.53745484
0,0.5997461
0,0.102135904
0,0.18019201
0,0.245467
0,0.13780199
0,0.21257143
0,0.27091345
0,0.31634054
0,0.5677293
0,0.3561142
0,0.29602924
0,0.20573059
0,0.7176688
0,0.64444757
0,0.38464928
0,0.317831
0,0.33045208
0,0.40083322
0,0.3547292
0,0.7857355
0,0.24039234
0,0.15888585
0,0.21299
0,0.3730591
0,0.23119982
0,0.18818411
0,0.19768687
0,0.31476498
0,0.25854114
0,0.21431492
0,0.3147636
0,0.19993646
0,0.23801214
0,0.42252555
0,0.7921761
0,0.77725327
0,0.30099425
0,0.15477781
0,0.24462944
0,0.3845869
0,0.39417586
0,0.38052076
0,0.14725712
0,0.1816509
0,0.1932562
0,0.3263193
0,0.5513699
0,0.15152659
0,0.26626348
0,0.4201651
0,0.521489
0,0.49932998
0,0.13739191
0,0.12212292
0,0.09466601
0,0.057548586
0,0.6129839
0,0.93526316
0,0.73208016
0,0.17847309
0,0.6444108
0,0.33472556
0,0.13734248
0,0.38700122
0,0.176235
0,0.17478824
0,0.34817582
0,0.119721286
0,0.39363948
0,0.16883822
0,0.17700806
0,0.36806753
0,0.13375562
0,0.16897303
0,0.36419076
0,0.53897125
0,0.10162638
0,0.40857783
0,0.4030474
0,0.48157102
0,0.88383424
0,0.48497272
0,0.29791975
0,0.17550185
0,0.54730785
0,0.28923976
0,0.19225694
0,0.18433338
0,0.085415274
0,0.101973176
0,0.15838553
0,0.09394107
0,0.24510154
0,0.42658585
0,0.37260175
0,0.26072106
0,0.28073087
0,0.09430102
0,0.11851865
0,0.1943801
0,0.20012517
0,0.10512004
0,0.10883671
0,0.7520523
0,0.296804
0,0.12419673
0,0.51880896
0,0.33256835
0,0.12661383
0,0.23284107
0,0.1731122
0,0.15532167
0,0.6764881
0,0.3806411
0,0.6827533
0,0.43913722
0,0.65957814
0,0.28376406
0,0.7685417
0,0.5401876
0,0.6159935
0,0.14105451
0,0.096135154
0,0.18737462
0,0.12481719
0,0.28129554
0,0.7537821
0,0.8254304
0,0.10980514
0,0.13532726
0,0.18040873
0,0.30358702
0,0.29006517
0,0.31871274
0,0.23027958
0,0.18153249
0,0.14947316
0,0.17909804
0,0.07466862
0,0.18065944
0,0.27075887
0,0.2552098
0,0.32475898
0,0.19055288
0,0.1468604
0,0.38785398
0,0.21419929
0,0.10739237
0,0.27022117
0,0.4250008
0,0.87731636
0,0.26399222
0,0.5418178
0,0.21910806
0,0.2087875
0,0.30634168
0,0.4423754
0,0.64874893
0,0.5219723
0,0.26021457
0,0.28803098
0,0.19441144
0,0.19393915
0,0.25963682
0,0.37319937
0,0.3222585
0,0.19765466
0,0.10431749
0,0.16497244
0,0.25630134
0,0.16465169
0,0.31501472
0,0.56854314
0,0.82056355
0,0.1167922
0,0.31523743
0,0.3695998
0,0.2271151
0,0.09077592
0,0.11377694
0,0.12614545
0,0.12681513
0,0.26623496
0,0.14069803
0,0.35396025
0,0.2598554
0,0.28665912
0,0.26046202
0,0.1774395
0,0.17701878
0,0.16993414
0,0.13843596
0,0.20495537
0,0.098527245
0,0.21260802
0,0.25373176
0,0.94978374
0,0.44701716
0,0.4921619
0,0.49662286
0,0.32933968
0,0.1706311
0,0.19797482
0,0.37691423
0,0.15228753
0,0.13458814
0,0.09620421
0,0.14341457
0,0.25274262
0,0.14890833
0,0.20315658
0,0.29266888
0,0.2736338
0,0.46391323
0,0.31940773
0,0.120164715
0,0.36513296
0,0.5135638
0,0.6531673
0,0.5070432
0,0.33775258
0,0.15109645
0,0.108969726
0,0.1264719
0,0.4991942
0,0.7950107
0,0.3427019
0,0.30191368
0,0.27943596
0,0.25944805
0,0.6724222
0,0.30735365
0,0.10615041
0,0.13310449
0,0.2099498
0,0.075810075
0,0.48916736
0,0.5563583
0,0.23517458
0,0.20219597
0,0.22516206
0,0.22208394
0,0.6032973
0,0.1155556
0,0.30894917
0,0.23247246
0,0.34232444
0,0.34637132
0,0.4359482
0,0.11850775
0,0.49197578
0,0.48414785
0,0.31270522
0,0.23267671
0,0.50518245
0,0.46529788
0,0.5008587
0,0.78673404
0,0.75299376
0,0.24197145
0,0.53456366
0,0.8522641
0,0.6796181
0,0.3407529
0,0.6628947
0,0.34530774
0,0.6840306
0,0.6790991
0,0.48872063
0,0.8581882
0,0.876421
0,0.8570736
0,0.6958845
0,0.19164918
0,0.4834148
0,0.67762315
0,0.49118513
0,0.6467038
0,0.2671035
0,0.38784868
0,0.4057928
0,0.6769153
0,0.1207288
0,0.4144864
0,0.5734396
0,0.6537244
0,0.32866532
0,0.98253036
0,0.4626133
0,0.30229306
0,0.30616283
0,0.16139473
0,0.40591568
0,0.35476348
0,0.2954564
0,0.22091873
0,0.18369895
0,0.48355708
0,0.62853754
0,0.18774383
0,0.18073641
0,0.5902115
0,0.16960503
0,0.24982089
0,0.2685004
0,0.69170547
0,0.2314739
0,0.19913018
0,0.3422064
0,0.65407544
0,0.62496257
0,0.38351044
0,0.47268018
0,0.17461927
0,0.32674024
0,0.12558451
0,0.23874412
0,0.1600883
0,0.32282403
0,0.6023053
0,0.45582548
0,0.16155992
0,0.31718597
0,0.23108487
0,0.74090314
0,0.65794
0,0.6881008
0,0.6179503
0,0.6277515
0,0.7643845
0,0.2097471
0,0.2057287
0,0.6503881
0,0.81016374
0,0.66471094
0,0.3895748
0,0.83063966
0,0.29377508
0,0.4496467
0,0.24104129
0,0.517725
0,0.7153901
0,0.46744415
0,0.39424285
0,0.45157942
0,0.24029486
0,0.5618783
0,0.4046566
0,0.18045582
0,0.20803334
0,0.2861606
0,0.23220934
0,0.24746339
0,0.38595253
0,0.27690476
0,0.802696
0,0.21885535
0,0.7240512
0,0.22294404
0,0.6451242
0,0.27705678
0,0.4828596
0,0.5960781
0,0.29645565
0,0.5054621
0,0.15530951
0,0.15616247
0,0.29894668
0,0.28368047
0,0.23314172
0,0.6801191
0,0.14986773
0,0.19507821
0,0.40854958
0,0.6074048
0,0.6610531
0,0.1854136
0,0.45100248
0,0.7285054
0,0.18943837
0,0.35176992
0,0.62110794
0,0.68452317
0,0.33864483
0,0.32560328
0,0.3670923
0,0.527764
0,0.86702794
0,0.99908245
0,0.33741912
0,0.21761027
0,0.6160537
0,0.64818066
0,0.73968786
0,0.49409822
0,0.117548406
0,0.29312152
0,0.5028877
0,0.08699877
0,0.073559105
0,0.36015624
0,0.9516014
0,0.1805553
0,0.53283894
0,0.8255488
0,0.14691532
0,0.22880769
0,0.16679227
0,0.5739609
0,0.61477715
0,0.21789679
0,0.4924692
0,0.1382805
0,0.11704375
0,0.6045605
0,0.41309562
0,0.521058
0,0.32212922
0,0.07589745
0,0.33772793
0,0.43818232
0,0.7216291
0,0.3443197
0,0.91329926
0,0.4294166
0,0.35053545
0,0.5722519
0,0.22822739
0,0.47360477
0,0.25506946
0,0.8003105
0,0.43970084
0,0.260352
0,0.39156428
0,0.50212294
0,0.49234948
0,0.23457567
0,0.4383461
0,0.46979138
0,0.22812267
0,0.31790635
0,0.2632026
0,0.25654253
0,0.2298317
0,0.18684971
0,0.5482825
0,0.82155335
0,0.6019089
0,0.25895667
0,0.44678727
0,0.13886155
0,0.43469453
0,0.28973994
0,0.41141608
0,0.61298394
0,0.2730807
0,0.3241659
0,0.10009481
0,0.2934114
0,0.3306762
0,0.41887522
0,0.46597797
0,0.40534404
0,0.15445991
0,0.115482405
0,0.08818169
0,0.57343364
0,0.57361233
0,0.2967025
0,0.90337807
0,0.64306843
0,0.119494535
0,0.16771711
0,0.13291183
0,0.5221657
0,0.5628082
0,0.6465136
0,0.2220703
0,0.1596376
0,0.12119953
0,0.74677545
0,0.28848767
0,0.60770833
0,0.6751795
0,0.111753866
0,0.17472284
0,0.41479552
0,0.41786677
0,0.53327304
0,0.4513014
0,0.3339549
0,0.60569495
0,0.13767871
0,0.42076367
0,0.69732547
0,0.1980801
0,0.53929716
0,0.20090611
0,0.21111234
0,0.5100099
0,0.59846747
0,0.3557182
0,0.26409048
0,0.1762491
0,0.36666098
0,0.26838365
0,0.219068
0,0.39027274
0,0.29899034
0,0.47761846
0,0.21434197
0,0.18870533
0,0.7555864
0,0.8555923
0,0.33329794
0,0.48158854
0,0.18561853
0,0.2138851
0,0.16174485
0,0.18996942
0,0.30315372
0,0.44817466
0,0.14385054
0,0.1834658
0,0.44409123
0,0.45295116
0,0.48570797
0,0.27519187
0,0.69098836
0,0.2934427
0,0.55562305
0,0.39570823
0,0.2387114
0,0.45735052
0,0.1675153
0,0.9207572
0,0.3317406
0,0.3840861
0,0.37807482
0,0.26659164
0,0.4554992
0,0.48078617
0,0.4388021
0,0.54115236
0,0.23539466
0,0.69265485
0,0.21754368
0,0.30123052
0,0.13141628
0,0.5160227
0,0.33478647
0,0.20940578
0,0.29936993
0,0.12856404
0,0.15456119
0,0.17322919
0,0.48026127
0,0.9846334
0,0.19004306
0,0.08715382
0,0.19778308
0,0.29256144
0,0.5168667
0,0.1949724
0,0.17389238
0,0.36346072
0,0.17510328
0,0.6857328
0,0.8755875
0,0.3948132
0,0.29428664
0,0.69642067
0,0.4582435
0,0.36172342
0,0.4489383
0,0.21826676
0,0.35095525
0,0.46663895
0,0.35613686
0,0.73287165
0,0.22417751
0,0.21932764
0,0.3469914
0,0.24069965
0,0.13979176
0,0.3297162
0,0.16946714
0,0.18022895
0,0.60757923
0,0.6060745
0,0.67795855
0,0.54710037
0,0.22058982
0,0.19364515
0,0.47922242
0,0.5016512
0,0.125882
0,0.12869957
0,0.3564043
0,0.2967562
0,0.19899286
0,0.43777576
0,0.8000914
0,0.21020079
0,0.21068786
0,0.6490834
0,0.45179
0,0.39591593
0,0.42169133
0,0.49952528
0,0.46424663
0,0.2880146
0,0.31082913
0,0.23669215
0,0.33474246
0,0.46595752
0,0.42570654
0,0.34982082
0,0.18411699
0,0.49834573
0,0.5776295
0,0.5923519
0,0.772873
0,0.238505
0,0.7954147
0,0.52327275
0,0.1743649
0,0.48380798
0,0.28400123
0,0.15842348
0,0.08713235
0,0.13761818
0,0.47208375
0,0.12961794
0,0.118666515
0,0.10173279
0,0.06240063
0,0.12498358
0,0.15346053
0,0.7339443
0,0.18309535
0,0.22709988
0,0.5613248
0,0.38190126
0,0.44601047
0,0.44397935
0,0.66615194
0,0.113608964
0,0.10965291
0,0.4312541
0,0.34474564
0,0.2587409
0,0.3634239
0,0.94408333
0,0.32464084
0,0.21731207
0,0.86573225
0,0.15127844
0,0.57101697
0,0.1299469
0,0.57399696
0,0.26649925
0,0.18221758
0,0.11989555
0,0.15665476
0,0.25601733
0,0.38249242
0,0.16270572
0,0.88533616
0,0.16789491
0,0.23752968
0,0.16705725
0,0.1936597
0,0.77060723
0,0.09039685
0,0.08847795
0,0.2945527
0,0.36091763
0,0.49248517
0,0.32564187
0,0.36994964
0,0.34615728
0,0.13501741
0,0.25419536
0,0.4804658
0,0.44334525
0,0.20234446
0,0.55755717
0,0.36592826
0,0.18373396
0,0.7608779
0,0.14012268
0,0.37149903
0,0.23908597
0,0.26081827
0,0.41519412
0,0.20132264
0,0.17450663
0,0.16841875
0,0.2853595
0,0.3724636
0,0.5090793
0,0.16919322
0,0.08023452
0,0.14250036
0,0.27240658
0,0.20068178
0,0.3014995
0,0.5980505
0,0.6889171
0,0.28209853
0,0.49085686
0,0.92987126
0,0.16221915
0,0.1443051
0,0.19620161
0,0.35460308
0,0.1573872
0,0.23432934
0,0.19340765
0,0.38520816
0,0.19980307
0,0.15300111
0,0.12416098
0,0.6997866
0,0.25910366
0,0.38378757
0,0.18977872
0,0.18279001
0,0.5962907
0,0.1902988
0,0.09074868
0,0.32048392
0,0.24083695
0,0.22873135
0,0.5627295
0,0.21237239
0,0.41471305
0,0.30172613
0,0.118091315
0,0.1427694
0,0.15364389
0,0.33871973
1,0.3638474
1,0.9994043
1,0.99940705
1,0.99901724
1,0.9999511
1,0.9999949
1,0.9981364
1,0.99998295
1,0.99943846
1,0.99999404
1,0.9931218
1,0.99976784
1,0.99988806
1,0.99913263
1,0.98468024
1,0.99999
1,0.99969035
1,0.99935704
1,0.99999475
1,0.9998671
1,0.9985593
1,0.9998071
1,0.9982809
1,0.999987
1,0.9992419
1,0.9829341
1,0.9967487
1,0.999448
1,0.9999486
1,0.99969405
1,0.99930596
1,0.9999387
1,0.99686605
1,0.9999832
1,0.99730146
1,0.9998288
1,0.9966408
1,0.9988643
1,0.99999535
1,0.96216077
1,0.99920833
1,0.999369
1,0.9996526
1,0.9999703
1,0.9971909
1,0.9047502
1,0.9999417
1,0.9796982
1,0.9995627
1,0.9999459
1,0.99333525
1,0.99745756
1,0.99518317
1,0.9996202
1,0.9997502
1,0.9938884
1,0.9838835
1,0.9920472
1,0.99764234
1,0.9933736
1,0.99945265
1,0.9976465
1,0.99326104
1,0.9999672
1,0.997689
1,0.99995327
1,0.9939708
1,0.9999951
1,0.9981012
1,0.9999747
1,0.9598774
1,0.99995756
1,0.999964
1,0.9999478
1,0.99990165
1,0.99715626
1,0.9999949
1,0.97686833
1,0.9986694
1,0.9999858
1,0.99958956
1,0.99960136
1,0.99941444
1,0.9999602
1,0.99697423
1,0.999961
1,0.9965752
1,0.9992505
1,0.99993575
1,0.9989481
1,0.9999957
1,0.99314636
1,0.99999523
1,0.8001086
1,0.9999807
1,0.9991373
1,0.95899737
1,0.9996918
1,0.96480036
1,0.9993156
1,0.9989654
1,0.9942286
1,0.99998474
1,0.99904853
1,0.99896467
1,0.99998415
1,0.98794705
1,0.9392013
1,0.99606574
1,0.99923575
1,0.99996996
1,0.99190325
1,0.99806875
1,0.9999751
1,0.9871855
1,0.9996196
1,0.99285114
1,0.99925333
1,0.9951944
1,0.99995685
1,0.99641275
1,0.9929081
1,0.99867445
1,0.9999653
1,0.99762917
1,0.9927043
1,0.99991596
1,0.99742764
1,0.99999666
1,0.99810034
1,0.9999794
1,0.9985226
1,0.9985172
1,0.7713331
1,0.9392929
1,0.9687167
1,0.9675377
1,0.9991584
1,0.9999517
1,0.9994694
1,0.9844698
1,0.99927783
1,0.99999833
1,0.99995303
1,0.99866354
1,0.9999175
1,0.99920195
1,0.992092
1,0.99999475
1,0.9987199
1,0.99624544
1,0.9997428
1,0.99999285
1,0.9869258
1,0.9984118
1,0.99994016
1,0.9960381
1,0.99886525
1,0.99999213
1,0.9993431
1,0.9926157
1,0.9999832
1,0.8652034
1,0.9998913
1,0.99686
1,0.9852099
1,0.99991524
1,0.9998095
1,0.9959924
1,0.99991775
1,0.95323384
1,0.9961953
1,0.9738965
1,0.99974066
1,0.95312625
1,0.99272186
1,0.9683945
1,0.99968976
1,0.9875265
1,0.99693894
1,0.9999907
1,0.9944388
1,0.9941806
1,0.9999765
1,0.99662584
1,0.9913448
1,0.99999225
1,0.9787025
1,0.9965616
1,0.99871075
1,0.99999416
1,0.9957821
1,0.9984113
1,0.99993944
1,0.9986563
1,0.9999132
1,0.99991906
1,0.9988098
1,0.9990631
1,0.99999523
1,0.9879282
1,0.98975873
1,0.9999529
1,0.99468094
1,0.9995776
1,0.9993949
1,0.99996936
1,0.979928
1,0.9997421
1,0.99993134
1,0.99999
1,0.9956827
1,0.99492913
1,0.99821764
1,0.9998821
1,0.999156
1,0.99984765
1,0.99879324
1,0.9998418
1,0.99994874
1,0.9996383
1,0.98824024
1,0.99971586
1,0.99998665
1,0.99899215
1,0.9999511
1,0.98378736
1,0.99994326
1,0.99975044
1,0.9997644
1,0.99993336
1,0.9967564
1,0.9997903
1,0.9999826
1,0.999724
1,0.99415505
1,0.9955337
1,0.9989231
1,0.99991286
1,0.99999106
1,0.99466145
1,0.99974924
1,0.9997778
1,0.99886477
1,0.9999045
1,0.9781643
1,0.99925095
1,0.9950516
1,0.99991715
1,0.9935033
1,0.99711347
1,0.99778265
1,0.994417
1,0.9999684
1,0.9751073
1,0.9999584
1,0.98050344
1,0.99867874
1,0.9990877
1,0.9997459
1,0.9360247
1,0.9998481
1,0.9988425
1,0.99995863
1,0.99906176
1,0.9996344
1,0.99549943
1,0.9999615
1,0.9866421
1,0.9997454
1,0.9961223
1,0.99652463
1,0.99984515
1,0.9965393
1,0.9995777
1,0.9998095
1,0.99964297
1,0.99990463
1,0.9025552
1,0.99965155
1,0.9891635
1,0.99997854
1,0.9763156
1,0.9998909
1,0.99959886
1,0.9837336
1,0.9998113
1,0.9759736
1,0.9998026
1,0.9109218
1,0.9999429
1,0.9997996
1,0.98849547
1,0.8108665
1,0.98875684
1,0.99846655
1,0.9999939
1,0.9996507
1,0.9977685
1,0.9999703
1,0.9976472
1,0.9999844
1,0.9617317
1,0.9998555
1,0.9986318
1,0.9973035
1,0.9999981
1,0.9849519
1,0.9999083
1,0.99928343
1,0.99991155
1,0.9997392
1,0.59439296
1,0.99971026
1,0.989219
1,0.9999267
1,0.99922717
1,0.984886
1,0.9996807
1,0.99984944
1,0.99981844
1,0.99344534
1,0.997008
1,0.9998133
1,0.99963856
1,0.99931026
1,0.99994326
1,0.9995524
1,0.995834
1,0.9961547
1,0.995451
1,0.9999006
1,0.9993861
1,0.98301446
1,0.99998915
1,0.9994856
1,0.88026255
1,0.9951934
1,0.98699987
1,0.99925095
1,0.99659944
1,0.9970613
1,0.9729742
1,0.9999881
1,0.99940753
1,0.7550124
1,0.999944
1,0.98986197
1,0.9999777
1,0.9981388
1,0.99894845
1,0.9999106
1,0.99312156
1,0.99998903
1,0.99852645
1,0.9976526
1,0.99954075
1,0.99734396
1,0.99915886
1,0.99485373
1,0.99798894
1,0.9999913
1,0.9988789
1,0.99991465
1,0.9995771
1,0.9999714
1,0.9982622
1,0.98919207
1,0.98817366
1,0.9868366
1,0.99973077
1,0.9999895
1,0.9986039
1,0.9941766
1,0.99997985
1,0.93744767
1,0.9998481
1,0.99998033
1,0.99266607
1,0.99927217
1,0.99998164
1,0.9965017
1,0.9955637
1,0.98561895
1,0.99018717
1,0.99856794
1,0.9980611
1,0.9999944
1,0.997721
1,0.99658906
1,0.99996185
1,0.9999975
1,0.99236256
1,0.99828416
1,0.9980958
1,0.99999833
1,0.9999238
1,0.9998834
1,0.99921083
1,0.9999447
1,0.9999968
1,0.93541425
1,0.99998343
1,0.9999857
1,0.9996887
1,0.99766666
1,0.99937046
1,0.9995658
1,0.99996257
1,0.991117
1,0.99994946
1,0.9991146
1,0.99884415
1,0.99994886
1,0.99370086
1,0.99996305
1,0.9858245
1,0.99991214
1,0.9985348
1,0.9980818
1,0.99998915
1,0.99953765
1,0.9991707
1,0.99892503
1,0.99940145
1,0.9999062
1,0.9949721
1,0.9999206
1,0.99964356
1,0.9989747
1,0.99865144
1,0.99994886
1,0.9981804
1,0.999915
1,0.99749315
1,0.9998299
1,0.9999827
1,0.9995319
1,0.99999595
1,0.9986306
1,0.99239093
1,0.9999937
1,0.9988072
1,0.999433
1,0.9997496
1,0.99998057
1,0.9975574
1,0.99994254
1,0.9999795
1,0.9958904
1,0.9998461
1,0.9989831
1,0.9999583
1,0.99996257
1,0.9777063
1,0.9994818
1,0.9986802
1,0.99995184
1,0.99998224
1,0.9371176
1,0.9998715
1,0.99650544
1,0.99983513
1,0.99995327
1,0.99857295
1,0.9997466
1,0.9995411
1,0.9790079
1,0.99996996
1,0.99936974
1,0.9992537
1,0.99999106
1,0.9893419
1,0.9961026
1,0.9917066
1,0.99742573
1,0.99995995
1,0.9978301
1,0.997098
1,0.99987423
1,0.9969016
1,0.99915934
1,0.99981165
1,0.98918974
1,0.9999144
1,0.99620855
1,0.9910013
1,0.9916911
1,0.9999471
1,0.99860483
1,0.99971896
1,0.99995553
1,0.9991886
1,0.9968029
1,0.99939513
1,0.9996537
1,0.9985121
1,0.99812084
1,0.9998957
1,0.9999354
1,0.99933606
1,0.99991405
1,0.98954844
1,0.999383
1,0.9999943
1,0.9982017
1,0.999995
1,0.9969312
1,0.99996424
1,0.99627364
1,0.9999958
1,0.9988524
1,0.9999875
1,0.99369943
1,0.9919991
1,0.9972874
1,0.9966707
1,0.9999683
1,0.999979
1,0.9998933
1,0.5721931
1,0.99993646
1,0.9999759
1,0.98434275
1,0.99993944
1,0.9991425
1,0.99402416
1,0.9884765
1,0.9998802
1,0.9991928
1,0.9954554
1,0.9999099
1,0.99652016
1,0.9999808
1,0.9996506
1,0.9990377
1,0.99993396
1,0.99638283
1,0.9999964
1,0.9913196
1,0.99981797
1,0.9999796
1,0.99834216
1,0.9998758
1,0.99966085
1,0.9973826
1,0.998009
1,0.99581766
1,0.99970466
1,0.9999504
1,0.9994695
1,0.9838364
1,0.99706584
1,0.9874136
1,0.99985754
1,0.99997354
1,0.8953454
1,0.9999845
1,0.99773324
1,0.9751533
1,0.9982503
1,0.99924237
1,0.99997616
1,0.99977386
1,0.9997197
1,0.9936813
1,0.9910561
1,0.9948048
1,0.99874926
1,0.9933402
1,0.9999949
1,0.99818355
1,0.9999653
1,0.9994275
1,0.9999987
1,0.99751896
1,0.9487092
1,0.997727
1,0.9999883
1,0.9903448
1,0.9997334
1,0.99990416
1,0.9961094
1,0.9999658
1,0.99999046
1,0.9996215
1,0.99995995
1,0.99993587
1,0.99865353
1,0.99826545
1,0.9989343
1,0.98903126
1,0.99936527
1,0.9999964
1,0.9998342
1,0.9998338
1,0.99999344
1,0.99983203
1,0.99996805
1,0.9998803
1,0.9993732
1,0.999928
1,0.9879986
1,0.9999974
1,0.9655845
1,0.99999
1,0.99639666
1,0.9999951
1,0.99857795
1,0.9994468
1,0.999923
1,0.9996035
1,0.9999676
1,0.99998987
1,0.9968291
1,0.9999535
1,0.9980913
1,0.9985256
1,0.9998691
1,0.99982584
1,0.9999174
1,0.9997017
1,0.9999484
1,0.99999464
1,0.9992668
1,0.9983008
1,0.9999943
1,0.9996689
1,0.9999745
1,0.99603546
1,0.9999914
1,0.99987185
1,0.9996831
1,0.99998236
1,0.9993302
1,0.98716414
1,0.989748
1,0.99889374
1,0.9987833
1,0.9998745
1,0.99981034
1,0.99998915
1,0.9988136
1,0.99955255
1,0.999951
1,0.995331
1,0.99948263
1,0.99944335
1,0.9999231
1,0.99989307
1,0.9973779
1,0.9979832
1,0.9906128
1,0.99834824
1,0.9999205
1,0.9999896
1,0.9999739
1,0.9963071
1,0.99999714
1,0.9997063
1,0.99982965
1,0.9999927
1,0.9982292
1,0.9936267
1,0.9927091
1,0.999925
1,0.9927753
1,0.9960732
1,0.9814494
1,0.9996346
1,0.9986829
1,0.99862254
1,0.9998975
1,0.99982965
1,0.9922968
1,0.99995923
1,0.9999924
1,0.99715054
1,0.9890076
1,0.9991749
1,0.9999542
1,0.99734265
1,0.99719054
1,0.9999471
1,0.97987556
1,0.99999416
1,0.99911183
1,0.9996145
1,0.99977326
1,0.96343786
1,0.999985
1,0.99197704
1,0.99621826
1,0.9996574
1,0.9946361
1,0.9998859
1,0.99775946
1,0.99477094
1,0.9998385
1,0.9951489
1,0.9993763
1,0.9945492
1,0.99448484
1,0.99976164
1,0.9949503
1,0.99938893
1,0.9999981
1,0.98365426
1,0.9991354
1,0.99994886
1,0.9999802
1,0.9999851
1,0.9997615
1,0.9962548
1,0.99457127
1,0.99999654
1,0.9890779
1,0.999577
1,0.99933296
1,0.9998734
1,0.997535
1,0.997127
1,0.9995404
1,0.9960675
1,0.99244106
1,0.99986124
1,0.99784994
1,0.9903901
1,0.9982703
1,0.999936
1,0.99937165
1,0.9959618
1,0.9999738
1,0.98749554
1,0.9999434
1,0.99950325
1,0.99656606
1,0.9999727
1,0.9945191
1,0.9555884
1,0.99281925
1,0.97781473
1,0.9398469
1,0.99995995
1,0.99921834
1,0.99778795
1,0.9999844
1,0.9989858
1,0.9994936
1,0.99991024
1,0.9772873
1,0.99996567
1,0.9999883
1,0.9897105
1,0.99914885
1,0.9940919
1,0.99997723
1,0.9991324
1,0.99966973
1,0.9308032
1,0.99946517
1,0.9986358
1,0.9989452
1,0.9977707
1,0.9999751
1,0.9742302
1,0.9983559
1,0.93702334
1,0.999786
1,0.9979426
1,0.9968086
1,0.9989304
1,0.9849244
1,0.9999937
1,0.99925774
1,0.73509073
1,0.9999478
1,0.9743329
1,0.9998181
1,0.9992956
1,0.9984804
1,0.9966813
1,0.99959064
1,0.9999362
1,0.9927834
1,0.9999238
1,0.9999089
1,0.9995497
1,0.99760145
1,0.9999894
1,0.998869
1,0.99991167
1,0.99578035
1,0.99623454
1,0.99991107
1,0.99937785
1,0.99958897
1,0.99396425
1,0.999985
1,0.99908626
1,0.9999763
1,0.9998163
1,0.99361384
1,0.9999945
1,0.9979432
1,0.9999651
1,0.999984
1,0.99943215
1,0.9990884
1,0.9999045
1,0.99913394
1,0.9999747
1,0.9993467
1,0.99838567
1,0.99993765
1,0.9984005
1,0.99966913
1,0.9999908
1,0.99793386
1,0.9999379
1,0.97482604
1,0.9999795
1,0.999556
1,0.99967927
1,0.99998164
1,0.9993124
1,0.99844486
1,0.9999789
1,0.9353519
1,0.9905868
1,0.9999361
1,0.999711
1,0.9948443
1,0.9995535
1,0.99825186
1,0.9983444
1,0.9999913
1,0.99626523
1,0.99937177
1,0.9960861
1,0.7838324
1,0.99999547
1,0.9949242
1,0.99999154
1,0.9985443
1,0.99996924
1,0.99999106
1,0.9977077
1,0.9999826
1,0.9982628
1,0.9991768
1,0.9999893
1,0.996394
1,0.99994206
1,0.9994176
1,0.99946207
1,0.99997187
1,0.9982254
1,0.99997556
1,0.99458814
1,0.99999034
1,0.99964094
1,0.99801767
1,0.9997716
1,0.99986684
1,0.99989057
1,0.9843196
1,0.9999391
1,0.9986374
1,0.99988806
1,0.9999758
1,0.9905669
1,0.9924803
1,0.9999734
1,0.9995399
1,0.99990225
1,0.9990914
1,0.9985456
1,0.99967605
1,0.9996914
1,0.99886227
1,0.99656963
1,0.99986017
1,0.99446595
1,0.9959447
1,0.9922502
1,0.99998975
1,0.9967811
1,0.99190044
1,0.9994289
1,0.9993569
1,0.9998406
1,0.97840077
1,0.99696666
1,0.99994683
1,0.9994392
1,0.99998534
1,0.9978682
1,0.9999151
1,0.9987086
1,0.9999839
1,0.99947846
1,0.99989283
1,0.9999175
1,0.9993137
1,0.99999344
1,0.98554194
1,0.9986222
1,0.99992406
1,0.999915
1,0.99818236
1,0.99999344
1,0.9993706
1,0.9930553
1,0.99999547
1,0.9995622
1,0.97334766
1,0.9999163
1,0.99921966
1,0.99996805
1,0.9761831
1,0.9999722
1,0.9977209
1,0.9999734
1,0.9994948
1,0.9964375
1,0.9994825
1,0.9963702
1,0.99962234
1,0.9999902
1,0.9657899
1,0.9898606
1,0.9965978
1,0.9222729
1,0.99977446
1,0.99992514
1,0.98850656
1,0.99998343
1,0.9996159
1,0.9919314
1,0.99794585
1,0.99982214
1,0.99976295
1,0.9950461
1,0.9999329
1,0.9973676
1,0.99870825
1,0.9999907
1,0.9985898
1,0.9999771
1,0.9974342
1,0.9984256
1,0.99999297
1,0.99588686
1,0.99994564
1,0.9967488
1,0.99975127
1,0.9999291
1,0.96389526
1,0.9996975
1,0.99556935
1,0.9990803
1,0.9993994
1,0.9951143
1,0.9999341
1,0.9704615
1,0.99985325
1,0.995752
1,0.99405646
1,0.9999236
1,0.99885654
1,0.9975737
1,0.9556939
1,0.99984765
1,0.99777526
1,0.9984068
1,0.9998578
1,0.99999464
1,0.9974921
1,0.99583745
1,0.9999074
1,0.9952998
1,0.99994504
1,0.9998218
1,0.9950336
1,0.99995303
1,0.99944085
1,0.9995214
1,0.99991727
1,0.999103
1,0.9999958
1,0.9994961
1,0.9999666
1,0.9998884
1,0.9926999
1,0.99925774
1,0.99949706
1,0.9999982
1,0.99973375
1,0.9999846
1,0.9987656
1,0.9994072
1,0.9995826
1,0.99998724
1,0.9999044
1,0.99951077
1,0.99984384
1,0.99997926
1,0.9945972
1,0.99868006
1,0.9999784
1,0.9989544
1,0.99999833
1,0.9983392
1,0.99447113
1,0.99992895
1,0.99995935
1,0.99641836
1,0.99787056
1,0.9991173
1,0.9994672
1,0.9997815
1,0.9999993
1,0.9897374
1,0.9988888
1,0.9999883
1,0.99229443
1,0.9844808
1,0.9948152
1,0.9923265
1,0.9958599
1,0.9985355
1,0.9860934
1,0.99921155
1,0.99906874
1,0.9957562
1,0.9950334
1,0.9997242
1,0.9998095
1,0.98341817
1,0.92817426
1,0.995207
1,0.9956106
1,0.99466914
1,0.9961138
1,0.9982144
1,0.9949537
1,0.99932146
1,0.98846626
1,0.963418
1,0.99961853
1,0.99924487
1,0.97802347
1,0.9998245
1,0.9986302
1,0.99370813
1,0.9821576
1,0.99729353
1,0.9814389
1,0.99973637
1,0.9869359
1,0.9987835
1,0.9999467
1,0.9974139
1,0.6715716
1,0.9997317
1,0.9861379
1,0.9999187
1,0.83218145
1,0.9995385
1,0.99373215
1,0.99985933
1,0.99950945
1,0.99895966
1,0.99768865
1,0.9904716
1,0.9248545
1,0.9999608
1,0.99776113
1,0.9977695
1,0.9998224
1,0.9998714
1,0.9999857
1,0.9990176
1,0.9684553
1,0.9870994
1,0.9995764
1,0.9999453
1,0.98379946
1,0.99996066
1,0.98802894
1,0.99872607
1,0.9999974
1,0.99479455
1,0.96131295
1,0.99998546
1,0.99940586
1,0.9999963
1,0.99930966
1,0.9999943
1,0.999767
1,0.99992585
1,0.9999486
1,0.9913606
1,0.99994326
1,0.99946755
1,0.9999933
1,0.9976404
1,0.99985206
1,0.9958442
1,0.9999989
1,0.99577713
1,0.99998116
1,0.99568117
1,0.9699827
1,0.9993368
1,0.9998617
1,0.98407125
1,0.98826814
1,0.99995995
1,0.99666256
1,0.99923444
1,0.9880249
1,0.99661297
1,0.9999845
1,0.99450725
1,0.8340108
1,0.99562395
1,0.9989605
1,0.99558413
1,0.95090085
1,0.99989367
1,0.9920425
1,0.9889227
1,0.9999839
1,0.9866506
1,0.9611351
1,0.98798543
1,0.9890155
1,0.9967584
1,0.9929363
1,0.99693775
1,0.99987125
1,0.9989122
1,0.99998283
1,0.9975973
1,0.9997895
1,0.9999443
1,0.99997556
1,0.99944824
1,0.9923786
1,0.9996982
1,0.9965102
1,0.9940654
1,0.99873716
1,0.9713429
1,0.9992514
1,0.9988532
1,0.9955668
1,0.99927336
1,0.9999801
1,0.9808704
1,0.9999629
1,0.99982345
1,0.9999093
1,0.9998151
1,0.9997741
1,0.9999683
1,0.99987996
1,0.9946097
1,0.9988288
1,0.9936825
1,0.9999689
1,0.99955803
1,0.9996004
1,0.9999527
1,0.99519306
1,0.99979377
1,0.99861574
1,0.9914442
1,0.9998114
1,0.99470395
1,0.99996126
1,0.99474096
1,0.99944764
1,0.9999565
1,0.99570644
1,0.9999254
1,0.99953574
1,0.9859344
1,0.99995553
1,0.9971698
1,0.93455184
1,0.9977437
1,0.9997645
1,0.99997807
1,0.9954417
1,0.9987404
1,0.9459336
1,0.99417883
1,0.9995498
1,0.9987404
1,0.99853015
1,0.9957177
1,0.9994768
1,0.99553984
1,0.9998882
1,0.9998714
1,0.9998826
1,0.9960122
1,0.9708768
1,0.9999949
1,0.9146563
1,0.9995814
1,0.99971014
1,0.9918311
1,0.9999908
1,0.9893914
1,0.9875069
1,0.9873233
1,0.9980627
1,0.9998926
1,0.99969596
1,0.9667096
1,0.9999368
1,0.9988967
1,0.99977934
1,0.99524
1,0.9799283
1,0.9999795
1,0.9985886
1,0.99336433
1,0.99631536
1,0.9989417
1,0.9965218
1,0.9999305
1,0.9973937
1,0.9996976
1,0.99608976
1,0.99998105
1,0.99966913
1,0.9998195
1,0.99331665
1,0.9994985
1,0.99955374
1,0.99936867
1,0.9994355
1,0.986477
1,0.9999807
1,0.9986929
1,0.9957801
1,0.9995317
1,0.9984798
1,0.9762254
1,0.99759537
1,0.9997939
1,0.9998392
1,0.98541427
1,0.9999683
1,0.99895394
1,0.99995494
1,0.99719393
1,0.9976204
1,0.9999666
1,0.99529666
1,0.9986401
1,0.9999331
1,0.99969894
1,0.9932241
1,0.9976018
1,0.99985814
1,0.7798147
1,0.99984014
1,0.99693286
1,0.9969387
1,0.98761517
1,0.99755484
1,0.9998343
1,0.98450065
1,0.9992712
1,0.99852496
1,0.9984958
1,0.9951514
1,0.99433017
1,0.9995335
1,0.9998938
1,0.9999008
1,0.99415684
1,0.9995222
1,0.9997852
1,0.6036172
1,0.9999826
1,0.99952346
1,0.95396703
1,0.9991768
1,0.9967073
1,0.9900046
1,0.9928116
1,0.8297818
1,0.99993694
1,0.99815065
1,0.9389921
1,0.99769646
1,0.9534753
1,0.9067539
1,0.99977875
1,0.99939144
1,0.8476613
1,0.9883152
1,0.99650013
1,0.99946326
1,0.99977183
1,0.9959333
1,0.9865836
1,0.9756773
1,0.99327046
1,0.9999583
1,0.9927717
1,0.93757737
1,0.98720175
1,0.9999801
1,0.9991343
1,0.99261016
1,0.99953884
1,0.95573014
1,0.99784505
1,0.99979925
1,0.998371
1,0.9994798
1,0.91573083
1,0.9552253
1,0.9830372
1,0.8894864
1,0.999298
1,0.9972396
1,0.99830675
1,0.9999577
1,0.9922293
1,0.9192946
1,0.99957865
1,0.9996003
1,0.99361753
1,0.9993123
1,0.84069663
1,0.9998312
1,0.9993032
1,0.97018605
1,0.98266226
1,0.9995732
1,0.99457705
1,0.9889065
1,0.9843829
1,0.98460096
1,0.99989545
1,0.9881577
1,0.26997632
0,0.6482051
0,0.5820048
0,0.13573265
0,0.52996993
0,0.17570938
0,0.17270051
0,0.275898
0,0.31042707
0,0.5181792
0,0.4262038
0,0.18770945
0,0.3227945
0,0.8003174
0,0.3330539
0,0.7696734
0,0.17993635
0,0.101072475
0,0.31872144
0,0.40812373
0,0.55885804
0,0.74129015
0,0.38645512
0,0.19406173
0,0.24299443
0,0.11980438
0,0.810859
0,0.31991398
0,0.120286494
0,0.41538316
0,0.099527925
0,0.18292408
0,0.35240176
0,0.26683342
0,0.20114066
0,0.5137848
0,0.20611276
0,0.1868043
0,0.33552924
0,0.3102
0,0.80639803
0,0.19699818
0,0.44719437
0,0.1295757
0,0.17375961
0,0.24176525
0,0.6689171
0,0.61430997
0,0.78850806
0,0.16984843
0,0.29976428
0,0.59580994
0,0.54488426
0,0.3942628
0,0.80025303
0,0.29568234
0,0.18779229
0,0.41274208
0,0.22057675
0,0.2923815
0,0.6819184
0,0.6784118
0,0.14765838
0,0.14484157
0,0.5109527
0,0.60176694
0,0.28425887
0,0.8624884
0,0.31726912
0,0.39072922
0,0.15120405
0,0.42894703
0,0.21886718
0,0.24039295
0,0.18156242
0,0.3255845
0,0.5950114
0,0.503111
0,0.25358176
0,0.27446353
0,0.5850907
0,0.48469147
0,0.19574219
0,0.14970522
0,0.24547032
0,0.2302162
0,0.22488317
0,0.14381215
0,0.7299897
0,0.4050478
0,0.2176235
0,0.13616773
0,0.20958798
0,0.7808617
0,0.57711273
0,0.5943214
0,0.4068306
0,0.55055755
0,0.7460039
0,0.54620296
0,0.7139094
0,0.7544025
0,0.6160923
0,0.7552257
0,0.23219527
0,0.29508594
0,0.5482483
0,0.30456647
0,0.2834433
0,0.3575278
0,0.37054953
0,0.27385455
0,0.35573056
0,0.27585477
0,0.26332462
0,0.38359797
0,0.2831062
0,0.2852501
0,0.36094862
0,0.17931001
0,0.16908151
0,0.31079417
0,0.12308322
0,0.20167036
0,0.14782065
0,0.21988727
0,0.95621
0,0.23798385
0,0.22326535
0,0.3248199
0,0.11336431
0,0.15241414
0,0.2781674
0,0.14285876
0,0.16878007
0,0.10427214
0,0.27435142
0,0.5438571
0,0.35948062
0,0.23072974
0,0.21779409
0,0.16367367
0,0.4059545
0,0.14355448
0,0.3487751
0,0.27219835
0,0.71656865
0,0.3448403
0,0.7458237
0,0.8678873
0,0.5809461
0,0.18148907
0,0.35665593
0,0.20871143
0,0.45311385
0,0.13303354
0,0.28472316
0,0.6731709
0,0.8834305
0,0.35516003
0,0.66435915
0,0.59007686
0,0.83964974
0,0.40554214
0,0.38833982
0,0.24448764
0,0.226536
0,0.26341885
0,0.22766203
0,0.6149099
0,0.58362526
0,0.29501855
0,0.3910632
0,0.19098966
0,0.81853753
0,0.6727323
0,0.7530301
0,0.4594877
0,0.2649348
0,0.12722224
0,0.20155577
0,0.12718542
0,0.3634215
0,0.15845822
0,0.38937712
0,0.2268874
0,0.6101306
0,0.68880075
0,0.5989946
0,0.2986224
0,0.7998354
0,0.36533773
0,0.3112967
0,0.30456415
0,0.71972585
0,0.16290952
0,0.26503605
0,0.15034337
0,0.19764082
0,0.3366182
0,0.31359485
0,0.6818881
0,0.15694188
0,0.23704818
0,0.75252986
0,0.25138485
0,0.114034906
0,0.19381252
0,0.14652272
0,0.60391444
0,0.13371746
0,0.71484774
0,0.29347232
0,0.58540493
0,0.21763182
0,0.18154971
0,0.6148257
0,0.36689615
0,0.27312186
0,0.26460484
0,0.4569806
0,0.1870047
0,0.08155527
0,0.19294682
0,0.33133936
0,0.70564836
0,0.35156494
0,0.29192454
0,0.13728045
0,0.39916337
0,0.5669611
0,0.18344876
0,0.14627531
0,0.15721183
0,0.09691264
0,0.25284776
0,0.43792439
0,0.3989036
0,0.8994161
0,0.24155979
0,0.44785494
0,0.7312593
0,0.19355921
0,0.40888795
0,0.27819818
0,0.16553573
0,0.22374807
0,0.13924554
0,0.85192496
0,0.41316083
0,0.6412173
0,0.26103646
0,0.50715864
0,0.5074942
0,0.57468003
0,0.15718493
0,0.25037798
0,0.41267475
0,0.24003713
0,0.12566158
0,0.79495144
0,0.21464719
0,0.16675238
0,0.17468299
0,0.5200083
0,0.16079767
0,0.18110904
0,0.2915383
0,0.44955885
0,0.13786913
0,0.27859664
0,0.13578065
0,0.15117417
0,0.4472225
0,0.17171043
0,0.19246502
0,0.11593447
0,0.41537547
0,0.20825979
0,0.16726387
0,0.254473
0,0.1172503
0,0.7178448
0,0.29662207
0,0.14576185
0,0.13078332
0,0.604275
0,0.45650172
0,0.106329806
0,0.70708203
0,0.4134161
0,0.32438058
0,0.289108
0,0.16087392
0,0.27310222
0,0.30983445
0,0.3569762
0,0.4904594
0,0.49930722
0,0.2573039
0,0.4763157
0,0.30154645
0,0.8104583
0,0.18581216
0,0.28182772
0,0.4541075
0,0.75172585
0,0.79132026
0,0.7295915
0,0.44424146
0,0.3653576
0,0.75884813
0,0.27241832
0,0.20345652
0,0.15531869
0,0.66269207
0,0.2684665
0,0.59378433
0,0.20824094
0,0.57418025
0,0.500944
0,0.7155535
0,0.67204124
0,0.21520104
0,0.3224764
0,0.5405396
0,0.66366714
0,0.6101755
0,0.5289111
0,0.77024615
0,0.29060152
0,0.31347018
0,0.27202478
0,0.5537696
0,0.26387382
0,0.38644257
0,0.49138212
0,0.2603272
0,0.6207845
0,0.4343005
0,0.59451354
0,0.47716478
0,0.7282431
0,0.7898591
0,0.3277041
0,0.28587082
0,0.2101177
0,0.29215786
0,0.08816503
0,0.85018945
0,0.33766794
0,0.5578305
0,0.56032753
0,0.42019886
0,0.7008358
0,0.13654156
0,0.4187989
0,0.6522085
0,0.18755825
0,0.14450438
0,0.41881523
0,0.14250155
0,0.29446566
0,0.13130443
0,0.28852475
0,0.07515547
0,0.07059153
0,0.19799688
0,0.15177132
0,0.2770525
0,0.17127573
0,0.14432669
0,0.69240135
0,0.46628392
0,0.32818916
0,0.20078212
0,0.14851831
0,0.24722373
0,0.65995455
0,0.6314416
0,0.42812586
0,0.22532505
0,0.6200527
0,0.2770849
0,0.2353309
0,0.34821627
0,0.17429838
0,0.30164367
0,0.32417473
0,0.3907464
0,0.5201183
0,0.2732637
0,0.12027778
0,0.2369884
0,0.8069
0,0.47732443
0,0.6565931
0,0.6049167
0,0.6346229
0,0.16757344
0,0.37579387
0,0.35380873
0,0.1269329
0,0.6405252
0,0.6224848
0,0.38238823
0,0.20374861
0,0.15881495
0,0.33533072
0,0.18629949
0,0.24178264
0,0.13311023
0,0.25051174
0,0.07568845
0,0.12019221
0,0.16473228
0,0.26524067
0,0.10960715
0,0.22814603
0,0.31280386
0,0.17468105
0,0.31383777
0,0.32448706
0,0.29960102
0,0.4554623
0,0.16294417
0,0.18144812
0,0.35864118
0,0.70296025
0,0.19968693
0,0.16120231
0,0.23660466
0,0.24987605
0,0.25143665
0,0.7185292
0,0.9115042
0,0.4982026
0,0.3557806
0,0.38796636
0,0.17953148
0,0.2914291
0,0.5082863
0,0.7689783
0,0.2997469
0,0.25400606
0,0.7434428
0,0.5445837
0,0.2744735
0,0.12696269
0,0.37055913
0,0.58773905
0,0.50354505
0,0.13597432
0,0.20189518
0,0.2522372
0,0.24109368
0,0.8578359
0,0.32977822
0,0.27974695
0,0.27634364
0,0.17116225
0,0.13609664
0,0.5480531
0,0.56315136
0,0.37146923
0,0.46570012
0,0.5994909
0,0.06958698
0,0.23392725
0,0.24843144
0,0.25476325
0,0.13882333
0,0.13177118
0,0.4662711
0,0.11230425
0,0.1278016
0,0.15589917
0,0.34017587
0,0.8895237
0,0.39688796
0,0.28460884
0,0.11959711
0,0.1625255
0,0.13158312
0,0.556948
0,0.20865206
0,0.08819734
0,0.11751928
0,0.121781476
0,0.14664997
0,0.30268958
0,0.5467323
0,0.13258383
0,0.12953672
0,0.43080565
0,0.13650818
0,0.3630883
0,0.24823873
0,0.13226958
0,0.5560578
0,0.09769238
0,0.4316824
0,0.13098243
0,0.423671
0,0.30128136
0,0.16152014
0,0.25036794
0,0.5431342
0,0.6497633
0,0.25610605
0,0.21628772
0,0.14085732
0,0.2167225
0,0.30449918
0,0.22207454
0,0.17743398
0,0.31571728
0,0.16770901
0,0.12625478
0,0.7679353
0,0.34688744
0,0.39601523
0,0.630787
0,0.24884668
0,0.32807317
0,0.4660953
0,0.16781622
0,0.433563
0,0.37728706
0,0.53961784
0,0.35649678
0,0.2321545
0,0.8738694
0,0.4913183
0,0.39789784
0,0.2712701
0,0.5982878
0,0.75243026
0,0.74756163
0,0.17514998
0,0.7636405
0,0.4497894
0,0.3174139
0,0.45688632
0,0.12600002
0,0.34402394
0,0.19192521
0,0.40533167
0,0.47220892
0,0.6703157
0,0.3403887
0,0.49568042
0,0.60141325
0,0.61926985
0,0.64618075
0,0.2548781
0,0.5597602
0,0.5880435
0,0.32671827
0,0.30546224
0,0.21077704
0,0.6976947
0,0.4724847
0,0.44300038
0,0.8713466
0,0.95638806
0,0.25964838
0,0.20934656
0,0.14865042
0,0.60106546
0,0.3974499
0,0.38178843
0,0.1980315
0,0.7077812
0,0.12986106
0,0.1219408
0,0.28798863
0,0.77765363
0,0.5554508
0,0.2823573
0,0.44128624
0,0.34401682
0,0.38966614
0,0.85909325
0,0.45553705
0,0.09769585
0,0.23584642
0,0.20780872
0,0.15747479
0,0.13857806
0,0.42270246
0,0.11913153
0,0.33430678
0,0.27676085
0,0.26835775
0,0.13294426
0,0.2518787
0,0.22948502
0,0.16818838
0,0.21191545
0,0.33809748
0,0.30030498
0,0.1897579
0,0.3124667
0,0.61287993
0,0.81267446
0,0.31506252
0,0.5526583
0,0.5058235
0,0.5779088
0,0.6619466
0,0.6651179
0,0.35318965
0,0.109054916
0,0.21842287
0,0.24096593
0,0.40708265
0,0.27397498
0,0.23517549
0,0.41461957
0,0.32872888
0,0.3507596
0,0.16030958
0,0.21773928
0,0.3169965
0,0.37345874
0,0.40040603
0,0.42419788
0,0.20032178
0,0.16429642
0,0.3041416
0,0.15364394
0,0.22627583
0,0.34093857
0,0.08250237
0,0.1274451
0,0.24412513
0,0.80629426
0,0.5211139
0,0.20125698
0,0.18597731
0,0.1830985
0,0.22007936
0,0.29724464
0,0.2170632
0,0.4663379
0,0.48089582
0,0.15328637
0,0.39794517
0,0.20119263
0,0.74938345
0,0.3764195
0,0.28899154
0,0.7588199
0,0.2834397
0,0.38524258
0,0.25327623
0,0.21409474
0,0.48265567
0,0.25061426
0,0.5568645
0,0.21674176
0,0.31471118
0,0.62544245
0,0.18507713
0,0.3275712
0,0.46658507
0,0.47156337
0,0.14305153
0,0.079344
0,0.2527093
0,0.5681129
0,0.5356426
0,0.47099027
0,0.47415984
0,0.326417
0,0.25254494
0,0.63990444
0,0.6294626
0,0.6686845
0,0.42840558
0,0.2274669
0,0.10346328
0,0.23216648
0,0.24138726
0,0.21313412
0,0.3047442
0,0.28899854
0,0.22074744
0,0.12722006
0,0.28678486
0,0.17913476
0,0.23037885
0,0.1774206
0,0.86848223
0,0.3439916
0,0.3417425
0,0.101627015
0,0.16663074
0,0.8433816
0,0.5126198
0,0.7243664
0,0.9657935
0,0.5338914
0,0.16792023
0,0.92210287
0,0.2901237
0,0.4447322
0,0.50162363
0,0.34185365
0,0.29926363
0,0.40907463
0,0.25196573
0,0.27289775
0,0.22572769
0,0.12175319
0,0.2656665
0,0.29658452
0,0.4600367
0,0.7967079
0,0.5998632
0,0.51260436
0,0.33718467
0,0.38968033
0,0.57741374
0,0.15885222
0,0.19943178
0,0.17442507
0,0.23551428
0,0.5233636
0,0.13412489
0,0.3011778
0,0.20634197
0,0.25884792
0,0.3310539
0,0.21651043
0,0.1652369
0,0.07145859
0,0.1011407
0,0.22865863
0,0.19551705
0,0.26693776
0,0.17259677
0,0.40353566
0,0.20383449
0,0.3981135
0,0.37109774
0,0.13745992
0,0.14689596
0,0.47255105
0,0.24366295
0,0.27084008
0,0.119747944
0,0.6633028
0,0.3368045
0,0.13809794
0,0.09304362
0,0.33137465
0,0.072598346
0,0.20577396
0,0.3358152
0,0.672713
0,0.46043828
0,0.36103967
0,0.32801026
0,0.15128104
0,0.1654539
0,0.21485527
0,0.41373357
0,0.30468193
0,0.1823031
0,0.17238471
0,0.13651292
0,0.12963921
0,0.16431761
0,0.22705676
0,0.129065
0,0.51122093
0,0.41032982
0,0.28442773
0,0.1517561
0,0.21140912
0,0.1528537
0,0.22455049
0,0.537623
0,0.39630872
0,0.20526503
0,0.3595718
0,0.22356968
0,0.29349285
0,0.17238702
0,0.73128754
0,0.38351268
0,0.29552206
0,0.15602563
0,0.059593786
0,0.56237537
0,0.12924136
0,0.513653
0,0.18743917
0,0.4393166
0,0.3998558
0,0.36103526
0,0.8290203
0,0.33293557
0,0.6464826
0,0.50079477
0,0.32007965
0,0.32261807
0,0.11312576
0,0.21786985
0,0.6421346
0,0.47404215
0,0.20456906
0,0.27324393
0,0.7198926
0,0.21191578
0,0.29498184
0,0.13867947
0,0.63048905
0,0.6091493
0,0.32965136
0,0.29140842
0,0.57330656
0,0.23596801
0,0.2743002
0,0.4584546
0,0.6389428
0,0.1932188
0,0.5003674
0,0.265908
0,0.23465176
0,0.33638826
0,0.37962484
0,0.49485877
0,0.13331161
0,0.220131
0,0.54569995
0,0.7527771
0,0.25023985
0,0.7156746
0,0.15333405
0,0.19272628
0,0.46099904
0,0.2926401
0,0.18940562
0,0.4783466
0,0.21554473
0,0.33705238
0,0.46960306
0,0.19524403
0,0.17336409
0,0.14103274
0,0.30499858
0,0.5884829
1,0.14228272
1,0.7134303
1,0.9092123
1,0.9654399
1,0.97707963
1,0.9919413
1,0.91908973
1,0.8817523
1,0.93985087
1,0.9474128
1,0.93179
1,0.9309242
1,0.8589421
1,0.8863051
1,0.92450184
1,0.95289415
1,0.9611025
1,0.95141524
1,0.8918231
1,0.8754285
1,0.8919941
1,0.9297041
1,0.958166
1,0.9721738
1,0.9540485
1,0.93815786
1,0.89614165
1,0.9456049
1,0.98620176
1,0.98156977
1,0.94906336
1,0.90553117
1,0.8479044
1,0.9647271
1,0.9659019
1,0.98390794
1,0.99333394
1,0.9848011
1,0.9624184
1,0.9563182
1,0.94188595
1,0.95717967
1,0.95254797
1,0.93919593
1,0.85245794
1,0.96588826
1,0.99384046
1,0.9698869
1,0.86887264
1,0.92289704
1,0.97779554
1,0.9897689
1,0.92599297
1,0.8266449
1,0.9681305
1,0.9744499
1,0.948107
1,0.9204284
1,0.98205584
1,0.96927017
1,0.88212204
1,0.917906
1,0.9119695
1,0.76653916
1,0.8182286
1,0.94522434
1,0.9886353
1,0.9772216
1,0.9448895
1,0.7628274
1,0.8847132
1,0.9263479
1,0.93184114
1,0.78594977
1,0.6911654
1,0.96049154
1,0.99003744
1,0.91033125
1,0.89237314
1,0.9135509
1,0.90999395
1,0.9197068
1,0.9392338
1,0.9595555
1,0.95265573
1,0.985482
1,0.9631313
1,0.96890026
1,0.9217032
1,0.9285344
1,0.9517963
1,0.96063626
1,0.98499054
1,0.9709212
1,0.92432284
1,0.9485194
1,0.9471826
1,0.91880834
1,0.97397566
1,0.9566626
1,0.94938755
1,0.917478
1,0.9545993
1,0.94126815
1,0.8567634
1,0.8258983
1,0.9447884
1,0.95749825
1,0.9087351
1,0.9294565
1,0.9666962
1,0.9709109
1,0.9781042
1,0.90771717
1,0.92086256
1,0.9823022
1,0.9685677
1,0.94762653
1,0.9002998
1,0.4220929
1,0.91267526
1,0.9272444
1,0.9771483
1,0.95068157
1,0.86678624
1,0.8513687
1,0.9412424
1,0.889362
1,0.88405246
1,0.96097785
1,0.87869716
1,0.9592328
1,0.9459176
1,0.83093756
1,0.90075135
1,0.9105423
1,0.95892406
1,0.98884064
1,0.9121546
1,0.9932954
1,0.99233073
1,0.973705
1,0.8969838
1,0.999528
1,0.9046523
1,0.9776309
1,0.9710682
1,0.87325436
1,0.9679424
1,0.8861403
1,0.8410794
1,0.8730592
1,0.9193752
1,0.9622689
1,0.9518688
1,0.98338693
1,0.9744107
1,0.954741
1,0.93748736
1,0.6957093
1,0.7630053
1,0.97562736
1,0.9611277
1,0.9328959
1,0.9250605
1,0.9139553
1,0.9705922
1,0.9542726
1,0.95664483
1,0.88309056
1,0.95456344
1,0.96864206
1,0.94838786
1,0.8712445
1,0.976502
1,0.99229467
1,0.97850156
1,0.9529173
1,0.9550526
1,0.9431386
1,0.98978
1,0.8801589
1,0.900699
1,0.91959864
1,0.96439147
1,0.991569
1,0.9655763
1,0.90200263
1,0.8654444
1,0.9557478
1,0.98486793
1,0.97632843
1,0.83655244
1,0.86915225
1,0.79522747
1,0.9564259
1,0.9807104
1,0.9445668
1,0.8852606
1,0.89115626
1,0.98415995
1,0.9680559
1,0.9453096
1,0.8917092
1,0.94421625
1,0.97992283
1,0.9691162
1,0.9413847
1,0.9277644
1,0.97544247
1,0.9839506
1,0.9014586
1,0.9415808
1,0.96417147
1,0.9636467
1,0.90270466
1,0.8488657
1,0.98075026
1,0.99393076
1,0.9449639
1,0.80570525
1,0.9738558
1,0.9842935
1,0.98027265
1,0.93017936
1,0.8793854
1,0.9543619
1,0.9412697
1,0.948784
1,0.9186855
1,0.90496695
1,0.9604394
1,0.9835214
1,0.976934
1,0.94161457
1,0.93746066
1,0.9627376
1,0.965207
1,0.95989656
1,0.8114319
1,0.9642757
1,0.98300403
1,0.9502058
1,0.8016968
1,0.9697034
1,0.97225237
1,0.93252593
1,0.98808503
1,0.9508137
1,0.94806737
1,0.94384545
1,0.9529974
1,0.85669076
1,0.94976085
1,0.86251885
1,0.7773912
1,0.9051421
1,0.95960647
1,0.9694048
1,0.96214056
1,0.94748163
1,0.8585444
1,0.9351542
1,0.96773183
1,0.97891504
1,0.93801224
1,0.9109447
1,0.90741324
1,0.92115706
1,0.90920913
1,0.9767447
1,0.9337932
1,0.95506966
1,0.93956536
1,0.9379852
1,0.946125
1,0.98660797
1,0.84331656
1,0.8457534
1,0.7853383
1,0.21101819
1,0.89656854
1,0.91878396
1,0.9523543
1,0.96998805
1,0.90953684
1,0.8318371
1,0.97630036
1,0.9790519
1,0.8895609
1,0.8398571
1,0.88127464
1,0.9211514
1,0.93182695
1,0.97674847
1,0.88095385
1,0.94792217
1,0.9143978
1,0.96204203
1,0.986796
1,0.83515346
1,0.9410625
1,0.9875023
1,0.9309314
1,0.84192353
1,0.864592
1,0.9771121
1,0.96471643
1,0.8139727
1,0.9405491
1,0.7165347
1,0.8741416
1,0.98102164
1,0.9677756
1,0.9603723
1,0.8926997
1,0.7784537
1,0.952946
1,0.90648997
1,0.9920557
1,0.91631156
1,0.81997293
1,0.9546527
1,0.98989433
1,0.95686895
1,0.908031
1,0.6383366
1,0.9589204
1,0.9722733
1,0.9560563
1,0.9679776
1,0.92440414
1,0.93093914
1,0.90171194
1,0.8844429
1,0.92576784
1,0.97818446
1,0.96316177
1,0.95660925
1,0.9735613
1,0.91937184
1,0.9183428
1,0.8928554
1,0.907416
1,0.9076313
1,0.90542114
1,0.94176143
1,0.9436061
1,0.87702036
1,0.9365226
1,0.94675136
1,0.97636116
1,0.96629715
1,0.9398593
1,0.93103474
1,0.9659331
1,0.9918915
1,0.97403604
1,0.9283904
1,0.8919495
1,0.95806915
1,0.9754986
1,0.95144606
1,0.9467158
1,0.94694835
1,0.9008102
1,0.9810455
1,0.9745901
1,0.9620353
1,0.8831421
1,0.8380786
1,0.90218467
1,0.932836
1,0.97553355
1,0.989446
1,0.97577125
1,0.9404383
1,0.8564014
1,0.91611755
1,0.97875345
1,0.9905315
1,0.94051343
1,0.47005895
1,0.6910379
1,0.85058886
1,0.9698029
1,0.90381294
1,0.96942496
1,0.9939201
1,0.93448246
1,0.9841251
1,0.56271106
1,0.82549113
1,0.70090306
1,0.8620385
1,0.9241785
1,0.9866087
1,0.6288196
1,0.9643038
1,0.9845983
1,0.89295685
1,0.88174224
1,0.8707007
1,0.93307537
1,0.8591205
1,0.9027324
1,0.9746256
1,0.9567874
1,0.8817793
1,0.8162897
1,0.85014105
1,0.97797513
1,0.9517329
1,0.93475455
1,0.72274023
1,0.8713131
1,0.74333656
1,0.94088227
1,0.8420157
1,0.85730004
1,0.97304034
1,0.9242204
1,0.88373995
1,0.9786116
1,0.8874078
1,0.93652594
1,0.8866646
1,0.83744323
1,0.9232313
1,0.6795499
1,0.89962906
1,0.9405183
1,0.9528139
1,0.8859896
1,0.79967314
1,0.78990716
1,0.9455085
1,0.96376425
1,0.9595976
1,0.90375465
1,0.37417918
1,0.8976897
1,0.9430822
1,0.97281116
1,0.960133
1,0.90987647
1,0.48374286
1,0.8325462
1,0.93228227
1,0.95554805
1,0.9847912
1,0.91129035
1,0.97695416
1,0.9290512
1,0.9228032
1,0.91389763
1,0.980787
1,0.955753
1,0.93789995
1,0.9367061
1,0.903256
1,0.9755249
1,0.9639074
1,0.8890727
1,0.95309097
1,0.9428533
1,0.9705446
1,0.9789107
1,0.9925029
1,0.9420201
1,0.8328001
1,0.92587286
1,0.9318278
1,0.90224206
1,0.9246806
1,0.8625902
1,0.96265906
1,0.9952324
1,0.95574063
1,0.9493699
1,0.9153963
1,0.91048324
1,0.9113736
1,0.9125613
1,0.9530899
1,0.9860424
1,0.9760498
1,0.89142877
1,0.7235715
1,0.92476743
1,0.9670282
1,0.99203813
1,0.9073753
1,0.9188149
1,0.9827886
1,0.97844803
1,0.97021693
1,0.89260614
1,0.9425933
1,0.9386602
1,0.94979095
1,0.99095464
1,0.9517291
1,0.8589965
1,0.8555009
1,0.91214335
1,0.91152096
1,0.9682795
1,0.9434248
1,0.97291744
1,0.9474678
1,0.93088955
1,0.95444304
1,0.8910113
1,0.888967
1,0.94153714
1,0.88920254
1,0.9349589
1,0.86295706
1,0.93817693
1,0.840464
1,0.91197306
1,0.91655135
1,0.93210185
1,0.80732703
1,0.8431721
1,0.9701652
1,0.9780733
1,0.9324444
1,0.9704948
1,0.9724913
1,0.9172474
1,0.8898764
1,0.928508
1,0.93678886
1,0.9686743
1,0.96876454
1,0.94600636
1,0.87580985
1,0.8239122
1,0.94654596
1,0.983584
1,0.9414416
1,0.787942
1,0.9262322
1,0.93084264
1,0.976305
1,0.96340877
1,0.96946764
1,0.72196114
1,0.9536378
1,0.9348257
1,0.95705473
1,0.9277501
1,0.79480684
1,0.8803398
1,0.9143707
1,0.92302454
1,0.85277116
1,0.78812766
1,0.82293284
1,0.9073947
1,0.7953208
1,0.9630549
1,0.96560806
1,0.94352806
1,0.9680337
1,0.96685994
1,0.94547117
1,0.95132405
1,0.86194384
1,0.9251309
1,0.9677317
1,0.90891606
1,0.9753946
1,0.9274901
1,0.72954726
1,0.8631812
1,0.89686614
1,0.968076
1,0.93218607
1,0.8916604
1,0.862818
1,0.86603713
1,0.9233753
1,0.8364602
1,0.9522939
1,0.89521825
1,0.78885657
1,0.97494024
1,0.9713755
1,0.98486644
1,0.9507484
1,0.950101
1,0.92419136
1,0.93549377
1,0.9460076
1,0.91326714
1,0.9376919
1,0.930464
1,0.8763076
1,0.9649342
1,0.97813874
1,0.989422
1,0.9686915
1,0.95910937
1,0.80058104
1,0.8821321
1,0.9401301
1,0.9370409
1,0.90018916
1,0.87226766
1,0.91454387
1,0.8415255
1,0.9826808
1,0.94866765
1,0.92455155
1,0.97372437
1,0.9666185
1,0.9260882
1,0.88490224
1,0.9381504
1,0.91093224
1,0.9165785
1,0.9528465
1,0.94816715
1,0.9446889
1,0.9536923
1,0.9908859
1,0.92706513
1,0.93112475
1,0.98769057
1,0.9349405
1,0.9183545
1,0.82545245
1,0.83813596
1,0.73079455
1,0.9664329
1,0.94219255
1,0.9109999
1,0.8950816
1,0.95108825
1,0.9826048
1,0.9318049
1,0.9048695
1,0.90543
1,0.9574633
1,0.9870569
1,0.9780912
1,0.8695445
1,0.9271465
1,0.9151247
1,0.98202974
1,0.9317606
1,0.82711935
1,0.7487277
1,0.98411155
1,0.9391487
1,0.90904796
1,0.8902029
1,0.96026284
1,0.94140536
1,0.72792125
1,0.9411765
1,0.9079995
1,0.6708306
1,0.9323444
1,0.8953689
1,0.9234413
1,0.88895226
1,0.936348
1,0.9123751
1,0.6130511
1,0.70655745
1,0.9385912
1,0.9454567
1,0.98550594
1,0.8546237
1,0.9139453
1,0.94280463
1,0.9644732
1,0.94166857
1,0.9055748
1,0.93627524
1,0.92310387
1,0.96760064
1,0.94064057
1,0.9165064
1,0.8806557
1,0.9521435
1,0.94156873
1,0.9578475
1,0.9309832
1,0.9394425
1,0.9352714
1,0.91949874
1,0.88729376
1,0.93636775
1,0.944109
1,0.96280855
1,0.90201455
1,0.91939574
1,0.86947674
1,0.9640418
1,0.9654226
1,0.95368636
1,0.83961105
1,0.8795076
1,0.93967664
1,0.95897776
1,0.93569773
1,0.977822
1,0.92589647
1,0.92315876
1,0.9057506
1,0.9359221
1,0.7897383
1,0.91727245
1,0.9411557
1,0.9851189
1,0.8949694
1,0.93528044
1,0.80602545
1,0.93792623
1,0.89853483
1,0.8633309
1,0.93610317
1,0.94657165
1,0.9231317
1,0.85420775
1,0.73716116
1,0.91123134
1,0.9423982
1,0.91691303
1,0.8889701
1,0.89470375
1,0.9180641
1,0.9717927
1,0.92819226
1,0.96756583
1,0.958204
1,0.8852018
1,0.8981227
1,0.92409754
1,0.9601708
1,0.9526089
1,0.95808816
1,0.9270057
1,0.9573957
1,0.9165749
1,0.92778647
1,0.8924571
1,0.37640977
1,0.9175793
1,0.9526467
1,0.89001065
1,0.8897336
1,0.90340036
1,0.8715118
1,0.8932059
1,0.93945146
1,0.9389097
1,0.9324052
1,0.81269526
1,0.97608614
1,0.97242546
1,0.92921025
1,0.86165243
1,0.918803
1,0.93077874
1,0.89760375
1,0.94602823
1,0.93669605
1,0.9747158
1,0.96758044
1,0.8684244
1,0.8425454
1,0.92850167
1,0.94804776
1,0.95904213
1,0.9758212
1,0.9916438
1,0.94282126
1,0.8487932
1,0.9792013
1,0.9936267
1,0.9459945
1,0.906428
1,0.9494374
1,0.9689715
1,0.965976
1,0.96356773
1,0.9463554
1,0.9699093
1,0.97733134
1,0.9368404
1,0.85585773
1,0.96442175
1,0.98874694
1,0.97529095
1,0.9355429
1,0.90334517
1,0.9072621
1,0.9173518
1,0.98478216
1,0.9724047
1,0.93194413
1,0.73783255
1,0.96048546
1,0.98055947
1,0.95925355
1,0.97842044
1,0.92532164
1,0.74564135
1,0.89818156
1,0.9773262
1,0.9328391
1,0.86330825
1,0.77026075
1,0.9710026
1,0.9437147
1,0.8286527
1,0.82836485
1,0.8969391
1,0.88677955
1,0.94100475
1,0.98190194
1,0.94139016
1,0.7675276
1,0.83635753
1,0.93996567
1,0.9223461
1,0.88722515
1,0.9012359
1,0.9647969
1,0.9844689
1,0.91562855
1,0.7683515
1,0.49632788
1,0.83877
1,0.90431887
1,0.88601357
1,0.9440771
1,0.9824772
1,0.88974345
1,0.94214565
1,0.9666167
1,0.9772396
1,0.9392482
1,0.9029954
1,0.99002486
1,0.98267466
1,0.9452794
1,0.7778027
1,0.99670035
1,0.96391
1,0.95476174
1,0.92347646
1,0.9980603
1,0.90272975
1,0.87116903
1,0.9564966
1,0.9812216
1,0.8626781
1,0.8825814
1,0.9395501
1,0.913091
1,0.90065736
1,0.9259404
1,0.9288286
1,0.91134894
1,0.93016523
1,0.8289054
1,0.91567236
1,0.8617898
1,0.7402614
1,0.96885383
1,0.96649176
1,0.88463557
1,0.9089348
1,0.96249557
1,0.943325
1,0.9892488
1,0.9040545
1,0.93291026
1,0.892289
1,0.9007503
1,0.87706566
1,0.9431786
1,0.8848661
1,0.89999187
1,0.95427245
1,0.9734321
1,0.97061104
1,0.9313888
1,0.7787721
1,0.92524
1,0.976588
1,0.984591
1,0.91862977
1,0.8064809
1,0.93637824
1,0.98450667
1,0.9660532
1,0.9240819
1,0.9202282
1,0.9824855
1,0.9859842
1,0.9353006
1,0.9131599
1,0.734325
1,0.90893435
1,0.857963
1,0.7432192
1,0.90269184
1,0.93655425
1,0.9602127
1,0.9163449
1,0.95044374
1,0.98083204
1,0.93379164
1,0.9409519
1,0.9009096
1,0.9776198
1,0.9716323
1,0.9562226
1,0.9192371
1,0.41182712
1,0.89252514
1,0.94407034
1,0.67642176
1,0.96932507
1,0.97090715
1,0.9265266
1,0.60707515
1,0.8240768
1,0.9698742
1,0.9811374
1,0.96577746
1,0.95821655
1,0.92202973
1,0.92722213
1,0.92667085
1,0.9242271
1,0.9369358
1,0.96063966
1,0.9467136
1,0.9846933
1,0.9836496
1,0.94144213
1,0.91953695
1,0.9038214
1,0.94266087
1,0.96759564
1,0.9732213
1,0.9563649
1,0.8826994
1,0.96277636
1,0.9851332
1,0.9720266
1,0.86419976
1,0.9147843
1,0.8959848
1,0.97746456
1,0.8972886
1,0.9758102
1,0.7174514
1,0.9211587
1,0.98253864
1,0.94633794
1,0.8283697
1,0.818961
1,0.9509344
1,0.9635455
1,0.9681778
1,0.92638296
1,0.8182795
1,0.92033297
1,0.9193959
1,0.98320794
1,0.91672575
1,0.92382914
1,0.9117324
1,0.96784717
1,0.97268087
1,0.9538588
1,0.9424973
1,0.9201414
1,0.8643208
1,0.91225195
1,0.962433
1,0.81754553
1,0.6652485
1,0.95029885
1,0.9542895
1,0.9247054
1,0.8958768
1,0.79283005
1,0.9378411
1,0.91647154
1,0.88787067
1,0.92655486
1,0.9014041
1,0.9529983
1,0.97058004
1,0.9643592
1,0.9493046
1,0.94626373
1,0.9563522
1,0.89814836
1,0.8635975
1,0.9419216
1,0.98232967
1,0.991277
1,0.939855
1,0.9134923
1,0.8910186
1,0.97111654
1,0.9712813
1,0.9543545
1,0.9420746
1,0.9572228
1,0.92903537
1,0.90717095
1,0.952811
1,0.9490903
1,0.9823768
1,0.98834026
1,0.9605555
1,0.9315047
1,0.89165574
1,0.861732
1,0.92039067
1,0.83462083
1,0.8786445
1,0.924058
1,0.58467007
1,0.87620354
1,0.9518034
1,0.96548146
1,0.9653602
1,0.9569259
1,0.9731322
1,0.89817053
1,0.9109267
1,0.9678216
1,0.9566697
1,0.9002534
1,0.9329555
1,0.8874732
1,0.87201434
1,0.6840599
1,0.9138327
1,0.86073726
1,0.9108964
1,0.919673
1,0.5962598
1,0.8678836
1,0.92942786
1,0.9867861
1,0.9756813
1,0.8414174
1,0.61926514
1,0.9720671
1,0.8379989
1,0.96746004
1,0.83074063
1,0.91058505
1,0.9213071
1,0.9034702
1,0.91832685
1,0.95338535
1,0.81072897
1,0.9383982
1,0.9740806
1,0.97722286
1,0.9790348
1,0.9115164
1,0.8863224
1,0.7988315
1,0.898996
1,0.9808014
1,0.90528876
1,0.91955686
1,0.94048023
1,0.841337
1,0.9081895
1,0.90208447
1,0.8330271
1,0.95855874
1,0.9575517
1,0.8583897
1,0.8536597
1,0.9136132
1,0.89511514
1,0.9480881
1,0.98778474
1,0.9619112
1,0.9320714
1,0.7720903
1,0.87499213
1,0.973089
1,0.9459025
1,0.9665054
1,0.93677276
1,0.8934263
1,0.9061933
1,0.9721757
1,0.9203011
1,0.85411346
1,0.88503546
1,0.9612958
1,0.9337859
1,0.8159519
1,0.86132014
1,0.96762353
1,0.9762463
1,0.9379982
1,0.9149349
1,0.9463555
1,0.88172686
1,0.9650019
1,0.95549905
1,0.9556715
1,0.9054662
1,0.93077606
1,0.57380587
1,0.9210904
1,0.936382
1,0.9540124
1,0.9715611
1,0.96042764
1,0.61625814
1,0.94923294
1,0.97729504
1,0.9534411
1,0.40322673
1,0.89957136
1,0.9135856
1,0.874105
1,0.76837206
1,0.97573733
1,0.9599514
1,0.9855951
1,0.9102358
1,0.9716176
1,0.9505201
1,0.95123667
1,0.96023744
1,0.9086333
1,0.986724
1,0.978506
1,0.9641533
1,0.9236264
1,0.9434577
1,0.84042877
1,0.9501859
1,0.95468926
1,0.9671395
1,0.97647333
1,0.8438079
1,0.97920656
1,0.9533378
1,0.9753803
1,0.8739081
1,0.86350584
1,0.9635411
1,0.9624514
1,0.97931916
1,0.9583321
1,0.935066
1,0.89949894
1,0.8484984
1,0.861598
1,0.9036368
1,0.8510219
1,0.9461779
1,0.9374756
1,0.9676886
1,0.9708698
1,0.89345825
1,0.94345725
1,0.91344434
1,0.90796345
1,0.90791637
1,0.8686547
1,0.8066339
1,0.9367988
1,0.91436625
1,0.85768116
1,0.8801497
1,0.72035396
1,0.9193292
1,0.8906126
1,0.66742444
1,0.93105406
1,0.874767
1,0.88164014
1,0.8587572
1,0.800183
1,0.88534963
1,0.94999444
1,0.971627
1,0.8472899
1,0.8076902
1,0.89051926
1,0.97162014
1,0.9512713
1,0.8684325
1,0.94815886
1,0.9878199
1,0.9375225
1,0.916837
1,0.9531061
1,0.94074774
1,0.95968693
1,0.84681547
1,0.9534404
1,0.98027724
1,0.98213553
1,0.9374019
1,0.86560845
1,0.973431
1,0.9027293
1,0.92856973
1,0.84594434
1,0.8931976
1,0.9550921
1,0.97675633
1,0.92388237
1,0.90249723
1,0.6472887
1,0.97136194
1,0.9679897
1,0.8926674
1,0.74563676
1,0.8246376
1,0.9547471
1,0.98640496
1,0.9885733
1,0.9703983
1,0.91800225
1,0.90122724
1,0.93392557
1,0.97711575
1,0.94714195
1,0.9841331
1,0.96775055
1,0.9437177
1,0.95168084
1,0.9009698
1,0.85766715
1,0.9823288
1,0.9819216
1,0.96792865
1,0.8236007
1,0.90647995
1,0.96526515
1,0.95489115
1,0.93717587
1,0.8885273
1,0.9594343
1,0.98757696
1,0.9803344
1,0.97301966
1,0.9583708
1,0.87952596
1,0.93506724
1,0.9667646
1,0.97872454
1,0.97494024
1,0.9499257
1,0.970912
1,0.94948286
1,0.9764118
1,0.9838563
1,0.9709617
1,0.8891769
1,0.92214686
1,0.9812071
1,0.9534783
1,0.966099
1,0.9090292
1,0.9120766
1,0.9478496
1,0.93709105
1,0.81981266
1,0.75218755
1,0.8915327
1,0.91251975
1,0.6710419
1,0.972312
1,0.9767091
1,0.97616845
1,0.9538036
1,0.9339866
1,0.9436946
1,0.9860483
1,0.9719581
1,0.81713516
1,0.8902483
1,0.838741
1,0.9337514
1,0.8859427
1,0.9030709
1,0.97519255
1,0.97986585
1,0.92109585
1,0.85286975
1,0.9359435
1,0.9667262
1,0.98948276
1,0.9548787
1,0.9341863
1,0.9174917
1,0.9845309
1,0.93766373
1,0.9551543
1,0.9892218
1,0.9802389
1,0.9371915
1,0.72281605
1,0.8657181
1,0.9350416
1,0.9657362
1,0.6540132
1,0.74728346
1,0.88525915
1,0.9788021
1,0.911775
1,0.893081
1,0.929727
1,0.96065056
1,0.98868024
1,0.974464
1,0.96028227
1,0.95191455
1,0.9111279
1,0.91614187
1,0.9347308
1,0.9226533
1,0.99088496
1,0.76623255
1,0.98309904
1,0.85456306
1,0.9711983
1,0.9266514
1,0.89642423
1,0.91094124
1,0.93685824
1,0.9702554
1,0.99342537
1,0.8317372
1,0.9393296
1,0.9421523
1,0.97455335
1,0.9670911
1,0.9699181
1,0.9217734
1,0.9012288
1,0.9339006
1,0.97662944
1,0.9464195
1,0.9361086
1,0.88110423
1,0.95177555
1,0.9443574
1,0.9352447
1,0.9118231
1,0.871069
1,0.9380655
1,0.951808
1,0.8630018
1,0.8700787
1,0.9472363
1,0.9461871
1,0.8460532
1,0.87279886
1,0.9083024
1,0.8540212
1,0.88990736
1,0.75991076
1,0.92852575
1,0.80047816
1,0.9306739
1,0.9122063
1,0.8221806
1,0.9762206
1,0.9211619
1,0.98884505
1,0.9635609
1,0.9787748
1,0.98326683
1,0.9956854
1,0.9479543
1,0.9946013
1,0.91570234
1,0.9618299
1,0.9910143
1,0.82804424
1,0.9203683
1,0.9049396
1,0.88132405
1,0.97271264
1,0.95039475
1,0.8399321
1,0.96660614
1,0.93500817
1,0.9069355
1,0.8965793
1,0.7144581
1,0.9364375
1,0.92893434
1,0.96297055
1,0.95182383
1,0.9580163
1,0.9690864
1,0.8998876
1,0.92940676
1,0.9286577
1,0.9193689
1,0.9862049
1,0.9870438
1,0.95998335
1,0.9357511
1,0.26206172
1,0.9231131
1,0.9882757
1,0.96801364
1,0.9702855
1,0.9351062
1,0.9318753
1,0.8647513
1,0.8697891
1,0.9803036
1,0.9741881
1,0.956575
1,0.93870723
1,0.8846911
1,0.79648733
1,0.9025985
1,0.9030198
1,0.7422929
1,0.8536905
1,0.95321184
1,0.96508014
1,0.9543207
1,0.91016513
1,0.736838
1,0.8933719
1,0.9576839
1,0.60127115
1,0.98746336
1,0.9753023
1,0.9437702
1,0.9603264
1,0.9838253
1,0.9556943
1,0.9247156
1,0.92298955
1,0.8547697
1,0.6870051
1,0.95479506
1,0.944916
1,0.98090863
1,0.9589226
1,0.6702459
1,0.9714229
1,0.983696
1,0.94729865
1,0.8806065
1,0.9666783
1,0.9273981
1,0.90993243
1,0.91267294
1,0.96206594
1,0.9757205
1,0.8423148
1,0.9924102
1,0.8909712
1,0.8918569
1,0.97453815
1,0.92936784
1,0.90822536
1,0.9508028
1,0.95119977
1,0.98083824
1,0.81405914
1,0.9265209
1,0.90946263
1,0.9336897
1,0.9548451
1,0.9696482
1,0.8246034
1,0.8196677
1,0.77378964
1,0.87411785
1,0.9395232
1,0.8940365
1,0.9506786
1,0.9725757
1,0.96974045
1,0.9597314
1,0.92781043
1,0.9064818
1,0.8444651
1,0.9047859
1,0.8545042
1,0.9523109
1,0.88020235
1,0.9541774
1,0.9043599
1,0.9382266
1,0.9371803
1,0.9672756
1,0.91565114
1,0.8949879
1,0.8132428
1,0.93406665
1,0.9690038
1,0.93501204
1,0.9001765
1,0.88441217
1,0.87724537
1,0.97005826
1,0.96570265
1,0.96897626
1,0.94791746
1,0.8986024
1,0.9527961
1,0.94762385
1,0.8895157
1,0.97550845
1,0.94528264
1,0.9524744
1,0.9252071
1,0.94265205
1,0.9672665
1,0.98052084
1,0.95560855
1,0.9115304
1,0.85012156
1,0.9515539
1,0.9272265
1,0.97115695
1,0.9050781
1,0.89447856
1,0.5706967
1,0.807436
1,0.7892556
1,0.9897704
1,0.920513
1,0.91354257
1,0.9744436
1,0.9406974
1,0.9258662
1,0.71405053
1,0.9332472
1,0.89395565
1,0.90999603
1,0.961395
1,0.94122064
1,0.9722873
1,0.9426632
1,0.866323
1,0.85375506
1,0.93681353
1,0.96028906
1,0.93722165
1,0.94519526
1,0.97637004
1,0.9333754
1,0.9860949
1,0.96835786
1,0.90260726
1,0.9347701
1,0.85549366
1,0.93370146
1,0.98853695
1,0.8774381
1,0.72742224
1,0.9814106
1,0.9576339
1,0.8750212
1,0.8290378
1,0.96701014
1,0.89342046
1,0.9727326
1,0.9545752
1,0.8542295
1,0.90918005
1,0.55336803
1,0.90023065
1,0.9149214
1,0.96347946
1,0.94547683
1,0.98165363
1,0.8917525
1,0.8795303
1,0.92126006
1,0.7992233
1,0.95872194
1,0.9638053
1,0.9775803
1,0.8714322
1,0.8926698
1,0.8197518
1,0.9676674
1,0.99373686
1,0.98021895
1,0.93237317
0,0.14677016
0,0.111978635
0,0.06761494
0,0.155754
0,0.2924255
0,0.21877144
0,0.21524446
0,0.20366956
0,0.2581219
0,0.50943065
0,0.58156294
0,0.27377543
0,0.26969302
0,0.18660407
0,0.62178266
0,0.5998915
0,0.5982229
0,0.45612523
0,0.3321558
0,0.5010859
0,0.17742048
0,0.17457089
0,0.0848076
0,0.4222302
0,0.33409184
0,0.20757924
0,0.27613974
0,0.4818521
0,0.57153475
0,0.16506808
0,0.51408976
0,0.13288702
0,0.21448979
0,0.27119598
0,0.29200292
0,0.21192954
0,0.14413287
0,0.8024127
0,0.31015483
0,0.43630305
0,0.459261
0,0.30770677
0,0.2918645
0,0.25931776
0,0.17677775
0,0.4191306
0,0.3543175
0,0.13860528
0,0.16475345
0,0.19966847
0,0.2886591
0,0.26487893
0,0.18911065
0,0.37152648
0,0.7280906
0,0.8116796
0,0.41563335
0,0.68963057
0,0.21603175
0,0.22755834
0,0.44900075
0,0.1992893
0,0.64140844
0,0.18631175
0,0.35717988
0,0.32739654
0,0.39140093
0,0.2927498
0,0.8047492
0,0.22029491
0,0.34276938
0,0.574857
0,0.19434018
0,0.6525462
0,0.19752474
0,0.66120183
0,0.40332857
0,0.26150054
0,0.16985142
0,0.9134666
0,0.45128712
0,0.475491
0,0.2357064
0,0.4844463
0,0.4029126
0,0.13078772
0,0.41984946
0,0.1437282
0,0.19960152
0,0.20654999
0,0.15638308
0,0.27077335
0,0.084001146
0,0.3203271
0,0.18131591
0,0.10169462
0,0.31250253
0,0.33033565
0,0.1942568
0,0.7995073
0,0.113672964
0,0.2946536
0,0.31183046
0,0.26602763
0,0.109983124
0,0.14135554
0,0.585514
0,0.29132655
0,0.48656124
0,0.68151927
0,0.3823953
0,0.2570109
0,0.20953383
0,0.15434654
0,0.44151607
0,0.82541317
0,0.6261425
0,0.76445585
0,0.6069569
0,0.30817577
0,0.25719002
0,0.5812501
0,0.43375853
0,0.15554383
0,0.2732514
0,0.6088797
0,0.33032927
0,0.4106563
0,0.27846766
0,0.17205341
0,0.25719652
0,0.46789813
0,0.21153696
0,0.14024532
0,0.28233373
0,0.09809268
0,0.29501453
0,0.5477027
0,0.34186193
0,0.14422318
0,0.29806644
0,0.27251807
0,0.2937307
0,0.29389846
0,0.1739982
0,0.366846
0,0.2534634
0,0.21042079
0,0.57983917
0,0.5606723
0,0.1420243
0,0.15546086
0,0.5887119
0,0.22409698
0,0.35160342
0,0.3431079
0,0.22770573
0,0.23733033
0,0.15074354
0,0.21769731
0,0.2501058
0,0.86615384
0,0.5421474
0,0.21824986
0,0.2505522
0,0.24511458
0,0.5005918
0,0.6002104
0,0.17398652
0,0.23483993
0,0.15033518
0,0.3494746
0,0.22123618
0,0.25939482
0,0.18137407
0,0.18640426
0,0.3864529
0,0.3972662
0,0.4242234
0,0.3062998
0,0.13820337
0,0.24867828
0,0.16819356
0,0.50947607
0,0.20550776
0,0.8205228
0,0.16558337
0,0.39839974
0,0.6065194
0,0.7113632
0,0.46424785
0,0.396671
0,0.16083883
0,0.12845582
0,0.5334305
0,0.1034888
0,0.6784833
0,0.3737297
0,0.19287513
0,0.13565277
0,0.46502945
0,0.6003499
0,0.4941696
0,0.67955935
0,0.69373477
0,0.1285792
0,0.13352133
0,0.9353909
0,0.12523519
0,0.35079405
0,0.16773768
0,0.18010761
0,0.4295726
0,0.15273741
0,0.29093254
0,0.1692928
0,0.29499033
0,0.36849055
0,0.3307844
0,0.08866915
0,0.6827786
0,0.20113371
0,0.14677608
0,0.24412826
0,0.40130886
0,0.10943455
0,0.61188036
0,0.24733344
0,0.110873744
0,0.6507045
0,0.3257943
0,0.23958868
0,0.15641895
0,0.20540015
0,0.5008535
0,0.14296876
0,0.24904415
0,0.11268914
0,0.2576764
0,0.1451696
0,0.8279565
0,0.2973644
0,0.22211455
0,0.15598576
0,0.1573732
0,0.12642504
0,0.6267947
0,0.37797657
0,0.15087052
0,0.13367541
0,0.1472806
0,0.15110038
0,0.3847472
0,0.11152217
0,0.1258809
0,0.1706963
0,0.5590584
0,0.2623064
0,0.15084532
0,0.1745667
0,0.16366896
0,0.19476655
0,0.1472283
0,0.32858244
0,0.47553498
0,0.27193114
0,0.35406646
0,0.69083047
0,0.47323805
0,0.18152614
0,0.14879741
0,0.21841481
0,0.1616316
0,0.17453961
0,0.21046647
0,0.19412933
0,0.107332416
0,0.7445257
0,0.4512721
0,0.2618972
0,0.34650344
0,0.290443
0,0.061885644
0,0.3047386
0,0.50138664
0,0.16233627
0,0.13719778
0,0.44873023
0,0.1265787
0,0.18592264
0,0.18235579
0,0.12075641
0,0.14682375
0,0.2708735
0,0.30776247
0,0.3122569
0,0.1439275
0,0.12968574
0,0.2684976
0,0.11126504
0,0.24705173
0,0.14211145
0,0.23989066
0,0.15095319
0,0.27015984
0,0.100574166
0,0.36001348
0,0.14083818
0,0.13965689
0,0.16383997
0,0.100538604
0,0.19321176
0,0.07848506
0,0.1222968
0,0.15611693
0,0.13460824
0,0.2080846
0,0.711369
0,0.18026015
0,0.1136565
0,0.25476623
0,0.17124508
0,0.14357479
0,0.45580432
0,0.4133514
0,0.18291575
0,0.14362887
0,0.2883834
0,0.12491445
0,0.22122864
0,0.08911817
0,0.18600018
0,0.19190206
0,0.4733113
0,0.331852
0,0.54125375
0,0.5548019
0,0.21451019
0,0.23925304
0,0.18145216
0,0.29326725
0,0.11345669
0,0.18060909
0,0.12362104
0,0.1535056
0,0.13809693
0,0.17708752
0,0.36954534
0,0.3104298
0,0.48066646
0,0.29918307
0,0.4260854
0,0.29993153
0,0.20713802
0,0.20961002
0,0.48858553
0,0.22141942
0,0.076389164
0,0.45259425
0,0.5081925
0,0.2884139
0,0.11620161
0,0.11707238
0,0.18816026
0,0.16010605
0,0.34957728
0,0.23818839
0,0.19672121
0,0.23917025
0,0.22201797
0,0.1416126
0,0.16080663
0,0.25543508
0,0.2609873
0,0.16105148
0,0.17058092
0,0.62025964
0,0.46348318
0,0.16614243
0,0.3276612
0,0.24106957
0,0.571963
0,0.25750482
0,0.28020155
0,0.40179458
0,0.12812892
0,0.2933001
0,0.24302538
0,0.3516182
0,0.27513668
0,0.2684503
0,0.25530776
0,0.13364962
0,0.27207485
0,0.23735107
0,0.22063404
0,0.2517168
0,0.06630002
0,0.18590726
0,0.15291585
0,0.06491509
0,0.121819705
0,0.095869
0,0.16102703
0,0.21744676
0,0.10779609
0,0.12470891
0,0.18201041
0,0.09976663
0,0.31302127
0,0.15365976
0,0.13336709
0,0.14154735
0,0.19390817
0,0.09748442
0,0.1439418
0,0.10748795
0,0.09477256
0,0.35132766
0,0.13093954
0,0.23858516
0,0.16733375
0,0.23182936
0,0.22519608
0,0.2500382
0,0.24506803
0,0.24216571
0,0.28335485
0,0.18432598
0,0.3720066
0,0.12380037
0,0.16876656
0,0.26018885
0,0.15362298
0,0.20032221
0,0.42098585
0,0.116044305
0,0.20388518
0,0.09317213
0,0.17978966
0,0.13683386
0,0.09617357
0,0.14944474
0,0.9119517
0,0.24662162
0,0.43799034
0,0.9986228
0,0.17663723
0,0.5664654
0,0.28221366
0,0.14189398
0,0.2266815
0,0.19161761
0,0.10768733
0,0.23584418
0,0.3845389
0,0.23847736
0,0.2409601
0,0.12888667
0,0.11153896
0,0.1219976
0,0.11013199
0,0.5666851
0,0.2709415
0,0.19880939
0,0.24110372
0,0.15105166
0,0.39797208
0,0.54120934
0,0.1627431
0,0.12207016
0,0.11559876
0,0.19336565
0,0.7651403
0,0.16834545
0,0.35091645
0,0.20393172
0,0.22304845
0,0.5170066
0,0.24586083
0,0.29271007
0,0.41182482
0,0.26995957
0,0.13511822
0,0.18175718
0,0.21290684
0,0.22234794
0,0.38848945
0,0.35405743
0,0.4827838
0,0.18183857
0,0.13487166
0,0.11091328
0,0.2811213
0,0.29118448
0,0.28521678
0,0.23253992
0,0.2374962
0,0.47628266
0,0.22532122
0,0.24820459
0,0.10162685
0,0.14044654
0,0.064529315
0,0.075472966
0,0.27868697
0,0.44545263
0,0.07701667
0,0.09210914
0,0.1205165
0,0.083130606
0,0.30652034
0,0.08068506
0,0.17128013
0,0.20821293
0,0.18863507
0,0.20259278
0,0.24998242
0,0.1223259
0,0.226332
0,0.14133309
0,0.34483898
0,0.14375314
0,0.14760011
0,0.20657961
0,0.05065151
0,0.14677568
0,0.1623167
0,0.609649
0,0.16768362
0,0.1385614
0,0.33956066
0,0.47073653
0,0.3460216
0,0.44535378
0,0.6541368
0,0.34170762
0,0.14319113
0,0.11181081
0,0.055039085
0,0.23350434
0,0.199314
0,0.21658532
0,0.14612935
0,0.16006595
0,0.2190115
0,0.18103212
0,0.2556641
0,0.33394268
0,0.19188266
0,0.7765644
0,0.23348035
0,0.14869855
0,0.4918916
0,0.34068567
0,0.2632563
0,0.27495143
0,0.24492507
0,0.19352837
0,0.12902334
0,0.19053182
0,0.15403043
0,0.7139286
0,0.22067297
0,0.086161844
0,0.14523865
0,0.12124574
0,0.22851923
0,0.32147017
0,0.26852003
0,0.16778651
0,0.10983129
0,0.2937441
0,0.19806091
0,0.34402433
0,0.40492103
0,0.27468073
0,0.20613474
0,0.3627469
0,0.13549687
0,0.2606285
0,0.2715415
0,0.17369743
0,0.3621253
0,0.29170328
0,0.3106425
0,0.19955464
0,0.58726555
0,0.1525894
0,0.1979957
0,0.14615348
0,0.30079067
0,0.18551257
0,0.13905622
0,0.5567052
0,0.24632043
0,0.13264742
0,0.095431305
0,0.23043643
0,0.21789008
0,0.30836374
0,0.6003211
0,0.12719576
0,0.10524746
0,0.14885332
0,0.35523736
0,0.6901261
0,0.6755165
0,0.7579025
0,0.4796616
0,0.44339037
0,0.55432767
0,0.55279356
0,0.69255567
0,0.15726829
0,0.07563617
0,0.083514765
0,0.13065921
0,0.26827547
0,0.13511376
0,0.15579672
0,0.16845316
0,0.34386408
0,0.3467684
0,0.32128927
0,0.65954834
0,0.22518046
0,0.23280625
0,0.11155444
0,0.09826176
0,0.2683375
0,0.24461415
0,0.17982116
0,0.29482192
0,0.33126578
0,0.2663069
0,0.17249002
0,0.18409523
0,0.33246464
0,0.19932866
0,0.4830418
0,0.13662532
0,0.21251239
0,0.1288461
0,0.15906477
0,0.19800803
0,0.41533315
0,0.70676345
0,0.19453277
0,0.045904875
0,0.20047447
0,0.24833822
0,0.4744825
0,0.42925027
0,0.51850146
0,0.15529333
0,0.11191042
0,0.21537621
0,0.16366987
0,0.1810046
0,0.18618616
0,0.14173524
0,0.8673472
0,0.19899657
0,0.24951312
0,0.34032997
0,0.12678607
0,0.08437276
0,0.10226707
0,0.33225137
0,0.5955028
0,0.23293194
0,0.5471979
0,0.21881758
0,0.11797947
0,0.15398861
0,0.12175079
0,0.08797863
0,0.10132674
0,0.48878533
0,0.25497675
0,0.12457597
0,0.14167556
0,0.10743656
0,0.24764138
0,0.18671918
0,0.08237575
0,0.18553998
0,0.09295907
0,0.12118714
0,0.36978218
0,0.6943582
0,0.19219072
0,0.079219006
0,0.08800429
0,0.40324783
0,0.20352681
0,0.13713844
0,0.13409065
0,0.25204855
0,0.16093424
0,0.24485712
0,0.19673574
0,0.24096067
0,0.4480617
0,0.26541898
0,0.45457983
0,0.9106604
0,0.09696266
0,0.26378006
0,0.9439743
0,0.35949767
0,0.6349333
0,0.18457875
0,0.07392708
0,0.072903804
0,0.7832672
0,0.24744385
0,0.1885091
0,0.13068184
0,0.22662751
0,0.27034265
0,0.1800314
0,0.35435686
0,0.19735928
0,0.10587164
0,0.33258122
0,0.11284531
0,0.30254614
0,0.08269143
0,0.09494847
0,0.087369755
0,0.106915556
0,0.57959527
0,0.23955104
0,0.07618124
0,0.12473262
0,0.15020056
0,0.2234411
0,0.29503566
0,0.09034448
0,0.12564193
0,0.21517876
0,0.23410851
0,0.08432125
0,0.15391727
0,0.17224945
0,0.41783246
0,0.11145005
0,0.1908706
0,0.34186754
0,0.33643946
0,0.10975874
0,0.09296613
0,0.15926035
0,0.12621538
0,0.33938116
0,0.1156717
0,0.16589396
0,0.47507346
0,0.1367706
0,0.10167854
0,0.14259571
0,0.16658412
0,0.39148387
0,0.14742881
0,0.1545193
0,0.21502082
0,0.14950192
0,0.12901305
0,0.7676135
0,0.08591021
0,0.18297379
0,0.38354465
0,0.14170973
0,0.43161106
0,0.13738143
0,0.11172472
0,0.071498625
0,0.1157851
0,0.23262154
0,0.21818896
0,0.33477068
0,0.21090886
0,0.09920082
0,0.105113365
0,0.105801925
0,0.39376494
0,0.2690028
0,0.20948428
0,0.25135547
0,0.104702346
0,0.24706751
0,0.1635204
0,0.3432421
0,0.2379541
0,0.26246598
0,0.33490038
0,0.23309101
0,0.1185978
0,0.21932653
0,0.15354152
0,0.21453993
0,0.26278904
0,0.10430936
0,0.31319064
0,0.3010603
0,0.22550002
0,0.14916444
0,0.1818765
0,0.16845013
0,0.24203876
0,0.25504532
0,0.13539533
0,0.2935564
0,0.43983164
0,0.16710673
0,0.11072835
0,0.2177978
0,0.11020778
0,0.12967595
0,0.14086263
0,0.22717491
0,0.2681386
0,0.3266399
0,0.15026446
0,0.14870672
0,0.09402226
0,0.11010477
0,0.19277242
0,0.123259716
0,0.0844445
0,0.079035096
0,0.08367232
0,0.1341084
0,0.121751525
0,0.095419884
0,0.17348003
0,0.10350443
0,0.110556535
0,0.25988078
0,0.10462627
0,0.14357345
0,0.106028914
0,0.062316332
0,0.10986656
0,0.11540036
0,0.08896636
0,0.09949395
0,0.1212775
0,0.08895742
0,0.0594917
0,0.13010411
0,0.12432674
0,0.06689625
0,0.28027737
0,0.34350872
0,0.1249349
0,0.14680465
0,0.13169768
0,0.11187183
0,0.09590037
0,0.15836224
0,0.21631354
0,0.2865179
0,0.17544058
0,0.37976384
0,0.4837784
0,0.20501731
0,0.13027368
0,0.12928432
0,0.0936745
0,0.084995314
0,0.13968469
0,0.14404856
0,0.08602214
0,0.13895558
0,0.11617972
0,0.21237305
0,0.24275371
0,0.06538494
0,0.3163594
0,0.11536502
0,0.13424225
0,0.08167408
0,0.12201969
0,0.16526763
0,0.08816637
0,0.17377163
0,0.2343186
0,0.18634668
0,0.095440835
0,0.06986254
0,0.09734688
0,0.14297017
0,0.37760398
0,0.11230098
0,0.08251485
0,0.13784927
0,0.10235266
0,0.14896888
0,0.11344812
0,0.1462083
0,0.5292611
0,0.11878128
0,0.14596021
0,0.28180596
0,0.103681006
0,0.09672652
0,0.09457994
0,0.053422723
0,0.16373862
0,0.3913569
0,0.09316727
0,0.11756438
0,0.061951913
0,0.12550609
0,0.1118061
0,0.08621765
0,0.20261563
0,0.112230375
0,0.09228422
0,0.3107413
0,0.087743655
0,0.119031735
0,0.15264459
0,0.07763954
0,0.1306656
0,0.124059245
0,0.16190207
0,0.16850023
0,0.11243404
0,0.16682674
0,0.20433602
0,0.09131417
0,0.24111542
0,0.20417912
0,0.14314403
0,0.13190685
0,0.23528256
0,0.12773158
0,0.060550757
0,0.07465274
0,0.08358642
0,0.18839425
0,0.30751222
0,0.21407011
0,0.10590773
0,0.30159244
0,0.28484857
0,0.077994876
0,0.08768539
0,0.1253337
0,0.30998278
0,0.18091135
0,0.2197249
0,0.16743156
0,0.0944216
0,0.06324896
0,0.28034404
0,0.34574735
0,0.1161552
0,0.19161277
0,0.08645213
0,0.14586839
0,0.32688633
0,0.22455914
0,0.1035371
0,0.06888826
0,0.10441981
0,0.68326485
0,0.12893388
0,0.47365317
0,0.8701881
0,0.16233313
0,0.13034505
0,0.99980235
0,0.35034794
0,0.7628683
0,0.3024844
0,0.11196529
0,0.08067647
0,0.1093314
0,0.2016859
0,0.09212963
0,0.077490896
0,0.22406152
0,0.18240637
0,0.1300627
0,0.46763006
0,0.12704408
0,0.09431306
0,0.15597647
0,0.3635768
0,0.059219413
0,0.04707504
0,0.40437427
0,0.11131607
0,0.096344076
0,0.16191761
0,0.15290762
0,0.06854465
0,0.08420092
0,0.29969352
0,0.1687227
0,0.14491446
0,0.09785393
0,0.29345322
0,0.103736006
0,0.05908489
0,0.08604465
0,0.118423775
0,0.13565062
0,0.20933738
0,0.17599867
0,0.6359536
0,0.13654657
0,0.18064752
0,0.15785715
0,0.18635537
0,0.16932642
0,0.16752407
0,0.07009634
0,0.13547112
0,0.10159952
0,0.16192639
0,0.16797046
0,0.35495263
0,0.29643458
0,0.16182484
0,0.31053746
0,0.20487039
0,0.31164286
0,0.55842084
0,0.24097587
0,0.14073816
0,0.08275021
0,0.40824306
0,0.34672183
0,0.21797311
0,0.20539431
0,0.14567922
0,0.16520761
0,0.35380858
0,0.14296359
0,0.37433246
0,0.28172493
0,0.47719583
0,0.1931159
0,0.34337723
0,0.44052023
0,0.5450386
0,0.3197432
0,0.1837273
0,0.29996026
0,0.25323802
0,0.2987844
0,0.12775584
0,0.32538867
0,0.19319218
0,0.11608907
0,0.17441921
0,0.37186223
0,0.22486137
0,0.4741148
0,0.1591352
0,0.3462593
0,0.13679853
0,0.18667158
0,0.5173127
0,0.18492885
0,0.16709746
0,0.46461946
0,0.1505361
0,0.110145465
0,0.16762413
0,0.41340655
0,0.33166438
0,0.2323137
0,0.11756065
0,0.14571069
0,0.15558474
0,0.8484763
0,0.4787135
0,0.28529778
0,0.088398814
0,0.062782854
0,0.078742996
0,0.5051957
0,0.2241526
0,0.1158282
0,0.15791991
0,0.11029715
0,0.3286584
0,0.33121058
0,0.10144774
0,0.7743723
0,0.17514327
0,0.08881927
0,0.19892028
0,0.4485474
0,0.5109468
0,0.2150928
0,0.10984662
0,0.47228196
0,0.40192512
0,0.15583684
0,0.5239753
0,0.22258419
0,0.19063368
0,0.20911613
0,0.38054532
0,0.15408479
0,0.14514112
0,0.27182364
0,0.16209505
0,0.40713605
0,0.123471275
0,0.20678294
0,0.3438626
0,0.103416175
0,0.1285864
0,0.13040489
0,0.5400088
0,0.1626259
0,0.09245686
0,0.2949391
0,0.9362572
0,0.6445296
0,0.11125347
0,0.13446331
0,0.11329677
0,0.22708517
0,0.15460543
0,0.6608983
0,0.16523555
0,0.14000541
0,0.32924914
0,0.24503933
0,0.2377249
0,0.31203488
0,0.13954416
0,0.14020035
0,0.60878295
0,0.30109197
0,0.24787866
0,0.15797716
0,0.18430865
0,0.14719604
0,0.78450954
0,0.7206006
0,0.5450504
0,0.47283503
0,0.1722188
0,0.37190744
0,0.11254216
0,0.2174403
0,0.3186398
0,0.26142883
0,0.119548686
0,0.19201013
0,0.11407356
0,0.20585367
0,0.34306097
0,0.19218947
0,0.39593512
0,0.23942067
0,0.13631293
0,0.073164836
0,0.17582376
0,0.22988191
0,0.70891523
0,0.7388253
0,0.13530968
0,0.0942017
0,0.118807234
0,0.21420616
0,0.5080077
0,0.20375341
0,0.1698146
0,0.15981358
0,0.18772002
0,0.16400133
0,0.5560873
0,0.651875
0,0.21690677
0,0.2128491
0,0.10338046
0,0.090267465
0,0.41707915
0,0.73736006
0,0.4968413
0,0.33395898
0,0.65439266
0,0.29170153
0,0.29814368
0,0.10788233
0,0.18935865
0,0.11130603
0,0.12504417
0,0.18106578
0,0.36621886
0,0.4282903
0,0.5400963
0,0.25133613
0,0.2824543
0,0.23666047
0,0.1638913
0,0.19996464
0,0.25869355
0,0.6024925
0,0.23851107
0,0.23728278
0,0.2825763
0,0.068126045
0,0.9281112
0,0.9331053
0,0.881969
0,0.1809865
0,0.05476621
0,0.09954557
0,0.34950012
0,0.39866605
0,0.19376658
0,0.32172793
0,0.2912188
0,0.15940897
0,0.11005818
0,0.28418624
0,0.3576277
0,0.25880396
0,0.12698402
0,0.10736932
0,0.45529065
0,0.20200013
0,0.19344874
0,0.12956555
0,0.32801056
0,0.9454715
0,0.18841682
0,0.3547958
0,0.9976841
0,0.2639249
0,0.9771687
0,0.09463249
0,0.1549667
0,0.29136595
0,0.4226374
0,0.5739362
0,0.29554334
0,0.5151717
0,0.5230755
0,0.07950528
0,0.23690899
0,0.169011
0,0.28559902
0,0.88747287
0,0.7842344
0,0.5980562
0,0.28027502
0,0.75090045
0,0.64829206
0,0.25300607
0,0.53803927
0,0.586341
0,0.105960906
0,0.112585925
0,0.21034895
0,0.5519119
0,0.301229
0,0.53667223
0,0.50545686
0,0.12598334
0,0.18313804
0,0.50291926
0,0.25369877
0,0.3133861
0,0.5198266
0,0.06597848
0,0.12592612
0,0.28248426
0,0.21047793
1,0.9935856
1,0.9996739
1,0.88031125
1,0.99999905
1,1.0
1,0.9999988
1,0.99998987
1,0.99999976
1,1.0
1,0.9999999
1,0.9999999
1,0.99994123
1,0.9999993
1,1.0
1,0.99999785
1,0.9999864
1,0.99995637
1,0.99999976
1,0.9999987
1,0.9998611
1,0.9999999
1,1.0
1,1.0
1,1.0
1,1.0
1,0.99999595
1,0.9994585
1,0.999833
1,1.0
1,1.0
1,0.9999999
1,0.99994123
1,0.99999964
1,1.0
1,0.98472667
1,0.9999988
1,1.0
1,0.99999917
1,0.9999993
1,1.0
1,1.0
1,0.99999416
1,0.9999993
1,0.99999845
1,1.0
1,1.0
1,1.0
1,0.999992
1,0.99999774
1,0.9999995
1,1.0
1,0.9999987
1,0.99999726
1,0.99999917
1,1.0
1,0.9999999
1,0.9999994
1,0.9999957
1,0.99999726
1,1.0
1,0.99999714
1,0.99999607
1,1.0
1,1.0
1,1.0
1,0.999997
1,0.9998387
1,0.9999877
1,0.9999807
1,0.9999994
1,1.0
1,0.99999726
1,0.99999845
1,1.0
1,1.0
1,0.9999999
1,0.9999999
1,0.9999989
1,0.99999976
1,1.0
1,0.999995
1,0.9999869
1,0.9999999
1,1.0
1,1.0
1,0.9999788
1,0.9999968
1,0.99999213
1,1.0
1,0.99999547
1,0.9999552
1,0.9997596
1,1.0
1,1.0
1,0.9999981
1,0.9999945
1,1.0
1,1.0
1,0.99999905
1,0.9987439
1,0.99982536
1,0.9999927
1,0.9999995
1,1.0
1,1.0
1,0.99998736
1,0.999954
1,0.9999999
1,1.0
1,0.9999876
1,0.99991775
1,0.9999999
1,1.0
1,1.0
1,0.9999982
1,0.9999546
1,0.99999845
1,1.0
1,0.9999337
1,0.9999831
1,1.0
1,1.0
1,1.0
1,0.99998844
1,0.99998724
1,0.9999957
1,1.0
1,0.9999999
1,0.99999833
1,0.99999857
1,0.99999964
1,1.0
1,0.9150768
1,0.99978876
1,0.99999475
1,0.9999968
1,1.0
1,1.0
1,0.99999976
1,0.99999774
1,0.9999857
1,1.0
1,0.9999962
1,0.9999981
1,0.999998
1,1.0
1,1.0
1,0.99989927
1,0.9999994
1,1.0
1,1.0
1,0.9999999
1,0.99987316
1,0.9999999
1,0.999992
1,1.0
1,0.99999964
1,0.9998833
1,0.99901164
1,0.9999989
1,1.0
1,0.99996996
1,0.9999945
1,1.0
1,1.0
1,0.94411284
1,0.9999994
1,0.9999999
1,0.9999989
1,0.9999981
1,0.9999565
1,1.0
1,0.999998
1,0.9999937
1,0.99998236
1,1.0
1,0.9999987
1,0.999972
1,0.99999785
1,1.0
1,1.0
1,0.9999746
1,0.9999461
1,0.98793226
1,0.99997246
1,1.0
1,0.9999963
1,0.9999944
1,0.9999995
1,0.9999999
1,0.9999974
1,0.99995494
1,1.0
1,1.0
1,0.9999999
1,0.9999596
1,0.9999993
1,0.9999999
1,0.9674277
1,0.99999976
1,0.99999976
1,1.0
1,0.99999845
1,0.99999595
1,1.0
1,0.99999905
1,0.9999678
1,0.99999905
1,1.0
1,0.99999857
1,0.9999995
1,0.9999999
1,1.0
1,1.0
1,0.9999924
1,0.99987674
1,0.9999925
1,0.9999448
1,0.99993753
1,1.0
1,1.0
1,1.0
1,0.9999932
1,0.999997
1,0.99999905
1,0.9999999
1,0.99999654
1,0.9999857
1,1.0
1,1.0
1,0.999992
1,0.99998164
1,0.9936766
1,0.99999774
1,0.99999976
1,0.9999999
1,1.0
1,1.0
1,0.999992
1,0.9995435
1,0.9999999
1,1.0
1,0.9999976
1,0.9997465
1,0.99999976
1,1.0
1,0.9999999
1,1.0
1,0.9999999
1,0.99999976
1,0.9999578
1,0.9999999
1,1.0
1,0.9999989
1,0.9999982
1,1.0
1,1.0
1,0.99999344
1,0.999997
1,1.0
1,1.0
1,0.9999999
1,1.0
1,0.9993119
1,0.9912988
1,0.99999774
1,1.0
1,1.0
1,0.9999999
1,0.9999958
1,0.9999994
1,1.0
1,1.0
1,0.99999726
1,0.9999975
1,0.9999951
1,0.9999999
1,1.0
1,0.999967
1,0.9999862
1,1.0
1,0.99999964
1,0.9999924
1,0.9998739
1,1.0
1,1.0
1,0.99998045
1,0.99999785
1,1.0
1,1.0
1,0.99998856
1,0.99999976
1,0.9999831
1,0.99999917
1,0.99999905
1,0.9999857
1,0.9999913
1,0.98910004
1,0.9999999
1,1.0
1,0.999992
1,0.99999845
1,0.9999964
1,1.0
1,1.0
1,0.99999714
1,1.0
1,0.9999838
1,0.9999995
1,0.9999919
1,0.9998089
1,0.99992824
1,0.99999976
1,0.99999964
1,0.9999695
1,0.99998975
1,1.0
1,0.9999995
1,0.99991643
1,0.99999654
1,1.0
1,1.0
1,0.9999962
1,0.99972886
1,0.9999957
1,1.0
1,0.99999964
1,0.9999956
1,0.9999914
1,0.99999976
1,0.6775284
1,1.0
1,0.9999999
1,0.9999999
1,0.99999905
1,0.99999857
1,1.0
1,1.0
1,0.9999658
1,0.99999976
1,0.9999999
1,0.9999999
1,0.99999344
1,0.99994195
1,0.99998534
1,0.99999976
1,1.0
1,0.99990046
1,0.9995098
1,1.0
1,0.9999993
1,0.9998431
1,0.9999999
1,0.99999917
1,1.0
1,0.9999993
1,0.99986184
1,0.99959207
1,1.0
1,0.9999888
1,0.9999931
1,0.9999908
1,0.9999999
1,0.95203406
1,0.9999999
1,0.99999905
1,0.99991083
1,0.999944
1,1.0
1,1.0
1,0.99998057
1,0.9999862
1,0.99999285
1,0.99999917
1,0.9999914
1,0.9999275
1,0.9999968
1,1.0
1,0.99999905
1,0.99999976
1,0.9999999
1,0.9999995
1,0.9999982
1,0.99999285
1,0.9999877
1,1.0
1,1.0
1,0.99999905
1,0.99999964
1,0.9999999
1,1.0
1,0.9999964
1,0.9999815
1,1.0
1,1.0
1,0.9999989
1,0.9999782
1,0.9998703
1,0.99999905
1,0.9999993
1,1.0
1,0.9999999
1,0.99999917
1,0.9997025
1,0.99999964
1,1.0
1,0.99999857
1,0.9999964
1,0.99999774
1,1.0
1,1.0
1,1.0
1,1.0
1,0.9999995
1,0.99999607
1,0.9999995
1,0.9999999
1,0.9999975
1,0.99999714
1,1.0
1,1.0
1,1.0
1,0.9999989
1,0.99999976
1,0.9999987
1,0.9999999
1,0.9999994
1,0.9999999
1,0.99998987
1,0.99963677
1,0.99999976
1,1.0
1,0.99999976
1,0.9998944
1,0.99980724
1,0.99999905
1,1.0
1,1.0
1,0.9999989
1,0.99995387
1,0.9999944
1,1.0
1,0.99999356
1,0.99996483
1,0.999998
1,1.0
1,0.9999964
1,0.9999356
1,0.99999964
1,1.0
1,0.99999857
1,0.99999964
1,0.9999831
1,1.0
1,1.0
1,0.999985
1,0.9999939
1,1.0
1,1.0
1,0.9999981
1,0.99999666
1,0.9999449
1,0.94840115
1,1.0
1,0.9999974
1,0.9999682
1,0.99991155
1,0.9999764
1,0.99999964
1,0.9999938
1,0.99999535
1,0.9999994
1,0.9999999
1,1.0
1,1.0
1,0.99999976
1,0.9999553
1,0.99998534
1,1.0
1,1.0
1,0.99999535
1,0.9999976
1,0.9999999
1,1.0
1,1.0
1,0.9999808
1,0.9999993
1,0.9999999
1,1.0
1,0.9999957
1,0.99997604
1,0.9999957
1,1.0
1,0.99961877
1,0.999977
1,0.93757486
1,0.99999845
1,0.99999917
1,0.9999465
1,0.9999734
1,1.0
1,1.0
1,0.9999974
1,0.99995244
1,1.0
1,1.0
1,0.99999964
1,0.9999652
1,0.9999896
1,1.0
1,0.9999999
1,0.9999634
1,0.99999833
1,0.9999999
1,1.0
1,0.9999975
1,0.9998541
1,0.99999535
1,1.0
1,0.9999968
1,0.9999964
1,0.99999976
1,0.9999969
1,0.9999964
1,0.9999913
1,0.9999999
1,0.9999981
1,0.9999857
1,0.9998332
1,0.94112927
1,0.99999166
1,1.0
1,0.99999976
1,0.9999933
1,0.99997544
1,0.99999416
1,0.9999999
1,0.9999999
1,0.9999864
1,0.99999845
1,1.0
1,0.99999976
1,0.99998593
1,0.9999994
1,1.0
1,0.99999964
1,0.9999994
1,0.9999976
1,0.9999999
1,0.9999974
1,0.99999917
1,0.99999976
1,0.9999995
1,1.0
1,0.99999845
1,0.9999833
1,0.9999995
1,0.9999999
1,0.9999908
1,0.99999976
1,0.999982
1,1.0
1,0.99357903
1,1.0
1,0.9999999
1,0.9999615
1,0.99999094
1,0.99997675
1,0.99998665
1,1.0
1,0.9999913
1,0.9999975
1,1.0
1,0.99999905
1,0.99996185
1,0.99998283
1,0.9999999
1,0.9999949
1,0.9999769
1,0.9999999
1,1.0
1,0.9999999
1,0.99999213
1,0.99999225
1,1.0
1,1.0
1,1.0
1,0.9999988
1,0.9999988
1,1.0
1,1.0
1,0.99999714
1,0.999741
1,0.9999968
1,1.0
1,0.94022673
1,0.99999666
1,0.99991333
1,0.99998856
1,0.99998033
1,1.0
1,0.9999994
1,0.9999747
1,0.9999995
1,1.0
1,1.0
1,0.99999964
1,0.9999082
1,0.99999416
1,1.0
1,1.0
1,0.99999964
1,0.9999999
1,0.9999752
1,0.9999989
1,1.0
1,0.99994934
1,0.9999604
1,0.999998
1,1.0
1,1.0
1,0.9999825
1,0.9999994
1,0.99999964
1,1.0
1,0.9999993
1,0.99995816
1,0.99954206
1,0.9997484
1,0.9999453
1,0.9999963
1,0.99999595
1,1.0
1,0.99999976
1,0.99998105
1,0.99963284
1,0.99999964
1,0.99999964
1,0.9999919
1,0.9999932
1,0.9999999
1,1.0
1,0.9999999
1,0.99998796
1,0.99998844
1,1.0
1,0.99999917
1,0.9999616
1,0.99997544
1,1.0
1,0.99999714
1,0.99998665
1,0.99993074
1,1.0
1,0.99999964
1,0.9999989
1,0.9999999
1,0.999997
1,1.0
1,0.9999864
1,0.97912186
1,0.9449102
1,0.9999559
1,1.0
1,1.0
1,0.99999225
1,0.99919313
1,1.0
1,1.0
1,0.9999529
1,0.9999888
1,0.99997675
1,0.9999999
1,1.0
1,0.9999976
1,0.9999863
1,0.99999535
1,1.0
1,0.9999974
1,0.9999343
1,0.99999356
1,0.9999999
1,1.0
1,0.99998724
1,0.9999838
1,0.999997
1,0.9999994
1,0.99994195
1,0.9999746
1,0.9999999
1,0.9999999
1,0.9999496
1,0.99940825
1,0.9999639
1,0.89424604
1,0.99999964
1,1.0
1,0.99999344
1,0.9999999
1,0.99999404
1,0.9999999
1,0.9999924
1,0.99990225
1,0.99999964
1,1.0
1,0.9999976
1,0.9993776
1,0.9999118
1,1.0
1,0.9999999
1,0.99999404
1,0.99996805
1,1.0
1,1.0
1,0.9999993
1,0.9999865
1,0.9999889
1,1.0
1,0.9999987
1,0.99997425
1,0.99999964
1,1.0
1,0.99999833
1,0.9999776
1,0.99997854
1,0.9999895
1,1.0
1,0.97024494
1,0.99998856
1,0.99998534
1,1.0
1,1.0
1,0.99999845
1,0.9999902
1,0.99998975
1,1.0
1,0.9999907
1,0.99999726
1,0.9999987
1,1.0
1,0.999998
1,0.99987507
1,0.99999774
1,1.0
1,0.99999976
1,0.99999654
1,0.9999981
1,1.0
1,1.0
1,0.9999958
1,0.9999927
1,0.9999993
1,1.0
1,0.999915
1,0.9999908
1,0.9999999
1,0.9999889
1,0.99996376
1,0.99998176
1,0.99999905
1,1.0
1,0.9960104
1,0.99995923
1,1.0
1,0.9999989
1,1.0
1,1.0
1,0.999998
1,0.99997234
1,0.99999917
1,1.0
1,0.9999988
1,0.9999944
1,1.0
1,0.9999993
1,0.9999989
1,0.9999988
1,1.0
1,1.0
1,0.9999989
1,0.99996257
1,0.9999981
1,1.0
1,0.99999857
1,0.9999881
1,0.99998856
1,1.0
1,0.999998
1,0.9990846
1,0.99995184
1,0.99999285
1,1.0
1,0.99140126
0,0.37117434
0,0.8145767
0,0.17150256
0,0.15195872
0,0.25030476
0,0.09789904
0,0.07091339
0,0.09709999
0,0.13947505
0,0.22089747
0,0.1741054
0,0.17525779
0,0.16453984
0,0.06434024
0,0.06549605
0,0.34471625
0,0.12567092
0,0.08846837
0,0.114891976
0,0.10129183
0,0.2895116
0,0.121665604
0,0.14624846
0,0.37388417
0,0.5997318
0,0.28988737
0,0.2744982
0,0.06716111
0,0.19451196
0,0.5008411
0,0.16975519
0,0.12587726
0,0.10195171
0,0.13718542
0,0.09605118
0,0.07335729
0,0.25139266
0,0.106859975
0,0.09498227
0,0.38041112
0,0.5390622
0,0.20683657
0,0.18112497
0,0.16867243
0,0.14815994
0,0.7905044
0,0.29922223
0,0.14888269
0,0.21260864
0,0.16250592
0,0.12962888
0,0.23559357
0,0.43057275
0,0.1323782
0,0.27375108
0,0.28291303
0,0.13103227
0,0.12894101
0,0.1526183
0,0.06917356
0,0.074303195
0,0.050511256
0,0.4934004
0,0.13017333
0,0.091556475
0,0.120350376
0,0.052644547
0,0.10537317
0,0.7680695
0,0.13511546
0,0.08117519
0,0.22034402
0,0.18382023
0,0.08091002
0,0.24136612
0,0.09511797
0,0.14412695
0,0.15333189
0,0.0705241
0,0.4598834
0,0.092923924
0,0.05898772
0,0.2472754
0,0.07558997
0,0.18006332
0,0.34026134
0,0.17044872
0,0.10920461
0,0.1182233
0,0.14188813
0,0.82980496
0,0.21798326
0,0.09659541
0,0.17169434
0,0.12413598
0,0.057363026
0,0.11598861
0,0.17584282
0,0.108277336
0,0.2726113
0,0.08254886
0,0.15602228
0,0.271963
0,0.08960357
0,0.1475591
0,0.09421338
0,0.16196123
0,0.21581912
0,0.075660385
0,0.51752585
0,0.13155772
0,0.068124875
0,0.1360612
0,0.96342367
0,0.15851495
0,0.24605577
0,0.26930547
0,0.18173109
0,0.12805691
0,0.13176973
0,0.1170772
0,0.07763929
0,0.14526993
0,0.122266404
0,0.34865797
0,0.1358901
0,0.095172815
0,0.23730193
0,0.1018503
0,0.15742764
0,0.1807728
0,0.20937248
0,0.1661077
0,0.09687703
0,0.25621447
0,0.7289674
0,0.43927434
0,0.15852344
0,0.159292
0,0.1914865
0,0.18934351
0,0.68005335
0,0.28387913
0,0.4016081
0,0.14744237
0,0.29788637
0,0.2997408
0,0.11304594
0,0.32169428
0,0.21560025
0,0.15114743
0,0.07515344
0,0.09654189
0,0.17935534
0,0.0690908
0,0.06756947
0,0.20396367
0,0.20394595
0,0.80804735
0,0.24559553
0,0.22320302
0,0.11733653
0,0.1835095
0,0.109731466
0,0.17145121
0,0.19115941
0,0.16170555
0,0.25883988
0,0.18008286
0,0.20771833
0,0.13966815
0,0.16724081
0,0.18764392
0,0.13778512
0,0.17390767
0,0.40590283
0,0.2519906
0,0.22019878
0,0.28709143
0,0.09689607
0,0.8680917
0,0.28473717
0,0.37118807
0,0.15292701
0,0.22393303
0,0.13281484
0,0.12068234
0,0.38861284
0,0.108328514
0,0.11385163
0,0.4492908
0,0.31259167
0,0.19857365
0,0.146376
0,0.19870093
0,0.3152198
0,0.12833329
0,0.27061626
0,0.09029339
0,0.09001722
0,0.35435596
0,0.13891971
0,0.8629512
0,0.7457583
0,0.34237865
0,0.15536243
0,0.65766567
0,0.18384881
0,0.36191377
0,0.38365963
0,0.11780785
0,0.095958285
0,0.26199096
0,0.08178501
0,0.8065075
0,0.12503536
0,0.16636245
0,0.089772366
0,0.13161856
0,0.24311832
0,0.54444087
0,0.18170777
0,0.12564749
0,0.14398177
0,0.25315386
0,0.70684
0,0.5920089
0,0.46863627
0,0.069382936
0,0.96430546
0,0.12754864
0,0.18967421
0,0.85413224
0,0.7743303
0,0.108707905
0,0.09350358
0,0.12061009
0,0.07993709
0,0.25823885
0,0.11539661
0,0.09445362
0,0.11666773
0,0.089325525
0,0.09908076
0,0.69295764
0,0.17822063
0,0.18389913
0,0.6888769
0,0.09222818
0,0.13093671
0,0.1360824
0,0.19898047
0,0.2012465
0,0.17596518
0,0.087454624
0,0.07839012
0,0.113141656
0,0.42660153
0,0.24076243
0,0.11779992
0,0.07043323
0,0.06594365
0,0.26915023
0,0.42900398
0,0.16295432
0,0.13024509
0,0.070802666
0,0.43333966
0,0.3117654
0,0.6950308
0,0.13404658
0,0.24714153
0,0.09350542
0,0.110270366
0,0.3031506
0,0.31533372
0,0.6460508
0,0.1789349
0,0.23063488
0,0.07734967
0,0.17527947
0,0.2606987
0,0.11415722
0,0.25383833
0,0.08256072
0,0.10429206
0,0.12703258
0,0.13669427
0,0.3446898
0,0.25103334
0,0.056398977
0,0.9538199
0,0.30515453
0,0.094342045
0,0.06375792
0,0.103966326
0,0.11588624
0,0.18206559
0,0.09550178
0,0.05869537
0,0.10510502
0,0.1946276
0,0.22111435
0,0.080285996
0,0.042505693
0,0.07733772
0,0.084464066
0,0.15817243
0,0.19194734
0,0.26284245
0,0.07848533
0,0.09586026
0,0.11097773
0,0.9709257
0,0.10918973
0,0.08177858
0,0.08291766
0,0.058927376
0,0.15257873
0,0.5891523
0,0.310359
0,0.71713036
0,0.06675525
0,0.100187846
0,0.29616448
0,0.11446438
0,0.34765604
0,0.07706986
0,0.11182701
0,0.12890273
0,0.27930933
0,0.2533934
0,0.24664368
0,0.07799454
0,0.116153285
0,0.81711715
0,0.16711694
0,0.10216227
0,0.3749328
0,0.11471656
0,0.08223363
0,0.18680729
0,0.12947302
0,0.13455057
0,0.15282732
0,0.0798445
0,0.087712325
0,0.1260378
0,0.15777355
0,0.119700864
0,0.12512776
0,0.07746598
0,0.20114887
0,0.07335895
0,0.13926734
0,0.116880774
0,0.38381618
0,0.833148
0,0.30050763
0,0.1801442
0,0.09663582
0,0.08424546
0,0.19246395
0,0.22048919
0,0.33536136
0,0.40384936
0,0.13074735
0,0.10390382
0,0.08039565
0,0.4801369
0,0.29659373
0,0.1170634
0,0.089589976
0,0.18545002
0,0.20531468
0,0.577404
0,0.079033665
0,0.124615096
0,0.12334287
0,0.6062127
0,0.45205668
0,0.116540626
0,0.14625834
0,0.13770454
0,0.1453145
0,0.120933
0,0.2706148
0,0.20112738
0,0.21445145
0,0.111534975
0,0.053863604
0,0.071995735
0,0.12655017
0,0.21536009
0,0.15169786
0,0.1323115
0,0.1004823
0,0.13996555
0,0.18063603
0,0.40710768
0,0.23519906
0,0.3471932
0,0.2686218
0,0.20296098
0,0.08814983
0,0.275052
0,0.09577107
0,0.12826423
0,0.24998581
0,0.11275188
0,0.13873391
0,0.100968204
0,0.13788947
0,0.08480999
0,0.09037064
0,0.2983855
0,0.119921796
0,0.06807479
0,0.13320102
0,0.6087534
0,0.112648435
0,0.07128634
0,0.09643989
0,0.37114024
0,0.9173516
0,0.22339402
0,0.22027092
0,0.16136736
0,0.0991088
0,0.29820755
0,0.059443563
0,0.07450343
0,0.13629422
0,0.18070483
0,0.5153266
0,0.10202695
0,0.10742781
0,0.12464891
0,0.8124351
0,0.100063376
0,0.14676876
0,0.12223556
0,0.27455053
0,0.21937658
0,0.13963234
0,0.38777715
0,0.7674193
0,0.19143881
0,0.12831007
0,0.18833889
0,0.1359432
0,0.17378272
0,0.0970327
0,0.13099486
0,0.31431752
0,0.1531816
0,0.3480451
0,0.22987491
0,0.09086416
0,0.10570033
0,0.12540548
0,0.16916741
0,0.122250706
0,0.105141535
0,0.05722162
0,0.39640525
0,0.2826354
0,0.103395775
0,0.22161363
0,0.8454511
0,0.19930898
0,0.34336156
0,0.10491886
0,0.07370065
0,0.1014683
0,0.18053937
0,0.27010813
0,0.09209841
0,0.14614978
0,0.1288629
0,0.09644637
0,0.17703016
0,0.6472687
0,0.12347812
0,0.074912526
0,0.09657226
0,0.10454054
0,0.40600786
0,0.17692278
0,0.16316229
0,0.36976406
0,0.116665035
0,0.43890238
0,0.25472775
0,0.12987055
0,0.97035843
0,0.17245941
0,0.17927536
0,0.3930984
0,0.68991834
0,0.1846445
0,0.061249856
0,0.10483866
0,0.22777314
0,0.12025456
0,0.17219009
0,0.09428014
0,0.0655283
0,0.10226568
0,0.25612003
0,0.8114442
0,0.102505915
0,0.061955653
0,0.80448246
0,0.13970648
0,0.17460068
0,0.15844941
0,0.14109439
0,0.06529472
0,0.30054575
0,0.088197075
0,0.03163478
0,0.081152685
0,0.12941518
0,0.10504496
0,0.10778844
0,0.069798455
0,0.3472918
0,0.05418444
0,0.20872578
0,0.15609902
0,0.109836645
0,0.3371667
0,0.3552721
0,0.37288567
0,0.9268326
0,0.18456788
0,0.16965835
0,0.16155776
0,0.07498869
0,0.082332596
0,0.17994413
0,0.09995705
0,0.2602315
0,0.3045979
0,0.04992039
0,0.12293599
0,0.07028003
0,0.1462839
0,0.32324085
0,0.09206265
0,0.10693612
0,0.0670662
0,0.18042059
0,0.11929966
0,0.3320712
0,0.30222616
0,0.7562733
0,0.09618868
0,0.2964506
0,0.16780736
0,0.58068115
0,0.50904214
0,0.1288743
0,0.1142323
0,0.19185607
0,0.33802727
0,0.09251634
0,0.15064159
0,0.12110466
0,0.16667457
0,0.05557744
0,0.10361593
0,0.12869407
0,0.16798486
0,0.73512894
0,0.25734824
0,0.20270783
0,0.14615832
0,0.85874635
0,0.11408327
0,0.098949835
0,0.13030532
0,0.3445758
0,0.1738963
0,0.1615812
0,0.122829065
0,0.075420246
0,0.16887766
0,0.24021798
0,0.16582863
0,0.10788748
0,0.25600067
0,0.10040381
0,0.22627212
0,0.1488876
0,0.12484623
0,0.052871812
0,0.15726875
0,0.29261124
0,0.22386028
0,0.84092283
0,0.23292056
0,0.19902052
0,0.32018915
0,0.1934064
0,0.11889083
0,0.10380471
0,0.11225409
0,0.29429135
0,0.14321405
0,0.1868728
0,0.19983377
0,0.1342678
0,0.09930756
0,0.10764958
0,0.18010166
0,0.12108546
0,0.36703402
0,0.12804447
0,0.20518525
0,0.5203469
0,0.087456256
0,0.090568334
0,0.5688924
0,0.0994232
0,0.13311708
0,0.1000065
0,0.24169342
0,0.25772342
0,0.09788742
0,0.04104971
0,0.27869466
0,0.48604602
0,0.48071867
0,0.13784353
0,0.077583455
0,0.07784549
0,0.09652084
0,0.10308805
0,0.09651729
0,0.0532879
0,0.3014409
0,0.8318162
0,0.4408357
0,0.9474048
0,0.89386296
0,0.11853382
0,0.20030926
0,0.7619405
0,0.6944406
0,0.1980789
0,0.3151323
0,0.6299646
0,0.38198063
0,0.72725326
0,0.17139347
0,0.08800186
0,0.27317652
0,0.23651065
0,0.54222214
0,0.39582348
0,0.4548014
0,0.6979228
0,0.2504179
0,0.6990504
0,0.82732517
0,0.9364335
0,0.8814516
0,0.30493388
0,0.23913428
0,0.34153008
0,0.35798946
0,0.35879484
0,0.26685232
0,0.23731868
0,0.52965033
0,0.8429648
0,0.16641648
0,0.14495212
0,0.09896705
0,0.21916218
0,0.28277686
0,0.47163236
0,0.24428588
0,0.08270212
0,0.1894352
0,0.17897046
0,0.2141379
0,0.93900406
0,0.44709852
0,0.074961655
0,0.1223909
0,0.112277165
0,0.31057218
0,0.24641988
0,0.3781619
0,0.16982359
0,0.19760253
0,0.79708326
0,0.42923638
0,0.21696697
0,0.31091654
0,0.1516886
0,0.43556798
0,0.541376
0,0.20068619
0,0.19251686
0,0.20222275
0,0.14291121
0,0.67944694
0,0.8220486
0,0.7725066
0,0.13392062
0,0.37756547
0,0.1413063
0,0.156395
0,0.30687845
0,0.29492837
0,0.19408733
0,0.18833923
0,0.1365539
0,0.48411918
0,0.319025
0,0.47043717
0,0.14757386
0,0.3074033
0,0.15006398
0,0.31561795
0,0.6379504
0,0.2092295
0,0.16830634
0,0.19767587
0,0.2021035
0,0.8896009
0,0.40863827
0,0.27511162
0,0.11533653
0,0.14569464
0,0.47091544
0,0.5393505
0,0.67036015
0,0.17338051
0,0.24441779
0,0.099194646
0,0.79000795
0,0.15920177
0,0.43420267
0,0.31932253
0,0.2338544
0,0.26927382
0,0.66811496
0,0.28638905
0,0.53716207
0,0.17681713
0,0.8639659
0,0.97968227
0,0.6391334
0,0.31891692
0,0.12554175
0,0.99827886
0,0.5856173
0,0.20463641
0,0.10699079
0,0.21195641
0,0.49478847
0,0.65319294
0,0.49552009
0,0.23772366
0,0.14062554
0,0.22110099
0,0.1893617
0,0.41879457
0,0.13850124
0,0.19669609
0,0.0807987
0,0.15814911
0,0.92702764
0,0.9391438
0,0.21403433
0,0.43926427
0,0.13223788
0,0.30804488
0,0.65397155
0,0.16336086
0,0.33884028
0,0.14386915
0,0.25482923
0,0.18405178
0,0.3258868
0,0.41471624
0,0.18912268
0,0.2835071
0,0.4903013
0,0.41559908
0,0.14557692
0,0.10233513
0,0.28228828
0,0.64382374
0,0.2226346
0,0.92889535
0,0.16800822
0,0.45612845
0,0.15330233
0,0.17690909
0,0.13851412
0,0.43777508
0,0.22946586
0,0.33828622
0,0.20649882
0,0.55659455
0,0.4056612
0,0.22924565
0,0.2565714
0,0.21356137
0,0.36678293
0,0.1988583
0,0.34638593
0,0.20150612
0,0.19965152
0,0.5060411
0,0.13072318
0,0.78112304
0,0.17665395
0,0.20947075
0,0.23505776
0,0.49702764
0,0.5972915
0,0.23414905
0,0.4910534
0,0.46658945
0,0.26690382
0,0.42303768
0,0.59569585
0,0.18265799
0,0.14336616
0,0.08886748
0,0.27272958
0,0.255051
0,0.39638856
0,0.28802404
0,0.22272506
0,0.22028884
0,0.19518302
0,0.84595174
0,0.71092314
0,0.14426215
0,0.157432
0,0.15415904
0,0.5651471
0,0.25910375
0,0.23213184
0,0.079046346
0,0.13715425
0,0.37610736
0,0.6610323
0,0.18735698
0,0.21953546
0,0.1386824
0,0.055748507
0,0.5439351
0,0.62740415
0,0.16651708
0,0.5878374
0,0.14562742
0,0.08034163
0,0.96899307
0,0.28148657
0,0.24367842
0,0.26011536
0,0.18203482
0,0.20222236
0,0.2836445
0,0.6188318
0,0.3771738
0,0.08761029
0,0.2018026
0,0.29076645
0,0.11159364
0,0.49937838
0,0.38064063
0,0.38667992
0,0.1992269
0,0.22518668
0,0.09585497
0,0.17970435
0,0.13750863
0,0.71780944
0,0.88918096
0,0.21236786
0,0.16656926
0,0.17342947
0,0.39642107
0,0.13002682
0,0.18903355
0,0.3625245
0,0.3086238
0,0.30919576
0,0.13528584
0,0.13739826
0,0.10396971
0,0.3505466
0,0.2860188
0,0.1731778
0,0.18467847
0,0.14638956
1,0.9864515
1,0.89523464
0,0.42029706
1,0.15771616
1,0.98426455
1,0.65444845
0,0.8203663
0,0.5072321
1,0.110719584
1,0.9841171
0,0.11059226
0,0.7948352
1,0.9341658
1,0.9210848
0,0.18141183
0,0.19145162
1,0.97856456
1,0.2610421
0,0.2934628
1,0.59364885
1,0.9916459
1,0.82900625
0,0.13294664
1,0.7424626
1,0.9859212
0,0.110755265
0,0.32076943
1,0.80921715
1,0.97886616
0,0.10564363
1,0.14698583
1,0.9827463
1,0.28455815
0,0.1501392
1,0.6703577
1,0.9737999
0,0.9762162
0,0.31660458
0,0.20744845
1,0.9590896
1,0.89776284
0,0.16636498
1,0.19050653
1,0.9774327
0,0.36059728
0,0.33192226
1,0.6739054
1,0.96323365
0,0.092068784
0,0.10708136
1,0.9270177
1,0.9522042
0,0.327597
0,0.2493694
1,0.6935908
1,0.93539315
0,0.120839395
0,0.17200136
1,0.98434275
1,0.9122841
0,0.23123257
0,0.3714973
1,0.9395539
1,0.7750321
0,0.11169177
0,0.7296839
0,0.34813002
1,0.99273336
1,0.5524013
0,0.1830803
1,0.17094193
1,0.97623605
0,0.21746013
0,0.5501702
1,0.80462575
1,0.97916096
0,0.17786323
0,0.29155934
1,0.9649022
1,0.78936654
0,0.4306768
0,0.5669062
1,0.947775
1,0.8204554
0,0.5695054
1,0.56735104
1,0.9865344
0,0.40617245
0,0.14792871
1,0.97171324
1,0.9614171
0,0.64138764
0,0.41100702
1,0.99293536
1,0.80676866
0,0.96821254
0,0.8828637
1,0.39106116
1,0.9902242
1,0.23897687
0,0.14799313
1,0.42847404
1,0.9912606
0,0.16981244
0,0.31948388
1,0.8761093
1,0.96001256
0,0.3552902
0,0.17861879
1,0.97170615
1,0.69239634
0,0.14661014
1,0.34422982
1,0.98940897
1,0.7653255
0,0.28600612
1,0.23839878
1,0.97941726
1,0.35358715
0,0.9208361
1,0.9032215
1,0.98536414
0,0.254399
0,0.13997176
1,0.902505
1,0.95980287
0,0.93724763
0,0.27124608
0,0.40294975
1,0.97980005
1,0.81315005
0,0.1216273
1,0.17618927
1,0.98377204
0,0.5346828
0,0.42725906
1,0.7975777
1,0.9793812
0,0.19884315
0,0.108883195
1,0.9475898
1,0.8936577
0,0.53358126
0,0.5411961
1,0.97922677
1,0.8855227
0,0.10536835
0,0.3097229
1,0.98274696
1,0.31505662
0,0.10099178
1,0.6969872
1,0.97299486
0,0.1639272
0,0.10801069
0,0.9603667
1,0.9797259
1,0.9877437
0,0.22719741
1,0.38069075
1,0.9884682
1,0.95990944
0,0.17028414
1,0.25982955
1,0.9880875
1,0.42960057
0,0.1948989
1,0.93648267
1,0.9747609
0,0.12426411
0,0.1789589
1,0.8332007
1,0.9525745
0,0.14072949
0,0.18095864
1,0.9652284
1,0.9212441
0,0.44394627
0,0.2839222
1,0.98173344
1,0.9185206
0,0.3619474
1,0.14326562
1,0.98639905
1,0.27007756
0,0.5354719
0,0.71207255
1,0.27384406
1,0.99316424
0,0.1407938
0,0.14999697
1,0.82291037
1,0.93888944
0,0.11506196
0,0.116561934
1,0.9746806
1,0.92235583
0,0.39572614
0,0.14529239
1,0.9583929
1,0.62398624
0,0.52755046
0,0.16034521
1,0.959562
1,0.88509256
0,0.9122677
1,0.37394404
1,0.9814871
0,0.1625512
0,0.12201522
1,0.9217361
1,0.93366754
0,0.22245301
0,0.41930267
1,0.94402903
1,0.84631884
0,0.8349275
0,0.26222068
0,0.2571604
1,0.99677616
1,0.6464184
0,0.14512257
1,0.2818646
1,0.9861912
0,0.12249856
0,0.18752058
1,0.8545366
1,0.9575019
0,0.24192017
0,0.16440144
1,0.94834733
1,0.8566509
0,0.18467017
0,0.14591216
1,0.9911265
1,0.58546656
0,0.19620305
1,0.1473021
1,0.97570455
1,0.26398996
0,0.5999603
1,0.8893244
1,0.9785995
0,0.14039467
0,0.13781823
1,0.6742714
1,0.984649
1,0.94693935
0,0.058556575
0,0.21390441
1,0.95242393
1,0.77409375
0,0.07255187
0,0.14539799
1,0.9765371
1,0.312253
0,0.29546434
1,0.54899496
1,0.9860718
1,0.57818455
0,0.07783437
1,0.11137929
1,0.9902449
0,0.49467012
0,0.47092867
1,0.68481475
1,0.96061337
0,0.43988404
0,0.081155635
1,0.9659764
1,0.9316113
0,0.26150647
1,0.2739992
1,0.984831
1,0.2990182
0,0.18957137
0,0.8380724
1,0.85918015
1,0.98719794
0,0.12802033
0,0.48594272
1,0.91999465
1,0.94072366
0,0.15411778
0,0.11197694
1,0.9803627
1,0.5033255
0,0.35412565
1,0.87972826
1,0.96138257
0,0.2937321
0,0.14143068
1,0.8958156
1,0.95818865
0,0.09030693
0,0.12638623
1,0.9772169
1,0.81273687
0,0.247679
1,0.8033985
1,0.9819939
1,0.19651818
0,0.0668449
1,0.8475716
1,0.98064446
0,0.23929553
0,0.8133928
0,0.21755339
1,0.9227133
1,0.8648728
0,0.12729153
0,0.12010554
1,0.9848321
1,0.8161984
0,0.077183545
1,0.41854367
1,0.98915607
0,0.17689231
0,0.1496927
1,0.7809965
1,0.9774228
0,0.15822487
0,0.44357744
1,0.88884455
1,0.9765385
0,0.3495273
0,0.12131911
1,0.9577457
1,0.8969871
0,0.09445555
0,0.5526503
1,0.9876978
1,0.8641708
0,0.21947885
1,0.0671266
1,0.95935243
1,0.6142018
0,0.8742579
0,0.08012123
1,0.8876162
1,0.9589032
0,0.14552271
0,0.1046062
1,0.9531053
1,0.9017163
0,0.18182321
0,0.52951837
1,0.9823806
1,0.8881201
0,0.538081
1,0.25420526
1,0.9437303
1,0.8313444
0,0.1803018
1,0.14721781
1,0.9857343
1,0.40683588
0,0.1439105
1,0.26672012
1,0.9849562
1,0.09199157
0,0.49932963
1,0.9395012
1,0.96216
0,0.21252178
0,0.19241284
1,0.9692377
1,0.93051636
0,0.49487966
0,0.2422124
1,0.60571367
1,0.9771823
0,0.09836791
0,0.31518462
1,0.82144445
1,0.8958346
0,0.19273192
0,0.114952624
1,0.9779288
1,0.91304946
0,0.46179175
1,0.17243823
1,0.9895166
1,0.24919489
0,0.2291765
1,0.39667284
1,0.98766345
0,0.29929194
0,0.17575857
1,0.7530826
1,0.97854245
0,0.14688197
0,0.13272245
1,0.9059768
1,0.8424064
0,0.28507364
0,0.5999202
1,0.5370151
1,0.9731794
0,0.09828639
0,0.2515712
1,0.6046125
1,0.9818253
0,0.46979097
0,0.14111742
1,0.9290251
1,0.94368505
0,0.24325298
0,0.3639235
1,0.9313168
1,0.69478273
0,0.1961477
1,0.100729376
1,0.98527527
0,0.32740155
0,0.34813008
1,0.2814377
1,0.98121315
1,0.27394798
0,0.26631302
1,0.9544151
1,0.9485264
0,0.25430158
1,0.1671547
1,0.99182254
1,0.23478226
0,0.9716816
0,0.6301525
1,0.8545387
1,0.93395674
0,0.12860428
0,0.43592736
1,0.98517704
1,0.755635
0,0.33608902
1,0.08629951
1,0.97048473
1,0.63952184
0,0.38832337
1,0.40987217
1,0.9899496
0,0.2582945
0,0.13265204
1,0.87807715
1,0.9262474
0,0.19092087
0,0.4306375
1,0.97496706
1,0.8013648
0,0.111414336
1,0.123585336
1,0.9623913
1,0.2310171
0,0.13382895
1,0.94756067
1,0.9704974
0,0.8369354
0,0.6593549
0,0.07410387
1,0.9054364
1,0.7135358
0,0.21368265
0,0.3396673
1,0.9797886
1,0.7825214
0,0.28901657
1,0.24517757
1,0.9884751
1,0.22524334
0,0.39004275
1,0.70884484
1,0.99216086
0,0.12591374
0,0.3863205
1,0.9546761
1,0.8860282
0,0.2829045
1,0.15686437
1,0.986427
1,0.9106127
0,0.15914756
0,0.15329689
1,0.9867164
1,0.7321786
0,0.31236467
1,0.8111972
1,0.94858557
1,0.84352744
0,0.18719433
0,0.3269247
1,0.8269212
1,0.9424502
0,0.3801355
1,0.29317704
1,0.9887261
1,0.18960278
0,0.23018628
1,0.25058728
1,0.96836174
0,0.3725156
1,0.5360759
1,0.9865472
1,0.68340087
0,0.20609343
1,0.1805421
1,0.98651433
0,0.17239167
0,0.23885044
1,0.9266593
1,0.9442077
0,0.14478417
0,0.11052146
1,0.96357
1,0.4626292
0,0.16685323
0,0.5795208
1,0.75440663
1,0.9966754
1,0.7848633
0,0.2801603
1,0.9978523
1,0.960238
1,0.60981107
0,0.23403984
0,0.20737879
1,0.9924401
1,0.27693516
0,0.1091842
1,0.81405723
1,0.9838506
0,0.28436476
0,0.20282575
1,0.5432494
1,0.9718682
0,0.08619545
0,0.0830363
1,0.8493634
1,0.91714853
0,0.3381221
0,0.19441956
1,0.9478531
1,0.7843118
0,0.1778061
0,0.09179751
1,0.93034846
1,0.7042706
0,0.29389405
0,0.7063904
1,0.14749582
1,0.98205864
1,0.14034937
0,0.20534208
1,0.61429673
1,0.9207044
0,0.09326056
0,0.14943112
1,0.9879252
1,0.4096533
0,0.29696456
1,0.08985288
1,0.98854125
1,0.83877254
0,0.14988367
1,0.7804265
1,0.9639901
0,0.089257665
0,0.07936237
1,0.9860123
1,0.75470567
0,0.49037823
1,0.1043389
1,0.981719
1,0.14350146
0,0.3012939
1,0.47051275
1,0.98986655
0,0.87910724
0,0.68000436
0,0.14051893
1,0.9339847
1,0.903431
0,0.13086194
0,0.4452289
1,0.9699219
1,0.72763634
0,0.22021365
1,0.22895177
1,0.9809457
1,0.14612553
0,0.056378238
1,0.8352492
1,0.9889374
0,0.1663932
0,0.21402542
1,0.8172801
1,0.97429127
0,0.13750888
0,0.1056451
1,0.99276626
1,0.8558261
0,0.4337316
1,0.14311731
1,0.9814494
0,0.13266106
0,0.08103954
1,0.19964206
1,0.9616022
1,0.9191746
0,0.20974003
0,0.39189705
1,0.9892715
1,0.64179313
0,0.09110556
0,0.57619894
1,0.9877022
1,0.4966064
0,0.25081208
1,0.18049617
1,0.96345574
1,0.1015571
0,0.095234215
1,0.40562323
1,0.98295516
0,0.24202937
0,0.36664215
1,0.87624174
1,0.87034094
0,0.09558171
0,0.09528616
1,0.9901654
1,0.4696029
0,0.31726614
1,0.08822048
1,0.98204595
1,0.12605944
0,0.10561478
0,0.84110385
1,0.7729546
1,0.97575927
0,0.17222564
0,0.14631242
1,0.94295883
1,0.8278512
0,0.17103282
1,0.7519756
1,0.9785824
0,0.18347797
0,0.18405631
1,0.9911795
1,0.7373925
0,0.10487409
1,0.29662845
1,0.9647942
1,0.2650776
0,0.14926252
1,0.7720894
1,0.93335444
0,0.14813419
0,0.16205469
1,0.9745361
1,0.6766789
0,0.4967191
1,0.29293564
1,0.9784959
0,0.17624184
0,0.90388846
0,0.17411129
1,0.8920661
1,0.9496869
0,0.2459306
0,0.23043843
1,0.978327
1,0.72430986
0,0.059845474
0,0.05202384
1,0.97266936
1,0.5534683
0,0.26630846
1,0.3088548
1,0.9775817
1,0.13908817
0,0.35672253
1,0.3126917
1,0.9715503
0,0.18306659
0,0.40787292
1,0.90796834
1,0.9210245
0,0.14189893
0,0.16381325
1,0.93246615
1,0.89009726
0,0.11938478
0,0.23144099
1,0.95156026
1,0.6481896
0,0.5712538
0,0.17003934
1,0.17792496
1,0.98503196
0,0.07945926
0,0.1283561
1,0.95107955
1,0.805541
0,0.23508608
0,0.20616734
1,0.9397574
1,0.8336386
0,0.06724053
0,0.07358912
1,0.9859302
1,0.5336888
0,0.12365589
1,0.8949883
1,0.9693475
0,0.114960715
0,0.3254429
1,0.97970754
1,0.8639215
0,0.07614601
0,0.26509345
0,0.37143037
0,0.17742068
1,0.8786415
1,0.9278761
0,0.9666421
0,0.10018441
0,0.15715072
1,0.9886184
1,0.63833797
0,0.09394954
0,0.10476245
1,0.9796117
1,0.111707956
0,0.4108529
1,0.18204044
1,0.9840704
1,0.1883241
0,0.11626823
1,0.7833403
1,0.9313358
0,0.1796223
0,0.18995331
1,0.97273993
1,0.9366464
0,0.27758843
0,0.28138041
1,0.8631165
1,0.94213593
0,0.16919097
1,0.10180004
1,0.9881259
1,0.12738879
0,0.14343058
0,0.87593806
1,0.76466686
1,0.91612816
0,0.2721446
0,0.094271585
1,0.91523856
1,0.96011996
0,0.16844168
0,0.19852683
1,0.94212747
1,0.88647574
0,0.3314372
0,0.3049436
1,0.9617662
1,0.79090506
0,0.08775743
0,0.71244663
1,0.9645291
1,0.72168803
0,0.5975602
1,0.7664048
1,0.96397614
0,0.07014007
0,0.117505915
1,0.9742494
1,0.84541184
0,0.15010314
0,0.33088484
1,0.9713655
1,0.84913963
0,0.27741194
0,0.8587598
1,0.43863222
1,0.95876163
0,0.24968217
0,0.2691384
1,0.91944855
1,0.96583575
0,0.23440737
0,0.10997948
1,0.94335073
1,0.86437184
0,0.15503159
0,0.108271584
1,0.96547145
1,0.6299858
0,0.41994727
1,0.12849656
1,0.96834743
1,0.15233755
0,0.23247498
1,0.40658918
1,0.97858423
0,0.12166846
0,0.20390108
1,0.8478907
1,0.95131683
0,0.115459464
0,0.21931823
1,0.9762029
1,0.80375105
0,0.74723
0,0.14891371
1,0.22824612
1,0.97875744
0,0.31280407
0,0.24844994
1,0.4199198
1,0.97707385
0,0.18459395
0,0.14342108
1,0.85730577
1,0.93999684
0,0.2638935
0,0.18723607
1,0.9798599
1,0.2276567
0,0.0906787
1,0.1173675
1,0.99224937
1,0.27167553
0,0.12163153
1,0.28930342
1,0.9844475
0,0.05665774
0,0.07565009
1,0.5459118
1,0.94195014
0,0.66238654
0,0.14590801
1,0.7456172
1,0.86910605
1,0.5895419
0,0.07112133
0,0.112994954
1,0.98593044
1,0.29486856
0,0.19915815
1,0.19749564
1,0.9783717
1,0.14281084
0,0.124711454
1,0.91303974
1,0.9175388
0,0.12210229
0,0.21088295
1,0.9540059
1,0.91631037
0,0.3834171
0,0.25232175
1,0.93531233
1,0.85216045
0,0.21058044
1,0.11362313
1,0.9808958
1,0.26940367
0,0.12309891
1,0.5513865
1,0.98430496
1,0.12950265
0,0.11506763
0,0.9221343
1,0.9597988
1,0.9803491
0,0.111101106
0,0.31358796
1,0.39975342
1,0.9764544
0,0.6662238
0,0.47066438
1,0.27430618
1,0.96906495
0,0.12188831
0,0.26884052
1,0.6047571
1,0.9584746
0,0.14063272
0,0.18231936
1,0.9092312
1,0.87320936
0,0.08332628
0,0.093767494
1,0.9706227
1,0.45673686
0,0.152038
1,0.12797321
1,0.98393804
1,0.491356
0,0.3225004
1,0.6149293
1,0.9781327
0,0.14838485
0,0.9599717
0,0.06256657
1,0.984869
1,0.7971283
0,0.16030374
0,0.069874145
1,0.98816866
1,0.85224956
0,0.106357954
1,0.80264765
1,0.9763559
0,0.24130915
0,0.23218124
1,0.9003867
1,0.9596629
0,0.15616529
0,0.0910484
1,0.7600416
1,0.9483044
0,0.14035797
0,0.36130545
1,0.91847193
1,0.9181779
0,0.5009897
0,0.20258205
1,0.5855533
1,0.9508444
0,0.47602373
0,0.23371236
1,0.9361525
1,0.5881946
0,0.7168898
0,0.38567978
1,0.87749135
1,0.9248449
0,0.4315472
0,0.32505995
1,0.788813
1,0.94013476
0,0.1417376
0,0.15742092
1,0.9550323
1,0.63639504
0,0.47328
1,0.48108992
1,0.9722304
1,0.20023566
0,0.08960413
0,0.09821407
1,0.98259914
1,0.34452128
0,0.45249045
1,0.66388935
1,0.9811178
1,0.5133663
0,0.25357425
1,0.5636011
1,0.981563
1,0.3994465
0,0.6788869
1,0.4367569
1,0.9643916
0,0.29408005
0,0.13471714
0,0.15553036
1,0.9569141
1,0.42720938
0,0.33054173
1,0.60507035
1,0.98711324
1,0.25721312
0,0.12389771
1,0.48154765
1,0.9720862
1,0.33487222
0,0.23969741
1,0.5372463
1,0.9834107
1,0.16391507
0,0.068074964
1,0.13274278
1,0.9717679
1,0.19211219
0,0.5717252
1,0.18920943
1,0.9886713
0,0.21635267
0,0.12706879
1,0.7570435
1,0.9677105
0,0.20017377
0,0.66413337
1,0.7705016
1,0.9778041
1,0.22928233
0,0.10051681
0,0.13636757
0,0.1206039
0,0.12066078
0,0.17658965
0,0.3145227
0,0.16988142
0,0.10252263
0,0.35275784
0,0.11636384
0,0.062831506
0,0.38665164
0,0.081666425
0,0.11016889
0,0.24708748
0,0.34322134
0,0.11009947
0,0.24038121
0,0.17576723
0,0.15947789
0,0.6058727
0,0.07366787
0,0.14538756
0,0.09736011
0,0.2410734
0,0.51893646
0,0.67575467
0,0.12619185
0,0.46026805
0,0.093436345
0,0.14902066
0,0.089194305
0,0.12454685
0,0.12126688
0,0.111113116
0,0.14147425
0,0.18349196
0,0.5796937
0,0.16521065
0,0.107681215
0,0.112962596
0,0.18955448
0,0.5199404
0,0.92915034
0,0.21637715
0,0.31304353
0,0.16977979
0,0.7360224
0,0.15039033
0,0.121084005
0,0.2968869
0,0.21587147
0,0.5377608
0,0.67996985
0,0.20511444
0,0.119322754
0,0.121796004
0,0.13579223
0,0.5414132
0,0.16800436
0,0.1059204
0,0.08016682
0,0.07191354
0,0.112764366
0,0.40790755
0,0.70981914
0,0.32895198
0,0.13507651
0,0.08860644
0,0.111058824
0,0.12306264
0,0.22986662
0,0.22850817
0,0.09976149
0,0.11268709
0,0.17798845
0,0.18437466
0,0.20013894
0,0.17697248
0,0.23605488
0,0.09338339
0,0.17836347
0,0.67972285
0,0.35835648
0,0.2016766
0,0.27929232
0,0.10750437
0,0.49044618
0,0.13978212
0,0.111420676
0,0.12677783
0,0.28607523
0,0.39692205
0,0.13649577
0,0.3045898
0,0.11356824
0,0.16384381
0,0.14053307
0,0.30200425
0,0.18922393
0,0.078436725
0,0.1717878
0,0.4132509
0,0.4394058
0,0.4166757
0,0.11258602
0,0.12885922
0,0.2045379
0,0.3237616
0,0.19149593
0,0.3482116
0,0.54464287
0,0.24429496
0,0.65621
0,0.5403262
0,0.24003547
0,0.1693363
0,0.42790106
0,0.20842457
0,0.71658
0,0.596508
0,0.6767887
0,0.116633594
0,0.24434121
0,0.48788336
0,0.1880925
0,0.23974082
0,0.09794828
0,0.09203057
0,0.1098697
0,0.31789544
0,0.81029844
0,0.08821993
0,0.28480655
0,0.75372744
0,0.570544
0,0.86908543
0,0.31560406
0,0.29023874
0,0.22469035
0,0.18946254
0,0.164722
0,0.30132404
0,0.07991509
0,0.15692978
0,0.1998633
0,0.1597745
0,0.23589724
0,0.16889028
0,0.19179747
0,0.25534755
0,0.16611455
0,0.09218131
0,0.40579277
0,0.38600057
0,0.21452022
0,0.32734388
0,0.08213063
0,0.39749262
0,0.16123073
0,0.13379654
0,0.10508296
0,0.36988226
0,0.2465075
0,0.6255993
0,0.17395432
0,0.20652305
0,0.109522
0,0.08951488
0,0.06597361
0,0.18480936
0,0.36873034
0,0.11302086
0,0.13638796
0,0.25705782
0,0.43060246
0,0.5094383
0,0.20225725
0,0.13904175
0,0.087441415
0,0.26506713
0,0.25737536
0,0.2796362
0,0.14830947
0,0.1559773
0,0.1967442
0,0.26145616
0,0.21671633
0,0.38570443
0,0.2240878
0,0.2705186
0,0.18403223
0,0.5499985
0,0.6822393
0,0.18051068
0,0.13670741
0,0.15362653
0,0.37664077
0,0.6648932
0,0.2528296
0,0.28856164
0,0.26721406
0,0.23544043
0,0.19642405
0,0.24048701
0,0.6612518
0,0.18263558
0,0.22781591
0,0.20938836
0,0.26911467
0,0.15522973
0,0.43976873
0,0.16102397
0,0.1298949
0,0.24088043
0,0.492019
0,0.16217265
0,0.44440714
0,0.6826863
0,0.13956112
0,0.46947813
0,0.5998409
0,0.45437324
0,0.3889329
0,0.28022644
0,0.2997998
0,0.42060372
0,0.21665116
0,0.32530144
0,0.21448998
0,0.10656319
0,0.3680374
0,0.3612687
0,0.16053332
0,0.13112094
0,0.3399279
0,0.26319563
0,0.27185023
0,0.55435276
0,0.14938547
0,0.17706536
0,0.1730216
0,0.17926465
0,0.9056358
0,0.16824776
0,0.75557697
0,0.21522951
0,0.11577092
0,0.26413387
0,0.18635881
0,0.16013932
0,0.3192418
0,0.093911394
0,0.11254163
0,0.20121692
0,0.10626191
0,0.18098982
0,0.29740217
0,0.15908393
0,0.13776623
0,0.15731665
0,0.5114363
0,0.31764042
0,0.21050797
0,0.13947052
0,0.613727
0,0.76738256
0,0.18623312
0,0.11668513
0,0.2323294
0,0.25684386
0,0.32767573
0,0.24768789
0,0.19535969
0,0.3220577
0,0.6647007
0,0.2061093
0,0.19009788
0,0.11207684
0,0.19823556
0,0.5107888
0,0.18269603
0,0.11187162
0,0.38535196
0,0.52167225
0,0.5718842
0,0.15921946
0,0.13613603
0,0.3044536
0,0.76023185
0,0.24975687
0,0.12643729
0,0.2979812
0,0.15003482
0,0.37250492
0,0.19703592
0,0.4760463
0,0.22312582
0,0.13374346
0,0.44809872
0,0.2781907
0,0.22930378
0,0.28917032
0,0.24766332
0,0.27666
0,0.22788922
0,0.20078696
0,0.11106713
0,0.14639439
0,0.2284117
0,0.7088869
0,0.47810006
0,0.13136847
0,0.13080458
0,0.23974636
0,0.1422647
0,0.435306
0,0.15312992
0,0.1789851
0,0.27763653
0,0.18574268
0,0.18857373
0,0.39950973
0,0.09502261
0,0.1329855
0,0.17599481
0,0.7109751
0,0.32622224
0,0.23420812
0,0.31461713
0,0.12535585
0,0.08998633
0,0.19352438
0,0.6279507
0,0.64442474
0,0.09716811
0,0.5738103
0,0.36572945
0,0.5232049
0,0.64398557
0,0.21722497
0,0.20764592
0,0.48255357
0,0.5535553
0,0.14073622
0,0.34721133
0,0.38963598
0,0.39353338
0,0.29320204
0,0.37857276
0,0.4338888
0,0.3604276
0,0.38673326
0,0.42797834
0,0.282233
0,0.49756125
0,0.44274938
0,0.19232015
0,0.08951783
0,0.31171787
0,0.33491567
0,0.22255087
0,0.42012644
0,0.23422612
0,0.11969039
0,0.18690768
0,0.36512253
0,0.13259111
0,0.27367377
0,0.21398711
0,0.11659665
0,0.16435772
0,0.34111398
0,0.22274566
0,0.10543391
0,0.33911744
0,0.24298893
0,0.14120181
0,0.44733498
0,0.23202126
0,0.0951067
0,0.08735122
0,0.13990016
0,0.3337455
0,0.25379863
0,0.62013435
0,0.11550752
0,0.24869084
0,0.122173905
0,0.09254197
0,0.11212781
0,0.2032938
0,0.35622418
0,0.16445959
0,0.27038106
0,0.2414178
0,0.05522065
0,0.1694718
0,0.19669148
0,0.16899194
0,0.16253316
0,0.15255237
0,0.12682211
0,0.25169298
0,0.11535602
0,0.6772628
0,0.11681354
0,0.19163616
0,0.4546517
0,0.07579694
0,0.3143183
0,0.43801507
0,0.48764563
0,0.28779945
0,0.1449951
0,0.14105846
0,0.19505315
0,0.21677348
0,0.22945951
0,0.22985621
0,0.42241088
0,0.6648288
0,0.5327827
0,0.15472117
0,0.15615866
0,0.087725796
0,0.16203251
0,0.41218898
0,0.21922325
0,0.37451681
0,0.34759665
0,0.28157815
0,0.40639237
0,0.27998757
0,0.49488306
0,0.7105963
0,0.24005908
0,0.72664994
0,0.4050338
0,0.803147
0,0.46498746
0,0.8299767
0,0.08648312
0,0.2419274
0,0.9921538
0,0.57517713
0,0.36170512
0,0.47302562
0,0.64538085
0,0.19081032
0,0.68229777
0,0.3820171
0,0.4773342
0,0.4910195
0,0.7425869
0,0.64236
0,0.7550165
0,0.6968979
0,0.7142975
0,0.7697718
0,0.5310682
0,0.7525307
0,0.60917664
0,0.68891007
0,0.5232955
0,0.5975623
0,0.41428486
0,0.340896
0,0.37355095
0,0.73725635
0,0.3335514
0,0.7045542
0,0.69362116
0,0.5625658
0,0.35602227
0,0.18606496
0,0.15431389
0,0.19189247
0,0.29374185
0,0.24133249
0,0.5192757
0,0.3528895
0,0.7564406
0,0.70587045
0,0.13016741
0,0.24695428
0,0.22310412
0,0.14806314
0,0.3222349
0,0.32103902
0,0.6164171
0,0.09259537
0,0.20047733
0,0.34341276
0,0.23361416
0,0.41592827
0,0.22494565
0,0.5616512
0,0.80353516
0,0.71955484
0,0.7167214
0,0.16528313
0,0.24225244
0,0.37922338
0,0.21522628
0,0.35726646
0,0.5030237
0,0.64792377
0,0.3295227
0,0.3489169
0,0.27753064
0,0.6996365
0,0.37190676
0,0.7323653
0,0.4068655
0,0.41830352
0,0.54014033
0,0.8592769
0,0.40596983
0,0.30378002
0,0.80871075
0,0.49992448
0,0.80366385
0,0.43976304
0,0.6868942
0,0.56402695
0,0.25164145
0,0.579703
0,0.48918495
0,0.40649
0,0.36110264
0,0.5484804
0,0.40163186
0,0.72936404
0,0.48710656
0,0.5425217
0,0.2779925
0,0.83806247
0,0.48674804
0,0.20033385
0,0.6895987
0,0.60171354
0,0.3617897
0,0.8242001
0,0.8100938
0,0.4339287
0,0.45496538
0,0.39402968
0,0.37274536
0,0.15509613
0,0.50127393
0,0.35868654
0,0.719012
0,0.35360608
0,0.64712214
0,0.6056984
0,0.8473269
0,0.38486958
0,0.8370237
0,0.60520315
0,0.32485914
0,0.52724856
0,0.5759084
0,0.38244614
0,0.1649805
0,0.2765622
0,0.36134866
0,0.5577864
0,0.37896797
0,0.33142602
0,0.48407543
0,0.27309385
0,0.67758316
0,0.7730016
0,0.56850886
0,0.5995169
0,0.3974315
0,0.8185428
0,0.79896617
0,0.835403
0,0.6832607
0,0.8507451
0,0.84725153
0,0.75215375
0,0.62372273
0,0.3491547
0,0.24616292
0,0.62030524
0,0.46656254
0,0.25274202
0,0.47825593
0,0.33684605
0,0.8475365
0,0.5052117
0,0.2575771
0,0.19137917
0,0.2779263
0,0.12908424
0,0.21761777
0,0.35513288
0,0.5033535
0,0.8411414
0,0.20994587
0,0.6302952
0,0.43520844
0,0.5235224
0,0.63251877
0,0.5471645
0,0.18905921
0,0.22183582
0,0.2125333
0,0.9013704
0,0.39626443
0,0.3153877
0,0.6016433
0,0.63769025
0,0.5995084
0,0.72082984
0,0.6991804
0,0.22798647
0,0.3640475
0,0.123369835
0,0.80562174
0,0.5292604
0,0.30345687
0,0.36653206
0,0.33442372
0,0.3578542
0,0.40069085
0,0.27248293
0,0.6999404
0,0.48514774
0,0.6895355
0,0.75149024
0,0.67350674
0,0.25873855
0,0.4411492
0,0.12368381
0,0.769706
0,0.59856594
0,0.14964835
0,0.4588639
0,0.25059113
0,0.39653993
0,0.2156469
0,0.28262326
0,0.5709872
0,0.23171046
0,0.4192192
0,0.6966504
0,0.3655738
0,0.36800477
0,0.15543483
0,0.23576082
0,0.18936445
0,0.4168702
0,0.5912648
0,0.513614
0,0.3315461
0,0.23055778
0,0.69847304
0,0.72081906
0,0.45839489
0,0.8071857
0,0.5318738
0,0.5672791
0,0.69431365
0,0.63034856
0,0.17930107
0,0.1750734
0,0.24596861
0,0.24022993
0,0.37478817
0,0.32912627
0,0.47575164
0,0.3553177
0,0.4206674
0,0.34932074
0,0.22676072
0,0.57106847
0,0.8308142
0,0.5694743
0,0.6933469
0,0.7293483
0,0.4383667
0,0.30950427
0,0.6953918
0,0.5732931
0,0.8473759
0,0.49497625
0,0.40578294
0,0.5051312
0,0.43490294
0,0.85919005
0,0.42862836
0,0.36238003
0,0.38094592
0,0.79780376
0,0.39730752
0,0.61566615
0,0.14631414
0,0.099786654
0,0.44006512
0,0.21574843
0,0.7342123
0,0.5339178
0,0.20845142
0,0.7120699
0,0.8271766
0,0.14784253
0,0.99931514
0,0.10728453
0,0.56396836
0,0.4351241
0,0.22849022
0,0.31410232
0,0.3924539
0,0.14728165
0,0.31949627
0,0.17072085
0,0.22496206
0,0.3256294
0,0.32314092
0,0.82028174
0,0.31887558
0,0.3673887
0,0.19228718
0,0.24831279
0,0.13412622
0,0.33717442
0,0.6752708
0,0.21288903
0,0.66892004
0,0.544234
0,0.40111685
0,0.7601876
0,0.25585842
0,0.7802501
0,0.50430137
0,0.45760518
0,0.8175319
0,0.09597524
0,0.24339367
0,0.85256994
0,0.515412
0,0.5209019
0,0.40661615
0,0.6693663
0,0.5651672
0,0.42216647
0,0.16050516
0,0.22572678
0,0.7113151
0,0.55314815
0,0.230803
0,0.12084883
0,0.12712911
0,0.115059
0,0.48003504
0,0.15849268
0,0.5981557
0,0.60101515
0,0.31456345
0,0.20786619
0,0.6724592
0,0.2871701
0,0.30669454
0,0.19754735
0,0.24290669
0,0.29490578
0,0.33188334
0,0.457773
0,0.508151
0,0.40241307
0,0.7625936
0,0.15762486
0,0.30632743
0,0.29664344
0,0.22684857
0,0.33068946
0,0.26046684
0,0.4106284
0,0.41430995
0,0.33970207
0,0.11492551
0,0.20933977
0,0.138341
0,0.23054604
0,0.43414226
0,0.6304066
0,0.14314654
0,0.18596447
0,0.5042571
0,0.52675617
0,0.532466
0,0.67145026
0,0.32743204
0,0.8826145
0,0.84564906
0,0.2653917
0,0.27553865
0,0.26984274
0,0.5112003
0,0.20761238
0,0.31037527
0,0.13692065
0,0.098148845
0,0.23457557
0,0.27984798
0,0.37986317
0,0.1540973
0,0.33045092
0,0.098120704
0,0.6564359
0,0.2853707
0,0.3344282
0,0.13627823
0,0.79152805
0,0.21397485
0,0.73162633
0,0.50366646
0,0.65171945
0,0.18064994
0,0.47761032
0,0.72578543
0,0.27398422
0,0.2241801
0,0.16681859
0,0.10774691
0,0.18556018
0,0.42789263
0,0.18446602
0,0.1836423
0,0.2013481
0,0.38348117
0,0.2619208
0,0.18971333
0,0.4996562
0,0.91210455
0,0.64803785
0,0.46870926
0,0.57172906
0,0.6300869
0,0.21810696
0,0.43123138
0,0.31087515
0,0.27554432
0,0.63849944
0,0.7005956
0,0.21000703
0,0.4043074
0,0.70864403
0,0.31234634
1,0.45395887
1,0.9931236
1,0.9294126
1,0.9831924
1,0.9989015
1,0.99507517
1,0.985502
1,0.9983094
1,0.99860424
1,0.983048
1,0.89031863
1,0.99187475
1,0.88424325
1,0.9518845
1,0.99988127
1,0.977684
1,0.982893
1,0.96815914
1,0.9913066
1,0.9345849
1,0.92790896
1,0.98586893
1,0.99950624
1,0.9990877
1,0.99343663
1,0.9998441
1,0.9933357
1,0.98163533
1,0.9118328
1,0.9670064
1,0.9982528
1,0.99327457
1,0.9957205
1,0.99947655
1,0.9943086
1,0.8954743
1,0.9880244
1,0.99713254
1,0.96128154
1,0.9930165
1,0.99983037
1,0.99393535
1,0.95807844
1,0.9724115
1,0.9900905
1,0.96962905
1,0.9467388
1,0.9992275
1,0.99723494
1,0.95710355
1,0.9980685
1,0.99191195
1,0.97112006
1,0.9696754
1,0.9880948
1,0.9901313
1,0.90756613
1,0.98178047
1,0.9997903
1,0.9580874
1,0.8411024
1,0.98209256
1,0.99430776
1,0.9587431
1,0.98677045
1,0.9995936
1,0.9975803
1,0.9516473
1,0.95704603
1,0.99922514
1,0.9588551
1,0.9705644
1,0.9957686
1,0.9997403
1,0.9916086
1,0.9906517
1,0.9889116
1,0.99972314
1,0.9966095
1,0.9411758
1,0.8844578
1,0.98862594
1,0.9779182
1,0.9898741
1,0.9999198
1,0.99793065
1,0.98160225
1,0.9819667
1,0.9835477
1,0.99531305
1,0.9862562
1,0.9335086
1,0.99171925
1,0.999463
1,0.99016726
1,0.9331196
1,0.95501834
1,0.99464864
1,0.9650738
1,0.9634756
1,0.9972095
1,0.99996364
1,0.99920833
1,0.97112453
1,0.99211067
1,0.9943381
1,0.95110154
1,0.91562974
1,0.9982154
1,0.99994147
1,0.9935263
1,0.9856671
1,0.96779555
1,0.9801701
1,0.89198935
1,0.96077776
1,0.9941852
1,0.9860738
1,0.9871984
1,0.999948
1,0.9694187
1,0.9667946
1,0.97121537
1,0.99596786
1,0.99930954
1,0.99658054
1,0.9917836
1,0.9879119
1,0.99961793
1,0.9853302
1,0.93231463
1,0.9280032
1,0.9986362
1,0.99334526
1,0.9777533
1,0.9934278
1,0.9997384
1,0.98183745
1,0.96670705
1,0.93709064
1,0.984559
1,0.9967888
1,0.99109066
1,0.9747935
1,0.9918241
1,0.99780566
1,0.9630233
1,0.89432484
1,0.98012036
1,0.9544588
1,0.99722123
1,0.998489
1,0.9999746
1,0.99904865
1,0.94347703
1,0.98538256
1,0.97872716
1,0.9508347
1,0.93867016
1,0.9983082
1,0.9999291
1,0.9997747
1,0.9902193
1,0.96007687
1,0.9939936
1,0.96520406
1,0.9390327
1,0.9616452
1,0.9995498
1,0.99908626
1,0.90503967
1,0.9390613
1,0.9852851
1,0.9479751
1,0.95497924
1,0.9486922
1,0.99931896
1,0.99617577
1,0.99350464
1,0.97916096
1,0.9998745
1,0.9565425
1,0.89575636
1,0.9547013
1,0.9999294
1,0.9769025
1,0.9970567
1,0.99973124
1,0.99413985
1,0.9066355
1,0.9962607
1,0.9537342
1,0.9106747
1,0.99604625
1,0.99971205
1,0.9932937
1,0.9590125
1,0.947227
1,0.99526
1,0.96424073
1,0.9273962
1,0.99501127
1,0.9998839
1,0.98248374
1,0.9795783
1,0.9906477
1,0.9962465
1,0.9743163
1,0.9543832
1,0.8906961
1,0.99996436
1,0.9866507
1,0.98528415
1,0.96977365
1,0.9949786
1,0.85481757
1,0.9714057
1,0.9836475
1,0.999812
1,0.9928094
1,0.9947272
1,0.99822706
1,0.9975292
1,0.9480055
1,0.9547272
1,0.9885627
1,0.9991674
1,0.99961376
1,0.99003035
1,0.95324683
1,0.99641895
1,0.99143887
1,0.9458533
1,0.98650557
1,0.98903066
1,0.979815
1,0.97623503
1,0.9926767
1,0.9978205
1,0.92542905
1,0.9727394
1,0.92681026
1,0.98820835
1,0.9677932
1,0.9946018
1,0.9997397
1,0.9886495
1,0.9473841
1,0.96240103
1,0.9656446
1,0.9046467
1,0.9376765
1,0.9999249
1,0.99724174
1,0.99149394
1,0.9860038
1,0.97680384
1,0.9719483
1,0.8803228
1,0.968181
1,0.9909725
1,0.9874889
1,0.9820349
1,0.99996614
1,0.98473024
1,0.99032086
1,0.9243625
1,0.99574804
1,0.99902236
1,0.9903781
1,0.99845254
1,0.97879237
1,0.99211335
1,0.9941234
1,0.8908879
1,0.95844775
1,0.99265724
1,0.9720356
1,0.96375
1,0.9953045
1,0.99909693
1,0.9789411
1,0.9367059
1,0.9814705
1,0.90608186
1,0.94865674
1,0.99209994
1,0.9987081
1,0.97271776
1,0.9795014
1,0.9973974
1,0.9734803
1,0.82105064
1,0.9605254
1,0.9685528
1,0.9908564
1,0.97912836
1,0.998923
1,0.999889
1,0.9938089
1,0.9003512
1,0.88812464
1,0.9113263
1,0.97169095
1,0.99442095
1,0.98093706
1,0.98807
1,0.95728797
1,0.88775104
1,0.9389378
1,0.9729955
1,0.9962379
1,0.98680156
1,0.9923496
1,0.9992156
1,0.98157537
1,0.90578264
1,0.9500711
1,0.94242775
1,0.5096562
1,0.99553984
1,0.9999846
1,0.94516003
1,0.90210795
1,0.973836
1,0.99381036
1,0.98179215
1,0.9266649
1,0.962415
1,0.9993215
1,0.9994763
1,0.976408
1,0.97873676
1,0.9595643
1,0.97057074
1,0.97588784
1,0.8749792
1,0.99978447
1,0.99892884
1,0.9931195
1,0.98454475
1,0.98979014
1,0.9686756
1,0.9491062
1,0.62894356
1,0.9823383
1,0.99961436
1,0.9544814
1,0.9667644
1,0.9818824
1,0.84534985
1,0.960888
1,0.98944086
1,0.9197808
1,0.97575414
1,0.99766386
1,0.9979995
1,0.97510153
1,0.8962451
1,0.9873087
1,0.97894907
1,0.9577672
1,0.9807417
1,0.9997317
1,0.9856796
1,0.8951174
1,0.9913807
1,0.98999375
1,0.86443055
1,0.9763613
1,0.99657047
1,0.9987651
1,0.97991014
1,0.9991277
1,0.9964598
1,0.9962141
1,0.9508264
1,0.9182147
1,0.9567429
1,0.9698102
1,0.9776327
1,0.99742377
1,0.99925643
1,0.95510316
1,0.88399285
1,0.9643546
1,0.95982575
1,0.5405472
1,0.9987656
1,0.99827456
1,0.9674554
1,0.9712591
1,0.9981882
1,0.9970668
1,0.9564054
1,0.95285714
1,0.9853886
1,0.9998702
1,0.9916373
1,0.9659373
1,0.9959959
1,0.99294734
1,0.95321965
1,0.70075285
1,0.94386405
1,0.9998512
1,0.9608878
1,0.9846267
1,0.98932767
1,0.96829325
1,0.9280299
1,0.8785479
1,0.9815575
1,0.99997973
1,0.99727327
1,0.97910804
1,0.9734765
1,0.987136
1,0.93455994
1,0.8596417
1,0.93695146
1,0.9832658
1,0.9681363
1,0.98918253
1,0.9979171
1,0.9730477
1,0.9239473
1,0.9390422
1,0.98690516
1,0.88468957
1,0.9908614
1,0.9972256
1,0.99970907
1,0.9618591
1,0.8732943
1,0.9757937
1,0.9254323
1,0.8122616
1,0.99078315
1,0.9998957
1,0.97665465
1,0.94542825
1,0.99869317
1,0.9991701
1,0.9416718
1,0.8619533
1,0.9537229
1,0.9985457
1,0.99766123
1,0.8945681
1,0.9963905
1,0.8895951
1,0.7694272
1,0.97070664
1,0.9586011
1,0.89733297
1,0.98257947
1,0.9994554
1,0.973335
1,0.9122639
1,0.96620685
1,0.9909854
1,0.8838437
1,0.899499
1,0.99987674
1,0.9975599
1,0.9897374
1,0.87718105
1,0.99281234
1,0.9756393
1,0.93299437
1,0.9930688
1,0.9855553
1,0.9999678
1,0.99371874
1,0.9924965
1,0.9493597
1,0.9762823
1,0.9560725
1,0.9557368
1,0.9407135
1,0.999521
1,0.99995196
1,0.99985456
1,0.8877341
1,0.96116436
1,0.9610863
1,0.9266601
1,0.6989984
1,0.99933475
1,0.9987508
1,0.9775115
1,0.8397373
1,0.9780034
1,0.96588403
1,0.96113354
1,0.89246243
1,0.9966209
1,0.9813892
1,0.96246177
1,0.993479
1,0.9905946
1,0.9765846
1,0.8907622
1,0.9299349
1,0.9995516
1,0.9947287
1,0.9763758
1,0.8432628
1,0.99388534
1,0.87845707
1,0.9317726
1,0.8740025
1,0.9995949
1,0.9989267
1,0.97072214
1,0.98111826
1,0.98653305
1,0.9988488
1,0.94291824
1,0.9737761
1,0.97068965
1,0.99994135
1,0.9773651
1,0.991262
1,0.9978252
1,0.9790921
1,0.9448664
1,0.92652786
1,0.9989467
1,0.99477965
1,0.97190124
1,0.9983442
1,0.99830365
1,0.9857152
1,0.95613027
1,0.9981281
1,0.9517221
1,0.8878608
1,0.99884486
1,0.99998057
1,0.9856833
1,0.9720979
1,0.9938432
1,0.9999653
1,0.97479534
1,0.52275205
1,0.96779263
1,0.9998853
1,0.99535483
1,0.97342265
1,0.99782926
1,0.9999343
1,0.78577846
1,0.97474086
1,0.9958547
1,0.9608316
1,0.9707153
1,0.9910039
1,0.9996845
1,0.9747654
1,0.94891256
1,0.9703184
1,0.937766
1,0.78980386
1,0.9717665
1,0.9992298
1,0.99150556
1,0.8451413
1,0.9171537
1,0.97814035
1,0.98299766
1,0.97441036
1,0.9406953
1,0.99806255
1,0.9998301
1,0.9923926
1,0.98867816
1,0.9953082
1,0.9938769
1,0.9605674
1,0.8663366
1,0.99447304
1,0.9998162
1,0.99643123
1,0.9990408
1,0.9318219
1,0.9324973
1,0.9155857
1,0.99944156
1,0.99726367
1,0.99776876
1,0.97385675
1,0.9864451
1,0.9994431
1,0.985623
1,0.8952566
1,0.9169541
1,0.9850354
1,0.99902093
1,0.99638814
1,0.98838717
1,0.98901457
1,0.99966335
1,0.9846116
1,0.9941952
1,0.88278496
1,0.94120944
1,0.99974924
1,0.9962864
1,0.9843545
1,0.99257
1,0.9985753
1,0.9638185
1,0.82487583
1,0.9542324
1,0.99674076
1,0.99159145
1,0.9779854
1,0.9905562
1,0.8291507
1,0.8737186
1,0.9543101
1,0.9834288
1,0.9728722
1,0.9925827
1,0.99791175
1,0.9977162
1,0.88032055
1,0.9882019
1,0.9856845
1,0.9879902
1,0.92073005
1,0.98951674
1,0.978293
1,0.9997721
1,0.956345
1,0.8060167
1,0.98406667
1,0.95129913
1,0.9153901
1,0.6950859
1,0.99874675
1,0.9950755
1,0.44388157
1,0.990579
1,0.975345
1,0.8400723
1,0.9733314
1,0.9220146
1,0.99939096
1,0.99626935
1,0.94121397
1,0.9296487
1,0.99772054
1,0.99843353
1,0.9483549
1,0.77992
1,0.9952475
1,0.99983156
1,0.9927228
1,0.90455085
1,0.95217204
1,0.9876368
1,0.9339266
1,0.89841443
1,0.9837124
1,0.99831665
1,0.9849106
1,0.79659367
1,0.860897
1,0.97732407
1,0.9350406
1,0.767581
1,0.9910035
1,0.99759114
1,0.9911839
1,0.97353673
1,0.9397052
1,0.9890409
1,0.96348774
1,0.9601967
1,0.9871246
1,0.94276136
1,0.9992661
1,0.9997767
1,0.8614809
1,0.9241474
1,0.97263527
1,0.93167716
1,0.8416755
1,0.9591047
1,0.98934144
1,0.9943805
1,0.9120396
1,0.90830904
1,0.9641198
1,0.925689
1,0.89808375
1,0.99819803
1,0.9993499
1,0.9947004
1,0.93460834
1,0.9183396
1,0.991147
1,0.99644154
1,0.8851837
1,0.93973315
1,0.9870835
1,0.99906164
1,0.99992883
1,0.9840587
1,0.908152
1,0.86893034
1,0.9846863
1,0.96441644
1,0.9836956
1,0.9175061
1,0.99768233
1,0.8032193
1,0.88335717
1,0.96755767
1,0.96160555
1,0.8788963
1,0.9704112
1,0.9999683
1,0.999985
1,0.97089255
1,0.9523705
1,0.78436905
1,0.9291245
1,0.9107377
1,0.87011266
1,0.9957112
1,0.99013597
1,0.9843359
1,0.959446
1,0.8842553
1,0.9852086
1,0.9286299
1,0.94257283
1,0.9944002
1,0.96589744
1,0.99926716
1,0.950883
1,0.9242434
1,0.8708004
1,0.9520443
1,0.91919976
1,0.8990988
1,0.99137646
1,0.99764556
1,0.90433806
1,0.9743673
1,0.99475455
1,0.8912578
1,0.950304
1,0.93663245
1,0.9989735
1,0.9908845
1,0.94734764
1,0.9936312
1,0.9664197
1,0.9212765
1,0.98503125
1,0.9903933
1,0.99272174
1,0.94885653
1,0.9979335
1,0.9977277
1,0.9641217
1,0.9473013
1,0.98047996
1,0.96771383
1,0.82761073
1,0.9981882
1,0.99068195
1,0.98359436
1,0.9354782
1,0.994655
1,0.88092786
1,0.742489
1,0.9411862
1,0.99618876
1,0.9869909
1,0.97170645
1,0.99764067
1,0.81419516
1,0.957448
1,0.98775744
1,0.9348348
1,0.8175836
1,0.9917527
1,0.99368
1,0.9778839
1,0.8717565
1,0.98944634
1,0.9403512
1,0.9309473
1,0.9523424
1,0.99524045
1,0.95505065
1,0.9615329
1,0.999762
1,0.99364823
1,0.94152147
1,0.95590603
1,0.910249
1,0.9914062
1,0.53019345
0,0.28050965
0,0.27415755
1,0.8834163
1,0.92032754
1,0.94522256
1,0.9709356
1,0.9967231
1,0.94318116
1,0.9816527
1,0.99951243
1,0.93685645
1,0.95541567
1,0.99254394
1,0.9450033
1,0.8609976
1,0.97502464
1,0.998548
1,0.96422035
1,0.97283673
1,0.90388864
1,0.98973095
1,0.9218988
1,0.8777575
1,0.98379195
1,0.9958455
1,0.9937609
1,0.9774969
1,0.94280994
1,0.99611497
1,0.97910345
1,0.9942188
1,0.9845554
1,0.997497
1,0.9961079
1,0.96265554
1,0.96751875
1,0.96799827
1,0.958721
1,0.85397226
1,0.97223645
1,0.99650484
1,0.9965042
1,0.86605567
1,0.9549806
1,0.94653386
1,0.8803408
1,0.8946722
1,0.9890456
1,0.99063945
1,0.9602837
1,0.99039394
1,0.9920109
1,0.9625032
1,0.94134104
1,0.9842769
1,0.9575399
1,0.99959934
1,0.997456
1,0.99052763
1,0.9968749
1,0.98329633
1,0.98942006
1,0.9323538
1,0.86534995
1,0.93132704
1,0.99850935
1,0.9839014
1,0.92742354
1,0.9879259
1,0.91056883
1,0.84768546
1,0.9318931
1,0.98422354
1,0.9847111
1,0.9852123
1,0.99302244
1,0.99082667
1,0.94111395
1,0.9350075
1,0.93915176
1,0.9204346
1,0.9438272
1,0.99887234
1,0.9892034
1,0.9798086
1,0.94992036
1,0.9879671
1,0.9067173
1,0.8950282
1,0.969277
1,0.99758065
1,0.954259
1,0.9227963
1,0.9630022
1,0.94551295
1,0.8994144
1,0.95010704
1,0.98438
1,0.9865204
1,0.98216635
1,0.9878078
1,0.9959763
1,0.9673187
1,0.88295484
1,0.912559
1,0.9772802
1,0.9905969
1,0.9777688
1,0.97915673
1,0.9841839
1,0.95750153
1,0.7817099
1,0.96769464
1,0.9460952
1,0.9682399
1,0.9943087
1,0.99992394
1,0.9992469
1,0.9447861
1,0.9686214
1,0.9766858
1,0.981923
1,0.9408546
1,0.9377169
1,0.99513817
1,0.9997398
1,0.9730533
1,0.97301394
1,0.9432688
1,0.983321
1,0.95494616
1,0.93265516
1,0.96639186
1,0.999369
1,0.9986963
1,0.9987362
1,0.92548615
1,0.9386885
1,0.98195076
1,0.9257578
1,0.94282633
1,0.9970486
1,0.99370074
1,0.99985886
1,0.93224406
1,0.9309812
1,0.9948809
1,0.8730607
1,0.84023327
1,0.9840407
1,0.99360234
1,0.96282434
1,0.9865082
1,0.98541415
1,0.94506633
1,0.7286251
1,0.8974211
1,0.9828461
1,0.988846
1,0.84864926
1,0.98224974
1,0.9832697
1,0.8803947
1,0.871983
1,0.94111013
1,0.907186
1,0.98215854
1,0.98415995
1,0.9991571
1,0.90350777
1,0.84525436
1,0.94785964
1,0.960823
1,0.7641609
1,0.9655148
1,0.9987685
1,0.97812885
1,0.9999292
1,0.9830033
1,0.861195
1,0.9628326
1,0.99995315
1,0.6126741
1,0.95699275
1,0.99699676
1,0.9949707
1,0.94514215
1,0.96223366
1,0.9835082
1,0.95848215
1,0.89256346
1,0.9702368
1,0.99430966
1,0.9730718
1,0.9819953
1,0.99038225
1,0.96445125
1,0.98184985
1,0.96902865
1,0.9926663
1,0.98457056
1,0.983204
1,0.7335685
1,0.95294297
1,0.95948136
1,0.8962296
1,0.90826696
1,0.86425215
1,0.8821164
1,0.98787516
1,0.97624844
1,0.9899982
1,0.9991115
1,0.92086405
1,0.9498787
1,0.9789919
1,0.9092304
1,0.95891464
1,0.98513204
1,0.9994435
1,0.9964521
1,0.93211097
1,0.7378649
1,0.95567757
1,0.9843801
1,0.8622804
1,0.9008507
1,0.96190757
1,0.99884903
1,0.9710517
1,0.92045164
1,0.95978326
1,0.97752553
1,0.8945346
1,0.9620889
1,0.98750764
1,0.99859613
1,0.9774156
1,0.9166311
1,0.91894364
1,0.97906655
1,0.9214905
1,0.9975141
1,0.9601717
1,0.99491453
1,0.9992488
1,0.81987625
1,0.8935726
1,0.9779127
1,0.8379306
1,0.93098027
1,0.980456
1,0.9994943
1,0.97695917
1,0.8957793
1,0.93918794
1,0.97246176
1,0.9647127
1,0.8493126
1,0.95935506
1,0.97914106
1,0.94929963
1,0.97030354
1,0.9971923
1,0.9777615
1,0.9063159
1,0.92476296
1,0.7797538
1,0.99972266
1,0.99767786
1,0.980162
1,0.9711329
1,0.98943526
1,0.97276694
1,0.93131435
1,0.8785498
1,0.9602204
1,0.99674356
1,0.9841118
1,0.95768696
1,0.9777353
1,0.98800033
1,0.9714137
1,0.99686486
1,0.99341464
1,0.9346145
1,0.94256586
1,0.97311187
1,0.9996097
1,0.9627869
1,0.9313344
1,0.9926561
1,0.9274457
1,0.93475395
1,0.9714038
1,0.9980028
1,0.97630423
1,0.94176394
1,0.9919527
1,0.9622633
1,0.8841107
1,0.9389498
1,0.97234195
1,0.9962751
1,0.9124842
1,0.9799666
1,0.99765813
1,0.99335843
1,0.9424193
1,0.9464466
1,0.88541746
1,0.9716073
1,0.9999776
1,0.809157
1,0.97352254
1,0.99395174
1,0.9660026
1,0.9375207
1,0.96512413
1,0.9822668
1,0.9655976
1,0.9886052
1,0.996971
1,0.9972542
1,0.95242727
1,0.8943363
1,0.952974
1,0.972067
1,0.89836645
1,0.9843796
1,0.94908977
1,0.9946595
1,0.8774187
1,0.89498216
1,0.9793609
1,0.9393842
1,0.81290424
1,0.97494185
1,0.99821115
1,0.91516554
1,0.9708532
1,0.9577168
1,0.94955134
1,0.9666178
1,0.9442248
1,0.99620533
1,0.94828653
1,0.97872764
1,0.993277
1,0.875998
1,0.9545057
1,0.9819704
1,0.9308051
1,0.9247103
1,0.9869071
1,0.9983284
1,0.92867815
1,0.936635
1,0.96806586
1,0.93230957
1,0.971876
1,0.97414654
1,0.9923085
1,0.9542237
1,0.99182737
1,0.9982039
1,0.95869654
1,0.89810395
1,0.9463867
1,0.985263
1,0.95532125
1,0.95789635
1,0.98577714
1,0.99074274
1,0.9184377
1,0.9252636
1,0.92412513
1,0.9526147
1,0.86233807
1,0.96529925
1,0.9996968
1,0.98973
1,0.8961244
1,0.88218844
0,0.23794276
0,0.15935478
0,0.4517627
0,0.21487892
0,0.22476673
0,0.16498335
0,0.17651096
0,0.48426965
0,0.5330344
0,0.22569506
0,0.25000617
0,0.08134184
0,0.11166283
0,0.16640441
0,0.3377824
0,0.5066013
0,0.17274883
0,0.13355012
0,0.30852848
0,0.2938705
0,0.21116063
0,0.8548179
0,0.15398555
0,0.3266927
0,0.20516618
0,0.16060744
0,0.13948298
0,0.16618302
0,0.14833012
0,0.14277478
0,0.41603687
0,0.30421358
0,0.25044972
0,0.24847327
0,0.2386897
0,0.14530618
0,0.18760744
0,0.24404748
0,0.12253095
0,0.14821106
0,0.15565869
0,0.2657671
0,0.48268545
0,0.3954984
0,0.58094585
0,0.2619172
0,0.1008505
0,0.21054436
0,0.35286605
0,0.1957582
0,0.1586716
0,0.15106219
0,0.15196793
0,0.19177529
0,0.3127006
0,0.17021877
0,0.53410035
0,0.6227034
0,0.20342769
0,0.46838066
0,0.19897133
0,0.16174433
0,0.08790608
0,0.06719993
0,0.17737034
0,0.6494557
0,0.18313465
0,0.31336036
0,0.16334967
0,0.14399342
0,0.38135457
0,0.3367897
0,0.22167198
0,0.26860577
0,0.17542076
0,0.1097243
0,0.2139123
0,0.24173534
0,0.39313987
0,0.27430916
0,0.3378768
0,0.2525764
0,0.40983438
0,0.1852755
