y_true,y_prob
0,0.99800164
0,0.9965378
0,0.9937366
0,0.9949778
0,0.9976367
0,0.99708277
0,0.9958715
0,0.9953951
0,0.99731857
0,0.99738675
0,0.99009633
0,0.9863196
0,0.99068743
0,0.9955996
0,0.9924206
0,0.992326
0,0.99227285
0,0.99772555
0,0.9958918
0,0.87873185
0,0.24752992
0,0.28981882
0,0.25884363
0,0.24370803
0,0.29673052
0,0.9281563
0,0.33128935
0,0.3024436
0,0.30951935
0,0.22962862
0,0.28966674
0,0.38236982
0,0.30698723
0,0.33824444
0,0.243677
0,0.29023743
0,0.27246454
0,0.26065242
0,0.31086907
0,0.24400781
0,0.27227128
0,0.30346254
0,0.37754413
0,0.34485978
0,0.36053213
0,0.28856957
0,0.36085865
0,0.30668584
0,0.71949846
0,0.41464654
0,0.26998073
0,0.29346192
0,0.28070152
0,0.32507783
0,0.3055068
0,0.29342017
0,0.33164588
0,0.30338588
0,0.28010377
0,0.4489816
0,0.32786712
0,0.30772707
0,0.27498883
0,0.23147856
0,0.34659582
0,0.37144557
0,0.28828156
0,0.25562474
0,0.24365163
0,0.24278274
0,0.4023912
0,0.42706305
0,0.44003215
0,0.29330507
0,0.25188112
0,0.2363683
0,0.31461424
0,0.30404317
0,0.2786753
0,0.23493658
0,0.26038668
0,0.3005913
0,0.37425852
0,0.2857122
0,0.3609461
0,0.29953763
0,0.2862477
0,0.35300472
0,0.37602597
0,0.2891509
0,0.3129351
0,0.25029653
0,0.30465907
0,0.33841103
0,0.28340462
0,0.6344617
0,0.31101456
0,0.21280026
0,0.3001885
0,0.32460052
0,0.29521105
0,0.26434723
0,0.25427565
0,0.27267864
0,0.32534903
0,0.27759615
0,0.2504513
0,0.2717869
0,0.28645626
0,0.32079378
0,0.26253292
0,0.348588
0,0.28244227
0,0.27537835
0,0.29843673
0,0.31063092
0,0.29266745
0,0.33346018
0,0.5820646
0,0.25054845
0,0.30282268
0,0.36266232
0,0.29926264
0,0.30451095
0,0.2812965
0,0.41126272
0,0.38972884
0,0.31856576
0,0.3173932
0,0.25088382
0,0.25133654
0,0.35911828
0,0.4093856
0,0.2699269
0,0.27580398
0,0.25719357
0,0.34920925
0,0.29249683
0,0.2750621
0,0.29947725
0,0.8067699
0,0.268245
0,0.32380563
0,0.37494284
0,0.37165454
0,0.30445713
0,0.2464467
0,0.33758038
0,0.3067172
0,0.29449388
0,0.2778833
0,0.26692948
0,0.26153028
0,0.52676713
0,0.30548865
0,0.31755093
0,0.24309577
0,0.29013297
0,0.3553053
0,0.31862998
0,0.42460042
0,0.2652428
0,0.2631402
0,0.65051436
0,0.3981966
0,0.35531852
0,0.2718331
0,0.27753702
0,0.25158486
0,0.2785541
0,0.30356252
0,0.25641835
0,0.6476656
0,0.2726222
0,0.23957023
0,0.66348356
0,0.3333354
0,0.2926156
0,0.3680173
0,0.31198353
0,0.31557122
0,0.30868247
0,0.32206193
0,0.31413776
0,0.31945673
0,0.2825185
0,0.306855
0,0.43174034
0,0.3192673
0,0.28645688
0,0.28497452
0,0.2433359
0,0.29638073
0,0.42965782
0,0.3381593
0,0.26227662
0,0.30437326
0,0.36459014
0,0.3543889
0,0.38698247
0,0.27481624
0,0.4101367
0,0.30353573
0,0.31330043
0,0.28201184
0,0.22349039
0,0.23471913
0,0.3248223
0,0.29708445
0,0.7543462
0,0.33090776
0,0.26779115
0,0.34229514
0,0.2645475
0,0.44665873
0,0.30054122
0,0.25464568
0,0.28373268
0,0.38434103
0,0.27916533
0,0.3902141
0,0.28339538
0,0.26137474
0,0.3027638
0,0.31130293
0,0.5285212
0,0.34281
0,0.28896713
0,0.23659086
0,0.26751408
0,0.34088552
0,0.33047912
0,0.7774931
0,0.28931126
0,0.3307754
0,0.28209168
0,0.35069892
0,0.31613404
0,0.2845691
0,0.3293749
0,0.3293419
0,0.32945913
0,0.4345199
0,0.2664833
0,0.26132846
0,0.26683044
0,0.30204454
0,0.2779479
0,0.34950057
0,0.2631426
0,0.2705229
0,0.29770777
0,0.30160955
0,0.29626575
0,0.2581668
0,0.6725205
0,0.28062087
0,0.26118225
0,0.38384926
0,0.3074007
0,0.29296514
0,0.3000462
0,0.27314708
0,0.3884471
0,0.3201337
0,0.31772965
0,0.27282393
0,0.23865007
0,0.29348838
0,0.28032714
0,0.2798127
0,0.2902133
0,0.26218575
0,0.28411248
0,0.29833546
0,0.32908836
0,0.23484823
0,0.31514746
0,0.6333752
0,0.30259973
0,0.28888616
0,0.3544753
0,0.24758291
0,0.22130625
0,0.25022358
0,0.3109035
0,0.28756127
0,0.2863627
0,0.29042575
0,0.2463746
0,0.31957826
0,0.32618427
0,0.2407652
0,0.3135248
0,0.24124655
0,0.32759097
0,0.34016514
0,0.28066716
0,0.34645468
0,0.37147972
0,0.32682177
0,0.49046436
0,0.47273517
0,0.50723314
0,0.4464106
0,0.34013224
0,0.4867206
0,0.41530016
0,0.3939314
0,0.20803921
0,0.2791887
0,0.2684693
0,0.43252426
0,0.44068912
0,0.26191297
0,0.2827139
0,0.28546554
0,0.27748522
0,0.35946915
0,0.28747854
0,0.36405665
0,0.35986954
0,0.2678039
0,0.40187004
0,0.45522428
0,0.29504985
0,0.3089538
0,0.31857175
0,0.2550846
0,0.3196291
0,0.33424234
0,0.42203307
0,0.33168584
0,0.24512756
0,0.32370847
0,0.35240954
0,0.31052285
0,0.27218324
0,0.3667426
0,0.27741742
0,0.32226804
0,0.5032241
0,0.3469225
0,0.29081225
0,0.25152227
0,0.42201227
0,0.36583996
0,0.87992656
0,0.29626778
0,0.27969542
0,0.26492444
0,0.29980272
0,0.3407737
0,0.40812704
0,0.29526624
0,0.37130588
0,0.2540834
0,0.40457574
0,0.3337171
0,0.31265587
0,0.28244424
0,0.26332226
0,0.310069
0,0.30451626
0,0.27821544
0,0.33401653
0,0.38957682
0,0.2991792
0,0.41323814
0,0.36684257
0,0.35897505
0,0.2991594
0,0.30715805
0,0.46962535
0,0.33332112
0,0.32365805
0,0.2918764
0,0.29857913
0,0.29398143
0,0.35514766
0,0.38250533
0,0.2945619
0,0.34942946
0,0.26916337
0,0.37590787
0,0.36763933
0,0.30132794
0,0.28435138
0,0.30405453
0,0.2740662
0,0.302821
0,0.26128072
0,0.4081456
0,0.24084793
0,0.29963818
0,0.33662176
0,0.28378433
0,0.2625659
0,0.22793466
0,0.2592524
0,0.28720394
0,0.2786603
0,0.26302662
0,0.25678444
0,0.2580802
0,0.41531745
0,0.23646587
0,0.30275822
0,0.2573143
0,0.27518362
0,0.32272676
0,0.3198548
0,0.28039598
0,0.29302022
0,0.34323403
0,0.29688534
0,0.34443644
0,0.31464374
0,0.3441816
0,0.28791165
0,0.36751992
0,0.26433802
0,0.3038742
0,0.2908946
0,0.3378173
0,0.2538844
0,0.30673864
0,0.32987288
0,0.27518728
0,0.27446002
0,0.30796048
0,0.26745287
0,0.33721974
0,0.32035354
0,0.28376478
0,0.24838714
0,0.27416322
0,0.3435277
0,0.74912965
0,0.36673447
0,0.34129506
0,0.2683296
0,0.24714181
0,0.27951947
0,0.31372172
0,0.31131095
0,0.35316047
0,0.61751187
0,0.27145746
0,0.68418
0,0.28940853
0,0.31824765
0,0.41092184
0,0.26676962
0,0.33988777
0,0.28882924
0,0.26661965
0,0.24481809
0,0.26061705
0,0.3822623
0,0.27730817
0,0.93390685
0,0.25346726
0,0.21863833
0,0.27311385
0,0.30781156
0,0.30677953
0,0.53602934
0,0.26121536
0,0.2873499
0,0.28244898
0,0.31796077
0,0.35276616
0,0.23404361
0,0.2525401
0,0.3488845
0,0.2687137
0,0.3291145
0,0.3268621
0,0.2363003
0,0.37339413
0,0.2700738
0,0.3463013
0,0.29044524
0,0.7750798
0,0.2544975
0,0.2881061
0,0.3599923
0,0.5085053
0,0.33448797
0,0.273275
0,0.28193077
0,0.28134406
0,0.33490917
0,0.31338325
0,0.3634774
0,0.30100057
0,0.2733613
0,0.25237527
0,0.2833826
0,0.28883412
0,0.26318866
0,0.24974473
0,0.26439145
0,0.30779305
0,0.31041482
0,0.3088423
0,0.53950274
0,0.29164475
0,0.2612846
0,0.30385143
0,0.32629964
0,0.26831296
0,0.2383032
0,0.2191844
0,0.2870143
0,0.34684923
0,0.43099442
0,0.28737235
0,0.2675662
0,0.3118764
0,0.26886126
0,0.3286238
0,0.3409204
0,0.28100303
0,0.2525662
0,0.40794256
0,0.38356408
0,0.42592067
0,0.29513577
0,0.8192369
0,0.40700984
0,0.29304594
0,0.48118225
0,0.5962688
0,0.3003854
0,0.33623278
0,0.3049624
0,0.29292455
0,0.30805632
0,0.3101755
0,0.28070363
0,0.2946362
0,0.25516677
0,0.3284554
0,0.39804932
0,0.32979077
0,0.47328675
0,0.27581814
0,0.35331827
0,0.40997228
0,0.2610616
0,0.9002288
0,0.39926633
0,0.2715846
0,0.27795792
0,0.29370683
0,0.24875595
0,0.31561163
0,0.27422225
0,0.2862384
0,0.31411383
0,0.2578643
0,0.4356261
0,0.2821217
0,0.28472924
0,0.30302352
0,0.29975235
0,0.2980144
0,0.29169315
0,0.28776667
0,0.27795
0,0.33271444
0,0.39205098
0,0.7425735
0,0.27805266
0,0.3827538
0,0.4401887
0,0.3224391
0,0.25516674
0,0.40226704
0,0.32650247
0,0.53700775
0,0.3409855
0,0.36134753
0,0.3606056
0,0.32294178
0,0.40302503
0,0.3322172
0,0.3523494
0,0.39668354
0,0.2979684
0,0.2927231
0,0.5316876
0,0.41929772
0,0.5210459
0,0.6570465
0,0.51261044
0,0.2893576
0,0.36069888
0,0.37717503
0,0.48573288
0,0.48301986
0,0.3192613
0,0.6963694
0,0.39452958
0,0.32265905
0,0.6086717
0,0.31442875
0,0.3483846
0,0.4391854
0,0.464436
0,0.4069916
0,0.4521407
0,0.41569316
0,0.47163555
0,0.31964433
0,0.2638337
0,0.36265057
0,0.37485772
0,0.5183927
0,0.34720433
0,0.4200343
0,0.32467642
0,0.43008158
0,0.2843867
0,0.31946677
0,0.3910789
0,0.41723314
0,0.3161258
0,0.41886368
0,0.30231312
0,0.48890874
0,0.30014804
0,0.36802655
0,0.310205
0,0.3116009
0,0.29870155
0,0.2770006
0,0.2949497
0,0.32948023
0,0.28548655
0,0.87240064
0,0.26503465
0,0.26924726
0,0.34338877
0,0.29233265
0,0.27266094
0,0.30640757
0,0.24998182
0,0.4997573
0,0.27482378
0,0.30535305
0,0.32430378
0,0.32284993
0,0.29142645
0,0.33274207
0,0.27548409
0,0.36547202
0,0.35317323
0,0.3120637
0,0.32217574
0,0.43242806
0,0.380846
0,0.76049703
0,0.5467045
0,0.30395603
0,0.32808155
0,0.37462783
0,0.26317987
0,0.39963162
0,0.33502737
0,0.35675958
0,0.2844636
0,0.36106405
0,0.34807816
0,0.3763729
0,0.44455326
0,0.31507343
0,0.32450688
0,0.3054918
0,0.39992493
0,0.32940367
0,0.27578962
0,0.28699565
0,0.33771396
0,0.3638011
0,0.9112246
0,0.37646738
0,0.28698114
0,0.35891476
0,0.30951467
0,0.2741814
0,0.37218806
0,0.4150716
0,0.47700956
0,0.27891612
0,0.3123029
0,0.36872497
0,0.32543984
0,0.41720983
0,0.62855583
0,0.3466323
0,0.75997114
0,0.39964077
0,0.4301514
0,0.38841844
0,0.32313395
0,0.733713
0,0.49400407
0,0.47141978
0,0.41384995
0,0.34053943
0,0.27440587
0,0.3490698
0,0.45766473
0,0.45646262
0,0.3689961
0,0.6974887
0,0.28568947
0,0.8777373
0,0.34108883
0,0.39149836
0,0.52628314
0,0.35902673
0,0.30737227
0,0.26719925
0,0.26685575
0,0.37121728
0,0.3429507
0,0.3415429
0,0.31670415
0,0.9490116
0,0.2538866
0,0.35805818
0,0.43413284
0,0.3213106
0,0.32739043
0,0.30312806
0,0.3046252
0,0.3217424
0,0.29146105
0,0.3252306
0,0.3403085
0,0.38921306
0,0.28965613
0,0.47602254
0,0.41265476
0,0.47333786
0,0.37031668
0,0.3517771
0,0.38585892
0,0.33700493
0,0.33596027
0,0.83804756
0,0.38778204
0,0.27030432
0,0.3719769
0,0.3384167
0,0.35251868
0,0.2963779
0,0.3185639
0,0.3138067
0,0.62466574
0,0.35013306
0,0.33172816
0,0.38839543
0,0.300792
0,0.5837014
0,0.37491307
0,0.35552257
0,0.39407876
0,0.28349897
0,0.31442562
0,0.35561988
0,0.303443
0,0.9230414
0,0.6028363
0,0.3961164
0,0.38297817
0,0.3051258
0,0.33021685
0,0.5353604
0,0.385922
0,0.3361179
0,0.4969752
0,0.41088718
0,0.30198303
0,0.3991302
0,0.4033489
0,0.7427122
0,0.33152115
0,0.32536688
0,0.3154838
0,0.34851146
0,0.28439575
0,0.2803951
0,0.28485295
0,0.29416832
0,0.72943914
0,0.26383504
0,0.35720584
0,0.33490586
0,0.38684356
0,0.37500072
0,0.34872732
0,0.4990586
0,0.35992673
0,0.2910568
0,0.37582588
0,0.37396407
0,0.31578365
0,0.34147257
0,0.30980113
0,0.28532463
0,0.31684232
0,0.31025428
0,0.40730318
0,0.308584
0,0.44404075
0,0.35750067
0,0.70434535
0,0.42568144
0,0.32247066
0,0.3659495
0,0.42771336
0,0.6548808
0,0.40648133
0,0.5473037
0,0.37931755
0,0.44179568
0,0.41611528
0,0.4449138
0,0.38121346
0,0.37515217
0,0.33561948
0,0.38324055
0,0.3290552
0,0.5451271
0,0.33490956
0,0.40910637
0,0.35422352
0,0.43070382
0,0.46254492
0,0.8229237
0,0.66787964
0,0.35889962
0,0.45141238
0,0.5422178
0,0.36911982
0,0.3646256
0,0.34604225
0,0.34063172
0,0.41511092
0,0.3601074
0,0.43456513
0,0.36028513
0,0.31262207
0,0.39538243
0,0.39693755
0,0.49423882
0,0.3323746
0,0.37995663
0,0.33043244
0,0.30294344
0,0.51813096
0,0.84003997
0,0.5115387
0,0.26962054
0,0.3045347
0,0.54771173
0,0.35353908
0,0.47350216
0,0.45048827
0,0.30649713
0,0.27118808
0,0.36664766
0,0.3446555
0,0.34627876
0,0.2918803
0,0.30427173
0,0.38260254
0,0.36578834
0,0.4295311
0,0.2925342
0,0.3664034
0,0.41386628
0,0.34753373
0,0.46509254
0,0.588
0,0.28972188
0,0.2957852
0,0.42119902
0,0.39467704
0,0.62459874
0,0.35255215
0,0.36020562
0,0.31408894
0,0.3339829
0,0.37876475
0,0.3384788
0,0.3324561
0,0.30289155
0,0.2991138
0,0.2753636
0,0.33305576
0,0.29448417
0,0.40502968
0,0.29232827
0,0.34469077
0,0.2904435
0,0.949746
0,0.49235108
0,0.2937612
0,0.427878
0,0.2926054
0,0.3217186
0,0.29681945
0,0.2744628
0,0.40273738
0,0.32455215
0,0.42463773
0,0.3503349
0,0.35031512
0,0.47639334
0,0.38103876
0,0.3364738
0,0.32474533
0,0.3131571
0,0.30310136
0,0.30723855
0,0.2801547
0,0.391996
0,0.72060627
0,0.54976666
0,0.48848662
0,0.28333792
0,0.37310094
0,0.34355217
0,0.4867059
0,0.59784496
0,0.687298
0,0.38017428
0,0.3818263
0,0.37381154
0,0.528356
0,0.38585013
0,0.5061521
0,0.288211
0,0.46784976
0,0.41281593
0,0.3980119
0,0.4803887
0,0.52049464
0,0.37775218
0,0.34081882
0,0.83055174
0,0.32708895
0,0.25470233
0,0.42508695
0,0.31489426
0,0.30586672
0,0.2762534
0,0.31804842
0,0.2723546
0,0.30891037
0,0.33378708
0,0.2858321
0,0.32969588
0,0.33554196
0,0.33064532
0,0.45731008
0,0.27640447
0,0.2707053
0,0.37957013
0,0.30741134
0,0.35465768
0,0.41533178
0,0.2964038
0,0.824872
0,0.30044776
0,0.37734938
0,0.3229388
0,0.31881654
0,0.31771052
0,0.29452887
0,0.5304927
0,0.803138
0,0.5553582
0,0.2667068
0,0.6346849
0,0.29390773
0,0.31825468
0,0.59838945
0,0.46104354
0,0.33371612
0,0.32041767
0,0.25813794
0,0.32978067
0,0.30596352
0,0.5084005
0,0.34593973
0,0.96181124
0,0.42143077
0,0.57519734
0,0.38774332
0,0.4544466
0,0.298013
0,0.75817347
0,0.46849996
0,0.31976932
0,0.3069389
0,0.29790804
0,0.30755675
0,0.44126332
0,0.37736976
0,0.30417103
0,0.36010098
0,0.28009114
0,0.38138273
0,0.39315206
0,0.3327609
0,0.35562617
0,0.41361806
0,0.80966926
0,0.7410917
0,0.3078544
0,0.35040808
0,0.41812468
0,0.33962306
0,0.2799383
0,0.30204946
0,0.26171893
0,0.31792614
0,0.30752778
0,0.3192023
0,0.2842328
0,0.3026779
0,0.24529207
0,0.32529533
0,0.31525862
0,0.27119774
0,0.29656875
0,0.23367378
0,0.2881511
0,0.30386975
0,0.37210277
0,0.95870495
0,0.2763651
0,0.24813269
0,0.28342125
0,0.27077895
0,0.30087948
0,0.27140263
0,0.2800871
0,0.28068927
0,0.2856075
0,0.2666897
0,0.26165485
0,0.31857198
0,0.22311756
0,0.33200938
0,0.28468835
0,0.24658811
0,0.26192665
0,0.39054394
0,0.3169392
0,0.40027004
0,0.8627287
0,0.7601601
0,0.22612515
0,0.31455562
0,0.3324729
0,0.35401386
0,0.32549664
0,0.2733391
0,0.2251748
0,0.22392331
0,0.33339864
0,0.32538643
0,0.21259388
0,0.25328127
0,0.270359
0,0.30111694
0,0.27802864
0,0.28558597
0,0.26964766
0,0.44101056
0,0.32056534
0,0.24223925
0,0.51394403
0,0.95155466
0,0.29519576
0,0.2048702
0,0.28321272
0,0.23357466
0,0.22560826
0,0.60546017
0,0.3429036
0,0.4883711
0,0.31343454
0,0.2681035
0,0.4899659
0,0.30163625
0,0.25971666
0,0.36001685
0,0.46166062
0,0.39432868
0,0.30986917
0,0.3039621
0,0.36478713
0,0.44362295
0,0.356963
0,0.97346544
0,0.95038766
0,0.29474702
0,0.27494088
0,0.18099277
0,0.25509712
0,0.41719556
0,0.30378962
0,0.29229176
0,0.2901042
0,0.32895023
0,0.25679186
0,0.28094408
0,0.29394725
0,0.2854
0,0.3815857
0,0.25398225
0,0.27932844
0,0.31474295
0,0.25283194
0,0.26013544
0,0.38218328
0,0.3427139
0,0.68645924
0,0.92054516
0,0.34456176
0,0.27764812
0,0.3153252
0,0.26058647
0,0.3195863
0,0.3388846
0,0.21111229
0,0.35694826
0,0.3855726
0,0.27490258
0,0.29934594
0,0.30938938
0,0.3518425
0,0.31084317
0,0.31311014
0,0.35774097
0,0.2580569
0,0.36209616
0,0.26784953
0,0.3175154
0,0.24067521
0,0.7835255
0,0.8437572
0,0.282434
0,0.4630005
0,0.29857612
0,0.2752254
0,0.31103635
0,0.23010232
0,0.3090666
0,0.31533703
0,0.31461963
0,0.27387676
0,0.38035923
0,0.2614706
0,0.4528426
0,0.33046183
0,0.33464015
0,0.38443843
0,0.32962233
0,0.3207137
0,0.3859552
0,0.33644578
0,0.37109467
0,0.78836745
0,0.44130892
0,0.25939378
0,0.5215937
0,0.30134284
0,0.40586329
0,0.4683702
0,0.36758983
0,0.3689818
0,0.32127133
0,0.3943253
0,0.3915432
0,0.36706087
0,0.4589428
0,0.27785236
0,0.29305112
0,0.2869779
0,0.24462876
0,0.44953355
0,0.34802437
0,0.2645551
0,0.3322186
0,0.4989072
0,0.897936
0,0.37516752
0,0.3919605
0,0.2438432
0,0.3299705
0,0.2726716
0,0.2792199
0,0.3316559
0,0.24948367
0,0.29248065
0,0.30875856
0,0.30212635
0,0.31904688
0,0.5160518
0,0.31315872
0,0.3355923
0,0.25478333
0,0.3235713
0,0.32747522
0,0.26565737
0,0.31231204
0,0.42819592
0,0.700322
0,0.6954895
0,0.31023672
0,0.34342688
0,0.46636048
0,0.2840197
0,0.27272686
0,0.2963913
0,0.3254017
0,0.38304827
0,0.30586684
0,0.21012162
0,0.38407457
0,0.2827683
0,0.34627938
0,0.45815805
0,0.29129985
0,0.30472142
0,0.27642018
0,0.3231599
0,0.31580606
0,0.2722595
0,0.6855037
0,0.89384305
0,0.26160848
0,0.2661058
0,0.3520742
0,0.35018033
0,0.40099505
0,0.37264317
0,0.22293521
0,0.7374197
0,0.32124326
0,0.63640803
0,0.3252359
0,0.31325644
0,0.3715098
0,0.31504568
0,0.24118555
0,0.4384104
0,0.28418767
0,0.2827046
0,0.36258993
0,0.31604326
0,0.40412256
0,0.5198296
0,0.94841754
0,0.3504766
0,0.31238616
0,0.38941115
0,0.29910156
0,0.29649812
0,0.27831694
0,0.35187438
0,0.3056897
0,0.34355545
0,0.37264726
0,0.30193055
0,0.3530854
0,0.39035997
0,0.31760916
0,0.24106109
0,0.28162608
0,0.32808527
0,0.33688545
0,0.3843031
0,0.31023893
0,0.30720696
0,0.745066
0,0.835433
0,0.5283368
0,0.3316293
0,0.2646842
0,0.40535372
0,0.35533765
0,0.42658585
0,0.27896705
0,0.282974
0,0.2984974
0,0.37155062
0,0.2638449
0,0.42625648
0,0.3135718
0,0.35326782
0,0.40315175
0,0.29175854
0,0.25606793
0,0.31358016
0,0.28067955
0,0.42285505
0,0.28538218
0,0.91319907
0,0.40276086
0,0.33732918
0,0.37399504
0,0.36322573
0,0.26835606
0,0.374527
0,0.3150461
0,0.44720304
0,0.3333894
0,0.34717777
0,0.32377052
0,0.34348804
0,0.32854262
0,0.24403039
0,0.38811433
0,0.3000273
0,0.316088
0,0.31392866
0,0.30500662
0,0.2206175
0,0.2892894
0,0.35188875
0,0.95288646
0,0.24575602
0,0.24995312
0,0.3682192
0,0.32415244
0,0.23893434
0,0.49815533
0,0.27305004
0,0.26034468
0,0.38873976
0,0.41515762
0,0.29093322
0,0.3144675
0,0.25632188
0,0.28867728
0,0.31075865
0,0.31619358
0,0.43504882
0,0.2789557
0,0.35501072
0,0.29600275
0,0.46123943
0,0.9361441
0,0.29927638
0,0.24076287
0,0.26765707
0,0.29480797
0,0.23596689
0,0.24126388
0,0.26448476
0,0.22022945
0,0.32748944
0,0.28528827
0,0.46911502
0,0.237187
0,0.29727697
0,0.27921793
0,0.32644573
0,0.31637228
0,0.2940134
0,0.29410818
0,0.26222828
0,0.25928742
0,0.31859556
0,0.5214326
0,0.9164356
0,0.45116708
0,0.24550715
0,0.38998947
0,0.34332827
0,0.36880508
0,0.2875659
0,0.28223076
0,0.5052996
0,0.31980035
0,0.26448187
0,0.6218226
0,0.3395198
0,0.264074
0,0.24867539
0,0.4250561
0,0.34699643
0,0.36162695
0,0.34378222
0,0.27742386
0,0.2942354
0,0.38906193
0,0.79661095
0,0.890211
0,0.28289402
0,0.25079897
0,0.3354793
0,0.4261153
0,0.41635016
0,0.27514616
0,0.22634669
0,0.30321935
0,0.29809755
0,0.32704797
0,0.19912076
0,0.3650039
0,0.43620127
0,0.3068553
0,0.26629096
0,0.30207434
0,0.25477344
0,0.3187145
0,0.4255711
0,0.5421825
0,0.3171733
0,0.92051387
0,0.8938645
0,0.50632817
0,0.3774175
0,0.30909896
0,0.40190902
0,0.2235334
0,0.33469105
0,0.26542705
0,0.2527197
0,0.24054354
0,0.25829062
0,0.3587559
0,0.39194036
0,0.35269472
0,0.271675
0,0.2080294
0,0.17693684
0,0.34608507
0,0.33587444
0,0.46310338
0,0.34422192
0,0.29354152
0,0.27980822
0,0.8523991
0,0.4122015
0,0.28534764
0,0.27364406
0,0.15604
0,0.25076753
0,0.24938941
0,0.46348816
0,0.49109665
0,0.38639757
0,0.20667174
0,0.31384504
0,0.30542314
0,0.21373942
0,0.2065504
0,0.29968214
0,0.4016298
0,0.43290108
0,0.31714365
0,0.2952366
0,0.250359
0,0.32561824
0,0.8705187
0,0.811854
0,0.27637142
0,0.22594382
0,0.23616464
0,0.25829506
0,0.3692031
0,0.428277
0,0.29918298
0,0.20338903
0,0.20365696
0,0.3226032
0,0.34716108
0,0.32659692
0,0.25657994
0,0.21538867
0,0.27651453
0,0.335625
0,0.38596818
0,0.35055965
0,0.2095726
0,0.3782799
0,0.8671205
0,0.74275833
0,0.265029
0,0.28341523
0,0.19099821
0,0.3714387
0,0.3302595
0,0.33414352
0,0.32698235
0,0.28813064
0,0.32761914
0,0.48025215
0,0.5156115
0,0.33686206
0,0.27925894
0,0.2968124
0,0.32411116
0,0.5009291
0,0.24990654
0,0.30218875
0,0.2706081
0,0.2436732
0,0.55427235
0,0.7635521
0,0.4468381
0,0.23072298
0,0.28202245
0,0.36799824
0,0.38368767
0,0.3992959
0,0.38689733
0,0.30208865
0,0.23357998
0,0.9351617
0,0.2716742
0,0.21731727
0,0.3119158
0,0.32454166
0,0.36541626
0,0.25808522
0,0.26801813
0,0.2906762
0,0.37023354
0,0.30456325
0,0.3339071
0,0.84619206
0,0.49730873
0,0.25032994
0,0.15469237
0,0.21931002
0,0.25767618
0,0.31892803
0,0.25292403
0,0.22646579
0,0.2820277
0,0.6695402
0,0.33923686
0,0.510607
0,0.44394985
0,0.25046676
0,0.35139367
0,0.22501622
0,0.19268362
0,0.271114
0,0.26819196
0,0.37343287
0,0.5559834
0,0.43633226
0,0.8822133
0,0.9238713
0,0.32120824
0,0.2539968
0,0.39903346
0,0.6575558
0,0.26793417
0,0.2578662
0,0.22888656
0,0.35020408
0,0.34849423
0,0.33720422
0,0.24065413
0,0.1928729
0,0.20895955
0,0.27603236
0,0.28065616
0,0.24261197
0,0.4315959
0,0.29978186
0,0.54857576
0,0.4431544
0,0.31284395
0,0.408692
0,0.97210014
0,0.18267101
0,0.3035661
0,0.26102045
0,0.26967362
0,0.28117213
0,0.40112564
0,0.3472808
0,0.52088565
0,0.33232927
0,0.23718987
0,0.22327116
0,0.25200066
0,0.6004493
0,0.41074044
0,0.3321283
0,0.28555483
0,0.20597894
0,0.26645687
0,0.2510511
0,0.22328499
0,0.2821564
0,0.91936815
0,0.26272306
0,0.25795946
0,0.28056785
0,0.43108678
0,0.41603628
0,0.26736486
0,0.28696576
0,0.2604259
0,0.27624512
0,0.23726872
0,0.38113827
0,0.5396553
0,0.24570675
0,0.26416823
0,0.26107034
0,0.26302198
0,0.27964497
0,0.30232963
0,0.4046404
0,0.39769402
0,0.3515042
0,0.24888568
0,0.9492992
0,0.45424485
0,0.3563271
0,0.35759762
0,0.39126247
0,0.30688196
0,0.23630561
0,0.22715288
0,0.32955524
0,0.28130585
0,0.21736263
0,0.217825
0,0.3939601
0,0.45137647
0,0.26268092
0,0.28664017
0,0.25543123
0,0.30345082
0,0.3162035
0,0.23574117
0,0.28711918
0,0.2447297
0,0.5194583
0,0.93678385
0,0.26901948
0,0.52801883
0,0.252042
0,0.31734207
0,0.27451375
0,0.4889265
0,0.29890606
0,0.24698609
0,0.29707837
0,0.23277242
0,0.26136237
0,0.38573378
0,0.29641882
0,0.305894
0,0.49919972
0,0.33899063
0,0.48118037
0,0.28607145
0,0.26703322
0,0.16456498
0,0.32671833
0,0.8653344
0,0.68521273
0,0.3063079
0,0.29641786
0,0.21236594
0,0.22271489
0,0.2969218
0,0.3068047
0,0.31232685
0,0.250338
0,0.25323167
0,0.26196426
0,0.31472552
0,0.25488484
0,0.22059277
0,0.26547357
0,0.257462
0,0.3205254
0,0.31324926
0,0.29355034
0,0.26588356
0,0.28471008
0,0.7168899
0,0.7259135
0,0.27507094
0,0.24252848
0,0.22580327
0,0.2628989
0,0.28351766
0,0.27665067
0,0.29204372
0,0.26859853
0,0.29102227
0,0.27359384
0,0.24861461
0,0.2596487
0,0.23967287
0,0.30875406
0,0.29453528
0,0.30175492
0,0.2644449
0,0.36768705
0,0.22340348
0,0.31480348
0,0.7665938
0,0.94144666
0,0.2405689
0,0.21833123
0,0.3067622
0,0.41331628
0,0.39352039
0,0.3123682
0,0.25312835
0,0.2510172
0,0.2966323
0,0.30758217
0,0.26921663
0,0.25846168
0,0.4005091
0,0.42552555
0,0.37279162
0,0.3142516
0,0.2681873
0,0.30678356
0,0.22348182
0,0.21882634
0,0.39346212
0,0.8293828
0,0.6327877
0,0.33623144
0,0.27852854
0,0.36332047
0,0.42461756
0,0.3180186
0,0.2555482
0,0.256338
0,0.23473865
0,0.29278064
0,0.3141715
0,0.2457654
0,0.2586457
0,0.2750326
0,0.2702737
0,0.22047408
0,0.3056546
0,0.38255042
0,0.19738044
0,0.2788309
0,0.2877328
0,0.5161351
0,0.7843862
0,0.49471983
0,0.26678437
0,0.2988418
0,0.43500787
0,0.42457402
0,0.2734208
0,0.29100832
0,0.20500389
0,0.25878415
0,0.32942355
0,0.24738939
0,0.3193681
0,0.2732189
0,0.28074765
0,0.26944494
0,0.31127855
0,0.2862772
0,0.26034907
0,0.23835196
0,0.29377577
0,0.2686093
0,0.39955372
0,0.88485336
0,0.46891233
0,0.23918428
0,0.31500572
0,0.40485132
0,0.24163504
0,0.32255688
0,0.2331109
0,0.29768306
0,0.31497502
0,0.29388344
0,0.31829938
0,0.24733354
0,0.4654718
0,0.30540287
0,0.29251587
0,0.32956454
0,0.3002046
0,0.22731556
0,0.29497567
0,0.29320908
0,0.28953382
0,0.27274835
0,0.92866
0,0.7739799
0,0.20813574
0,0.2463273
0,0.28154534
0,0.27815115
0,0.29282695
0,0.24714461
0,0.30478412
0,0.3470245
0,0.27714792
0,0.2927407
0,0.2733367
0,0.27466246
0,0.27977297
0,0.29206222
0,0.26974806
0,0.3168034
0,0.24345675
0,0.67611617
0,0.2980418
0,0.2546649
0,0.29216298
0,0.36100417
0,0.97518164
0,0.27477828
0,0.35277602
0,0.33588898
0,0.25865063
0,0.36234152
0,0.25988102
0,0.2946178
0,0.39285782
0,0.27402747
0,0.27469116
0,0.2800552
0,0.24064784
0,0.29898617
0,0.33044243
0,0.2405599
0,0.2788915
0,0.27074316
0,0.2862714
0,0.2984403
0,0.24715056
0,0.2903583
0,0.44001788
0,0.7551439
0,0.32452893
0,0.31055376
0,0.23199862
0,0.2613605
0,0.29137334
0,0.3173561
0,0.28671488
0,0.2699867
0,0.22614975
0,0.22517587
0,0.27328876
0,0.3300342
0,0.3450043
0,0.23992206
0,0.21797329
0,0.27365386
0,0.24547118
0,0.29888436
0,0.32946944
0,0.28453234
0,0.31771713
0,0.2627133
0,0.87425476
0,0.2692507
0,0.2743146
0,0.26829475
0,0.30614415
0,0.2529193
0,0.33831844
0,0.30676848
0,0.23020056
0,0.31336385
0,0.26086465
0,0.24567978
0,0.2752519
0,0.28137547
0,0.26587436
0,0.2712134
0,0.2715127
0,0.36829415
0,0.33321998
0,0.2826956
0,0.43130052
0,0.23075259
0,0.59237313
0,0.77816004
0,0.36361814
0,0.30996722
0,0.34348866
0,0.23991789
0,0.24439658
0,0.42532212
0,0.3714498
0,0.28668347
0,0.31098282
0,0.23484272
0,0.31293648
0,0.28810394
0,0.27895406
0,0.26355276
0,0.26256087
0,0.25799277
0,0.38658616
0,0.2455075
0,0.26391056
0,0.27240875
0,0.27412197
0,0.5534829
0,0.7115407
0,0.25970465
0,0.2767394
0,0.2093893
0,0.2739366
0,0.3025062
0,0.2851638
0,0.24661142
0,0.23624669
0,0.23934548
0,0.34798917
0,0.28086954
0,0.31387565
0,0.26652116
0,0.2774131
0,0.30531442
0,0.25131118
0,0.37932557
0,0.3457423
0,0.3078334
0,0.2790045
0,0.2664745
0,0.87862575
0,0.27576122
0,0.3626084
0,0.36958757
0,0.35452506
0,0.3610582
0,0.26691818
0,0.33960974
0,0.380743
0,0.4181834
0,0.328009
0,0.34940466
0,0.3270831
0,0.31937492
0,0.32342365
0,0.3152608
0,0.3268015
0,0.41723508
0,0.3769538
0,0.5750199
0,0.27122015
0,0.3603439
0,0.4248474
0,0.93031144
0,0.40543988
0,0.3186992
0,0.29679665
0,0.27978253
0,0.32993057
0,0.2942136
0,0.38975197
0,0.41185385
0,0.3499461
0,0.37941337
0,0.35934502
0,0.31142682
0,0.38576698
0,0.36751917
0,0.396908
0,0.3481595
0,0.30092245
0,0.47800034
0,0.44183207
0,0.4340115
0,0.3658812
0,0.41527462
0,0.88271964
0,0.30034214
0,0.3401739
0,0.3112655
0,0.59686947
0,0.3464445
0,0.3715834
0,0.37911296
0,0.5196955
0,0.377925
0,0.3200497
0,0.3288811
0,0.33483064
0,0.31722307
0,0.33386984
0,0.27948248
0,0.29347637
0,0.3123113
0,0.30582324
0,0.29551265
0,0.3706475
0,0.27122736
0,0.3604527
0,0.84311956
0,0.26981112
0,0.2875646
0,0.30604643
0,0.34582186
0,0.43309292
0,0.41634843
0,0.3043548
0,0.5218089
0,0.35866264
0,0.41473913
0,0.296757
0,0.26674414
0,0.3602994
0,0.37105212
0,0.6873453
0,0.46768835
0,0.38791746
0,0.5062104
0,0.29869798
0,0.2817561
0,0.3633619
0,0.8861459
0,0.4812325
0,0.45576325
0,0.26800337
0,0.28290814
0,0.3479418
0,0.34341878
0,0.35868746
0,0.31725696
0,0.29365343
0,0.31953385
0,0.29052606
0,0.33694825
0,0.3032508
0,0.3043009
0,0.39818364
0,0.41366193
0,0.3398619
0,0.3245465
0,0.3280787
0,0.28972757
0,0.35035655
0,0.3194535
0,0.8536037
0,0.37903923
0,0.34849888
0,0.32071522
0,0.3112273
0,0.3563356
0,0.32711238
0,0.6910689
0,0.3103389
0,0.2890256
0,0.68011796
0,0.32461026
0,0.28765145
0,0.81629854
0,0.33968166
0,0.30272284
0,0.30284137
0,0.36150897
0,0.3664146
0,0.31646812
0,0.28109318
0,0.3109439
0,0.32497466
0,0.95971507
0,0.29016435
0,0.38198113
0,0.4391441
0,0.28686252
0,0.37827533
0,0.30368876
0,0.28115013
0,0.31175596
0,0.3250542
0,0.34339678
0,0.298061
0,0.25812095
0,0.28947988
0,0.28311256
0,0.29875347
0,0.30198538
0,0.30470723
0,0.37810606
0,0.3307713
0,0.30174488
0,0.286231
0,0.82736146
0,0.47575438
0,0.3420846
0,0.32704327
0,0.2682452
0,0.33513325
0,0.26281694
0,0.3575135
0,0.5634024
0,0.34345445
0,0.33186635
0,0.39446342
0,0.44221503
0,0.266475
0,0.35441706
0,0.4180001
0,0.5069923
0,0.38422272
0,0.365615
0,0.28773555
0,0.33572245
0,0.25398913
0,0.4531319
0,0.8662993
0,0.62763476
0,0.41336337
0,0.45698595
0,0.29475877
0,0.37328327
0,0.31400466
0,0.31548503
0,0.3406381
0,0.33314827
0,0.2927947
0,0.29542452
0,0.3285157
0,0.32565203
0,0.39342323
0,0.33507317
0,0.34291726
0,0.32594565
0,0.22850956
0,0.29567614
0,0.2906198
0,0.28757846
0,0.2816416
0,0.8530106
0,0.32389084
0,0.33844668
0,0.44549388
0,0.41704774
0,0.2864275
0,0.4725073
0,0.30626315
0,0.3157968
0,0.33542082
0,0.47708467
0,0.29529446
0,0.27979124
0,0.2682136
0,0.29762638
0,0.295258
0,0.30612323
0,0.30391204
0,0.24187143
0,0.30017045
0,0.33392778
0,0.3011266
0,0.8548068
0,0.543778
0,0.27388403
0,0.30896103
0,0.25811222
0,0.35422578
0,0.3220757
0,0.29458547
0,0.3731358
0,0.26111054
0,0.3069156
0,0.33290404
0,0.33613497
0,0.27983674
0,0.33352214
0,0.32116285
0,0.34514755
0,0.32703435
0,0.32933372
0,0.28512153
0,0.2826159
0,0.32548213
0,0.8067558
0,0.27661094
0,0.35178047
0,0.3472029
0,0.33182952
0,0.29843822
0,0.34750205
0,0.29891074
0,0.33284715
0,0.33581692
0,0.34977064
0,0.4208034
0,0.31465924
0,0.31047288
0,0.29234672
0,0.34363803
0,0.312899
0,0.42100233
0,0.31623653
0,0.33752307
0,0.35803866
0,0.2972926
0,0.83104205
0,0.30164686
0,0.32258388
0,0.3712018
0,0.39382684
0,0.31879422
0,0.3427602
0,0.32549006
0,0.3498559
0,0.36172774
0,0.3864933
0,0.39229587
0,0.32759586
0,0.34803408
0,0.4410201
0,0.32855928
0,0.30082795
0,0.4614087
0,0.28300235
0,0.353223
0,0.27645564
0,0.25892857
0,0.95405376
0,0.33687237
0,0.314085
0,0.30398157
0,0.30977127
0,0.2949089
0,0.2797679
0,0.2980477
0,0.31840116
0,0.2357798
0,0.2623527
0,0.6391665
0,0.33569473
0,0.3700626
0,0.2819644
0,0.30897456
0,0.2710444
0,0.30233604
0,0.34078917
0,0.45518935
0,0.26887897
0,0.30475402
0,0.8643895
0,0.30134833
0,0.33884954
0,0.29065546
0,0.2574205
0,0.3082896
0,0.30859828
0,0.26555225
0,0.37653518
0,0.38736516
0,0.30147585
0,0.37739936
0,0.37363595
0,0.36460966
0,0.36622605
0,0.273422
0,0.3378295
0,0.28518876
0,0.27329567
0,0.30433527
0,0.3179541
0,0.32805577
0,0.34453785
0,0.5903505
0,0.2807625
0,0.4562802
0,0.33505556
0,0.503344
0,0.29775414
0,0.3573736
0,0.3089434
0,0.31026208
0,0.26705694
0,0.36326516
0,0.29125398
0,0.30069736
0,0.3343144
0,0.29768834
0,0.41751784
0,0.34462875
0,0.51505446
0,0.30185202
0,0.28479862
0,0.29981917
0,0.30620107
0,0.92268455
0,0.28506866
0,0.23907755
0,0.25550967
0,0.30044603
0,0.34906402
0,0.3186413
0,0.28029066
0,0.37725404
0,0.28915513
0,0.35344976
0,0.2913492
0,0.34678307
0,0.27379242
0,0.39484444
0,0.32457379
0,0.32992253
0,0.37697393
0,0.37650424
0,0.27461994
0,0.38221672
0,0.41179353
0,0.5030476
0,0.46588102
0,0.2852584
0,0.37929714
0,0.33954197
0,0.27949327
0,0.35707235
0,0.5673292
0,0.3069001
0,0.30529702
0,0.6667615
0,0.36570024
0,0.4169309
0,0.27835667
0,0.29776266
0,0.34458128
0,0.39406675
0,0.29152572
0,0.2866947
0,0.36109212
0,0.28301057
0,0.3521981
0,0.84404755
0,0.32329348
0,0.3248292
0,0.33074993
0,0.2564813
0,0.3311967
0,0.3076871
0,0.29609558
0,0.26852673
0,0.26568833
0,0.2614239
0,0.3245207
0,0.28842026
0,0.3418586
0,0.36689895
0,0.33456182
0,0.3906662
0,0.25110897
0,0.26002356
0,0.3368635
0,0.29093784
0,0.27754736
0,0.8613029
0,0.35125795
0,0.3148408
0,0.34887433
0,0.2794645
0,0.28708643
0,0.28349158
0,0.29883704
0,0.30451608
0,0.3324324
0,0.28294867
0,0.35453188
0,0.27269042
0,0.27499342
0,0.32102984
0,0.33032092
0,0.33648756
0,0.31541067
0,0.27570704
0,0.54796237
0,0.2679533
0,0.26311558
0,0.96339035
0,0.2653208
0,0.3272862
0,0.47901592
0,0.27376583
0,0.34984577
0,0.26508555
0,0.28684857
0,0.5573215
0,0.307728
0,0.31544062
0,0.32290992
0,0.32135454
0,0.26495978
0,0.37613794
0,0.35084912
0,0.2643022
0,0.33838996
0,0.33004668
0,0.21518858
0,0.5782448
0,0.37527877
0,0.31279862
0,0.3032297
0,0.40302685
0,0.30601135
0,0.3828606
0,0.26883084
0,0.31829908
0,0.25229645
0,0.48631755
1,0.31312212
1,0.99519163
1,0.9989279
1,0.9938474
1,0.998483
1,0.9998994
1,0.99782276
1,0.99986935
1,0.99535215
1,0.9996288
1,0.9884399
1,0.99969107
1,0.9986994
1,0.9949137
1,0.87624997
1,0.9998766
1,0.9994806
1,0.99874663
1,0.9998872
1,0.99924076
1,0.99709237
1,0.9983551
1,0.985477
1,0.99959576
1,0.9894718
1,0.9965412
1,0.9911889
1,0.99769163
1,0.9990346
1,0.99729544
1,0.99180144
1,0.99972814
1,0.9596584
1,0.99874675
1,0.9844535
1,0.99990654
1,0.9931808
1,0.99187547
1,0.999877
1,0.9148225
1,0.9991694
1,0.99908125
1,0.99766517
1,0.9994207
1,0.99320954
1,0.70531434
1,0.9987853
1,0.79098076
1,0.9979023
1,0.99975127
1,0.97652435
1,0.997923
1,0.9706197
1,0.99439794
1,0.9990385
1,0.9859871
1,0.9945401
1,0.98681307
1,0.9736549
1,0.9841251
1,0.98841
1,0.99702317
1,0.99365246
1,0.994467
1,0.9965108
1,0.99964714
1,0.98728544
1,0.99919194
1,0.9978643
1,0.99979925
1,0.97478884
1,0.9982161
1,0.99972326
1,0.999954
1,0.9997321
1,0.9843291
1,0.99982166
1,0.99752015
1,0.9986822
1,0.9998187
1,0.9988386
1,0.9947606
1,0.96189517
1,0.9992838
1,0.99139965
1,0.99898595
1,0.99776363
1,0.9910361
1,0.9991942
1,0.97855353
1,0.9996629
1,0.9918367
1,0.9994375
1,0.7097006
1,0.9995424
1,0.9984378
1,0.87420344
1,0.9993055
1,0.99642295
1,0.9526648
1,0.99187636
1,0.9926219
1,0.9997926
1,0.99738616
1,0.9833083
1,0.9998052
1,0.98928505
1,0.9626961
1,0.9913563
1,0.97453725
1,0.9993839
1,0.9719904
1,0.992709
1,0.99982965
1,0.9912804
1,0.9811122
1,0.99367917
1,0.9994898
1,0.9929409
1,0.99850154
1,0.9934042
1,0.9885697
1,0.9887734
1,0.99972945
1,0.9969889
1,0.9888236
1,0.99950397
1,0.9895772
1,0.99996376
1,0.9967464
1,0.9993313
1,0.99872404
1,0.9931364
1,0.63074106
1,0.8849502
1,0.96765894
1,0.9471624
1,0.99240243
1,0.9975865
1,0.99817765
1,0.987576
1,0.9990747
1,0.9999778
1,0.99997497
1,0.99837923
1,0.9993825
1,0.9994935
1,0.99363375
1,0.9996625
1,0.9996455
1,0.99832255
1,0.98678756
1,0.99995255
1,0.9977958
1,0.9844572
1,0.999846
1,0.9943039
1,0.9952813
1,0.99994564
1,0.9994005
1,0.99208695
1,0.99989736
1,0.9756797
1,0.9975834
1,0.9896107
1,0.94863516
1,0.9893463
1,0.9984498
1,0.9849251
1,0.9997839
1,0.80545753
1,0.95486367
1,0.98030865
1,0.9976755
1,0.9582323
1,0.9895415
1,0.9501665
1,0.99896467
1,0.9659334
1,0.9815971
1,0.99961364
1,0.99265325
1,0.9890702
1,0.99895775
1,0.9974517
1,0.9949997
1,0.9991228
1,0.9875553
1,0.9972137
1,0.99388665
1,0.9992667
1,0.9969355
1,0.98312235
1,0.99870837
1,0.99592763
1,0.9995473
1,0.99832577
1,0.9932921
1,0.99867386
1,0.9997935
1,0.9769718
1,0.99722064
1,0.99992585
1,0.9995041
1,0.9996857
1,0.9971015
1,0.9997783
1,0.85786057
1,0.99923956
1,0.9999318
1,0.99975425
1,0.998517
1,0.99909896
1,0.9951547
1,0.99984515
1,0.9895381
1,0.9996064
1,0.9984701
1,0.9888909
1,0.99476916
1,0.99584144
1,0.9948679
1,0.9983315
1,0.9993081
1,0.9980362
1,0.999708
1,0.97607803
1,0.99765575
1,0.9971606
1,0.99088967
1,0.99971575
1,0.9929905
1,0.9976459
1,0.9981943
1,0.9996598
1,0.9791099
1,0.9843223
1,0.9923926
1,0.99764663
1,0.9998896
1,0.9874881
1,0.9985758
1,0.99864215
1,0.99784195
1,0.9998113
1,0.8632271
1,0.99976104
1,0.97929204
1,0.99586886
1,0.9720494
1,0.99779785
1,0.99906754
1,0.93083966
1,0.99763906
1,0.91686624
1,0.99904126
1,0.98337954
1,0.98492485
1,0.99473226
1,0.9992064
1,0.9296549
1,0.9987999
1,0.99697065
1,0.99842983
1,0.9967347
1,0.99796754
1,0.9668324
1,0.998104
1,0.84845906
1,0.9996091
1,0.99513674
1,0.9775358
1,0.9964083
1,0.99513525
1,0.9890409
1,0.99746156
1,0.9858279
1,0.9997701
1,0.9483768
1,0.9967108
1,0.9545793
1,0.9992686
1,0.99118996
1,0.99930835
1,0.99742573
1,0.9583928
1,0.9986968
1,0.9863211
1,0.9990446
1,0.8224759
1,0.9992015
1,0.99967223
1,0.9946911
1,0.916234
1,0.98561245
1,0.997743
1,0.9999734
1,0.9972678
1,0.992355
1,0.99952006
1,0.9948613
1,0.99987245
1,0.97688943
1,0.9978877
1,0.99966264
1,0.9776898
1,0.9999894
1,0.97940534
1,0.99920726
1,0.99727976
1,0.99956757
1,0.99980044
1,0.96963507
1,0.99748456
1,0.9863147
1,0.99921846
1,0.99956745
1,0.9976636
1,0.99852943
1,0.99990916
1,0.9999678
1,0.99521494
1,0.9922738
1,0.99983144
1,0.9991362
1,0.9992493
1,0.999915
1,0.99988174
1,0.9918575
1,0.9955289
1,0.9929577
1,0.9999298
1,0.9995585
1,0.9987894
1,0.99950063
1,0.99993825
1,0.98438257
1,0.99562895
1,0.99549824
1,0.9984053
1,0.9987612
1,0.9977295
1,0.97302216
1,0.9989102
1,0.9995627
1,0.91417044
1,0.9999119
1,0.98982346
1,0.9995826
1,0.99651754
1,0.9993969
1,0.99998045
1,0.997391
1,0.99988043
1,0.9975291
1,0.99113244
1,0.9928756
1,0.9942638
1,0.999161
1,0.99933344
1,0.99863666
1,0.9998274
1,0.9979405
1,0.99990785
1,0.99830997
1,0.99979615
1,0.9967283
1,0.99468744
1,0.96531826
1,0.96382
1,0.99792576
1,0.9998429
1,0.99706393
1,0.9857879
1,0.9999436
1,0.98736596
1,0.98786455
1,0.99976236
1,0.9861075
1,0.9985989
1,0.9994504
1,0.9984407
1,0.991409
1,0.9814513
1,0.99663866
1,0.99782014
1,0.98166144
1,0.9999337
1,0.9992444
1,0.98407656
1,0.99822146
1,0.9993548
1,0.99933666
1,0.9990451
1,0.99681735
1,0.99982727
1,0.99970573
1,0.99982095
1,0.990152
1,0.99787843
1,0.9999167
1,0.89435035
1,0.99949956
1,0.99982107
1,0.99858046
1,0.9916208
1,0.9847893
1,0.99432087
1,0.99986744
1,0.9869302
1,0.9976319
1,0.9974934
1,0.9978957
1,0.9994948
1,0.98702556
1,0.9994769
1,0.99363035
1,0.99853146
1,0.9775965
1,0.99499005
1,0.9997959
1,0.9837351
1,0.99826413
1,0.99860716
1,0.9860592
1,0.99868447
1,0.97946036
1,0.99362636
1,0.99815375
1,0.9901473
1,0.99484074
1,0.99859697
1,0.9931078
1,0.9996164
1,0.9857766
1,0.9999045
1,0.9996845
1,0.99967486
1,0.9999832
1,0.9968163
1,0.9921726
1,0.9999727
1,0.9699461
1,0.99018526
1,0.9994394
1,0.9999703
1,0.9815005
1,0.99940145
1,0.99970025
1,0.96233934
1,0.99937546
1,0.9957041
1,0.9996201
1,0.9997024
1,0.98482424
1,0.9965522
1,0.982007
1,0.99894387
1,0.99996305
1,0.924981
1,0.99977124
1,0.96471024
1,0.9928411
1,0.99933547
1,0.9884304
1,0.9997503
1,0.9986677
1,0.9792834
1,0.99915266
1,0.9959306
1,0.99793637
1,0.9999162
1,0.99369365
1,0.9958887
1,0.99512684
1,0.99041337
1,0.99930954
1,0.9977023
1,0.99634117
1,0.99974567
1,0.9963007
1,0.99897265
1,0.9992229
1,0.9543502
1,0.99991
1,0.92284095
1,0.9909691
1,0.99688846
1,0.9987206
1,0.997311
1,0.9971476
1,0.99982464
1,0.9976706
1,0.9936538
1,0.9766823
1,0.9884487
1,0.99986076
1,0.99574935
1,0.9998723
1,0.99926966
1,0.9997259
1,0.99994576
1,0.99227905
1,0.99648356
1,0.9995741
1,0.993686
1,0.9999161
1,0.9964244
1,0.99989486
1,0.9970933
1,0.99992514
1,0.98992753
1,0.9998386
1,0.99319685
1,0.9892315
1,0.99328643
1,0.99547166
1,0.99937737
1,0.99869114
1,0.98858345
1,0.6535337
1,0.99649966
1,0.9998112
1,0.94005066
1,0.9807746
1,0.9976919
1,0.99782133
1,0.9753481
1,0.99509543
1,0.9980884
1,0.97698134
1,0.99991155
1,0.9634166
1,0.999292
1,0.9995202
1,0.9960573
1,0.99988794
1,0.98855907
1,0.9999478
1,0.9551183
1,0.99870336
1,0.9996851
1,0.9956678
1,0.9846485
1,0.99041724
1,0.99402994
1,0.9789997
1,0.99670035
1,0.9896888
1,0.9985103
1,0.99630994
1,0.98805016
1,0.98155665
1,0.99594927
1,0.9948265
1,0.9993135
1,0.79168224
1,0.99995494
1,0.9884851
1,0.98555136
1,0.97664684
1,0.9994286
1,0.9994245
1,0.9987645
1,0.99952406
1,0.96744317
1,0.99597114
1,0.9826519
1,0.9984397
1,0.98124367
1,0.9999944
1,0.99740016
1,0.9999653
1,0.9987122
1,0.99997354
1,0.98819876
1,0.98629457
1,0.97804344
1,0.99964535
1,0.99167013
1,0.99863154
1,0.99984396
1,0.9782908
1,0.99800736
1,0.9996757
1,0.9992009
1,0.9955889
1,0.99977565
1,0.9960312
1,0.9965227
1,0.9946222
1,0.9951656
1,0.9802294
1,0.9997583
1,0.9994195
1,0.99699247
1,0.999925
1,0.99114406
1,0.99987197
1,0.99808323
1,0.99806887
1,0.998825
1,0.9915599
1,0.9999833
1,0.8679457
1,0.9998499
1,0.9757646
1,0.9990632
1,0.9941479
1,0.9955371
1,0.9998864
1,0.9926931
1,0.9999026
1,0.9996617
1,0.9866567
1,0.99995995
1,0.9923501
1,0.99865425
1,0.9985114
1,0.9989813
1,0.9985386
1,0.99992025
1,0.99755245
1,0.999951
1,0.9982811
1,0.9988117
1,0.9998319
1,0.9987729
1,0.999468
1,0.99397224
1,0.99976593
1,0.9999753
1,0.99650604
1,0.9999057
1,0.9945235
1,0.98092467
1,0.98942906
1,0.9900182
1,0.96128595
1,0.994224
1,0.9986356
1,0.99984884
1,0.9991266
1,0.9898231
1,0.99976605
1,0.98929757
1,0.9841559
1,0.9924384
1,0.9978205
1,0.9986228
1,0.99679595
1,0.93759906
1,0.99910945
1,0.99602
1,0.9995541
1,0.99966025
1,0.9998437
1,0.9862861
1,0.9999924
1,0.9996702
1,0.9945033
1,0.9999063
1,0.89249605
1,0.98289734
1,0.98634475
1,0.999233
1,0.9531853
1,0.98903006
1,0.7379439
1,0.9958826
1,0.9952679
1,0.97838175
1,0.99024796
1,0.9912861
1,0.9880166
1,0.99478567
1,0.99991417
1,0.9924731
1,0.97973365
1,0.9831599
1,0.9998002
1,0.9935083
1,0.99009544
1,0.99975055
1,0.972469
1,0.9998039
1,0.99895287
1,0.994406
1,0.9990667
1,0.95038486
1,0.99964225
1,0.92080325
1,0.9915188
1,0.9974579
1,0.98654616
1,0.9960014
1,0.9908614
1,0.9761795
1,0.9989629
1,0.99199295
1,0.9976503
1,0.98614556
1,0.9939049
1,0.9995142
1,0.98396266
1,0.96928215
1,0.9999956
1,0.9984913
1,0.9955632
1,0.9995623
1,0.99974054
1,0.99982715
1,0.992716
1,0.9890782
1,0.93947834
1,0.9993548
1,0.9792488
1,0.9992155
1,0.9983348
1,0.9988896
1,0.9961696
1,0.9885959
1,0.99822253
1,0.9954543
1,0.97146034
1,0.9966186
1,0.99678856
1,0.9907773
1,0.99895513
1,0.999846
1,0.99780303
1,0.9772683
1,0.9993154
1,0.9882803
1,0.9989802
1,0.99984694
1,0.9827236
1,0.99930394
1,0.9930593
1,0.9678064
1,0.98866487
1,0.9944147
1,0.9659439
1,0.9994707
1,0.9987129
1,0.97553957
1,0.99961555
1,0.9989963
1,0.9980566
1,0.99990404
1,0.9896806
1,0.99829227
1,0.99972874
1,0.99128836
1,0.99291295
1,0.96036834
1,0.99908996
1,0.9962
1,0.9969054
1,0.94412005
1,0.9994504
1,0.99804366
1,0.9928415
1,0.99338734
1,0.99909717
1,0.9636089
1,0.9950966
1,0.95430523
1,0.99703926
1,0.99737537
1,0.99781775
1,0.9989198
1,0.99649256
1,0.9999552
1,0.9983784
1,0.64208883
1,0.99915016
1,0.8017818
1,0.99778616
1,0.992879
1,0.9973373
1,0.9962117
1,0.9986515
1,0.9992329
1,0.9880349
1,0.9992281
1,0.99990237
1,0.99759656
1,0.9966767
1,0.99929297
1,0.9643395
1,0.9998094
1,0.99719787
1,0.99765825
1,0.99905604
1,0.9938658
1,0.99841535
1,0.9756148
1,0.99933344
1,0.9954091
1,0.9998628
1,0.99953634
1,0.90411764
1,0.9997798
1,0.96429324
1,0.9975031
1,0.9998462
1,0.9974074
1,0.98592025
1,0.9927253
1,0.9929645
1,0.99933594
1,0.99312395
1,0.99511755
1,0.9997234
1,0.99275666
1,0.99829775
1,0.999601
1,0.9754034
1,0.99935395
1,0.8134471
1,0.999669
1,0.99623114
1,0.99834454
1,0.99940395
1,0.9979674
1,0.99424934
1,0.99978006
1,0.7178362
1,0.9411057
1,0.9992366
1,0.9949701
1,0.99247146
1,0.9981577
1,0.99819237
1,0.98596406
1,0.9993992
1,0.99560934
1,0.9846564
1,0.99639124
1,0.7670712
1,0.999931
1,0.9918183
1,0.99961674
1,0.9955051
1,0.9978896
1,0.9990213
1,0.99693584
1,0.9999212
1,0.96950024
1,0.98121613
1,0.9963072
1,0.96729416
1,0.9992143
1,0.9890476
1,0.96008444
1,0.9984523
1,0.99608266
1,0.9993861
1,0.87415916
1,0.9998032
1,0.9927234
1,0.9724648
1,0.9946754
1,0.99829465
1,0.9986356
1,0.96752775
1,0.9995885
1,0.9961801
1,0.9973904
1,0.9987882
1,0.9933362
1,0.97389185
1,0.9993319
1,0.9980261
1,0.9982077
1,0.994955
1,0.9969716
1,0.9979761
1,0.99164623
1,0.99771464
1,0.9787129
1,0.9988992
1,0.99635386
1,0.9923138
1,0.9862884
1,0.9996352
1,0.9972933
1,0.99175173
1,0.99743
1,0.98202217
1,0.9936945
1,0.98616827
1,0.9838696
1,0.99865097
1,0.9979837
1,0.9996709
1,0.9975407
1,0.9988683
1,0.98642284
1,0.9986386
1,0.99919826
1,0.9953251
1,0.9999089
1,0.9958026
1,0.9993961
1,0.9758805
1,0.993588
1,0.99413383
1,0.9997205
1,0.98798764
1,0.9997048
1,0.9977042
1,0.9974631
1,0.99870384
1,0.99582607
1,0.80182177
1,0.99869704
1,0.98220223
1,0.9991936
1,0.9201159
1,0.9998168
1,0.9908909
1,0.99970514
1,0.99362624
1,0.9887707
1,0.9992403
1,0.98890495
1,0.9901126
1,0.99942356
1,0.9502735
1,0.99546
1,0.977671
1,0.87112904
1,0.9952848
1,0.99985015
1,0.98456895
1,0.9996418
1,0.99848783
1,0.9581221
1,0.988458
1,0.9987525
1,0.9996064
1,0.99370766
1,0.99960816
1,0.99396896
1,0.9921113
1,0.99992263
1,0.988277
1,0.99731606
1,0.9983767
1,0.9889815
1,0.9998429
1,0.9528976
1,0.9992433
1,0.98410887
1,0.9747737
1,0.99964845
1,0.94070214
1,0.99878305
1,0.9941594
1,0.83885247
1,0.9966325
1,0.9609377
1,0.9993655
1,0.9582183
1,0.9989471
1,0.98143893
1,0.9587513
1,0.99891305
1,0.98171175
1,0.9622527
1,0.8317342
1,0.99715686
1,0.98578167
1,0.9781289
1,0.999111
1,0.999445
1,0.9844748
1,0.97320026
1,0.9996139
1,0.95999426
1,0.99786204
1,0.99650383
1,0.9672781
1,0.9988261
1,0.97801137
1,0.9917093
1,0.9992304
1,0.9968723
1,0.99984694
1,0.9964043
1,0.998781
1,0.99986386
1,0.99251443
1,0.994362
1,0.98302335
1,0.99978614
1,0.9976324
1,0.99982834
1,0.9947959
1,0.99135745
1,0.9936706
1,0.99933106
1,0.99882394
1,0.9841756
1,0.997968
1,0.99982715
1,0.9925466
1,0.9683473
1,0.99982905
1,0.9188222
1,0.99995434
1,0.99739563
1,0.9982931
1,0.99866295
1,0.999549
1,0.9806817
1,0.9893218
1,0.9914677
1,0.99466085
1,0.99930286
1,0.999977
1,0.9888071
1,0.98260045
1,0.9988244
1,0.9847985
1,0.9931243
1,0.9779297
1,0.96493274
1,0.9913162
1,0.9982621
1,0.98650974
1,0.9964954
1,0.9982584
1,0.9985043
1,0.9957086
1,0.9787218
1,0.9989372
1,0.9908727
1,0.98102933
1,0.99660337
1,0.9770358
1,0.9817676
1,0.96644384
1,0.9975268
1,0.8594018
1,0.984543
1,0.97343844
1,0.97115535
1,0.99761647
1,0.99925154
1,0.9186721
1,0.9907936
1,0.99726355
1,0.9939645
1,0.99407023
1,0.99787796
1,0.9095444
1,0.9992236
1,0.98910356
1,0.9583441
1,0.9997129
1,0.97997147
1,0.988784
1,0.9971738
1,0.95955676
1,0.99494946
1,0.9472977
1,0.9982014
1,0.962469
1,0.9998554
1,0.9971734
1,0.985202
1,0.9961721
1,0.99585384
1,0.95022076
1,0.99833554
1,0.9934671
1,0.996092
1,0.9996617
1,0.99812967
1,0.99970084
1,0.99784136
1,0.98288655
1,0.88853955
1,0.9921671
1,0.9982162
1,0.92865014
1,0.99950385
1,0.98572797
1,0.99758494
1,0.9999758
1,0.99947035
1,0.96006995
1,0.9997939
1,0.9954625
1,0.9999989
1,0.9997042
1,0.9999579
1,0.9993994
1,0.9954763
1,0.9999652
1,0.9935236
1,0.99734396
1,0.98346615
1,0.99988115
1,0.9977295
1,0.9987703
1,0.9892188
1,0.9999517
1,0.99133027
1,0.9996073
1,0.99616146
1,0.98731774
1,0.9712166
1,0.999287
1,0.8222027
1,0.9863814
1,0.9987244
1,0.9750852
1,0.99106854
1,0.99582785
1,0.9850455
1,0.99868613
1,0.99980676
1,0.75393623
1,0.9944499
1,0.9982968
1,0.98962176
1,0.99504435
1,0.99976236
1,0.99591285
1,0.9908806
1,0.99726886
1,0.9404277
1,0.9531635
1,0.9819364
1,0.98210794
1,0.98391414
1,0.9737031
1,0.9981608
1,0.9991687
1,0.9973496
1,0.9986853
1,0.99865735
1,0.99583626
1,0.9997681
1,0.9981615
1,0.99829894
1,0.9606521
1,0.9977048
1,0.99798274
1,0.996278
1,0.9955793
1,0.9932827
1,0.99689037
1,0.99888784
1,0.9935567
1,0.9972314
1,0.99971336
1,0.99345136
1,0.9985866
1,0.9993239
1,0.99947035
1,0.9989334
1,0.9898991
1,0.99952257
1,0.9985917
1,0.9936759
1,0.9976796
1,0.9793184
1,0.9991443
1,0.99062496
1,0.995074
1,0.9997557
1,0.93700147
1,0.9978352
1,0.99444944
1,0.98384213
1,0.99907124
1,0.9486172
1,0.999292
1,0.98862374
1,0.98183966
1,0.9992562
1,0.9890224
1,0.99678254
1,0.99794847
1,0.98685765
1,0.999791
1,0.9883143
1,0.718225
1,0.9606203
1,0.984454
1,0.99741995
1,0.9923961
1,0.9987533
1,0.88774276
1,0.9984865
1,0.9959292
1,0.9836354
1,0.99897456
1,0.9879892
1,0.9649649
1,0.9418049
1,0.999406
1,0.999943
1,0.9995183
1,0.9634303
1,0.9535738
1,0.99995375
1,0.9867404
1,0.99837446
1,0.98762906
1,0.9648878
1,0.9997639
1,0.98321646
1,0.9861534
1,0.9787511
1,0.977233
1,0.99954146
1,0.9996129
1,0.9665805
1,0.99940836
1,0.9798981
1,0.9923941
1,0.99921954
1,0.85237557
1,0.999645
1,0.9868671
1,0.99280834
1,0.99658394
1,0.99852765
1,0.92717844
1,0.9997423
1,0.9884753
1,0.9996931
1,0.9921056
1,0.99902534
1,0.99347043
1,0.9987577
1,0.9812464
1,0.99660915
1,0.9807764
1,0.97682106
1,0.9985085
1,0.9816426
1,0.99984205
1,0.99605596
1,0.9975147
1,0.9962147
1,0.9935854
1,0.97157973
1,0.97066313
1,0.9980927
1,0.99883634
1,0.9901869
1,0.998691
1,0.98809457
1,0.9975809
1,0.9924777
1,0.9896373
1,0.9987931
1,0.9849443
1,0.98302335
1,0.9988018
1,0.9988998
1,0.9969786
1,0.98792887
1,0.9986694
1,0.9902723
1,0.9975745
1,0.9993187
1,0.9755163
1,0.99740154
1,0.9880221
1,0.9975387
1,0.9901433
1,0.99763644
1,0.99561167
1,0.99725866
1,0.9864583
1,0.99602234
1,0.995105
1,0.99904114
1,0.9997379
1,0.9848347
1,0.99678326
1,0.99900407
1,0.8073469
1,0.9969907
1,0.9996166
1,0.9647619
1,0.9880194
1,0.992789
1,0.97914964
1,0.9800801
1,0.9028335
1,0.99865186
1,0.9979754
1,0.9713325
1,0.99797875
1,0.96280986
1,0.97791684
1,0.99957114
1,0.9933964
1,0.98526555
1,0.9691013
1,0.97403413
1,0.9882272
1,0.996908
1,0.9378739
1,0.93404573
1,0.9470502
1,0.9856139
1,0.9891229
1,0.9933711
1,0.94613457
1,0.9454694
1,0.99871266
1,0.98986924
1,0.97953093
1,0.9998263
1,0.993156
1,0.98035985
1,0.9910669
1,0.9855257
1,0.98257464
1,0.91260487
1,0.9550409
1,0.95190924
1,0.97904485
1,0.9956249
1,0.99691546
1,0.98117805
1,0.99921787
1,0.99744946
1,0.97484326
1,0.99795747
1,0.99648654
1,0.97678554
1,0.9888911
1,0.8938176
1,0.9892482
1,0.9970427
1,0.8922178
1,0.94277465
1,0.99748814
1,0.9910293
1,0.9949922
1,0.98854536
1,0.9872147
1,0.9987949
1,0.96734726
1,0.2812149
0,0.17396486
0,0.338282
0,0.26769766
0,0.2231871
0,0.3395851
0,0.32389086
0,0.38982707
0,0.33044037
0,0.55113363
0,0.34465164
0,0.4527031
0,0.4801103
0,0.38419813
0,0.28060308
0,0.8508881
0,0.38868424
0,0.40231127
0,0.6457056
0,0.51799476
0,0.30521315
0,0.31376755
0,0.3542634
0,0.40748173
0,0.42529953
0,0.4011449
0,0.32517824
0,0.2879642
0,0.27926156
0,0.35550225
0,0.35004744
0,0.29400453
0,0.30088863
0,0.27381077
0,0.28305495
0,0.31365156
0,0.34921196
0,0.41609353
0,0.2596551
0,0.32395315
0,0.2801536
0,0.32428882
0,0.330517
0,0.31214288
0,0.51282877
0,0.32791027
0,0.35514712
0,0.28999695
0,0.3713109
0,0.4367901
0,0.28505516
0,0.3052647
0,0.30369553
0,0.24224122
0,0.31729898
0,0.3472334
0,0.3764481
0,0.37563005
0,0.28670898
0,0.41537336
0,0.2837684
0,0.29947582
0,0.39326224
0,0.39019498
0,0.36333528
0,0.36651307
0,0.273807
0,0.3712984
0,0.35984764
0,0.33021918
0,0.3448562
0,0.4250922
0,0.27665126
0,0.29372638
0,0.35567415
0,0.29173216
0,0.37186295
0,0.31310672
0,0.34811288
0,0.397038
0,0.38137344
0,0.29015297
0,0.27215582
0,0.27853906
0,0.30876866
0,0.29551348
0,0.25618252
0,0.29661873
0,0.40227252
0,0.4023809
0,0.49719745
0,0.315178
0,0.36921006
0,0.36769634
0,0.34119168
0,0.3239834
0,0.31129602
0,0.2768044
0,0.69272584
0,0.33272246
0,0.3035163
0,0.31488273
0,0.3425731
0,0.64119834
0,0.2867523
0,0.32260013
0,0.3094585
0,0.32364392
0,0.29817495
0,0.30630893
0,0.3564341
0,0.29688004
0,0.3552837
0,0.32208332
0,0.2831102
0,0.3326127
0,0.34677106
0,0.32535204
0,0.3584564
0,0.31259727
0,0.51449883
0,0.42416853
0,0.41324225
0,0.34504622
0,0.3946494
0,0.31406888
0,0.82613784
0,0.3290823
0,0.32696682
0,0.43504855
0,0.28363845
0,0.3228032
0,0.5023954
0,0.36253637
0,0.26179382
0,0.27212572
0,0.26852193
0,0.2900326
0,0.3770945
0,0.2411719
0,0.28117248
0,0.2966435
0,0.3644928
0,0.39290208
0,0.31035957
0,0.29678547
0,0.3515158
0,0.26601017
0,0.31102085
0,0.62333196
0,0.29020712
0,0.34784704
0,0.43381456
0,0.38322696
0,0.36359972
0,0.31291437
0,0.32325116
0,0.4167947
0,0.3976772
0,0.3163827
0,0.34178844
0,0.33958554
0,0.29988167
0,0.29164097
0,0.34048727
0,0.3952592
0,0.33358052
0,0.2816073
0,0.55823153
0,0.25490704
0,0.30679798
0,0.551432
0,0.7223664
0,0.51749045
0,0.40363201
0,0.2790246
0,0.2634258
0,0.43567383
0,0.3540573
0,0.390893
0,0.8669283
0,0.31047282
0,0.31062126
0,0.4139139
0,0.30159083
0,0.2903399
0,0.26731732
0,0.2640201
0,0.40301836
0,0.30009577
0,0.3015646
0,0.34297624
0,0.33998787
0,0.36507475
0,0.7757663
0,0.28207266
0,0.3458962
0,0.30924034
0,0.33450177
0,0.3828825
0,0.3557909
0,0.6973617
0,0.43977925
0,0.2703308
0,0.54275906
0,0.34541324
0,0.5631451
0,0.3707115
0,0.2930088
0,0.32203692
0,0.35674134
0,0.28263226
0,0.2920524
0,0.320167
0,0.3429687
0,0.33010563
0,0.359169
0,0.30684212
0,0.27310774
0,0.31571966
0,0.27455646
0,0.30036637
0,0.29541636
0,0.28568715
0,0.24497128
0,0.28457555
0,0.29238662
0,0.48418513
0,0.30846447
0,0.24553038
0,0.34200442
0,0.3285188
0,0.3206214
0,0.40461814
0,0.30128622
0,0.33176902
0,0.3269392
0,0.37624437
0,0.79432523
0,0.3458507
0,0.38514146
0,0.27379522
0,0.33870196
0,0.3286176
0,0.60267353
0,0.3646065
0,0.36949462
0,0.32694104
0,0.32675475
0,0.5139636
0,0.29074487
0,0.34531197
0,0.36943904
0,0.42936483
0,0.3790412
0,0.26941124
0,0.31873325
0,0.31342545
0,0.42443928
0,0.33285484
0,0.7419792
0,0.38564742
0,0.2913574
0,0.28002563
0,0.31263334
0,0.41819584
0,0.5175565
0,0.4315399
0,0.24853432
0,0.3746259
0,0.27549794
0,0.27681574
0,0.30032337
0,0.3517534
0,0.29262093
0,0.25309816
0,0.29064143
0,0.44942427
0,0.41639876
0,0.35056803
0,0.40458488
0,0.28919116
0,0.6060944
0,0.31745446
0,0.45247838
0,0.39274323
0,0.27820736
0,0.24188259
0,0.27689412
0,0.25343272
0,0.38886327
0,0.31046227
0,0.21006416
0,0.25572827
0,0.2760267
0,0.33614066
0,0.2467579
0,0.22497176
0,0.29270467
0,0.3573546
0,0.29720962
0,0.25763488
0,0.26286992
0,0.345126
0,0.32481545
0,0.3543255
0,0.36383304
0,0.2459276
0,0.28422108
0,0.27787215
0,0.34140423
0,0.33577484
0,0.42384633
0,0.28396964
0,0.27764437
0,0.27121332
0,0.3132485
0,0.3612003
0,0.26972497
0,0.33499676
0,0.3029083
0,0.3093345
0,0.47071254
0,0.35322464
0,0.2786447
0,0.2762987
0,0.26741335
0,0.4316815
0,0.3344762
0,0.29004404
0,0.31355345
0,0.4270497
0,0.32836357
0,0.33156648
0,0.31026685
0,0.30018365
0,0.2801624
0,0.23812942
0,0.24189575
0,0.3778201
0,0.32056713
0,0.23865333
0,0.31014332
0,0.26629016
0,0.4107479
0,0.35167646
0,0.3674894
0,0.29004213
0,0.28365386
0,0.66732335
0,0.36255854
0,0.39280996
0,0.36330613
0,0.36539453
0,0.25500548
0,0.25753176
0,0.31543115
0,0.29058257
0,0.30007896
0,0.25691584
0,0.30977806
0,0.3687146
0,0.30034298
0,0.24750048
0,0.2411518
0,0.2559346
0,0.3491938
0,0.34129262
0,0.25908795
0,0.26919633
0,0.2366461
0,0.30729455
0,0.6018562
0,0.31252536
0,0.31226635
0,0.26990175
0,0.2768294
0,0.28654924
0,0.3217896
0,0.25952703
0,0.27978015
0,0.26205984
0,0.22828467
0,0.30512857
0,0.35992643
0,0.28764275
0,0.26965222
0,0.2991419
0,0.22290282
0,0.2790284
0,0.31875136
0,0.251111
0,0.2960407
0,0.37600628
0,0.38458097
0,0.3275873
0,0.32333347
0,0.24830039
0,0.24001147
0,0.25646657
0,0.40225145
0,0.25980744
0,0.23944552
0,0.2550754
0,0.3250221
0,0.28738078
0,0.28864092
0,0.25341853
0,0.26077336
0,0.26046592
0,0.31575346
0,0.29090738
0,0.2722451
0,0.2705375
0,0.29291713
0,0.35902312
0,0.26796672
0,0.25599486
0,0.2584217
0,0.38078043
0,0.23425783
0,0.23688228
0,0.2942568
0,0.3488769
0,0.20801578
0,0.29057837
0,0.22971472
0,0.3631076
0,0.37736207
0,0.26784462
0,0.25255904
0,0.28801584
0,0.27046055
0,0.33522454
0,0.33945376
0,0.9194115
0,0.24208233
0,0.25283754
0,0.23721509
0,0.40286475
0,0.58968365
0,0.26959163
0,0.36669204
0,0.8561028
0,0.31849256
0,0.5822599
0,0.27692884
0,0.24705537
0,0.22248511
0,0.31597248
0,0.3046811
0,0.26757598
0,0.29648146
0,0.27462655
0,0.29420385
0,0.28472996
0,0.8853156
0,0.29011923
0,0.27474
0,0.24411444
0,0.28041053
0,0.30662385
0,0.28400546
0,0.37574488
0,0.32756302
0,0.29616094
0,0.29670537
0,0.35299402
0,0.38627946
0,0.34238553
0,0.29402637
0,0.28553823
0,0.29473653
0,0.33607364
0,0.3656873
0,0.3203488
0,0.28040743
0,0.2381863
0,0.88296616
0,0.31005362
0,0.33956727
0,0.27474788
0,0.34498549
0,0.34471536
0,0.3238287
0,0.31837383
0,0.32386777
0,0.2466138
0,0.28428948
0,0.2861439
0,0.49566263
0,0.56989074
0,0.4106814
0,0.36363342
0,0.31202704
0,0.41743648
0,0.31037098
0,0.28969732
0,0.30718002
0,0.58145577
0,0.22557119
0,0.42430875
0,0.32534277
0,0.32105094
0,0.33174947
0,0.357942
0,0.51132023
0,0.5450897
0,0.6554716
0,0.6848134
0,0.41046205
0,0.4046144
0,0.2822661
0,0.4574008
0,0.46183884
0,0.40265846
0,0.6788067
0,0.33200458
0,0.46770388
0,0.7297527
0,0.6649976
0,0.30813006
0,0.31088004
0,0.35855433
0,0.32637286
0,0.36073646
0,0.3594573
0,0.3529201
0,0.32721198
0,0.3617636
0,0.5057126
0,0.42820707
0,0.3099293
0,0.42872772
0,0.24964216
0,0.4496042
0,0.4387787
0,0.38303575
0,0.3134468
0,0.34725383
0,0.653343
0,0.27442387
0,0.30448893
0,0.32858884
0,0.27812862
0,0.2807695
0,0.31398013
0,0.28322506
0,0.33701482
0,0.39599493
0,0.29668745
0,0.30548075
0,0.29963896
0,0.3160595
0,0.44035882
0,0.27636018
0,0.36164808
0,0.27353406
0,0.3366859
0,0.32131135
0,0.2701541
0,0.79624563
0,0.32891706
0,0.2593589
0,0.42106074
0,0.5056668
0,0.45110413
0,0.3910247
0,0.32184458
0,0.44105655
0,0.43921733
0,0.4091477
0,0.35157496
0,0.43209785
0,0.2807453
0,0.39704952
0,0.40975907
0,0.4317945
0,0.3152144
0,0.30341542
0,0.25592878
0,0.39625546
0,0.364601
0,0.48574397
0,0.4028172
0,0.2556542
0,0.27203816
0,0.6492068
0,0.41472757
0,0.277516
0,0.25939777
0,0.3523773
0,0.33772153
0,0.4067954
0,0.46858433
0,0.27800128
0,0.38520133
0,0.3477507
0,0.3144124
0,0.35214853
0,0.29302934
0,0.35142583
0,0.2886047
0,0.3123983
0,0.29385108
0,0.62970567
0,0.3146394
0,0.29046082
0,0.28125864
0,0.37171957
0,0.36204165
0,0.2781955
0,0.3427505
0,0.29416254
0,0.29503673
0,0.3091015
0,0.31251168
0,0.26794067
0,0.27586716
0,0.3137938
0,0.45889816
0,0.37696472
0,0.41162184
0,0.27865535
0,0.2638527
0,0.24311022
0,0.393234
0,0.82000667
0,0.27809852
0,0.25466922
0,0.25756252
0,0.22541344
0,0.27241945
0,0.425118
0,0.29078954
0,0.2722611
0,0.2591298
0,0.2893929
0,0.32674563
0,0.28928939
0,0.33016643
0,0.27292
0,0.31322685
0,0.45669425
0,0.29104003
0,0.28475913
0,0.33946332
0,0.2647858
0,0.33122396
0,0.3810162
0,0.4081924
0,0.3126049
0,0.26677695
0,0.34045285
0,0.27296668
0,0.39632946
0,0.38710025
0,0.2736864
0,0.36824998
0,0.26684728
0,0.27277145
0,0.44221267
0,0.34226307
0,0.3859113
0,0.31054944
0,0.29725617
0,0.3413281
0,0.36897156
0,0.33698025
0,0.26784182
0,0.35573348
0,0.27800453
0,0.92028785
0,0.29403695
0,0.29715964
0,0.41858444
0,0.46643573
0,0.32230255
0,0.3334077
0,0.30026054
0,0.28967807
0,0.26740268
0,0.27505672
0,0.4642382
0,0.2935156
0,0.25131717
0,0.2622566
0,0.28866175
0,0.33224577
0,0.3023814
0,0.30399814
0,0.26236182
0,0.31283876
0,0.33800128
0,0.79960126
0,0.45082763
0,0.4177845
0,0.2535905
0,0.25864717
0,0.6103529
0,0.32837167
0,0.31348833
0,0.6020863
0,0.3029132
0,0.2614794
0,0.74273133
0,0.53986496
0,0.43680412
0,0.4346792
0,0.26766014
0,0.31658635
0,0.33729708
0,0.3558306
0,0.50550246
0,0.274353
0,0.30962583
0,0.4524629
0,0.45094234
0,0.80651426
0,0.34401596
0,0.36889133
0,0.32679608
0,0.30421206
0,0.5839115
0,0.37280416
0,0.32965294
0,0.30087727
0,0.2927949
0,0.2994091
0,0.49819526
0,0.35155362
0,0.38838652
0,0.31499118
0,0.46797168
0,0.3709515
0,0.40047067
0,0.2756448
0,0.3038979
0,0.31449097
0,0.42808273
0,0.34395996
0,0.3944863
0,0.31812754
0,0.2782069
0,0.26525012
0,0.30542538
0,0.33097818
0,0.4421475
0,0.34726036
0,0.2889463
0,0.27441046
0,0.36045548
0,0.2867357
0,0.35644218
0,0.3780291
0,0.3050708
0,0.28563514
0,0.2995312
0,0.26712248
0,0.24087083
0,0.2582483
0,0.5551851
0,0.26054868
0,0.29815537
0,0.3008169
0,0.25847992
0,0.29702607
0,0.2694435
0,0.26151514
0,0.3257319
0,0.32754317
0,0.27411118
0,0.29492003
0,0.2976103
0,0.33744135
0,0.2952437
0,0.25661668
0,0.22859152
0,0.34629247
0,0.42297396
0,0.36531538
0,0.64044285
0,0.33914557
0,0.27521238
0,0.29939917
0,0.38007775
0,0.51272535
0,0.32733464
0,0.41019925
0,0.3191893
0,0.42996776
0,0.43229845
0,0.54406476
0,0.33489406
0,0.35482135
0,0.31307375
0,0.5601952
0,0.45747483
0,0.43374372
0,0.34726202
0,0.5967923
0,0.48545223
0,0.40659052
0,0.33983532
0,0.557495
0,0.34277558
0,0.33559588
0,0.36141673
0,0.5855208
0,0.25212282
0,0.37614116
0,0.33055142
0,0.48379475
0,0.2958208
0,0.45371908
0,0.3964279
0,0.40182194
0,0.3763836
0,0.31574184
0,0.36124432
0,0.34089336
0,0.54594254
0,0.43374252
0,0.5377341
0,0.46490055
0,0.38217714
0,0.36618397
0,0.28923354
0,0.2810124
0,0.31355128
0,0.36511838
0,0.30953473
0,0.2846187
0,0.28208598
0,0.27438676
0,0.25000197
0,0.3254237
0,0.28435633
0,0.30301496
0,0.26560798
0,0.28613174
0,0.27674562
0,0.28169832
0,0.7266908
0,0.3005387
0,0.26987866
0,0.2742169
0,0.28785232
0,0.29869798
0,0.41139066
0,0.24572088
0,0.3313222
0,0.26172942
0,0.22106954
0,0.29411757
1,0.82701725
1,0.9927423
1,0.96833706
1,0.99285734
1,0.9979475
1,0.99986315
1,0.9984579
1,0.98529005
1,0.9870654
1,0.99662906
1,0.9914484
1,0.99192554
1,0.99967617
1,0.9873527
1,0.99578565
1,0.9764504
1,0.9985819
1,0.9987987
1,0.997512
1,0.963492
1,0.963683
1,0.9992421
1,0.99803525
1,0.99292797
1,0.9991099
1,0.9904186
1,0.98963195
1,0.9757624
1,0.99731916
1,0.9969528
1,0.9933837
1,0.99047047
1,0.98263013
1,0.99885964
1,0.99855775
1,0.9986909
1,0.99576247
1,0.99392563
1,0.99776256
1,0.98588616
1,0.97121257
1,0.99913514
1,0.9942129
1,0.9908926
1,0.99332184
1,0.9830989
1,0.9995771
1,0.9957271
1,0.9656482
1,0.9748036
1,0.99099827
1,0.99946755
1,0.97960526
1,0.9912724
1,0.9935114
1,0.9975816
1,0.99569076
1,0.96014434
1,0.999653
1,0.99931455
1,0.99399495
1,0.99138594
1,0.9926608
1,0.9869598
1,0.99572927
1,0.9955349
1,0.9994276
1,0.99727756
1,0.99825007
1,0.99511033
1,0.99427664
1,0.9593208
1,0.99263847
1,0.99257314
1,0.9604139
1,0.993669
1,0.99942213
1,0.9918366
1,0.9899211
1,0.9979786
1,0.9665304
1,0.95648766
1,0.99512744
1,0.996066
1,0.99849916
1,0.9982445
1,0.9944071
1,0.9937504
1,0.9913556
1,0.9850604
1,0.97193885
1,0.9876123
1,0.9995672
1,0.999388
1,0.9824186
1,0.99189067
1,0.9281994
1,0.99848074
1,0.9976762
1,0.99593186
1,0.96891844
1,0.9713609
1,0.97407466
1,0.9876551
1,0.98222154
1,0.950728
1,0.99645966
1,0.99911803
1,0.98551476
1,0.99137026
1,0.989345
1,0.9968586
1,0.9990759
1,0.94486654
1,0.9724443
1,0.99911445
1,0.9882316
1,0.9948877
1,0.98421824
1,0.99320245
1,0.99340004
1,0.969061
1,0.9993492
1,0.9967314
1,0.88988096
1,0.9855284
1,0.98960114
1,0.9993063
1,0.9972353
1,0.99913883
1,0.8838591
1,0.9957015
1,0.9853361
1,0.9864833
1,0.9917908
1,0.96552026
1,0.9890243
1,0.9993399
1,0.9761238
1,0.9991842
1,0.99981236
1,0.99581224
1,0.96334034
1,0.99596596
1,0.9509668
1,0.9996617
1,0.9881439
1,0.9819173
1,0.999143
1,0.998701
1,0.9726126
1,0.9908997
1,0.99631834
1,0.99419546
1,0.9990852
1,0.9993612
1,0.9995615
1,0.99732995
1,0.9782445
1,0.9896103
1,0.99721515
1,0.99973446
1,0.99522895
1,0.93057895
1,0.9958878
1,0.99386203
1,0.99934334
1,0.9982936
1,0.99458814
1,0.97534287
1,0.9982901
1,0.99989116
1,0.9880089
1,0.9965401
1,0.97782975
1,0.99819595
1,0.9996363
1,0.9665167
1,0.9939569
1,0.9900424
1,0.9998704
1,0.9821749
1,0.9792924
1,0.9859447
1,0.9979784
1,0.9995548
1,0.99814713
1,0.9773472
1,0.9146544
1,0.9978071
1,0.9988896
1,0.94110394
1,0.8903377
1,0.9794367
1,0.8546364
1,0.99725926
1,0.9991265
1,0.9858497
1,0.9867345
1,0.9520168
1,0.9997563
1,0.9982516
1,0.97915167
1,0.96908563
1,0.97699225
1,0.9996864
1,0.9988186
1,0.9679836
1,0.9544794
1,0.9983545
1,0.9970433
1,0.98839754
1,0.9839411
1,0.9859892
1,0.9995714
1,0.9353034
1,0.9958152
1,0.9983076
1,0.9992693
1,0.99494463
1,0.98071206
1,0.9990932
1,0.99869835
1,0.99605983
1,0.9946648
1,0.9780644
1,0.9953877
1,0.99465615
1,0.9986237
1,0.99038225
1,0.99165183
1,0.99395657
1,0.99932903
1,0.99261254
1,0.97847486
1,0.960295
1,0.99932176
1,0.9987306
1,0.9769902
1,0.9887307
1,0.9849726
1,0.99995875
1,0.9967055
1,0.98924214
1,0.9811608
1,0.99701035
1,0.9985871
1,0.99952954
1,0.9857744
1,0.9969692
1,0.9990792
1,0.9777698
1,0.9378453
1,0.99799556
1,0.9978478
1,0.9908461
1,0.9934976
1,0.99826765
1,0.99937224
1,0.9952254
1,0.99559325
1,0.9864894
1,0.99819106
1,0.99715614
1,0.9997633
1,0.9970311
1,0.9886994
1,0.9869518
1,0.9885001
1,0.99298143
1,0.9991748
1,0.99843484
1,0.986617
1,0.99692065
1,0.997391
1,0.9980622
1,0.9998399
1,0.99779165
1,0.98836386
1,0.8952432
1,0.9889871
1,0.9967669
1,0.9945943
1,0.9867323
1,0.99970907
1,0.9649567
1,0.91743886
1,0.98992074
1,0.99936795
1,0.9971775
1,0.98082227
1,0.97055894
1,0.9922778
1,0.9980105
1,0.99984014
1,0.98180354
1,0.9890294
1,0.97132033
1,0.9986746
1,0.99989974
1,0.9165243
1,0.97004414
1,0.9960167
1,0.9876829
1,0.9499197
1,0.9904305
1,0.9945808
1,0.99735105
1,0.91055214
1,0.9828227
1,0.9925028
1,0.9937689
1,0.9999465
1,0.99302894
1,0.99779665
1,0.99359024
1,0.8072544
1,0.96813434
1,0.97283256
1,0.99800605
1,0.95859146
1,0.9894785
1,0.99618715
1,0.9998647
1,0.9967787
1,0.96545136
1,0.98239845
1,0.9965017
1,0.9948188
1,0.99896073
1,0.9973537
1,0.98621696
1,0.9808648
1,0.97005
1,0.888916
1,0.9875517
1,0.99746335
1,0.99712604
1,0.9822984
1,0.99845445
1,0.9983728
1,0.9985429
1,0.99424815
1,0.99679756
1,0.98719597
1,0.9933188
1,0.9849076
1,0.96559805
1,0.9789513
1,0.99213046
1,0.9987426
1,0.9999373
1,0.99830186
1,0.99469674
1,0.9945279
1,0.9714571
1,0.9995566
1,0.9992419
1,0.9964149
1,0.9818753
1,0.99196786
1,0.9982199
1,0.9980871
1,0.9972331
1,0.9808264
1,0.9236647
1,0.99186194
1,0.9991148
1,0.9918064
1,0.9782088
1,0.98772603
1,0.99727374
1,0.9914909
1,0.99986184
1,0.99994504
1,0.9982804
1,0.995924
1,0.9956904
1,0.99568367
1,0.9992005
1,0.99987113
1,0.99976534
1,0.9957022
1,0.99409133
1,0.99618644
1,0.99938774
1,0.99486107
1,0.9984657
1,0.99993956
1,0.9976394
1,0.9993079
1,0.9924243
1,0.9907884
1,0.9918758
1,0.95885485
1,0.9946637
1,0.9997389
1,0.99466664
1,0.9943931
1,0.99855
1,0.90501034
1,0.99121875
1,0.9904377
1,0.97800934
1,0.989594
1,0.98878515
1,0.9989216
1,0.9879165
1,0.99529874
1,0.9652115
1,0.8571827
1,0.9944504
1,0.9990991
1,0.99491745
1,0.9958392
1,0.9937458
1,0.99618393
1,0.99475
1,0.9841389
1,0.9780041
1,0.99775046
1,0.99876875
1,0.9942579
1,0.99956435
1,0.99698466
1,0.99565053
1,0.9818061
1,0.997031
1,0.9985858
1,0.9836503
1,0.9862913
1,0.9860901
1,0.9996999
1,0.993068
1,0.9299087
1,0.98992646
1,0.99785125
1,0.99975306
1,0.98989797
1,0.9956444
1,0.988456
1,0.99689126
1,0.9973635
1,0.99969774
1,0.9987865
1,0.99526405
1,0.99539727
1,0.98932254
1,0.9809997
1,0.99976474
1,0.9996782
1,0.99970776
1,0.9991856
1,0.9977725
1,0.9987068
1,0.99674904
1,0.9998503
1,0.9996567
1,0.99520314
1,0.9981268
1,0.9911671
1,0.9999285
1,0.9992908
1,0.8273904
1,0.9943396
1,0.9949453
1,0.99644816
1,0.99980223
1,0.99988234
1,0.99886274
1,0.98221534
1,0.9950279
1,0.99644
1,0.9775358
1,0.9955739
1,0.98985803
1,0.9981589
1,0.9996955
1,0.99391997
1,0.9752262
1,0.9929628
1,0.98705596
1,0.976704
1,0.99672556
1,0.9955187
1,0.99966407
1,0.9952206
1,0.9920989
1,0.9813157
1,0.88036346
1,0.9899856
1,0.9998454
1,0.941381
1,0.9968401
1,0.9994776
1,0.9983151
1,0.99875164
1,0.98601866
1,0.9940316
1,0.96092445
1,0.9932516
1,0.9997914
1,0.99988997
1,0.97230035
1,0.96832633
1,0.94433117
1,0.9969838
1,0.99880517
1,0.968155
1,0.9990619
1,0.99972194
1,0.98143494
1,0.97802496
1,0.98219085
1,0.975685
1,0.99458575
1,0.99500966
1,0.92026705
1,0.9972141
1,0.9883383
1,0.99132746
1,0.9965378
1,0.9988881
1,0.9704606
1,0.8860873
1,0.9621561
1,0.9990212
1,0.99987614
1,0.98817664
1,0.998727
1,0.9992567
1,0.9984987
1,0.9922369
1,0.9839098
1,0.8323272
1,0.9987651
1,0.9984168
1,0.98902076
1,0.9837817
1,0.9488244
1,0.9969126
1,0.99982977
1,0.9977189
1,0.98274386
1,0.9455943
1,0.9775268
1,0.99887854
1,0.9990495
1,0.99384904
1,0.97190136
1,0.99530065
1,0.98917377
1,0.9990528
1,0.95122
1,0.98928696
1,0.9926438
1,0.9989994
1,0.9939474
1,0.98410565
1,0.90413284
1,0.85685056
1,0.9871935
1,0.99669516
1,0.9978612
1,0.9982826
1,0.9980914
1,0.9995349
1,0.9975406
1,0.9945279
1,0.9948736
1,0.986548
1,0.99846774
1,0.9997785
1,0.9720428
1,0.9998089
1,0.99696153
1,0.9853807
1,0.97653985
1,0.9976398
1,0.96136904
1,0.99644995
1,0.9985078
1,0.99767834
1,0.9964477
1,0.99505883
1,0.99738055
1,0.9949983
1,0.9974503
1,0.9957877
1,0.9993387
1,0.99988174
1,0.9995177
1,0.9986186
1,0.99746704
1,0.9978442
1,0.9994818
1,0.99743605
1,0.9893062
1,0.999191
1,0.98316336
1,0.99657
1,0.9996176
1,0.9994093
1,0.99954396
1,0.99107975
1,0.99637634
1,0.9945643
1,0.96247095
1,0.96449506
1,0.9981127
1,0.9974688
1,0.9529305
1,0.9373227
1,0.9367218
1,0.99091846
1,0.9917548
1,0.9956105
1,0.9620965
1,0.9960353
1,0.9977228
1,0.9746919
1,0.9725374
1,0.9883094
1,0.9062708
1,0.9913427
1,0.9901625
1,0.9910443
1,0.9944047
1,0.999741
1,0.99901855
1,0.9865968
1,0.9999641
1,0.9800238
1,0.9956844
1,0.9787789
1,0.9862352
1,0.9143552
1,0.99796766
1,0.993838
1,0.99202454
1,0.9830243
1,0.99846196
1,0.99996686
1,0.983851
1,0.98940593
1,0.95384836
1,0.99651456
1,0.9979417
1,0.99974066
1,0.9507266
1,0.9926226
1,0.9686593
1,0.99882513
1,0.99527925
1,0.91681
1,0.87087464
1,0.9998715
1,0.9639778
1,0.9883485
1,0.98668665
1,0.9875579
1,0.9997117
1,0.35297033
1,0.9658712
1,0.99577254
1,0.93621767
1,0.9288853
1,0.9892079
1,0.99041504
1,0.9918543
1,0.9946589
1,0.99651563
1,0.77281386
1,0.9932717
1,0.99340785
1,0.996518
1,0.99986255
1,0.9912772
1,0.9880051
1,0.99419594
1,0.9998658
1,0.9975611
1,0.99560446
1,0.980228
1,0.9848781
1,0.9961855
1,0.9962665
1,0.97580874
1,0.98914003
1,0.98499435
1,0.99892074
1,0.9962524
1,0.9954381
1,0.98628676
1,0.9738229
1,0.9981369
1,0.99734855
1,0.9932712
1,0.995836
1,0.9978915
1,0.9977767
1,0.9990551
1,0.98233104
1,0.99071306
1,0.9939135
1,0.99896693
1,0.9962774
1,0.9969957
1,0.9758838
1,0.99498546
1,0.7666335
1,0.9665001
1,0.9623432
1,0.99423563
1,0.94142544
1,0.9941882
1,0.9940982
1,0.97893524
1,0.99856687
1,0.99884343
1,0.99099064
1,0.95113033
1,0.9687886
1,0.994494
1,0.99101937
1,0.9916917
1,0.9549993
1,0.98913014
1,0.9962714
1,0.97892874
1,0.83915013
1,0.98453575
1,0.9573515
1,0.9842908
1,0.9902655
1,0.97715056
1,0.9895266
1,0.9990464
1,0.989528
1,0.9998883
1,0.9859951
1,0.9830244
1,0.99509627
1,0.99299663
1,0.9768523
1,0.99589914
1,0.999693
1,0.99763036
1,0.9983759
1,0.9910082
1,0.96999466
1,0.99059594
1,0.99440444
1,0.9272994
1,0.98218775
1,0.9782622
1,0.98301286
1,0.9734065
1,0.9958478
1,0.99854964
1,0.9977623
1,0.9799929
1,0.9958821
1,0.9920232
1,0.9991806
1,0.9993875
1,0.9960806
1,0.9790288
1,0.9239992
1,0.9987789
1,0.98944867
1,0.9743406
1,0.9968836
1,0.99980605
1,0.99927145
1,0.9949761
1,0.9857027
1,0.9894348
1,0.99800867
1,0.9792858
1,0.99618286
1,0.9970811
1,0.93294346
1,0.8009953
1,0.99802953
1,0.9996604
1,0.9994461
1,0.6631031
1,0.99095416
1,0.99320966
1,0.9938639
1,0.99075645
1,0.9991973
1,0.99204767
1,0.9954094
1,0.9976787
1,0.9882727
1,0.9814622
1,0.99963903
1,0.99859375
1,0.9929711
1,0.94082624
1,0.9935614
1,0.9894946
1,0.99950063
1,0.99694866
1,0.97481686
1,0.9890737
1,0.998977
1,0.99716824
1,0.99778867
1,0.9992386
1,0.9861253
1,0.5505132
1,0.9940489
1,0.99291223
1,0.990222
1,0.7739708
1,0.8828725
1,0.99801326
1,0.99869233
1,0.96121407
1,0.943052
1,0.99055886
1,0.9736449
1,0.9897125
1,0.99991155
1,0.9566371
1,0.9905365
1,0.96275085
1,0.9992519
1,0.9996888
1,0.99182934
1,0.98388636
1,0.998591
1,0.9988144
1,0.9871897
1,0.9201488
1,0.992215
1,0.994017
1,0.86924905
1,0.9544259
1,0.9915916
1,0.99960566
1,0.91765565
1,0.98737085
1,0.9968867
1,0.9993954
1,0.99640936
1,0.99268067
1,0.99938273
1,0.99977255
1,0.9777553
1,0.9763315
1,0.9992456
1,0.9949236
1,0.99833006
1,0.9928537
1,0.99333656
1,0.91017777
1,0.88255745
1,0.994856
1,0.9991472
1,0.9989206
1,0.9776714
1,0.97635
1,0.98049945
1,0.9990625
1,0.99833184
1,0.9977495
1,0.94900113
1,0.96621275
1,0.9781343
1,0.9997702
1,0.99465615
1,0.7786513
1,0.9946984
1,0.9971861
1,0.9683215
1,0.96357703
1,0.9379919
1,0.9995521
1,0.99984825
1,0.9949981
1,0.9976471
1,0.9915263
1,0.9980268
1,0.9782656
1,0.9875666
1,0.9627731
1,0.9894056
1,0.9957496
1,0.9999013
1,0.9965939
1,0.9977991
1,0.9750856
1,0.98830587
1,0.99899536
1,0.99955875
1,0.9841021
1,0.9635526
1,0.9815359
1,0.99967235
1,0.9976108
1,0.9899594
1,0.9011687
1,0.9990578
1,0.9985203
1,0.97967964
1,0.9984877
1,0.97319925
1,0.9975809
1,0.9976724
1,0.98666614
1,0.98393035
1,0.9958108
1,0.9959422
1,0.99950707
1,0.9958101
1,0.9980186
1,0.9983163
1,0.98714614
1,0.98508203
1,0.996132
1,0.9991362
1,0.9988727
1,0.94671386
1,0.9937063
1,0.98993754
1,0.9946235
1,0.9819471
1,0.98528785
1,0.99926025
1,0.99486023
1,0.7083757
1,0.9869357
1,0.9988263
1,0.9980561
1,0.99323624
1,0.9838019
1,0.9839522
1,0.80603844
1,0.97644
1,0.99531484
1,0.98878634
1,0.99414223
1,0.8899196
1,0.98852265
1,0.9963091
1,0.9821613
1,0.9732333
1,0.97708213
1,0.9794195
1,0.999425
1,0.9750615
1,0.9833015
1,0.8597432
1,0.9981462
1,0.99605656
1,0.99478275
1,0.98047775
1,0.9916592
1,0.97955793
1,0.995124
1,0.9458406
1,0.9948107
1,0.98451275
1,0.98572564
1,0.9983185
1,0.9929803
1,0.98233414
1,0.9916603
1,0.99473906
1,0.9994035
1,0.99886686
1,0.9923052
1,0.9721319
1,0.8872077
1,0.98791945
1,0.99989843
1,0.9912264
1,0.9979516
1,0.98723394
1,0.9955033
1,0.99782395
1,0.99877566
1,0.97463936
1,0.8779648
1,0.96071875
1,0.99406177
1,0.99901664
1,0.998243
1,0.9985973
1,0.995952
1,0.9341371
1,0.98232555
1,0.9407697
1,0.9969171
1,0.9863169
1,0.9984149
1,0.9915291
1,0.98767126
1,0.9977852
1,0.9945015
1,0.9975339
1,0.9943421
1,0.9967907
1,0.97995615
1,0.9993349
1,0.9753794
1,0.9943923
1,0.99682933
1,0.9996072
1,0.9996612
1,0.99826705
1,0.9890154
1,0.9784704
1,0.9975223
1,0.99953526
1,0.9978198
1,0.9995251
1,0.9990672
1,0.9984444
1,0.99170774
1,0.8704105
1,0.9996395
1,0.9991918
1,0.9976942
1,0.94918376
1,0.9941525
1,0.9751742
1,0.9753671
1,0.9959103
1,0.9704161
1,0.9977087
1,0.9548288
1,0.99245363
1,0.9669039
1,0.98906696
1,0.9950866
1,0.9980888
1,0.99945277
1,0.9997421
1,0.9179482
1,0.9823361
1,0.99946445
1,0.9975567
1,0.9938757
1,0.99207264
1,0.9725107
1,0.9941998
1,0.9741899
1,0.99886334
1,0.99792045
1,0.9933048
1,0.9840565
1,0.95864755
1,0.9945913
1,0.99620914
1,0.99975246
1,0.99910897
1,0.9945855
1,0.9809092
1,0.99925596
1,0.6606456
1,0.99898225
1,0.9874378
1,0.99980605
1,0.96275586
1,0.9966569
1,0.99471265
1,0.98482805
1,0.9621082
1,0.9960001
1,0.9919497
1,0.9997557
1,0.989077
1,0.998953
1,0.9892938
1,0.92383045
1,0.99141943
1,0.9994992
1,0.9990657
1,0.99417615
1,0.9849829
1,0.99119276
1,0.983554
1,0.97509664
1,0.9957615
1,0.994279
1,0.9946629
1,0.96625185
1,0.9976796
1,0.98644406
1,0.99154204
1,0.99601233
1,0.9935573
1,0.9899198
1,0.9773022
1,0.9298648
1,0.9750411
1,0.9985977
1,0.9997669
1,0.9984829
1,0.98945063
1,0.9916568
1,0.9838093
1,0.98711663
1,0.9982356
1,0.7973082
1,0.9902965
1,0.99637055
1,0.95698446
1,0.9863619
1,0.9889943
1,0.998528
1,0.9993875
1,0.9976434
1,0.9938034
1,0.9872823
1,0.992111
1,0.9997594
1,0.99955946
1,0.9993695
1,0.9986046
1,0.88978314
1,0.9971624
1,0.99947774
1,0.9947288
1,0.9978021
1,0.99891376
1,0.9995428
1,0.90517944
1,0.9629163
1,0.9996868
1,0.9984957
1,0.9771613
1,0.7421955
1,0.99728346
1,0.9936275
1,0.96478546
1,0.99177074
1,0.9992857
1,0.99992156
1,0.99626684
1,0.9988595
1,0.9969002
1,0.99612606
1,0.9985411
1,0.99752086
1,0.99975103
1,0.9991798
1,0.9994743
1,0.9914197
1,0.9932811
1,0.97876495
1,0.99556917
1,0.98791736
1,0.99776983
1,0.9891584
1,0.9992045
1,0.99837303
1,0.9993481
1,0.9998368
1,0.95036125
1,0.9867659
1,0.9946572
1,0.9921256
1,0.9997564
1,0.99649125
1,0.9881975
1,0.9911424
1,0.9645782
1,0.9978689
1,0.9882339
1,0.9960711
1,0.9887688
1,0.9936265
1,0.9978229
1,0.99958235
1,0.9979261
1,0.99977577
1,0.9909423
1,0.996185
1,0.994732
1,0.9773556
1,0.995808
1,0.9957678
1,0.9987134
1,0.9745436
1,0.9741511
1,0.9821265
1,0.9977738
1,0.9694663
1,0.987779
1,0.98729366
1,0.9620597
1,0.99876946
1,0.9975139
1,0.9898845
1,0.88404614
1,0.9920718
1,0.9999784
1,0.9963994
1,0.988492
1,0.9622827
1,0.99995375
1,0.98814243
1,0.93768084
1,0.9832487
1,0.9998994
1,0.9976675
1,0.971934
1,0.9953328
1,0.9972886
1,0.9918058
1,0.96253955
1,0.9957742
1,0.9919807
1,0.9993492
1,0.9887066
1,0.99837023
1,0.9994111
1,0.99849236
1,0.9908013
1,0.8265196
1,0.99519736
1,0.98690885
1,0.9989704
1,0.9896036
1,0.99545276
1,0.96146137
1,0.9997482
1,0.998069
1,0.99459624
1,0.9515122
1,0.98556036
1,0.99064004
1,0.998857
1,0.99359125
1,0.99979556
1,0.99414515
1,0.9879512
1,0.94237196
1,0.99085
1,0.9349696
1,0.9998019
1,0.99126554
1,0.9976078
1,0.9865137
1,0.9971374
1,0.96526915
1,0.9976198
1,0.99968785
1,0.99929905
1,0.78358084
1,0.99631006
1,0.994368
1,0.9919641
1,0.98648405
1,0.99539226
1,0.9981858
1,0.9994905
1,0.9996695
1,0.99048656
1,0.96074903
1,0.98016536
1,0.978304
1,0.98586094
1,0.99854666
1,0.9974636
1,0.9921262
1,0.99978244
1,0.995671
1,0.7688573
1,0.98902833
1,0.97950953
1,0.9956813
1,0.83125705
1,0.9973367
1,0.9998045
1,0.99894977
1,0.99424404
1,0.93423706
1,0.9939271
1,0.9886184
1,0.98789537
1,0.9132832
1,0.9790805
1,0.99497235
1,0.99050564
1,0.99861836
1,0.99989116
1,0.9788557
1,0.98473465
1,0.99915445
1,0.992679
1,0.9999647
1,0.9992773
1,0.9719171
1,0.9830117
1,0.99873036
1,0.99909496
1,0.99599504
1,0.994864
1,0.996291
1,0.9993624
1,0.99801123
1,0.9823099
1,0.9882692
1,0.99772793
1,0.9992323
1,0.9978988
1,0.97501457
1,0.94894904
1,0.9510668
1,0.9916447
1,0.99793637
1,0.99958485
1,0.9995984
1,0.98653
1,0.9931238
1,0.9740908
1,0.99547404
1,0.9017087
1,0.94027615
1,0.98744243
1,0.9938587
1,0.9993282
1,0.9981299
1,0.9932047
1,0.9740926
1,0.9980586
1,0.99897146
1,0.9979813
1,0.9959124
1,0.9981705
1,0.9954838
1,0.99741036
1,0.99130696
1,0.9799983
1,0.99840856
1,0.99130076
1,0.9985379
1,0.8845392
1,0.9837967
1,0.9936527
1,0.9965707
1,0.99061924
1,0.9972529
1,0.9986908
1,0.9997228
1,0.99964523
1,0.97036743
1,0.92187476
1,0.9961281
1,0.99705565
1,0.99991465
1,0.99752265
1,0.9914746
1,0.9948823
1,0.9960673
1,0.9970945
1,0.99893886
1,0.9929317
1,0.9982022
1,0.9932614
1,0.99781597
1,0.99107546
1,0.9957489
1,0.99785846
1,0.9813938
1,0.9843611
1,0.97330385
1,0.985352
1,0.9962979
1,0.9504711
1,0.96528894
1,0.90885156
1,0.9590601
1,0.9629092
1,0.9088774
1,0.9902102
1,0.9819651
1,0.99555284
1,0.99864227
1,0.9697165
1,0.99865925
1,0.9881826
1,0.9981084
1,0.99446076
1,0.98809683
1,0.9954152
1,0.9991848
1,0.99942404
1,0.99976104
1,0.99229383
1,0.99915004
1,0.99971634
1,0.98454547
1,0.8302766
1,0.91616637
1,0.9492415
1,0.997667
1,0.9930534
1,0.9975712
1,0.9943929
1,0.9786517
1,0.989997
1,0.9953996
1,0.99150896
1,0.94633085
1,0.9958561
1,0.99826187
1,0.999483
1,0.9976901
1,0.99364036
1,0.9914786
1,0.9948337
1,0.9973373
1,0.9991641
1,0.9998654
1,0.9994142
1,0.9970067
1,0.98508793
1,0.9755224
1,0.9984137
1,0.9996251
1,0.9974329
1,0.9986816
1,0.9962089
1,0.9922069
1,0.9842933
1,0.9968928
1,0.99933416
1,0.9999459
1,0.9996818
1,0.9865429
1,0.9954347
1,0.99382836
1,0.9979274
1,0.9556508
1,0.993846
1,0.9761638
1,0.9609642
1,0.9974166
1,0.9759268
1,0.99336934
1,0.9347102
1,0.9646063
1,0.99978447
1,0.99589455
1,0.99971765
1,0.9968702
1,0.9855799
1,0.9971245
1,0.99961734
1,0.9878686
1,0.9620781
1,0.99642366
1,0.9825087
1,0.99805933
1,0.98703146
1,0.9735665
1,0.9987274
1,0.9955639
1,0.99707365
1,0.9781043
1,0.9991254
1,0.99959373
1,0.91327846
1,0.9995521
1,0.9761154
1,0.95382375
1,0.991657
1,0.9980301
1,0.9995955
1,0.94317204
1,0.9998734
1,0.97726077
1,0.99868983
1,0.99908483
1,0.9921228
1,0.9856648
1,0.99723274
1,0.9841576
1,0.9975955
1,0.99825233
1,0.9930555
1,0.97687304
1,0.9564263
1,0.9965268
1,0.9994444
1,0.99538535
1,0.9792264
1,0.9816722
1,0.9726192
1,0.98986804
1,0.9955813
1,0.99557894
1,0.99974316
1,0.99876565
1,0.9965752
1,0.9487374
1,0.99363047
1,0.96815854
1,0.9902843
1,0.9501633
1,0.9999379
1,0.99369895
1,0.98499936
1,0.99298686
1,0.97712064
1,0.9987256
1,0.99830186
1,0.9980217
1,0.9956981
1,0.997563
1,0.99649656
1,0.99987996
1,0.99300414
1,0.99065477
1,0.9969588
1,0.9951767
1,0.9900535
1,0.9978345
1,0.99945444
1,0.9942266
1,0.9821895
1,0.96184105
1,0.9906816
1,0.99804294
1,0.9969584
1,0.99631643
1,0.98856664
1,0.9733449
1,0.9764841
1,0.99971324
1,0.99607474
1,0.99429494
1,0.98483735
1,0.9676711
1,0.99883217
1,0.99868435
1,0.9941164
1,0.99544746
1,0.9844632
1,0.7754127
1,0.90044475
1,0.981232
1,0.9997007
1,0.98842394
1,0.970514
1,0.99996233
1,0.74724746
1,0.9843909
1,0.8671843
1,0.9962614
1,0.9782932
1,0.9789701
1,0.9916086
1,0.9832887
1,0.9932334
1,0.9899391
1,0.9655986
1,0.92356944
1,0.94882655
1,0.9879367
1,0.9972541
1,0.9988643
1,0.9888143
1,0.9917848
1,0.9981425
1,0.99250656
1,0.956744
1,0.99745685
1,0.8092755
1,0.99502766
1,0.9999962
1,0.993389
1,0.9933003
1,0.9870683
1,0.99941313
1,0.97865605
1,0.9908701
1,0.98576474
1,0.99001855
1,0.9999124
1,0.9994357
1,0.9462681
1,0.9752245
1,0.9431666
1,0.9763109
1,0.9824359
1,0.99653864
1,0.99979115
1,0.9997303
1,0.9996064
1,0.98913014
1,0.98327583
1,0.99711645
1,0.9983784
1,0.98510414
1,0.9960524
1,0.99951065
1,0.99487144
1,0.8793245
1,0.9918578
1,0.99309665
1,0.9997879
1,0.9840477
0,0.34082958
0,0.32037908
0,0.26940483
0,0.36003524
0,0.26580727
0,0.30418608
0,0.2987742
0,0.46306416
0,0.3460868
0,0.5095042
0,0.41989708
0,0.4054032
0,0.52398074
0,0.3634408
0,0.6694806
0,0.5601869
0,0.62801546
0,0.39556783
0,0.37809837
0,0.61413956
0,0.2299115
0,0.40683463
0,0.39214343
0,0.4480657
0,0.40633568
0,0.48808354
0,0.34402618
0,0.38615927
0,0.3282815
0,0.40890756
0,0.354825
0,0.26936266
0,0.4115833
0,0.4402739
0,0.37044412
0,0.31569955
0,0.2789072
0,0.7224496
0,0.30284452
0,0.47598353
0,0.26312605
0,0.37311596
0,0.34696367
0,0.29134366
0,0.33513588
0,0.3682181
0,0.38489628
0,0.39472452
0,0.37687895
0,0.26740155
0,0.31742895
0,0.45770487
0,0.3862696
0,0.5824276
0,0.4261949
0,0.33411977
0,0.35192105
0,0.587617
0,0.3096903
0,0.416351
0,0.66187245
0,0.32079598
0,0.31918442
0,0.3372065
0,0.2691519
0,0.49867767
0,0.33712643
0,0.51852286
0,0.32332644
0,0.28476214
0,0.30355608
0,0.3670419
0,0.3948705
0,0.4295655
0,0.5238615
0,0.24705912
0,0.37614244
0,0.28264117
0,0.30452052
0,0.7536804
0,0.29387996
0,0.42099118
0,0.33136535
0,0.42686915
0,0.4734574
0,0.5352429
0,0.6023864
0,0.3985025
0,0.38613832
0,0.51820594
0,0.40130144
0,0.40598452
0,0.2862076
0,0.5585036
0,0.52419627
0,0.451188
0,0.5385617
0,0.31363678
0,0.34173465
0,0.89171726
0,0.27402952
0,0.40044186
0,0.36667824
0,0.35732454
0,0.22958453
0,0.3036311
0,0.32477784
0,0.31215262
0,0.5093274
0,0.38316593
0,0.34039292
0,0.2948696
0,0.33223212
0,0.28790754
0,0.43100637
0,0.38371274
0,0.35775116
0,0.35794076
0,0.29630327
0,0.32581452
0,0.33840087
0,0.6939382
0,0.41076484
0,0.45448273
0,0.3206079
0,0.35656607
0,0.2823013
0,0.3312582
0,0.51783574
0,0.37589392
0,0.36736798
0,0.37330812
0,0.27617162
0,0.3624051
0,0.3884549
0,0.29439873
0,0.33344257
0,0.36337662
0,0.40482733
0,0.33222148
0,0.36502275
0,0.42840934
0,0.50303394
0,0.33362716
0,0.34681502
0,0.44256505
0,0.39219695
0,0.3499353
0,0.3233479
0,0.47762728
0,0.27859497
0,0.37377986
0,0.38332435
0,0.24700247
0,0.31958058
0,0.480664
0,0.48309803
0,0.41555655
0,0.6226265
0,0.30744687
0,0.31728595
0,0.8637937
0,0.39607862
0,0.35092214
0,0.468745
0,0.37511525
0,0.381277
0,0.3338252
0,0.28143233
0,0.4227589
0,0.47446856
0,0.43563873
0,0.44211385
0,0.3808708
0,0.26627845
0,0.4412555
0,0.3048529
0,0.37335256
0,0.35445324
0,0.33325934
0,0.31829414
0,0.42766508
0,0.35444233
0,0.28846273
0,0.2551195
0,0.47666058
0,0.33080146
0,0.49772277
0,0.3516977
0,0.3452785
0,0.42491665
0,0.33646935
0,0.33960435
0,0.26315755
0,0.67207736
0,0.33470824
0,0.38693807
0,0.33994794
0,0.31508562
0,0.38652182
0,0.4705518
0,0.6813295
0,0.37277672
0,0.39966115
0,0.73554957
0,0.38296738
0,0.40102395
0,0.73287934
0,0.44713297
0,0.59937334
0,0.33230928
0,0.2949175
0,0.32355645
0,0.33244708
0,0.3736828
0,0.49895173
0,0.41192812
0,0.26041394
0,0.47889996
0,0.24374248
0,0.7467892
0,0.3684849
0,0.48110113
0,0.5421851
0,0.51701576
0,0.26475903
0,0.45818758
0,0.2085468
0,0.35457402
0,0.40627334
0,0.3778217
0,0.3208286
0,0.35430178
0,0.3734136
0,0.34727263
0,0.33179423
0,0.57344544
0,0.2855506
0,0.3767252
0,0.32593223
0,0.73569524
0,0.4124758
0,0.3501004
0,0.4787605
0,0.2942076
0,0.40183172
0,0.2935007
0,0.28277585
0,0.39685637
0,0.3212358
0,0.22159018
0,0.3455299
0,0.26272392
0,0.31171986
0,0.2927899
0,0.33434728
0,0.2664484
0,0.25216007
0,0.47850662
0,0.3008352
0,0.36354193
0,0.2870595
0,0.2998333
0,0.28644934
0,0.31149957
0,0.292164
0,0.3048985
0,0.44311395
0,0.24816623
0,0.28347608
0,0.24469338
0,0.24428345
0,0.32190865
0,0.27120394
0,0.28724685
0,0.2781783
0,0.30207366
0,0.5402779
0,0.29193082
0,0.2647745
0,0.31421068
0,0.3882256
0,0.27532145
0,0.36835322
0,0.34120238
0,0.30379564
0,0.27097633
0,0.46857733
0,0.2944712
0,0.29334083
0,0.26535296
0,0.26198414
0,0.30557808
0,0.3113125
0,0.41088176
0,0.6649795
0,0.39862892
0,0.37202498
0,0.66545886
0,0.4100952
0,0.35954574
0,0.4478432
0,0.34214866
0,0.32242504
0,0.34858608
0,0.23994683
0,0.38730392
0,0.2843671
0,0.5092208
0,0.46536103
0,0.36095616
0,0.4116799
0,0.34954143
0,0.42847374
0,0.29876631
0,0.290682
0,0.3088019
0,0.8093573
0,0.28872174
0,0.32554415
0,0.27388752
0,0.34484124
0,0.32576042
0,0.36311033
0,0.45415637
0,0.32354915
0,0.30536094
0,0.47244316
0,0.24456178
0,0.3020658
0,0.322023
0,0.33365086
0,0.29300115
0,0.417349
0,0.3077223
0,0.28716344
0,0.4428498
0,0.4428268
0,0.30550528
0,0.29407266
0,0.33887747
0,0.2793342
0,0.49151456
0,0.2850841
0,0.298052
0,0.29578975
0,0.58931196
0,0.39774838
0,0.30525133
0,0.43294623
0,0.41747147
0,0.34926233
0,0.42704934
0,0.6531918
0,0.44387788
0,0.3202756
0,0.30586714
0,0.29790652
0,0.68761504
0,0.3195894
0,0.34228426
0,0.32074463
0,0.33820075
0,0.31103486
0,0.34054816
0,0.44317243
0,0.37662038
0,0.33348364
0,0.30619565
0,0.3327224
0,0.36766726
0,0.3556537
0,0.451079
0,0.33790472
0,0.32923684
0,0.3391907
0,0.4141545
0,0.32432866
0,0.4134884
0,0.42760944
0,0.37186614
0,0.30755964
0,0.29418388
0,0.2919664
0,0.32152668
0,0.29630554
0,0.34057406
0,0.26835954
0,0.2688929
0,0.25529942
0,0.28969088
0,0.22423717
0,0.24082397
0,0.3635724
0,0.31338757
0,0.231763
0,0.3131571
0,0.26724088
0,0.44086722
0,0.31963396
0,0.30154186
0,0.28310186
0,0.2713358
0,0.34489915
0,0.2850697
0,0.34706855
0,0.29353216
0,0.3208471
0,0.26450953
0,0.3200194
0,0.28580266
0,0.27349627
0,0.34731525
0,0.40874112
0,0.27510273
0,0.2995159
0,0.30019468
0,0.31207034
0,0.45815104
0,0.28923985
0,0.25107813
0,0.32754016
0,0.35281956
0,0.23937783
0,0.3132294
0,0.29867405
0,0.32148054
0,0.34970707
0,0.2522108
0,0.2841225
0,0.23963246
0,0.29979149
0,0.30836362
0,0.25583652
0,0.37299395
0,0.34653687
0,0.25734833
0,0.39754993
0,0.35829285
0,0.3338684
0,0.47410977
0,0.30045393
0,0.27682132
0,0.8222226
0,0.29861602
0,0.32840893
0,0.64236426
0,0.3065473
0,0.35508248
0,0.4276566
0,0.38213995
0,0.3642397
0,0.3530339
0,0.33938324
0,0.34703696
0,0.52536577
0,0.43602258
0,0.33734336
0,0.35284853
0,0.39285898
0,0.3017428
0,0.36914688
0,0.5040011
0,0.2802062
0,0.29833987
0,0.3108521
0,0.30662382
0,0.31175005
0,0.30625778
0,0.32320422
0,0.37403414
0,0.30623084
0,0.32111815
0,0.2950553
0,0.32887414
0,0.27738073
0,0.3378038
0,0.36407253
0,0.31337667
0,0.28497794
0,0.28420007
0,0.29603204
0,0.28096706
0,0.35348585
0,0.36637205
0,0.3240919
0,0.27288544
0,0.29399818
0,0.30706644
0,0.3368897
0,0.33020657
0,0.3431496
0,0.30632728
0,0.27030957
0,0.3052195
0,0.27778926
0,0.35514137
0,0.33399418
0,0.36954167
0,0.28492552
0,0.28055733
0,0.30574724
0,0.38453424
0,0.42388535
0,0.38461557
0,0.51561856
0,0.60069
0,0.34266105
0,0.3285462
0,0.27508748
0,0.3515959
0,0.3691711
0,0.43908525
0,0.30196315
0,0.3929812
0,0.3294374
0,0.3948441
0,0.37688628
0,0.3763342
0,0.3472184
0,0.40406206
0,0.35308793
0,0.27090153
0,0.313776
0,0.3138517
0,0.2673017
0,0.32647398
0,0.32256946
0,0.43583232
0,0.33352613
0,0.42592084
0,0.32917222
0,0.38732147
0,0.33468106
0,0.3932136
0,0.3881658
0,0.3641734
0,0.40943834
0,0.4117704
0,0.35321596
0,0.5048897
0,0.4099475
0,0.3358793
0,0.2867086
0,0.24826664
0,0.36104465
0,0.38707745
0,0.40696943
0,0.28335834
0,0.274364
0,0.72982156
0,0.39808613
0,0.33388186
0,0.4211801
0,0.33962685
0,0.2749275
0,0.29563802
0,0.46430552
0,0.6499101
0,0.41122055
0,0.43689173
0,0.2653563
0,0.35857543
0,0.5222723
0,0.38615474
0,0.331083
0,0.283471
0,0.38672295
0,0.32132205
0,0.37236944
0,0.30083337
0,0.27748296
0,0.7143017
0,0.39171112
0,0.40783453
0,0.3604722
0,0.30500048
0,0.31821427
0,0.33811158
0,0.4271374
0,0.3353902
0,0.2161748
0,0.22712256
0,0.36291736
0,0.34483358
0,0.334336
0,0.33655766
0,0.27968562
0,0.31669557
0,0.33937684
0,0.3099914
0,0.37666878
0,0.31253886
0,0.34749198
0,0.43424645
0,0.31601575
0,0.39621356
0,0.30106735
0,0.29618987
0,0.34021258
0,0.31090924
0,0.4207524
0,0.37718508
0,0.30386397
0,0.36419147
0,0.29685637
0,0.41254908
0,0.45582354
0,0.35272694
0,0.297737
0,0.40035936
0,0.3256747
0,0.3492372
0,0.426079
0,0.3731411
0,0.35951963
0,0.28495544
0,0.43615076
0,0.39994764
0,0.44803885
0,0.25956804
0,0.41749677
0,0.28360465
0,0.32281315
0,0.35311642
0,0.4098134
0,0.2748784
0,0.36543512
0,0.39216256
0,0.34349945
0,0.352639
0,0.2643603
0,0.30346537
0,0.26965722
0,0.38297012
0,0.3184929
0,0.39141423
0,0.26603553
0,0.37351716
0,0.33145478
0,0.53242713
0,0.41722295
0,0.2932168
0,0.28959048
0,0.30940756
0,0.2688295
0,0.5197997
0,0.37106654
0,0.2935096
0,0.29676497
0,0.2867845
0,0.32210165
0,0.32933262
0,0.46753186
0,0.35129574
0,0.3654076
0,0.29506564
0,0.57589227
0,0.423951
0,0.3068506
0,0.33834317
0,0.2647424
0,0.8676055
0,0.3202699
0,0.324553
0,0.32333726
0,0.33123943
0,0.31028903
0,0.35201123
0,0.33010435
0,0.33766592
0,0.408734
0,0.34783772
0,0.31135044
0,0.31327447
0,0.41479063
0,0.28118116
0,0.28390858
0,0.27741873
0,0.3558454
0,0.36415306
0,0.36804518
0,0.26303178
0,0.30328748
0,0.50986505
0,0.31235692
0,0.28152603
0,0.28350997
0,0.2971358
0,0.24927342
0,0.28454548
0,0.37427855
0,0.2609638
0,0.2271882
0,0.3205821
0,0.31253433
0,0.33220318
0,0.28654075
0,0.241807
0,0.22372408
0,0.31636342
0,0.2518881
0,0.26989007
0,0.28135374
0,0.41587466
0,0.28657505
0,0.38510302
0,0.6453198
0,0.34149697
0,0.2971085
0,0.37580043
0,0.36929795
0,0.5662288
0,0.28910935
0,0.29720676
0,0.30486122
0,0.2815908
0,0.3929837
0,0.32306975
0,0.2997998
0,0.2922518
0,0.26322085
0,0.35734814
0,0.35838416
0,0.29653683
0,0.25642982
0,0.39399567
0,0.24830605
0,0.311186
0,0.43170366
0,0.2458512
0,0.3043697
0,0.46652383
0,0.37373495
0,0.440841
0,0.30594552
0,0.46950892
0,0.251813
0,0.30321667
0,0.33637717
0,0.50443375
0,0.30615494
0,0.3279461
0,0.28716514
0,0.3037017
0,0.37125805
0,0.32216597
0,0.42480856
0,0.5519579
0,0.37261146
0,0.36998037
0,0.33719045
0,0.32250443
0,0.3124112
0,0.30012774
0,0.3289612
0,0.40255514
0,0.2797834
0,0.2967345
0,0.31348887
0,0.2785824
0,0.30795133
0,0.35949528
0,0.39188957
0,0.31549037
0,0.29441264
0,0.3056485
0,0.5558331
0,0.2747666
0,0.31450248
0,0.63313943
0,0.3883316
0,0.4492971
0,0.42147937
0,0.3662012
0,0.3184564
0,0.30368656
0,0.29750368
0,0.33267322
0,0.26087493
0,0.32096368
0,0.34806418
0,0.29459396
0,0.30017126
0,0.27111077
0,0.30519447
0,0.24335386
0,0.25537708
0,0.2996653
0,0.3623506
0,0.25275794
0,0.31949413
0,0.37619466
0,0.281566
0,0.48341167
0,0.34208977
0,0.30523896
0,0.2913752
0,0.2695892
0,0.32143116
0,0.37092027
0,0.39383507
0,0.47346652
0,0.3000551
0,0.30669087
0,0.35652584
0,0.3390596
0,0.5150377
0,0.46767125
0,0.39362326
0,0.312221
0,0.35434118
0,0.3356912
0,0.36894733
0,0.30097464
0,0.48113886
0,0.2555478
0,0.3501745
0,0.36293212
0,0.3066882
0,0.27372113
0,0.28939992
0,0.43184143
0,0.46599308
0,0.36496165
0,0.27814728
0,0.29933804
0,0.29630464
0,0.39446774
0,0.37904945
0,0.31149352
0,0.26295128
0,0.26313487
0,0.24662273
0,0.38761675
0,0.41809776
0,0.33196384
0,0.53190255
0,0.33101982
0,0.30243078
0,0.40110588
0,0.32885826
0,0.29670984
0,0.35678366
0,0.3818416
0,0.43281558
0,0.31503555
0,0.30438688
0,0.3933239
0,0.4034759
0,0.39041942
0,0.41180024
0,0.30692345
0,0.41879702
0,0.27772307
0,0.35877416
0,0.4266917
0,0.3228402
0,0.30880108
0,0.32055956
0,0.36412436
0,0.29666767
0,0.34234667
0,0.32552898
0,0.2651196
0,0.28795278
0,0.2941907
0,0.28949183
0,0.32696068
0,0.36683983
0,0.34317917
0,0.2520553
0,0.3260428
0,0.33001074
0,0.3082972
0,0.28463426
0,0.31698343
0,0.2400828
0,0.31175256
0,0.33596128
0,0.28960156
0,0.55205667
0,0.41305545
0,0.3112064
0,0.42078584
0,0.2982526
0,0.2909178
0,0.24084571
0,0.37633717
0,0.36091685
0,0.2832235
0,0.26099676
0,0.26644355
0,0.31181547
0,0.31913087
0,0.33133918
0,0.280723
0,0.28777635
0,0.25640738
0,0.3149075
0,0.3087928
0,0.31361634
0,0.26535898
0,0.8160909
0,0.2859167
0,0.30940396
0,0.3340363
0,0.25498956
0,0.30250466
0,0.28563508
0,0.32386154
0,0.388177
0,0.32644615
0,0.2918268
0,0.3088178
0,0.29059777
0,0.34422055
0,0.32874212
0,0.34648538
0,0.3061169
0,0.24859303
0,0.35582733
0,0.39938784
0,0.41635305
0,0.3292124
0,0.63081723
0,0.30130526
0,0.35177362
0,0.32954207
0,0.30048546
0,0.4215568
0,0.31136876
0,0.25836343
0,0.40035188
0,0.34299707
0,0.34500656
0,0.3111246
0,0.24086612
0,0.32251164
0,0.27180713
0,0.24176277
0,0.3128463
0,0.28969857
0,0.45574757
0,0.2991832
0,0.26506275
0,0.29761368
0,0.26099133
0,0.57902753
0,0.355425
0,0.33076492
0,0.27387527
0,0.27609423
0,0.24698325
0,0.29009044
0,0.29833746
0,0.32825312
0,0.2697884
0,0.3015746
0,0.25747326
0,0.33074185
0,0.3263447
0,0.3692927
0,0.29848796
0,0.3766008
0,0.33559683
0,0.3501565
0,0.35900763
0,0.26496688
0,0.2724081
0,0.7628631
0,0.2970829
0,0.35751957
0,0.60683876
0,0.33396852
0,0.3724215
0,0.9106391
0,0.41135713
0,0.55021745
0,0.39052564
0,0.33802462
0,0.27744925
0,0.31099263
0,0.3372839
0,0.379688
0,0.28414258
0,0.32352322
0,0.27381137
0,0.3169667
0,0.44900444
0,0.34026116
0,0.334563
0,0.36387885
0,0.44206133
0,0.36177167
0,0.29452083
0,0.29883003
0,0.2874842
0,0.47061172
0,0.3895703
0,0.31101784
0,0.2763622
0,0.25827748
0,0.38204354
0,0.31747767
0,0.33140934
0,0.30019316
0,0.28591996
0,0.3279917
0,0.2769496
0,0.3225481
0,0.34279948
0,0.31941092
0,0.29534504
0,0.3207139
0,0.7513852
0,0.37865603
0,0.47947848
0,0.28764072
0,0.27991846
0,0.2932459
0,0.30149692
0,0.3382431
0,0.35673273
0,0.25845242
0,0.23192433
0,0.29649234
0,0.30188674
0,0.32945633
0,0.34345213
0,0.3109241
0,0.28759155
0,0.3069089
0,0.3907815
0,0.3467941
0,0.36061224
0,0.39141458
0,0.4398368
0,0.3548267
0,0.31256533
0,0.33770293
0,0.27342886
0,0.30466112
0,0.34150866
0,0.36400118
0,0.3744459
0,0.3670048
0,0.38467795
0,0.3900662
0,0.35383087
0,0.319676
0,0.371277
0,0.3728404
0,0.3455212
0,0.26681128
0,0.3419386
0,0.39198986
0,0.3994901
0,0.3969583
0,0.59186345
0,0.38976762
0,0.33386236
0,0.3786667
0,0.31519657
0,0.457721
0,0.32621133
0,0.37089893
0,0.3568641
0,0.30318937
0,0.42959285
0,0.35583353
0,0.3066007
0,0.39949805
0,0.31192842
0,0.31890002
0,0.41027123
0,0.288099
0,0.4006403
0,0.3781317
0,0.36026624
0,0.38268864
0,0.34284702
0,0.8300938
0,0.45677316
0,0.4917213
0,0.4335686
0,0.53393394
0,0.30972454
0,0.36439756
0,0.41677654
0,0.35182208
0,0.33943772
0,0.3660914
0,0.4625759
0,0.48382923
0,0.32205513
0,0.45712805
0,0.34415781
0,0.31753066
0,0.36667028
0,0.5056446
0,0.3837018
0,0.36393607
0,0.40372714
0,0.7798248
0,0.47780475
0,0.43625945
0,0.63267606
0,0.40105024
0,0.3482922
0,0.38000807
0,0.3608664
0,0.48763525
0,0.71125954
0,0.42086014
0,0.30334905
0,0.36729616
0,0.42986667
0,0.32337952
0,0.4909638
0,0.3377543
0,0.40749535
0,0.30543473
0,0.32568872
0,0.4032842
0,0.49343184
0,0.52381295
0,0.8833058
0,0.4844688
0,0.31219804
0,0.4971748
0,0.3026439
0,0.38354927
0,0.4659702
0,0.4312996
0,0.2808296
0,0.32966682
0,0.3295426
0,0.39919338
0,0.4301028
0,0.5696172
0,0.28552175
0,0.43397257
0,0.5358406
0,0.3429184
0,0.45349288
0,0.36693183
0,0.38692364
0,0.32114568
0,0.8807512
0,0.28623763
0,0.5959035
0,0.42027092
0,0.3345408
0,0.56086284
0,0.49330372
0,0.301715
0,0.36786738
0,0.3603484
0,0.63403827
0,0.3644154
0,0.34357715
0,0.29917896
0,0.3230201
0,0.38219437
0,0.32214475
0,0.36770007
0,0.35515454
0,0.36238316
0,0.34823743
0,0.38914028
0,0.7261746
0,0.85979044
0,0.33143967
0,0.46555012
0,0.31036422
0,0.25345513
0,0.30568278
0,0.3681651
0,0.3996086
0,0.32138693
0,0.39517504
0,0.313897
0,0.34276432
0,0.36696017
0,0.37212345
0,0.35514688
0,0.31918845
0,0.3715555
0,0.36068565
0,0.3768243
0,0.50865847
0,0.4928621
0,0.7419834
0,0.60324186
0,0.37332693
0,0.3262687
0,0.2535248
0,0.2693996
0,0.39538437
0,0.41932297
0,0.3782266
0,0.3885081
0,0.30659387
0,0.30596393
0,0.4172482
0,0.46577263
0,0.41152847
0,0.33776012
0,0.2696322
0,0.38978615
0,0.37984067
0,0.40995455
0,0.62440926
0,0.33534268
0,0.9476657
0,0.8977687
0,0.26395082
0,0.32247698
0,0.3104043
0,0.35105348
0,0.4393407
0,0.5142821
0,0.3664076
0,0.36400005
0,0.308801
0,0.24738957
0,0.3096855
0,0.39526165
0,0.33720964
0,0.62374794
0,0.41110224
0,0.23707281
0,0.27612528
0,0.5295977
0,0.6949775
0,0.38752902
0,0.6800419
0,0.9672673
0,0.35803482
0,0.2979184
0,0.84663206
0,0.4013702
0,0.94979936
0,0.3440249
0,0.26480746
0,0.37734896
0,0.29053202
0,0.5557706
0,0.4664317
0,0.27306664
0,0.52473867
0,0.30198863
0,0.25747105
0,0.3574393
0,0.35257766
0,0.6330001
0,0.6548085
0,0.5282645
0,0.36241618
0,0.6789047
0,0.7641922
0,0.29233897
0,0.41662353
0,0.43728054
0,0.30361998
0,0.30792993
0,0.28280854
0,0.3248132
0,0.32878864
0,0.3799765
0,0.41268557
0,0.3109738
0,0.2602939
0,0.37335473
0,0.29368585
0,0.35365742
0,0.4790825
0,0.3044035
0,0.22468641
0,0.30703694
0,0.3513967
1,0.9616258
1,0.9790652
1,0.8740734
1,0.99661595
1,0.99954945
1,0.99840087
1,0.99986875
1,0.999247
1,0.9994413
1,0.9994712
1,0.99936795
1,0.9799698
1,0.997442
1,0.99983263
1,0.99939644
1,0.9936318
1,0.99886996
1,0.9939526
1,0.99985385
1,0.9975963
1,0.9996542
1,0.9996781
1,0.9981415
1,0.9998456
1,0.9999496
1,0.99980676
1,0.9673735
1,0.99828345
1,0.9964734
1,0.9999738
1,0.99965763
1,0.9973158
1,0.9998934
1,0.99997044
1,0.9306653
1,0.9998381
1,0.99980843
1,0.9983119
1,0.99510205
1,0.99935216
1,0.99995506
1,0.9966898
1,0.9997701
1,0.9986312
1,0.99994695
1,0.99997544
1,0.99993384
1,0.998914
1,0.9843758
1,0.99865353
1,0.99993145
1,0.9986081
1,0.99949217
1,0.99863476
1,0.99988985
1,0.9992918
1,0.997015
1,0.9992068
1,0.9976248
1,0.9993981
1,0.9979798
1,0.99759287
1,0.99992216
1,0.99971515
1,0.999912
1,0.99458283
1,0.986865
1,0.98858416
1,0.9986664
1,0.9988336
1,0.99991536
1,0.99947834
1,0.99549776
1,0.9993892
1,0.99985504
1,0.99930644
1,0.99979734
1,0.9977689
1,0.9900981
1,0.99975497
1,0.9982816
1,0.99579084
1,0.9993175
1,0.9994856
1,0.9997761
1,0.99691784
1,0.999483
1,0.98476493
1,0.9940812
1,0.99273103
1,0.99712867
1,0.98460317
1,0.99942416
1,0.999874
1,0.99753845
1,0.99778324
1,0.99656534
1,0.9998852
1,0.99545974
1,0.9313161
1,0.9974722
1,0.99439746
1,0.99736625
1,0.999604
1,0.99958724
1,0.99793786
1,0.998058
1,0.9989139
1,0.99768174
1,0.9895746
1,0.9774983
1,0.99931824
1,0.9998163
1,0.99987185
1,0.9990059
1,0.9978981
1,0.99218726
1,0.9989336
1,0.998092
1,0.9746167
1,0.9972684
1,0.99957985
1,0.99956244
1,0.9974075
1,0.9984053
1,0.9993283
1,0.99990606
1,0.99963605
1,0.9959054
1,0.9919048
1,0.99832827
1,0.9999782
1,0.80440307
1,0.995985
1,0.99869245
1,0.99903625
1,0.999579
1,0.99995804
1,0.99934596
1,0.99658287
1,0.9955872
1,0.9998778
1,0.99816954
1,0.9981766
1,0.990243
1,0.9999423
1,0.9988469
1,0.9970726
1,0.9982735
1,0.99875927
1,0.9995243
1,0.9993437
1,0.9939626
1,0.9994677
1,0.9903487
1,0.9994561
1,0.9998511
1,0.9895505
1,0.9974045
1,0.9973743
1,0.99946123
1,0.99554175
1,0.9660137
1,0.99912196
1,0.9999666
1,0.9443422
1,0.99899393
1,0.9996623
1,0.9988543
1,0.9992312
1,0.98300755
1,0.9998026
1,0.9984054
1,0.9976762
1,0.9965888
1,0.9999238
1,0.9998338
1,0.9860419
1,0.9965652
1,0.999617
1,0.99991643
1,0.9987551
1,0.99787545
1,0.9335178
1,0.99220896
1,0.9998827
1,0.99893993
1,0.9992261
1,0.9991462
1,0.9995948
1,0.9986884
1,0.9988512
1,0.9996226
1,0.99995065
1,0.99988985
1,0.99742246
1,0.9979533
1,0.9993573
1,0.9267247
1,0.99986696
1,0.99962044
1,0.9994706
1,0.99914515
1,0.9949433
1,0.9995418
1,0.998723
1,0.9989096
1,0.9985671
1,0.99978757
1,0.99978256
1,0.9991391
1,0.99097776
1,0.9994407
1,0.9998324
1,0.9979297
1,0.99420065
1,0.99724245
1,0.99266
1,0.99413407
1,0.9993544
1,0.9980332
1,0.9997392
1,0.9944704
1,0.9931914
1,0.9992427
1,0.9990264
1,0.9980627
1,0.9894907
1,0.998838
1,0.99913347
1,0.99231803
1,0.9854712
1,0.9927343
1,0.9971699
1,0.99926883
1,0.9988557
1,0.9999193
1,0.9986432
1,0.99902797
1,0.98847705
1,0.9969031
1,0.999812
1,0.9982926
1,0.99304646
1,0.99940395
1,0.9992631
1,0.99901474
1,0.99997985
1,0.99965334
1,0.99502003
1,0.99483466
1,0.99937606
1,0.999759
1,0.99339855
1,0.9964426
1,0.9992868
1,0.9997415
1,0.99363047
1,0.9994288
1,0.9988399
1,0.9996831
1,0.99928105
1,0.99852437
1,0.98991674
1,0.96924007
1,0.9989631
1,0.9984748
1,0.9999856
1,0.9998783
1,0.99687934
1,0.99656796
1,0.9983962
1,0.99951077
1,0.9976895
1,0.9942861
1,0.9945492
1,0.99932426
1,0.99981296
1,0.9949079
1,0.99229735
1,0.9966256
1,0.9985812
1,0.99697685
1,0.98248947
1,0.99897724
1,0.9998039
1,0.9933175
1,0.999226
1,0.9991485
1,0.99998677
1,0.99656487
1,0.9991485
1,0.99736303
1,0.994753
1,0.999044
1,0.9904045
1,0.9953741
1,0.9790035
1,0.99978805
1,0.9999776
1,0.99956924
1,0.99954337
1,0.9984701
1,0.9986557
1,0.99991286
1,0.99817526
1,0.99906945
1,0.9966922
1,0.99936324
1,0.99966383
1,0.9980349
1,0.9946058
1,0.99598867
1,0.9985337
1,0.9936979
1,0.99923813
1,0.9998708
1,0.99904627
1,0.99003536
1,0.997924
1,0.99897134
1,0.9992981
1,0.9954186
1,0.98813325
1,0.99225926
1,0.9995242
1,0.99832803
1,0.9963809
1,0.9939701
1,0.9982116
1,0.8095951
1,0.9996494
1,0.999779
1,0.9992462
1,0.9980064
1,0.99332786
1,0.9999232
1,0.9998796
1,0.9935487
1,0.9942036
1,0.9990295
1,0.99982667
1,0.99642307
1,0.9954105
1,0.99669504
1,0.99797076
1,0.99948597
1,0.9901022
1,0.9731082
1,0.9994238
1,0.9939833
1,0.9912168
1,0.9987544
1,0.9971163
1,0.9992939
1,0.9977423
1,0.98305815
1,0.98026407
1,0.9999217
1,0.99665475
1,0.99764603
1,0.9923288
1,0.99832505
1,0.9615936
1,0.9927229
1,0.9994006
1,0.997335
1,0.99686086
1,0.999393
1,0.99982166
1,0.99196726
1,0.99605393
1,0.990143
1,0.9992557
1,0.9941987
1,0.9963703
1,0.9907748
1,0.9997532
1,0.9979369
1,0.99864095
1,0.9995036
1,0.9991811
1,0.99807227
1,0.99666435
1,0.9882718
1,0.9995404
1,0.99971443
1,0.99685776
1,0.9986765
1,0.99968225
1,0.9999734
1,0.99911755
1,0.9956196
1,0.99971515
1,0.9996819
1,0.99911183
1,0.99166745
1,0.9917094
1,0.9984421
1,0.9985434
1,0.9998574
1,0.99948394
1,0.99902296
1,0.95480084
1,0.99306065
1,0.99930465
1,0.999765
1,0.99837923
1,0.9983107
1,0.99988735
1,0.9999757
1,0.99990404
1,0.99956554
1,0.9987428
1,0.99846786
1,0.9991891
1,0.99981856
1,0.99837136
1,0.99529403
1,0.9993616
1,0.9999027
1,0.9998772
1,0.9989999
1,0.9978575
1,0.99871004
1,0.99855036
1,0.99959874
1,0.99926263
1,0.9902241
1,0.96955675
1,0.9998746
1,0.99983203
1,0.9991724
1,0.9880194
1,0.9932407
1,0.99702483
1,0.99932164
1,0.9998065
1,0.99892586
1,0.996817
1,0.9986956
1,0.9996931
1,0.9986987
1,0.99550676
1,0.99594265
1,0.99943703
1,0.9935356
1,0.98358804
1,0.9989512
1,0.9998046
1,0.99919206
1,0.9991134
1,0.99830353
1,0.99812514
1,0.9984995
1,0.9974698
1,0.99693525
1,0.99914515
1,0.999838
1,0.9992649
1,0.99918324
1,0.9953029
1,0.8539538
1,0.9991906
1,0.9954536
1,0.9968618
1,0.9743167
1,0.9843552
1,0.99697745
1,0.9985216
1,0.9984137
1,0.99817634
1,0.99680126
1,0.99967915
1,0.99986255
1,0.9985043
1,0.9946164
1,0.9979175
1,0.9998863
1,0.99959946
1,0.9964405
1,0.99871373
1,0.9992088
1,0.99910694
1,0.999569
1,0.99280304
1,0.9971342
1,0.99856406
1,0.9997742
1,0.99336725
1,0.98704195
1,0.9986683
1,0.9997671
1,0.9908246
1,0.99496573
1,0.89033383
1,0.99313766
1,0.99839026
1,0.99573755
1,0.98535466
1,0.99912447
1,0.9998089
1,0.9993007
1,0.9974195
1,0.9996936
1,0.99993205
1,0.9995869
1,0.98490417
1,0.995269
1,0.9998002
1,0.99968094
1,0.9940135
1,0.99888927
1,0.99924177
1,0.9998486
1,0.9996072
1,0.9845005
1,0.9967515
1,0.99988675
1,0.9996382
1,0.9988757
1,0.9966672
1,0.99930346
1,0.9983328
1,0.98941994
1,0.9995577
1,0.998348
1,0.9973458
1,0.99762565
1,0.92957073
1,0.99780434
1,0.9996269
1,0.998899
1,0.9983569
1,0.99695003
1,0.99792767
1,0.99988043
1,0.999841
1,0.999519
1,0.9931049
1,0.99967057
1,0.99973124
1,0.99797434
1,0.99964213
1,0.99997723
1,0.9985991
1,0.99953884
1,0.99789774
1,0.9994736
1,0.9984261
1,0.99507314
1,0.999438
1,0.9990301
1,0.9998956
1,0.9990663
1,0.99831104
1,0.99574083
1,0.99980855
1,0.9994916
1,0.99920136
1,0.9955087
1,0.9999255
1,0.94894063
1,0.9992774
1,0.99986184
1,0.9986897
1,0.9992269
1,0.99383056
1,0.995638
1,0.99993956
1,0.9949702
1,0.9946606
1,0.9999366
1,0.99974316
1,0.99773335
1,0.9975994
1,0.9991394
1,0.9989672
1,0.99845517
1,0.99887425
1,0.9992161
1,0.99984455
1,0.99919575
1,0.99879634
1,0.99951696
1,0.9999076
1,0.9993352
1,0.9988398
1,0.9956611
1,0.99983025
1,0.99994636
1,0.99843985
1,0.9985019
1,0.9987784
1,0.9997715
1,0.9436821
1,0.99311817
1,0.97758603
1,0.99874085
1,0.9963619
1,0.9997446
1,0.999663
1,0.983851
1,0.9997104
1,0.99984515
1,0.99994385
1,0.99814224
1,0.9972018
1,0.9988393
1,0.9997459
1,0.9998752
1,0.9986853
1,0.99816763
1,0.99659
1,0.99766374
1,0.9997516
1,0.99863833
1,0.9860313
1,0.9995758
1,0.999841
1,0.9992217
1,0.9969657
1,0.9995467
1,0.9993886
1,0.9997029
1,0.99948204
1,0.9992526
1,0.9824247
1,0.99073154
1,0.9957615
1,0.997673
1,0.9947618
1,0.9998462
1,0.99964476
1,0.9974559
1,0.9948618
1,0.9989611
1,0.99979734
1,0.9963666
1,0.99786747
1,0.9991761
1,0.99954504
1,0.9999243
1,0.9972197
1,0.9970233
1,0.99953467
1,0.9947917
1,0.99671257
1,0.9976623
1,0.9998692
1,0.99938905
1,0.99950194
1,0.9967265
1,0.9960207
1,0.99942034
1,0.99983644
1,0.9995104
1,0.99590385
1,0.9998008
1,0.99876463
1,0.95289165
1,0.9819494
1,0.9966234
1,0.9995066
1,0.99990284
1,0.99826306
1,0.99640924
1,0.999774
1,0.9999677
1,0.99262863
1,0.9957425
1,0.9970306
1,0.99758816
1,0.9996377
1,0.9996513
1,0.9956731
1,0.99566376
1,0.9998542
1,0.9997073
1,0.9817013
1,0.99746096
1,0.9963251
1,0.9999167
1,0.99807966
1,0.99803203
1,0.9982607
1,0.99972695
1,0.99567324
1,0.99773955
1,0.9969139
1,0.9994289
1,0.99861825
1,0.99134904
1,0.9862622
1,0.9320219
1,0.9955739
1,0.99995995
1,0.9959241
1,0.9998025
1,0.99754816
1,0.9994224
1,0.9987696
1,0.9968965
1,0.9983033
1,0.9998857
1,0.9992039
1,0.9955323
1,0.9953904
1,0.9998698
1,0.9999182
1,0.9994912
1,0.9910848
1,0.9997792
1,0.99974006
1,0.99987197
1,0.9923317
1,0.9916236
1,0.9998119
1,0.99969715
1,0.9980477
1,0.9971246
1,0.9999856
1,0.99926144
1,0.99768114
1,0.99956936
1,0.99261594
1,0.99986696
1,0.93998885
1,0.99874735
1,0.99856913
1,0.9995497
1,0.9995048
1,0.99963593
1,0.9990342
1,0.99977195
1,0.9999162
1,0.9988665
1,0.99771464
1,0.9994386
1,0.99993384
1,0.9998617
1,0.99878967
1,0.99935406
1,0.99999154
1,0.99892324
1,0.9947917
1,0.99363834
1,0.99958104
1,0.99931455
1,0.9991756
1,0.98713404
1,0.9977544
1,0.9999335
1,0.9974745
1,0.99414974
1,0.99870515
1,0.99847645
1,0.9940627
1,0.9861264
1,0.99964726
1,0.99970406
1,0.95498616
1,0.9974517
1,0.99991643
1,0.996452
1,0.99891293
1,0.9999101
1,0.999218
1,0.9951513
1,0.9981856
1,0.9995074
1,0.9977428
1,0.9946439
1,0.99995244
1,0.9987193
1,0.9978078
1,0.99812025
1,0.999531
1,0.99977124
1,0.9991173
1,0.99115634
1,0.9983088
1,0.99990594
1,0.9996214
1,0.9970759
1,0.9989147
1,0.9997688
1,0.99959254
1,0.98241836
1,0.9727905
1,0.9705284
1,0.99945885
1,0.7679498
0,0.31793836
0,0.9686826
0,0.4008109
0,0.2881248
0,0.32345915
0,0.26687497
0,0.29669523
0,0.23166186
0,0.35138026
0,0.32111964
0,0.25682047
0,0.28176674
0,0.2783286
0,0.26133347
0,0.2990186
0,0.38704124
0,0.28793743
0,0.2708082
0,0.28867975
0,0.30784914
0,0.4424568
0,0.40567133
0,0.34181166
0,0.54498386
0,0.65285987
0,0.42804608
0,0.3155892
0,0.41170204
0,0.31046206
0,0.35124168
0,0.30591807
0,0.34564996
0,0.31521747
0,0.35344183
0,0.3226046
0,0.27741542
0,0.3251571
0,0.29106206
0,0.32512307
0,0.29442343
0,0.351245
0,0.29130155
0,0.40355533
0,0.38604718
0,0.26010418
0,0.86670816
0,0.4897148
0,0.35778013
0,0.30958894
0,0.6049746
0,0.30934775
0,0.32407227
0,0.36348233
0,0.27811092
0,0.3107621
0,0.34531343
0,0.3933436
0,0.38064107
0,0.28026605
0,0.35500452
0,0.33398044
0,0.28904122
0,0.41187352
0,0.33891842
0,0.28576836
0,0.3924711
0,0.2347435
0,0.6654002
0,0.71924365
0,0.38879707
0,0.3409117
0,0.3853463
0,0.31146988
0,0.30510375
0,0.33117703
0,0.39671484
0,0.41128442
0,0.3077005
0,0.29828426
0,0.32482564
0,0.22300814
0,0.25011277
0,0.39263552
0,0.30733812
0,0.32496116
0,0.35666612
0,0.3573255
0,0.27696884
0,0.3398383
0,0.38941428
0,0.8770159
0,0.43650255
0,0.26887196
0,0.3646864
0,0.28978673
0,0.2792156
0,0.43425265
0,0.3394858
0,0.38177
0,0.3175557
0,0.22459757
0,0.2651608
0,0.38270703
0,0.29747418
0,0.39086658
0,0.33221796
0,0.39058435
0,0.30192205
0,0.2723496
0,0.41528124
0,0.29168648
0,0.32380646
0,0.31817785
0,0.956873
0,0.2734312
0,0.32782876
0,0.40722713
0,0.4207105
0,0.56774
0,0.5330564
0,0.44423145
0,0.28455853
0,0.32486722
0,0.4301297
0,0.3318935
0,0.29724535
0,0.29575083
0,0.3491378
0,0.2681317
0,0.3257083
0,0.4526555
0,0.4044965
0,0.3398039
0,0.33926392
0,0.26314294
0,0.57717514
0,0.5529207
0,0.30555123
0,0.36455902
0,0.31764647
0,0.26388177
0,0.3225503
0,0.32706264
0,0.465196
0,0.26908207
0,0.31561425
0,0.33271855
0,0.4047326
0,0.37019575
0,0.32265761
0,0.31432027
0,0.25269204
0,0.30135116
0,0.30798775
0,0.28799453
0,0.2886824
0,0.27449507
0,0.38286084
0,0.7559729
0,0.28167495
0,0.28592926
0,0.2678069
0,0.2844397
0,0.2315521
0,0.36079532
0,0.31513688
0,0.30875814
0,0.2672459
0,0.24833103
0,0.3099908
0,0.40431815
0,0.24697894
0,0.2806071
0,0.33162886
0,0.3570849
0,0.37316048
0,0.36773145
0,0.24999106
0,0.29346025
0,0.32414976
0,0.93501157
0,0.44513988
0,0.29806447
0,0.2538202
0,0.35249287
0,0.29847938
0,0.55526125
0,0.5032781
0,0.27279687
0,0.2952655
0,0.31479236
0,0.36358953
0,0.35180536
0,0.60210896
0,0.47037342
0,0.37694764
0,0.23929669
0,0.37497842
0,0.3259724
0,0.33918238
0,0.38538346
0,0.27520338
0,0.7753439
0,0.47523788
0,0.36565772
0,0.29699886
0,0.3672015
0,0.31325048
0,0.36043966
0,0.3441627
0,0.29679486
0,0.2621881
0,0.32040942
0,0.33469874
0,0.40864718
0,0.31004578
0,0.26156497
0,0.2655333
0,0.28812787
0,0.33308092
0,0.35216644
0,0.4184204
0,0.30779523
0,0.29493877
0,0.37724334
0,0.483174
0,0.85174537
0,0.44306022
0,0.32661816
0,0.8738292
0,0.25387868
0,0.28773022
0,0.56571734
0,0.6139164
0,0.39513475
0,0.26452935
0,0.26363412
0,0.2514427
0,0.30774453
0,0.269674
0,0.29447928
0,0.27096722
0,0.27503476
0,0.32113397
0,0.2755291
0,0.26222584
0,0.26988682
0,0.85987425
0,0.4498108
0,0.28773737
0,0.21742009
0,0.29147112
0,0.22831634
0,0.3125216
0,0.3094306
0,0.22887626
0,0.25537834
0,0.2409832
0,0.2718593
0,0.33491424
0,0.30990675
0,0.25901228
0,0.295942
0,0.26924095
0,0.2961474
0,0.3294487
0,0.24875621
0,0.30830622
0,0.2574569
0,0.7645293
0,0.42033985
0,0.31038833
0,0.26831147
0,0.27492014
0,0.34312195
0,0.32700363
0,0.3054172
0,0.2759416
0,0.3300229
0,0.29558045
0,0.3906604
0,0.30748653
0,0.30723906
0,0.330909
0,0.3211669
0,0.28762648
0,0.30852574
0,0.3248443
0,0.32518777
0,0.37526634
0,0.25574306
0,0.9585857
0,0.24681441
0,0.30921227
0,0.34048253
0,0.35415703
0,0.30795974
0,0.37795725
0,0.30756345
0,0.27781922
0,0.32381526
0,0.4112199
0,0.39850226
0,0.33242935
0,0.22159408
0,0.28552303
0,0.334092
0,0.36017376
0,0.3467091
0,0.3782211
0,0.25786543
0,0.2979388
0,0.42129412
0,0.921747
0,0.2877908
0,0.34541115
0,0.35804242
0,0.2179452
0,0.222942
0,0.43474716
0,0.426467
0,0.38960323
0,0.27445966
0,0.22843136
0,0.2567955
0,0.27978414
0,0.3529543
0,0.2495102
0,0.26429838
0,0.26446578
0,0.3118811
0,0.32332078
0,0.26325515
0,0.2655597
0,0.2726946
0,0.8885268
0,0.39216176
0,0.28400442
0,0.42848188
0,0.3020644
0,0.24285477
0,0.29344064
0,0.33130977
0,0.2342223
0,0.30342087
0,0.26987708
0,0.35295993
0,0.48262647
0,0.27386346
0,0.29736
0,0.21265115
0,0.30136722
0,0.31168407
0,0.27245796
0,0.27481908
0,0.34880182
0,0.544202
0,0.84427226
0,0.4230289
0,0.34347552
0,0.2710616
0,0.2588598
0,0.32238266
0,0.33662003
0,0.38100436
0,0.38807353
0,0.28395072
0,0.27504206
0,0.2685792
0,0.3822323
0,0.34647664
0,0.30352232
0,0.2821548
0,0.28540695
0,0.29024872
0,0.34877947
0,0.33825776
0,0.2981459
0,0.415363
0,0.93540424
0,0.3414645
0,0.34558612
0,0.36015004
0,0.28287402
0,0.25665736
0,0.28987113
0,0.31854233
0,0.2914848
0,0.41805616
0,0.35892782
0,0.4565003
0,0.26919955
0,0.32430527
0,0.30225316
0,0.23593594
0,0.40981963
0,0.29871014
0,0.3245173
0,0.2793407
0,0.24374345
0,0.23987642
0,0.7341135
0,0.40476504
0,0.33104217
0,0.38195413
0,0.34845394
0,0.33821404
0,0.24216941
0,0.29472458
0,0.3282226
0,0.47239313
0,0.27324584
0,0.2985128
0,0.3400561
0,0.46724254
0,0.3923018
0,0.26639345
0,0.33039346
0,0.28325027
0,0.32439688
0,0.32205015
0,0.32514697
0,0.32452017
0,0.4187442
0,0.9205674
0,0.2648357
0,0.3586267
0,0.30199364
0,0.2683314
0,0.3267723
0,0.30728912
0,0.34006706
0,0.4526852
0,0.2935567
0,0.3108475
0,0.26113534
0,0.3875777
0,0.60277003
0,0.6543569
0,0.2454549
0,0.26679748
0,0.2745608
0,0.39689964
0,0.47982946
0,0.32131293
0,0.37516415
0,0.883758
0,0.32472035
0,0.3511636
0,0.26070625
0,0.37262842
0,0.35964894
0,0.39272127
0,0.29730636
0,0.32740387
0,0.3542393
0,0.5461175
0,0.4070574
0,0.24011274
0,0.39625424
0,0.3401133
0,0.24620719
0,0.26436216
0,0.3720827
0,0.5320168
0,0.4114468
0,0.3832832
0,0.30757618
0,0.32264954
0,0.825781
0,0.4017245
0,0.36636972
0,0.43375632
0,0.37574953
0,0.26529613
0,0.29505286
0,0.3591413
0,0.26644355
0,0.28726736
0,0.3874426
0,0.2427797
0,0.22526805
0,0.31513056
0,0.30190572
0,0.25642714
0,0.2939758
0,0.27624422
0,0.30267686
0,0.2911702
0,0.30926922
0,0.8321014
0,0.30050763
0,0.4808798
0,0.3239379
0,0.383247
0,0.6931903
0,0.23685215
0,0.27527282
0,0.3108903
0,0.34950885
0,0.36717212
0,0.30113682
0,0.28866732
0,0.24932224
0,0.30291834
0,0.37949118
0,0.28706
0,0.33945453
0,0.21306401
0,0.32774454
0,0.28457496
0,0.3159371
0,0.26811492
0,0.8800411
0,0.31826994
0,0.39405245
0,0.28069088
0,0.32907817
0,0.23181547
0,0.3745361
0,0.37896806
0,0.3881289
0,0.26568913
0,0.32484332
0,0.28233075
0,0.30975354
0,0.29732758
0,0.43972817
0,0.25746092
0,0.43140033
0,0.28776717
0,0.40272424
0,0.42251548
0,0.3576231
0,0.40644154
0,0.78704673
0,0.26681572
0,0.3338223
0,0.366585
0,0.37442845
0,0.3715759
0,0.339617
0,0.2596167
0,0.36806843
0,0.45441422
0,0.24478847
0,0.32860112
0,0.32691988
0,0.38480094
0,0.4693335
0,0.31429276
0,0.24395806
0,0.32889453
0,0.31497705
0,0.3514597
0,0.3036843
0,0.33002108
0,0.51901215
0,0.2445507
0,0.4049685
0,0.31079438
0,0.36801478
0,0.28580087
0,0.23456943
0,0.2640578
0,0.29334402
0,0.33745027
0,0.29379857
0,0.29759684
0,0.3471095
0,0.286164
0,0.31124738
0,0.30387342
0,0.23944464
0,0.25981924
0,0.3282229
0,0.30992794
0,0.28576016
0,0.376222
0,0.91042304
0,0.347807
0,0.29721692
0,0.28953612
0,0.2888539
0,0.27229655
0,0.26067203
0,0.30572507
0,0.44880408
0,0.33589107
0,0.31199577
0,0.2459363
0,0.28282776
0,0.31296328
0,0.31373352
0,0.41164333
0,0.29960552
0,0.2729723
0,0.2713645
0,0.28920984
0,0.41500685
0,0.26569563
0,0.6981979
0,0.60873026
0,0.267106
0,0.27155846
0,0.405793
0,0.33368152
0,0.33086696
0,0.38392213
0,0.31627285
0,0.33176914
0,0.29782066
0,0.28510988
0,0.29727754
0,0.30839548
0,0.648601
0,0.4324579
0,0.24386509
0,0.31210312
0,0.37257555
0,0.32150725
0,0.5398939
0,0.3458184
0,0.45481125
0,0.81067455
0,0.27187198
0,0.43611914
0,0.29963332
0,0.5712028
0,0.38311
0,0.31871754
0,0.29951447
0,0.31953478
0,0.34415987
0,0.34791237
0,0.34161618
0,0.3651959
0,0.26507157
0,0.33560613
0,0.3337512
0,0.2972448
0,0.27163163
0,0.28691706
0,0.6242449
0,0.29230216
0,0.8923091
0,0.4702096
0,0.32160613
0,0.28829727
0,0.34338886
0,0.36520752
0,0.3320417
0,0.30768782
0,0.30770662
0,0.42405164
0,0.42089894
0,0.4095836
0,0.30633685
0,0.27409253
0,0.33209106
0,0.34322217
0,0.31017548
0,0.4169847
0,0.40433782
0,0.35700166
0,0.32625228
0,0.37266806
0,0.7577782
0,0.58511305
0,0.3273473
0,0.42132849
0,0.2694566
0,0.2886199
0,0.48856184
0,0.3932043
0,0.39055488
0,0.511425
0,0.44995826
0,0.45382988
0,0.25355658
0,0.37943143
0,0.42383224
0,0.28285244
0,0.33662277
0,0.29239038
0,0.33499467
0,0.28977218
0,0.2794464
0,0.30929133
0,0.87114596
0,0.6528073
0,0.3883284
0,0.3783396
0,0.3238149
0,0.2913044
0,0.37847295
0,0.36718735
0,0.4409308
0,0.3499078
0,0.47600394
0,0.3107213
0,0.30047002
0,0.3278508
0,0.45319682
0,0.43963864
0,0.38342777
0,0.3319162
0,0.3386836
0,0.33154467
0,0.30138892
0,0.2981058
0,0.50202316
0,0.41169974
0,0.2620059
0,0.26733914
0,0.31851256
0,0.30160195
0,0.31675676
0,0.30187225
0,0.24955563
0,0.2942195
0,0.28748485
0,0.33594722
0,0.3171741
0,0.27539706
0,0.28676093
0,0.3120228
0,0.33353114
0,0.31068695
0,0.5699218
0,0.36326775
0,0.32905346
0,0.30086
0,0.5629237
0,0.5576885
0,0.2820753
0,0.32671025
0,0.41239834
0,0.3670948
0,0.3080148
0,0.29339087
0,0.28850138
0,0.29678884
0,0.39305556
0,0.29726237
0,0.3585362
0,0.29395145
0,0.30406913
0,0.32499862
0,0.4595863
0,0.36967713
0,0.4960107
0,0.29421568
0,0.4015994
0,0.31497654
0,0.7345544
0,0.87886435
0,0.82019764
0,0.39937875
0,0.26861945
0,0.78295547
0,0.3007942
0,0.41963896
0,0.30236915
0,0.3398572
0,0.3573016
0,0.3434491
0,0.34452212
0,0.40465558
0,0.35018668
0,0.3203176
0,0.3232485
0,0.35540208
0,0.26227048
0,0.34167424
0,0.3130295
0,0.35224468
0,0.4546269
0,0.82913655
0,0.28326792
0,0.51313776
0,0.29120526
0,0.37456894
0,0.3924394
0,0.34762707
0,0.6226849
0,0.2618097
0,0.35497856
0,0.33910212
0,0.35963628
0,0.29543582
0,0.3347845
0,0.46125203
0,0.282635
0,0.2897216
0,0.28155908
0,0.35090023
0,0.33774725
0,0.2749421
0,0.28347072
0,0.8871546
0,0.310597
0,0.29060087
0,0.26272905
0,0.2943728
0,0.301737
0,0.30863902
0,0.26641005
0,0.26669395
0,0.38869315
0,0.31645513
0,0.32010612
0,0.34748244
0,0.3211555
0,0.34000355
0,0.34887376
0,0.30580473
0,0.31405467
0,0.2976475
0,0.31850004
0,0.31239128
0,0.3295048
0,0.6441106
0,0.37840495
0,0.40815687
0,0.40092263
0,0.39466172
0,0.2900009
0,0.395347
0,0.3271772
0,0.2891283
0,0.37992325
0,0.32406533
0,0.43246892
0,0.35839072
0,0.39001232
0,0.28477663
0,0.46385244
0,0.3119209
0,0.39937538
0,0.28970978
0,0.3523524
0,0.38338643
0,0.45668563
0,0.9182034
0,0.37008217
0,0.3318751
0,0.30821297
0,0.30379298
0,0.33290273
0,0.33873993
0,0.31732622
0,0.36044252
0,0.32054707
0,0.39330104
0,0.32929412
0,0.27272403
0,0.3859674
0,0.35694018
0,0.35700017
0,0.4137506
0,0.4083112
0,0.28779185
0,0.3261054
0,0.31588492
0,0.35536155
0,0.8822568
0,0.4410014
0,0.29458317
0,0.31397542
0,0.32119787
0,0.3308591
0,0.3170117
0,0.34787947
0,0.37574965
0,0.26848757
0,0.34338492
0,0.30511653
0,0.26484835
0,0.28997338
0,0.39317054
0,0.2935173
0,0.29005888
0,0.29283908
0,0.2482134
0,0.44639346
0,0.43781638
0,0.49675637
0,0.8606637
0,0.49688956
0,0.30535764
0,0.30034047
0,0.32437614
0,0.35422727
0,0.25905436
0,0.3342589
0,0.30511555
0,0.33065316
0,0.27476776
0,0.33359584
0,0.3308413
0,0.26653013
0,0.31347963
0,0.31387293
0,0.32275477
0,0.27819356
1,0.93963665
1,0.8538905
0,0.3809567
1,0.2701903
1,0.9823341
1,0.5240247
0,0.9132248
0,0.4769678
1,0.39311942
1,0.97982466
0,0.31077713
0,0.3897255
1,0.8949004
1,0.79883456
0,0.26079276
0,0.30997482
1,0.94911945
1,0.378598
0,0.37676
1,0.48523965
1,0.97302157
1,0.60900176
0,0.3300698
1,0.5800659
1,0.96692187
0,0.31767875
0,0.28221294
1,0.7705718
1,0.93999475
0,0.34639904
1,0.31501797
1,0.9831378
1,0.2533342
0,0.324108
1,0.70460117
1,0.9733838
0,0.949901
0,0.3426863
0,0.34671912
1,0.95324564
1,0.7228149
0,0.31337935
1,0.42407864
1,0.9750895
0,0.251489
0,0.28867942
1,0.8147936
1,0.90184164
0,0.4147201
0,0.282591
1,0.83231384
1,0.940369
0,0.30603933
0,0.3456924
1,0.8154782
1,0.88598794
0,0.31866515
0,0.32582328
1,0.9537781
1,0.7286253
0,0.29884005
0,0.2723436
1,0.9774055
1,0.6606522
0,0.2735754
0,0.7699658
0,0.40749863
1,0.98479813
1,0.33869
0,0.2466613
1,0.34977245
1,0.9653718
0,0.23859356
0,0.39108336
1,0.7306727
1,0.9325883
0,0.3055042
0,0.27739584
1,0.95702124
1,0.71699506
0,0.31489044
0,0.4829161
1,0.93455327
1,0.8423436
0,0.2686046
1,0.5888141
1,0.9675924
0,0.28676066
0,0.3080824
1,0.86106783
1,0.85864335
0,0.4459166
0,0.33573472
1,0.91167253
1,0.8876268
0,0.94238114
0,0.5736691
1,0.32473075
1,0.97464764
1,0.40633863
0,0.29215726
1,0.68268996
1,0.9384292
0,0.2582185
0,0.27013996
1,0.9068352
1,0.9358286
0,0.3646358
0,0.3393153
1,0.9566606
1,0.73908824
0,0.30726355
1,0.34640664
1,0.9924694
1,0.55614
0,0.37779295
1,0.35232118
1,0.95922756
1,0.38683414
0,0.3611577
1,0.700968
1,0.9595427
0,0.3208193
0,0.27325803
1,0.77813137
1,0.9424264
0,0.9043884
0,0.31454054
0,0.2783874
1,0.93533486
1,0.6867857
0,0.33104613
1,0.44054484
1,0.9865931
0,0.3640573
0,0.35963959
1,0.8480292
1,0.9072739
0,0.3232687
0,0.3390619
1,0.8391776
1,0.8740356
0,0.2622744
0,0.30471057
1,0.9297051
1,0.86331284
0,0.24571155
0,0.37161282
1,0.9919451
1,0.45943588
0,0.24805257
1,0.8878995
1,0.9124032
0,0.2769458
0,0.28071418
0,0.9802019
1,0.9841936
1,0.8960082
0,0.43758994
1,0.2704606
1,0.98932076
1,0.8962759
0,0.35418865
1,0.4845225
1,0.98502964
1,0.4177502
0,0.27951485
1,0.8150642
1,0.9304509
0,0.2782325
0,0.32588172
1,0.8130478
1,0.8354006
0,0.27837372
0,0.2673227
1,0.86791056
1,0.6933415
0,0.29886326
0,0.28638875
1,0.9556203
1,0.591583
0,0.31192017
1,0.29919448
1,0.9765512
1,0.3604452
0,0.73792917
0,0.8252258
1,0.45339647
1,0.9916169
0,0.2585987
0,0.31483278
1,0.6667557
1,0.9531215
0,0.28952745
0,0.27304304
1,0.94009143
1,0.722549
0,0.32524478
0,0.34567538
1,0.90182585
1,0.7436789
0,0.3996965
0,0.30586502
1,0.8841532
1,0.77514577
0,0.5177802
1,0.47421762
1,0.9711642
0,0.35931438
0,0.26114002
1,0.7212824
1,0.9496319
0,0.26730448
0,0.41551477
1,0.8644466
1,0.7229815
0,0.87662673
0,0.46330887
0,0.30080596
1,0.9381225
1,0.44332632
0,0.28780478
1,0.49201873
1,0.9714711
0,0.36028472
0,0.35032344
1,0.885616
1,0.9440284
0,0.27280703
0,0.28064373
1,0.8974697
1,0.82361454
0,0.3228435
0,0.3379196
1,0.9623848
1,0.4813676
0,0.27149835
1,0.5232024
1,0.93950605
1,0.38287225
0,0.32086056
1,0.67848694
1,0.96299344
0,0.56639874
0,0.36302504
1,0.7581774
1,0.97974956
1,0.9314591
0,0.31707317
0,0.39903584
1,0.969144
1,0.6897934
0,0.36789805
0,0.41113064
1,0.98203355
1,0.5330629
0,0.3008399
1,0.45315894
1,0.9745943
1,0.500167
0,0.36954936
1,0.5954544
1,0.9785204
0,0.36435875
0,0.41913012
1,0.7423913
1,0.977485
0,0.4780556
0,0.3503728
1,0.91862816
1,0.9128718
0,0.29580125
1,0.2901787
1,0.9637973
1,0.37863752
0,0.29381174
0,0.7633105
1,0.8302565
1,0.969087
0,0.32181707
0,0.28275418
1,0.888373
1,0.93160504
0,0.334099
0,0.2940775
1,0.98553884
1,0.4230322
0,0.2948719
1,0.6472242
1,0.8928114
0,0.31201455
0,0.2878369
1,0.8161877
1,0.908139
0,0.32596806
0,0.35813424
1,0.98034316
1,0.6072187
0,0.29532444
1,0.5118848
1,0.937403
1,0.6670642
0,0.24871641
1,0.80505913
1,0.9855552
0,0.37737635
0,0.96613044
0,0.53072435
1,0.8741572
1,0.9427739
0,0.27996847
0,0.36606494
1,0.9047357
1,0.7800551
0,0.32446876
1,0.6141487
1,0.9920833
0,0.6782357
0,0.44253153
1,0.7907684
1,0.9315635
0,0.30538926
0,0.3254621
1,0.8624556
1,0.9000842
0,0.46388024
0,0.33372825
1,0.854976
1,0.79455423
0,0.2774867
0,0.6878004
1,0.9337962
1,0.7670008
0,0.5089223
1,0.5056016
1,0.93720067
1,0.62240547
0,0.9104472
0,0.33865407
1,0.7090926
1,0.84642905
0,0.37874916
0,0.5233238
1,0.8756683
1,0.81099707
0,0.47955817
0,0.29022726
1,0.888419
1,0.7888872
0,0.34240004
1,0.51343083
1,0.94551575
1,0.60382724
0,0.5720706
1,0.4340168
1,0.9279459
1,0.3846126
0,0.55243725
1,0.5729265
1,0.9404077
1,0.38833264
0,0.4020831
1,0.91933155
1,0.9330004
0,0.3028518
0,0.30527145
1,0.9951606
1,0.9666655
0,0.58816665
0,0.4162671
1,0.59691477
1,0.9817458
0,0.35332963
0,0.4737051
1,0.87344366
1,0.9706875
0,0.42485708
0,0.32443288
1,0.8895151
1,0.9414292
0,0.4017511
1,0.36830962
1,0.9920963
1,0.31314084
0,0.28935182
1,0.54021865
1,0.96614057
0,0.36656353
0,0.41676652
1,0.694216
1,0.9309739
0,0.29410005
0,0.32866228
1,0.9667896
1,0.7763882
0,0.3289784
0,0.67988384
1,0.85103434
1,0.9277471
0,0.6227034
0,0.8777657
1,0.81790733
1,0.9195559
0,0.35685262
0,0.31205988
1,0.8268769
1,0.86072326
0,0.6171018
0,0.6373184
1,0.8995289
1,0.8925128
0,0.35819668
1,0.34862563
1,0.9787693
0,0.44552374
0,0.41879058
1,0.4550573
1,0.99524075
1,0.4249647
0,0.29428458
1,0.9576735
1,0.88687366
0,0.46630284
1,0.352872
1,0.9978884
1,0.35910314
0,0.72421175
0,0.54228556
1,0.88751554
1,0.93052894
0,0.26489422
0,0.2745536
1,0.9652595
1,0.5329559
0,0.37249798
1,0.33710465
1,0.970769
1,0.73287773
0,0.3462239
1,0.45902437
1,0.95740145
0,0.28923124
0,0.46076193
1,0.75402987
1,0.86968523
0,0.54289573
0,0.4887848
1,0.97436845
1,0.6717668
0,0.34605604
1,0.5700792
1,0.98032033
1,0.35895932
0,0.26738673
1,0.8686573
1,0.9686341
0,0.8875682
0,0.79863256
0,0.27354935
1,0.948712
1,0.9126156
0,0.33417246
0,0.47626242
1,0.9538048
1,0.7887308
0,0.44182974
1,0.35598224
1,0.9411963
1,0.30596647
0,0.3200199
1,0.6852992
1,0.94853574
0,0.32166806
0,0.47597796
1,0.929955
1,0.72963756
0,0.47266462
1,0.25968468
1,0.98758405
1,0.7501438
0,0.5656002
0,0.2927963
1,0.9944061
1,0.52715546
0,0.54685235
1,0.88665545
1,0.99838305
1,0.69889516
0,0.24772987
0,0.2857104
1,0.75309706
1,0.94241613
0,0.34373832
1,0.34178835
1,0.97885746
1,0.28732657
0,0.28490826
1,0.4977674
1,0.9476322
0,0.2695785
1,0.34779492
1,0.9529682
1,0.4537416
0,0.3457734
1,0.3392314
1,0.9958871
0,0.29291824
0,0.3046418
1,0.9413226
1,0.8138306
0,0.327543
0,0.43120897
1,0.961499
1,0.5177487
0,0.30270132
0,0.5804228
1,0.62201315
1,0.99434125
1,0.59285307
0,0.3228403
1,0.94258076
1,0.9616061
1,0.7285827
0,0.307495
0,0.428189
1,0.9430438
1,0.5049963
0,0.27270952
1,0.6383426
1,0.9091355
0,0.336174
0,0.33676273
1,0.85293853
1,0.8981491
0,0.27631035
0,0.28802195
1,0.84903634
1,0.91203165
0,0.3136033
0,0.38439906
1,0.94501966
1,0.7769962
0,0.3192598
0,0.29312104
1,0.9476299
1,0.7094954
0,0.5516259
0,0.82009757
1,0.31268555
1,0.9754453
1,0.3440867
0,0.3029573
1,0.6589683
1,0.96258414
0,0.29126945
0,0.41023287
1,0.9481373
1,0.6873089
0,0.37000015
1,0.38901237
1,0.9838315
1,0.42891815
0,0.2522133
1,0.77594995
1,0.8789473
0,0.40987104
0,0.25668934
1,0.9823909
1,0.61997265
0,0.3990909
1,0.35947746
1,0.9847318
1,0.4071272
0,0.33484486
1,0.6516672
1,0.9701305
0,0.8235109
0,0.7971107
0,0.34981412
1,0.9004836
1,0.8593061
0,0.27877796
0,0.3176001
1,0.9854984
1,0.6258308
0,0.40787676
1,0.7127666
1,0.9846809
1,0.41559458
0,0.26757145
1,0.43948972
1,0.976343
0,0.3254119
0,0.3485636
1,0.7858793
1,0.9051313
0,0.34652945
0,0.29832187
1,0.92672867
1,0.6923776
0,0.26446578
1,0.3577223
1,0.9636603
0,0.32316568
0,0.30487794
1,0.40680885
1,0.9974355
1,0.9720895
0,0.24880089
0,0.31224954
1,0.94650537
1,0.525521
0,0.31960303
0,0.39773986
1,0.9449989
1,0.44202653
0,0.27435103
1,0.48272428
1,0.9536208
1,0.2996131
0,0.27180403
1,0.7914202
1,0.958232
0,0.31512198
0,0.2832184
1,0.9060032
1,0.87853444
0,0.33974734
0,0.2488461
1,0.9729638
1,0.48933658
0,0.39283177
1,0.37923506
1,0.9744194
1,0.30429444
0,0.27631238
0,0.95043415
1,0.8559871
1,0.9565664
0,0.2792068
0,0.2995331
1,0.9302716
1,0.8538102
0,0.26486537
1,0.666438
1,0.9724532
0,0.3117915
0,0.39196596
1,0.9884024
1,0.51973885
0,0.24014476
1,0.4405378
1,0.9858286
1,0.46821755
0,0.2769508
1,0.63534117
1,0.88821286
0,0.24896911
0,0.3462449
1,0.9260856
1,0.66471094
0,0.34194377
1,0.6114346
1,0.9568733
0,0.3844791
0,0.90885097
0,0.36931953
1,0.59928095
1,0.94235057
0,0.28178632
0,0.4142421
1,0.96887153
1,0.6569427
0,0.298563
0,0.27477697
1,0.9479954
1,0.671394
0,0.27534288
1,0.37572587
1,0.9643391
1,0.35637814
0,0.29888523
1,0.6801985
1,0.9604425
0,0.2888804
0,0.2499208
1,0.92458975
1,0.8848267
0,0.33200353
0,0.38693735
1,0.90663975
1,0.6604494
0,0.2814226
0,0.2959415
1,0.963131
1,0.7811672
0,0.84262794
0,0.3189272
1,0.50247526
1,0.9636375
0,0.27881432
0,0.275015
1,0.92728573
1,0.89669675
0,0.2689692
0,0.2891709
1,0.96684295
1,0.61748266
0,0.46447006
0,0.3834212
1,0.9505687
1,0.5141953
0,0.21735668
1,0.7616815
1,0.952489
0,0.31137806
0,0.4122568
1,0.8996983
1,0.7179265
0,0.2509456
0,0.29121494
0,0.31541485
0,0.3887692
1,0.81605005
1,0.9019708
0,0.9588882
0,0.30840763
0,0.24619772
1,0.9626188
1,0.64498055
0,0.25095272
0,0.32424426
1,0.96916133
1,0.3508637
0,0.67883945
1,0.39055637
1,0.9652876
1,0.3095256
0,0.32015884
1,0.7220777
1,0.9392903
0,0.3205646
0,0.45708317
1,0.8496348
1,0.92236334
0,0.34172413
0,0.35762
1,0.8620126
1,0.89720964
0,0.33562803
1,0.2814404
1,0.97772044
1,0.34028253
0,0.2817519
0,0.84688514
1,0.8926941
1,0.8897475
0,0.41905165
0,0.31114504
1,0.6735715
1,0.9295985
0,0.32579243
0,0.2915695
1,0.9468306
1,0.8139634
0,0.4008322
0,0.27112788
1,0.88149816
1,0.8069436
0,0.31142816
0,0.30568638
1,0.9214351
1,0.6522614
0,0.28615716
1,0.5874311
1,0.9664134
0,0.21519704
0,0.27675688
1,0.9782479
1,0.54420197
0,0.43521369
0,0.4226341
1,0.946036
1,0.79327697
0,0.7203922
0,0.8565624
1,0.48413253
1,0.9211469
0,0.30606952
0,0.339589
1,0.73977137
1,0.9358801
0,0.30972677
0,0.27663758
1,0.8534155
1,0.88805234
0,0.25080547
0,0.47723308
1,0.9731285
1,0.5312939
0,0.38834256
1,0.36974183
1,0.9726749
1,0.34401524
0,0.37302965
1,0.6529919
1,0.9670331
0,0.29738632
0,0.36538747
1,0.8621575
1,0.8407683
0,0.26555657
0,0.30154958
1,0.9437337
1,0.5730702
0,0.5335856
0,0.32896593
1,0.576866
1,0.96902454
0,0.33230177
0,0.33238247
1,0.6268365
1,0.98394877
0,0.29895118
0,0.29729825
1,0.89955246
1,0.8215345
0,0.32788727
0,0.27581635
1,0.97655326
1,0.52011585
0,0.23893145
1,0.33051008
1,0.9900676
1,0.284623
0,0.32268488
1,0.48562855
1,0.9776184
0,0.29726136
0,0.25795802
1,0.55055445
1,0.9683148
0,0.33263147
0,0.4117569
1,0.8205552
1,0.98481464
1,0.6352964
0,0.2768303
0,0.2853941
1,0.9669126
1,0.44149378
0,0.28082657
1,0.3602434
1,0.97043097
1,0.31120962
0,0.34137863
1,0.5927482
1,0.9787294
0,0.25540477
0,0.2935747
1,0.87988067
1,0.7927726
0,0.36088833
0,0.5530126
1,0.9756174
1,0.81974924
0,0.27434605
1,0.28498605
1,0.9381725
1,0.38414162
0,0.48571855
1,0.43391213
1,0.98555505
1,0.3342337
0,0.33048356
0,0.89648324
1,0.96327347
1,0.9355668
0,0.35179028
0,0.5811676
1,0.63294697
1,0.94066936
0,0.4280789
0,0.6140874
1,0.7746516
1,0.922711
0,0.34921902
0,0.34825975
1,0.6622261
1,0.969898
0,0.371623
0,0.38524437
1,0.8999216
1,0.87723994
0,0.26853573
0,0.29296967
1,0.9209579
1,0.73980445
0,0.26355788
1,0.35042927
1,0.96904826
1,0.40982717
0,0.29197693
1,0.6824651
1,0.9302261
0,0.32959226
0,0.96149236
0,0.24618973
1,0.97567934
1,0.7489013
0,0.46059963
0,0.36787495
1,0.9858643
1,0.7333627
0,0.25210407
1,0.48532164
1,0.93556887
0,0.25557628
0,0.30740815
1,0.84631175
1,0.87874097
0,0.27088723
0,0.26520818
1,0.66593975
1,0.9141675
0,0.3038947
0,0.32573488
1,0.93890107
1,0.9608585
0,0.37975496
0,0.33016023
1,0.66359514
1,0.95940334
0,0.33295017
0,0.33693352
1,0.96853995
1,0.6776476
0,0.618829
0,0.34108514
1,0.7475735
1,0.88093543
0,0.3404628
0,0.40955248
1,0.85879654
1,0.8902329
0,0.26768598
0,0.3724891
1,0.9343742
1,0.6452996
0,0.3855728
1,0.3569533
1,0.9943692
1,0.3943239
0,0.30073535
0,0.30174816
1,0.95759326
1,0.4959213
0,0.463293
1,0.3658522
1,0.94472766
1,0.4510203
0,0.2938335
1,0.330337
1,0.9727389
1,0.4837789
0,0.43061253
1,0.74053663
1,0.98683643
0,0.8372061
0,0.2982043
0,0.36511695
1,0.93699104
1,0.65999824
0,0.44353503
1,0.5085014
1,0.9496841
1,0.3693724
0,0.28764433
1,0.48420268
1,0.93668354
1,0.41069487
0,0.27818963
1,0.6241077
1,0.94369715
1,0.3633078
0,0.36487776
1,0.41311482
1,0.95144665
1,0.400734
0,0.31057337
1,0.39660963
1,0.96382296
0,0.27116743
0,0.3766245
1,0.9331145
1,0.89472413
0,0.41378847
0,0.80479085
1,0.8959756
1,0.94603246
1,0.28217822
0,0.36593556
0,0.36453232
0,0.3805372
0,0.3603796
0,0.32931697
0,0.37345123
0,0.2668567
0,0.29949158
0,0.6456077
0,0.47933245
0,0.34315017
0,0.3767473
0,0.2770215
0,0.3486064
0,0.49076036
0,0.62228525
0,0.3436973
0,0.38718215
0,0.34595844
0,0.2937701
0,0.7610971
0,0.34244907
0,0.31232995
0,0.3426998
0,0.29528534
0,0.41851544
0,0.35385293
0,0.27570212
0,0.61115915
0,0.27790818
0,0.6382362
0,0.4476174
0,0.28388953
0,0.2791232
0,0.26748982
0,0.28750172
0,0.35020378
0,0.43597665
0,0.42269057
0,0.34376177
0,0.23376124
0,0.32904813
0,0.31855723
0,0.7708951
0,0.37976927
0,0.37656558
0,0.27728128
0,0.3077468
0,0.34291515
0,0.30368894
0,0.35823363
0,0.42529675
0,0.6024441
0,0.3462694
0,0.34004542
0,0.35221213
0,0.3169354
0,0.29805702
0,0.68646747
0,0.35941672
0,0.34668082
0,0.39653668
0,0.26458177
0,0.26147786
0,0.36733514
0,0.9012229
0,0.30789444
0,0.30530348
0,0.37320125
0,0.3052574
0,0.40348998
0,0.50383854
0,0.4004181
0,0.25417766
0,0.29585862
0,0.5318661
0,0.5049772
0,0.3038019
0,0.34474832
0,0.2779349
0,0.43026552
0,0.63680035
0,0.31751457
0,0.30114955
0,0.69262564
0,0.40150368
0,0.39010197
0,0.51702994
0,0.4040336
0,0.26610887
0,0.28665954
0,0.3350167
0,0.351653
0,0.30367127
0,0.3940139
0,0.23402613
0,0.3970354
0,0.35350403
0,0.50446904
0,0.28116667
0,0.3397449
0,0.3298451
0,0.28129402
0,0.41422376
0,0.34891844
0,0.34716815
0,0.30502954
0,0.38239053
0,0.7320252
0,0.36793503
0,0.33813608
0,0.3253387
0,0.29047984
0,0.31402016
0,0.35975543
0,0.31004298
0,0.3183234
0,0.27749106
0,0.30177873
0,0.3050682
0,0.38687262
0,0.31779465
0,0.27561057
0,0.26738968
0,0.52168787
0,0.38025275
0,0.3056533
0,0.30992818
0,0.28116933
0,0.36238122
0,0.47123167
0,0.7478971
0,0.3902145
0,0.35104296
0,0.4094041
0,0.44214785
0,0.35882008
0,0.41355217
0,0.5578526
0,0.3232221
0,0.31639665
0,0.38407028
0,0.4052394
0,0.36267796
0,0.4675707
0,0.292267
0,0.34200442
0,0.4776607
0,0.38991037
0,0.29205805
0,0.3659324
0,0.39839068
0,0.33681947
0,0.54236
0,0.3614549
0,0.31546167
0,0.2783502
0,0.24168898
0,0.31099296
0,0.31217647
0,0.3163189
0,0.29345953
0,0.26767725
0,0.27001467
0,0.46419
0,0.29838264
0,0.27844477
0,0.26943597
0,0.33341473
0,0.28227013
0,0.32116643
0,0.3716976
0,0.25808746
0,0.31126416
0,0.39424244
0,0.31813195
0,0.4899731
0,0.4389156
0,0.2761905
0,0.80093503
0,0.25750032
0,0.32650867
0,0.37202668
0,0.26423842
0,0.32675412
0,0.30129948
0,0.23422837
0,0.282453
0,0.5121572
0,0.3284104
0,0.2813562
0,0.3880442
0,0.3081983
0,0.36209866
0,0.33855766
0,0.3151236
0,0.24907938
0,0.2328812
0,0.49367195
0,0.30775723
0,0.31922203
0,0.2524756
0,0.26590464
0,0.2696713
0,0.3261638
0,0.29643747
0,0.27845094
0,0.25946924
0,0.38114962
0,0.33303308
0,0.30809924
0,0.28761208
0,0.26503232
0,0.2642279
0,0.31395712
0,0.32914892
0,0.24794033
0,0.28884685
0,0.24545908
0,0.27484852
0,0.5952567
0,0.3924281
0,0.39652234
0,0.28608307
0,0.3999854
0,0.25786105
0,0.3547876
0,0.32871386
0,0.32487342
0,0.32158664
0,0.2812024
0,0.33045545
0,0.32927275
0,0.5089557
0,0.35545197
0,0.34533986
0,0.37187186
0,0.37697393
0,0.35378718
0,0.334105
0,0.30905464
0,0.2866904
0,0.39946833
0,0.72546256
0,0.31031057
0,0.5238737
0,0.27694464
0,0.3042014
0,0.3608566
0,0.44974405
0,0.31585357
0,0.37611014
0,0.29262295
0,0.22954515
0,0.27793416
0,0.30481556
0,0.43661368
0,0.25303355
0,0.25118166
0,0.2750683
0,0.3278089
0,0.35526526
0,0.43222967
0,0.26959237
0,0.31218013
0,0.28664377
0,0.5239519
0,0.29394165
0,0.2580189
0,0.32924822
0,0.24045883
0,0.29736534
0,0.32921687
0,0.31218934
0,0.28029838
0,0.3479571
0,0.2949536
0,0.35927117
0,0.36986703
0,0.34185547
0,0.23196319
0,0.2914941
0,0.30961362
0,0.30440003
0,0.34313497
0,0.27709186
0,0.2685022
0,0.27993473
0,0.28563496
0,0.35157666
0,0.34351638
0,0.28588185
0,0.32207087
0,0.27355492
0,0.27252236
0,0.32475376
0,0.28603125
0,0.29018715
0,0.24603213
0,0.32326746
0,0.29286337
0,0.27134314
0,0.26774824
0,0.30772254
0,0.28024736
0,0.38252577
0,0.40016505
0,0.32115564
0,0.29330376
0,0.28491148
0,0.6048946
0,0.373621
0,0.33829683
0,0.2722995
0,0.25996432
0,0.32330063
0,0.41320276
0,0.30951214
0,0.30656278
0,0.51195157
0,0.24328695
0,0.27112627
0,0.3667764
0,0.3462159
0,0.36692795
0,0.27173674
0,0.24077442
0,0.33538178
0,0.35263938
0,0.4117097
0,0.308178
0,0.28392202
0,0.3248015
0,0.4855892
0,0.3703516
0,0.26166728
0,0.27136916
0,0.27139497
0,0.40365213
0,0.2912955
0,0.2629182
0,0.25977415
0,0.2601274
0,0.31919745
0,0.3366792
0,0.31758136
0,0.52828014
0,0.32846937
0,0.24252763
0,0.433352
0,0.35118353
0,0.38122466
0,0.28124717
0,0.35446414
0,0.26340842
0,0.49951717
0,0.29202518
0,0.31597564
0,0.27818736
0,0.31701678
0,0.33603856
0,0.30156803
0,0.3060267
0,0.2835669
0,0.30590135
0,0.26313826
0,0.32597128
0,0.33571434
0,0.28434157
0,0.3125966
0,0.28631422
0,0.34780774
0,0.400225
0,0.2726389
0,0.2259621
0,0.39570338
0,0.55141795
0,0.3035522
0,0.46950993
0,0.2653202
0,0.270542
0,0.27224478
0,0.2990276
0,0.36167568
0,0.33079046
0,0.28976318
0,0.31566152
0,0.2898127
0,0.30134937
0,0.29160938
0,0.3404747
0,0.2941037
0,0.3106001
0,0.36792722
0,0.3548173
0,0.3826036
0,0.25735563
0,0.3050497
0,0.37637898
0,0.49742404
0,0.33148798
0,0.29019806
0,0.23782815
0,0.3299896
0,0.2772625
0,0.5056505
0,0.4406328
0,0.39039648
0,0.3358063
0,0.24614206
0,0.32381263
0,0.47361392
0,0.39943075
0,0.40489843
0,0.26245153
0,0.25995305
0,0.2634497
0,0.297683
0,0.31022802
0,0.2967412
0,0.43484
0,0.26944813
0,0.41420367
0,0.38532823
0,0.3818491
0,0.32277948
0,0.3078037
0,0.34371498
0,0.32718804
0,0.27747884
0,0.2698689
0,0.21553794
0,0.29998457
0,0.3418633
0,0.31518394
0,0.33662614
0,0.28758407
0,0.32993177
0,0.3171225
0,0.49295422
0,0.37599087
0,0.79531866
0,0.33330277
0,0.3432682
0,0.8333665
0,0.3165074
0,0.43314713
0,0.49140936
0,0.3460958
0,0.40412202
0,0.36004204
0,0.45309213
0,0.4100502
0,0.37534705
0,0.49191773
0,0.27404654
0,0.3242768
0,0.47856352
0,0.35830984
0,0.3796991
0,0.3937339
0,0.29650846
0,0.40436837
0,0.7870891
0,0.36039534
0,0.38154775
0,0.39858875
0,0.5434328
0,0.3966752
0,0.37705636
0,0.6001184
0,0.52279806
0,0.4071697
0,0.4896234
0,0.39461213
0,0.28017578
0,0.28886414
0,0.4369763
0,0.3040893
0,0.36998233
0,0.30934674
0,0.3214361
0,0.36569348
0,0.38977152
0,0.3640197
0,0.31990767
0,0.38003057
0,0.46976092
0,0.48246247
0,0.40963978
0,0.356396
0,0.27511528
0,0.42158267
0,0.25121266
0,0.36141586
0,0.2916913
0,0.33462653
0,0.3907795
0,0.34407932
0,0.39407378
0,0.59815323
0,0.5431885
0,0.32704324
0,0.32393357
0,0.3894889
0,0.3985836
0,0.4767407
0,0.66177475
0,0.41683608
0,0.3089409
0,0.28522176
0,0.44528252
0,0.34973013
0,0.6318921
0,0.41430208
0,0.30231458
0,0.28755295
0,0.31776997
0,0.2888284
0,0.44409776
0,0.41542956
0,0.32283038
0,0.35423848
0,0.29612884
0,0.2972661
0,0.35118297
0,0.32939878
0,0.41519156
0,0.4746506
0,0.43489376
0,0.7664027
0,0.41945174
0,0.3216927
0,0.45078608
0,0.35125196
0,0.35965958
0,0.32253757
0,0.3219579
0,0.30575955
0,0.41382676
0,0.3520253
0,0.32531247
0,0.30156124
0,0.3134561
0,0.309692
0,0.3759154
0,0.28296772
0,0.4048865
0,0.29807332
0,0.2911486
0,0.3025956
0,0.2987988
0,0.5579403
0,0.27692306
0,0.3137609
0,0.53061295
0,0.4982078
0,0.42181626
0,0.27590162
0,0.33714393
0,0.34393477
0,0.30794567
0,0.42376655
0,0.32974383
0,0.3353559
0,0.34164807
0,0.33034825
0,0.37677652
0,0.2912038
0,0.27718717
0,0.38366646
0,0.22760639
0,0.2634121
0,0.5908423
0,0.27585694
0,0.3787642
0,0.27514753
0,0.28285816
0,0.29575858
0,0.26543027
0,0.28585994
0,0.34646598
0,0.38079342
0,0.30742493
0,0.30571634
0,0.3316875
0,0.3205659
0,0.36332318
0,0.61310536
0,0.36450276
0,0.3378369
0,0.2973603
0,0.36667195
0,0.37945572
0,0.34079415
0,0.30482978
0,0.31819835
0,0.36139318
0,0.3262614
0,0.27565315
0,0.41359532
0,0.38159707
0,0.54531395
0,0.5001119
0,0.3345423
0,0.29791358
0,0.41438216
0,0.39360747
0,0.28897655
0,0.4858736
0,0.3678037
0,0.34930798
0,0.3899885
0,0.27629474
0,0.4406268
0,0.29894316
0,0.2853596
0,0.38120866
0,0.3422267
0,0.34960604
0,0.31674802
0,0.35419828
0,0.39995295
0,0.33168826
0,0.269412
0,0.48111734
0,0.32637286
0,0.3074299
0,0.6507049
0,0.37060812
0,0.47495297
0,0.5354215
0,0.28340665
0,0.34178144
0,0.36123234
0,0.57514477
0,0.6826089
0,0.52559185
0,0.3547231
0,0.53580844
0,0.3472664
0,0.8366154
0,0.43541092
0,0.6325795
0,0.31615567
0,0.3197957
0,0.5969404
0,0.29563102
0,0.4243187
0,0.3104879
0,0.477976
0,0.30387267
0,0.349802
0,0.24864164
0,0.30413824
0,0.28983298
0,0.29995957
0,0.28879187
0,0.28222167
0,0.26071438
0,0.26264486
0,0.33013687
0,0.38822636
0,0.76915586
0,0.31539816
0,0.26321763
0,0.38043115
0,0.35506096
0,0.30229753
0,0.36196327
0,0.543259
0,0.322799
0,0.29368454
0,0.31489828
0,0.35634294
0,0.35024095
0,0.38668242
0,0.40793806
0,0.30814815
0,0.33829686
0,0.32069853
0,0.4152898
0,0.5059916
0,0.45413533
0,0.45187986
0,0.27081102
0,0.65987056
0,0.33629677
0,0.42749187
0,0.31859854
0,0.40880442
0,0.33817372
0,0.3007816
0,0.42536768
0,0.39672458
0,0.35882694
0,0.47613385
0,0.35088712
0,0.2970958
0,0.3934885
0,0.35781968
0,0.57457674
0,0.6200237
0,0.46221995
0,0.5213057
0,0.47865838
0,0.35231492
0,0.59872127
0,0.5431845
0,0.34552714
0,0.95415187
0,0.39407694
0,0.31992778
0,0.49984005
0,0.29319116
0,0.36867347
0,0.40188769
0,0.3159394
0,0.31653193
0,0.33421806
0,0.3376172
0,0.3651378
0,0.36806852
0,0.32639125
0,0.39823923
0,0.2849405
0,0.26224747
0,0.33815402
0,0.28327936
0,0.27603626
0,0.6505304
0,0.2775341
0,0.25899613
0,0.26377496
0,0.2817063
0,0.41026974
0,0.30064714
0,0.42773718
0,0.30061683
0,0.28127322
0,0.29117438
0,0.25287598
0,0.31080738
0,0.3287935
0,0.3103893
0,0.29157975
0,0.32794935
0,0.262416
0,0.28799036
0,0.27540103
0,0.4226756
0,0.27570346
0,0.43523338
0,0.28870255
0,0.30840746
0,0.36984888
0,0.3371292
0,0.2757448
0,0.30607104
0,0.2852394
0,0.35545558
0,0.32570922
0,0.3604759
0,0.2818035
0,0.31734776
0,0.3486597
0,0.3126034
0,0.31212544
0,0.31607476
0,0.38370073
0,0.28344023
0,0.29088673
0,0.39403298
0,0.28941235
0,0.8884247
0,0.35992852
0,0.28270197
0,0.32136312
0,0.33143032
0,0.28320873
0,0.28381035
0,0.38697276
0,0.3126528
0,0.29076812
0,0.32154796
0,0.24888667
0,0.33166537
0,0.34326193
0,0.26633742
0,0.31658
0,0.2692755
0,0.30237025
0,0.24947809
0,0.23561932
0,0.2835608
0,0.80890435
0,0.26670042
0,0.27369875
0,0.29799277
0,0.32425076
0,0.26652688
0,0.289548
0,0.4269096
0,0.3433403
0,0.25868955
0,0.28661948
0,0.31401855
0,0.3326771
0,0.27816752
0,0.27661037
0,0.31904712
0,0.2908999
0,0.33981204
0,0.25609744
0,0.3041682
0,0.2974178
0,0.25868765
0,0.3972913
0,0.32108843
0,0.25418097
0,0.32566372
0,0.3763674
0,0.26506692
0,0.24038744
0,0.30257863
0,0.3159605
0,0.2683686
0,0.4022671
0,0.3559637
0,0.29403722
0,0.32076654
0,0.4086275
0,0.28574407
0,0.37306353
0,0.2877294
0,0.30452925
0,0.32909015
0,0.2774458
0,0.8286578
0,0.2713901
0,0.31264663
0,0.2735631
0,0.37005407
0,0.27393147
0,0.39407593
0,0.26086393
0,0.2901245
0,0.2910687
0,0.518913
0,0.33849493
0,0.2964949
0,0.2762489
0,0.3550636
1,0.3619552
1,0.7795427
1,0.80042183
1,0.82691973
1,0.91677064
1,0.7161916
1,0.78030825
1,0.6823158
1,0.6370353
1,0.7735862
1,0.64158654
1,0.66451526
1,0.7640609
1,0.6284351
1,0.6951798
1,0.80414265
1,0.8651667
1,0.65163994
1,0.5492011
1,0.7117068
1,0.8334412
1,0.5449368
1,0.9171418
1,0.950579
1,0.81191653
1,0.99130064
1,0.7493154
1,0.73060656
1,0.73700726
1,0.82043386
1,0.73008275
1,0.6109273
1,0.7007268
1,0.85836595
1,0.73395896
1,0.6716292
1,0.6105277
1,0.6045024
1,0.7069379
1,0.6402812
1,0.6165253
1,0.79296666
1,0.96754575
1,0.7300578
1,0.7117643
1,0.6989574
1,0.87158984
1,0.7089136
1,0.7828424
1,0.65239143
1,0.8700785
1,0.79200137
1,0.6150603
1,0.7482821
1,0.66659254
1,0.6117646
1,0.840841
1,0.70252675
1,0.8443812
1,0.7520342
1,0.6105066
1,0.6752331
1,0.49264815
1,0.9006119
1,0.7424485
1,0.80244315
1,0.7090286
1,0.7707494
1,0.6251042
1,0.849984
1,0.75326735
1,0.7031223
1,0.76719385
1,0.98255336
1,0.8194278
1,0.7917669
1,0.7026185
1,0.94777125
1,0.9496343
1,0.6626731
1,0.66976595
1,0.60601074
1,0.68945575
1,0.841735
1,0.87578166
1,0.8177265
1,0.7016173
1,0.80968857
1,0.7485334
1,0.74177045
1,0.5727769
1,0.6560434
1,0.55191547
1,0.80561477
1,0.76606756
1,0.5200452
1,0.84304136
1,0.66374767
1,0.7043069
1,0.68239963
1,0.7365166
1,0.52791655
1,0.9562747
1,0.8583636
1,0.9005271
1,0.8578454
1,0.8016707
1,0.7320955
1,0.75574815
1,0.5674116
1,0.91437185
1,0.7828673
1,0.927132
1,0.52920365
1,0.8826025
1,0.6642965
1,0.58941275
1,0.773279
1,0.5713763
1,0.8663068
1,0.5508773
1,0.8735514
1,0.6647213
1,0.85765415
1,0.93275356
1,0.8072358
1,0.5916052
1,0.8643157
1,0.9203722
1,0.78171474
1,0.9264504
1,0.75449693
1,0.8851525
1,0.59136546
1,0.6747045
1,0.60770535
1,0.69566965
1,0.6915076
1,0.9080637
1,0.60902387
1,0.8871862
1,0.6374288
1,0.599613
1,0.598207
1,0.8094348
1,0.8012279
1,0.5677186
1,0.73448855
1,0.70281035
1,0.80195713
1,0.9589737
1,0.8915855
1,0.9817437
1,0.8814695
1,0.95175135
1,0.710722
1,0.8227277
1,0.74183667
1,0.93092686
1,0.97430134
1,0.9868377
1,0.8035925
1,0.7907475
1,0.87503767
1,0.8527367
1,0.8178557
1,0.7019182
1,0.778338
1,0.7203726
1,0.8842393
1,0.8552245
1,0.6761951
1,0.74759483
1,0.76694393
1,0.7916638
1,0.67011243
1,0.44367117
1,0.8613868
1,0.6914339
1,0.91128105
1,0.8555432
1,0.6795407
1,0.93670934
1,0.49602565
1,0.99607486
1,0.7201192
1,0.73695755
1,0.90878826
1,0.9171467
1,0.721871
1,0.8847298
1,0.8567691
1,0.6116385
1,0.8111316
1,0.8067023
1,0.8377102
1,0.89074177
1,0.71473485
1,0.73508656
1,0.8755848
1,0.73683804
1,0.7748836
1,0.8088078
1,0.52932334
1,0.60695446
1,0.69683415
1,0.8091756
1,0.58724654
1,0.77569807
1,0.7372151
1,0.90100586
1,0.8733591
1,0.56648165
1,0.79422385
1,0.91945165
1,0.7443029
1,0.7796486
1,0.80182976
1,0.95068234
1,0.7418292
1,0.8927884
1,0.7618607
1,0.78380156
1,0.8861446
1,0.8954762
1,0.8860845
1,0.97933
1,0.5727217
1,0.7711739
1,0.89885736
1,0.7965696
1,0.6936171
1,0.6169215
1,0.7832803
1,0.865414
1,0.6842521
1,0.92564034
1,0.70634824
1,0.8549902
1,0.7203287
1,0.5841361
1,0.71097046
1,0.46888092
1,0.8738216
1,0.71769583
1,0.9127434
1,0.8765943
1,0.567818
1,0.6210478
1,0.7073445
1,0.54745287
1,0.7713737
1,0.88966495
1,0.8384512
1,0.8298352
1,0.95390695
1,0.7247919
1,0.55881447
1,0.6158179
1,0.7871647
1,0.8940077
1,0.83987254
1,0.8037118
1,0.81808686
1,0.80289876
1,0.9489133
1,0.79576415
1,0.9094652
1,0.9076447
1,0.94466114
1,0.91794044
1,0.7497719
1,0.864847
1,0.9499106
1,0.8485068
1,0.8422182
1,0.58881444
1,0.7864439
1,0.43405393
1,0.8677361
1,0.7007726
1,0.71138185
1,0.8911188
1,0.6602714
1,0.7350704
1,0.85836196
1,0.94672275
1,0.47877708
1,0.91714066
1,0.8402115
1,0.6407017
1,0.88429105
1,0.61759347
1,0.9475383
1,0.78030556
1,0.7817703
1,0.91341484
1,0.82150424
1,0.97118664
1,0.7811325
1,0.5360369
1,0.6942568
1,0.66355383
1,0.6570926
1,0.8200569
1,0.9036011
1,0.566567
1,0.83813906
1,0.54398817
1,0.6041212
1,0.86890745
1,0.8130287
1,0.78307486
1,0.90112764
1,0.8437609
1,0.79259694
1,0.89842665
1,0.8833192
1,0.70854586
1,0.8602343
1,0.7065005
1,0.9640096
1,0.7242599
1,0.5547145
1,0.6948176
1,0.6166626
1,0.75883293
1,0.8838801
1,0.89933854
1,0.76524085
1,0.6775801
1,0.8546904
1,0.69372416
1,0.8323411
1,0.6899745
1,0.89487267
1,0.8660062
1,0.8948406
1,0.91767144
1,0.84321725
1,0.901357
1,0.9078406
1,0.856557
1,0.8126888
1,0.75800276
1,0.83127844
1,0.94610345
1,0.6460983
1,0.70945364
1,0.740819
1,0.7529155
1,0.8418458
1,0.90065086
1,0.7369831
1,0.8358903
1,0.835894
1,0.7157672
1,0.85311705
1,0.81601506
1,0.86262834
1,0.7386441
1,0.55439126
1,0.8628296
1,0.76491386
1,0.80065346
1,0.8144343
1,0.85342264
1,0.96967405
1,0.6947963
1,0.9089078
1,0.5990612
1,0.94399035
1,0.87737566
1,0.9694056
1,0.86332846
1,0.73866653
1,0.901512
1,0.83576775
1,0.63918585
1,0.7086803
1,0.5506253
1,0.9008358
1,0.8638253
1,0.7133199
1,0.9438498
1,0.9311621
1,0.7187647
1,0.8739204
1,0.85266286
1,0.83438194
1,0.92347544
1,0.80474216
1,0.90150696
1,0.8785604
1,0.88333875
1,0.656799
1,0.9416494
1,0.7778926
1,0.8987772
1,0.57946086
1,0.94087076
1,0.8395257
1,0.73114246
1,0.824672
1,0.5811236
1,0.86799926
1,0.66060585
1,0.46026734
1,0.8908061
1,0.6134835
1,0.85056704
1,0.7872699
1,0.78229564
1,0.974264
1,0.77456087
1,0.73729306
1,0.5586229
1,0.82386285
1,0.8001308
1,0.7383088
1,0.76819
1,0.8831586
1,0.4700896
1,0.7896302
1,0.77717996
1,0.7309484
1,0.8560434
1,0.5647232
1,0.8062769
1,0.79595333
1,0.74957997
1,0.74319136
1,0.7351421
1,0.6721608
1,0.7444
1,0.7381286
1,0.8958059
1,0.54244643
1,0.86851776
1,0.80100214
1,0.95955145
1,0.83615994
1,0.89364594
1,0.89469343
1,0.6704704
1,0.73828745
1,0.6322421
1,0.7793577
1,0.86699164
1,0.63528574
1,0.92541474
1,0.79152966
1,0.65039444
1,0.70015377
1,0.52702934
1,0.541813
1,0.6840398
1,0.89539284
1,0.7029363
1,0.9382457
1,0.78840286
1,0.88922304
1,0.8746127
1,0.6809377
1,0.96154743
1,0.8957682
1,0.88473463
1,0.9160586
1,0.8278617
1,0.92292607
1,0.85510355
1,0.98168796
1,0.8858402
1,0.98328227
1,0.8135727
1,0.8778657
1,0.7541023
1,0.6540684
1,0.80659235
1,0.95208937
1,0.84324515
1,0.97984946
1,0.9638754
1,0.9764208
1,0.70389
1,0.87856525
1,0.48394528
1,0.8605711
1,0.84572685
1,0.8795902
1,0.87295395
1,0.75896376
1,0.86467624
1,0.87895966
1,0.8454635
1,0.9123384
1,0.7160552
1,0.6492875
1,0.7114628
1,0.8349273
1,0.8329262
1,0.79301834
1,0.60035574
1,0.78225976
1,0.88478756
1,0.8210308
1,0.7726136
1,0.658524
1,0.7118122
1,0.7740397
1,0.83507377
1,0.96130085
1,0.72740364
1,0.56604046
1,0.90252686
1,0.6818361
1,0.64528024
1,0.6712147
1,0.7921651
1,0.91551065
1,0.84066975
1,0.7682904
1,0.9741
1,0.62598574
1,0.8018246
1,0.6040624
1,0.64689416
1,0.7640993
1,0.7899693
1,0.9304186
1,0.8176692
1,0.90030706
1,0.8397171
1,0.6018617
1,0.84480596
1,0.5817854
1,0.9049235
1,0.5726192
1,0.7248678
1,0.9300577
1,0.81766367
1,0.722841
1,0.8363814
1,0.85926527
1,0.97881895
1,0.62521535
1,0.7766343
1,0.7829214
1,0.777474
1,0.73543334
1,0.8172432
1,0.77001673
1,0.97187734
1,0.75909245
1,0.88317347
1,0.8345302
1,0.5204743
1,0.87100595
1,0.8446161
1,0.68733853
1,0.6448458
1,0.6714766
1,0.8326058
1,0.7317674
1,0.81811434
1,0.6987669
1,0.5037253
1,0.64365965
1,0.53456736
1,0.53222775
1,0.54070294
1,0.6384879
1,0.81925577
1,0.85731155
1,0.8711361
1,0.8841189
1,0.6600096
1,0.7626408
1,0.7300288
1,0.46298692
1,0.55723274
1,0.8205947
1,0.71442646
1,0.8210241
1,0.63953274
1,0.90403193
1,0.78547907
1,0.86475784
1,0.4693829
1,0.98233414
1,0.8963678
1,0.50897676
1,0.8226171
1,0.9308093
1,0.7349753
1,0.93699163
1,0.49557155
1,0.7672158
1,0.61260164
1,0.7851906
1,0.58223176
1,0.8703952
1,0.7508534
1,0.8991199
1,0.5500749
1,0.9507232
1,0.60600656
1,0.66738117
1,0.6270245
1,0.7373288
1,0.9415428
1,0.6110475
1,0.59956986
1,0.7860303
1,0.77782756
1,0.89456576
1,0.73327047
1,0.7467508
1,0.8250362
1,0.7829778
1,0.765666
1,0.49200752
1,0.6286541
1,0.50970805
1,0.56635755
1,0.67679125
1,0.56732506
1,0.6687775
1,0.59380084
1,0.93707275
1,0.7990216
1,0.8555845
1,0.6566949
1,0.9587304
1,0.75406945
1,0.6979737
1,0.6694941
1,0.57522666
1,0.74372315
1,0.500994
1,0.80934805
1,0.77527344
1,0.58111393
1,0.9043825
1,0.71435237
1,0.9180146
1,0.671335
1,0.6723323
1,0.93422604
1,0.57577515
1,0.7061152
1,0.68673164
1,0.6913871
1,0.8322053
1,0.8651416
1,0.7564725
1,0.52077675
1,0.51626647
1,0.62035686
1,0.8773481
1,0.7155281
1,0.5008506
1,0.8476123
1,0.66956574
1,0.7432792
1,0.68277323
1,0.72755575
1,0.7119147
1,0.55584556
1,0.48693338
1,0.63007206
1,0.5056738
1,0.500882
1,0.7138002
1,0.85944396
1,0.5924104
1,0.7859427
1,0.68828475
1,0.5273604
1,0.8487846
1,0.64912397
1,0.7934312
1,0.70314074
1,0.7104467
1,0.84837496
1,0.9049716
1,0.8131678
1,0.71608996
1,0.5041122
1,0.6112068
1,0.52562
1,0.66679096
1,0.36647967
1,0.4319951
1,0.71328974
1,0.62428874
1,0.4439302
1,0.4911086
1,0.66492987
1,0.7582234
1,0.41745505
1,0.8054625
1,0.5674006
1,0.7005688
1,0.6471606
1,0.7701401
1,0.6875692
1,0.77129495
1,0.77840257
1,0.77710193
1,0.8837519
1,0.6645459
1,0.5676231
1,0.48242208
1,0.5672122
1,0.5242637
1,0.5785351
1,0.51086086
1,0.5706927
1,0.73601115
1,0.48168716
1,0.445519
1,0.54739654
1,0.72263634
1,0.8207288
1,0.88434017
1,0.93169993
1,0.6851896
1,0.78103447
1,0.6408708
1,0.53303564
1,0.48075283
1,0.49527755
1,0.82615626
1,0.5993261
1,0.5768384
1,0.53514314
1,0.70280176
1,0.8291414
1,0.60517615
1,0.7081816
1,0.84248626
1,0.5822823
1,0.6979882
1,0.8322854
1,0.6214872
1,0.5162417
1,0.74732786
1,0.7350888
1,0.7127106
1,0.6838032
1,0.5256454
1,0.8226317
1,0.5281694
1,0.5937474
1,0.70015866
1,0.7689314
1,0.7636238
1,0.86124897
1,0.8027979
1,0.6225307
1,0.46438387
1,0.44431192
1,0.79062986
1,0.71679145
1,0.39178422
1,0.79071206
1,0.8113202
1,0.886386
1,0.90597683
1,0.6048159
1,0.6757972
1,0.6718779
1,0.8325928
1,0.46130377
1,0.90488386
1,0.4907845
1,0.85012966
1,0.6244851
1,0.85649246
1,0.61958605
1,0.46191156
1,0.6714571
1,0.51602155
1,0.80835867
1,0.7831729
1,0.62936664
1,0.64492863
1,0.7463125
1,0.8559071
1,0.7469652
1,0.6912268
1,0.7625392
1,0.718451
1,0.844933
1,0.5251784
1,0.6035631
1,0.57373977
1,0.7030812
1,0.74859715
1,0.6350109
1,0.5613482
1,0.65747726
1,0.9234727
1,0.85745716
1,0.7315664
1,0.87003225
1,0.61537147
1,0.65194815
1,0.51080793
0,0.34134516
0,0.26290476
1,0.44241238
1,0.7137303
1,0.8174618
1,0.43215236
1,0.91041666
1,0.8210961
1,0.6703406
1,0.8222621
1,0.7380517
1,0.5694507
1,0.6249309
1,0.65948635
1,0.56946516
1,0.73932236
1,0.68533385
1,0.60386205
1,0.6545926
1,0.70275337
1,0.8735981
1,0.5616173
1,0.54691654
1,0.75578314
1,0.5974832
1,0.7705687
1,0.7661358
1,0.75602156
1,0.917936
1,0.9640412
1,0.93337035
1,0.80610657
1,0.7794015
1,0.56485355
1,0.6339963
1,0.7220644
1,0.6669293
1,0.64324266
1,0.80669326
1,0.8332952
1,0.7685366
1,0.4653533
1,0.4164182
1,0.8242759
1,0.57875067
1,0.74489915
1,0.6416172
1,0.7886703
1,0.7857014
1,0.69246477
1,0.81053925
1,0.46121138
1,0.68759614
1,0.7516562
1,0.9429515
1,0.89544886
1,0.9204863
1,0.9629365
1,0.89793783
1,0.92646414
1,0.7439391
1,0.6572432
1,0.46743545
1,0.6498483
1,0.7551234
1,0.65589774
1,0.66181
1,0.6428397
1,0.9415931
1,0.75630814
1,0.77837664
1,0.6152782
1,0.80350477
1,0.7894006
1,0.8284613
1,0.80454934
1,0.632066
1,0.87411326
1,0.74002826
1,0.73135495
1,0.72797924
1,0.8521199
1,0.6587103
1,0.74430686
1,0.7621113
1,0.6148631
1,0.43203866
1,0.5901117
1,0.78086305
1,0.5636321
1,0.9489374
1,0.5192296
1,0.5295313
1,0.58930707
1,0.485339
1,0.6349982
1,0.56992745
1,0.8368772
1,0.78790605
1,0.7414943
1,0.75270987
1,0.86930525
1,0.5532014
1,0.52095455
1,0.57470536
1,0.52174306
1,0.72462213
1,0.68310374
1,0.70548713
1,0.9265867
1,0.81328684
1,0.8713651
1,0.58493894
1,0.6319483
1,0.7792451
1,0.8227767
1,0.95576143
1,0.94080466
1,0.7611359
1,0.9118687
1,0.8144149
1,0.85729986
1,0.8239217
1,0.724919
1,0.7319646
1,0.83629
1,0.81575114
1,0.79118985
1,0.6830798
1,0.8703764
1,0.61858803
1,0.814932
1,0.78629863
1,0.81559205
1,0.7497141
1,0.9465983
1,0.8032026
1,0.68554497
1,0.66189647
1,0.67019594
1,0.7729498
1,0.8887134
1,0.80701375
1,0.9037353
1,0.92494386
1,0.68028814
1,0.60989785
1,0.637942
1,0.66246563
1,0.6754817
1,0.7703315
1,0.6460954
1,0.76076466
1,0.8163978
1,0.57814
1,0.62773466
1,0.5715728
1,0.6969692
1,0.79915327
1,0.5939582
1,0.6515951
1,0.5920863
1,0.8147128
1,0.740101
1,0.8917195
1,0.7644099
1,0.8178293
1,0.7733061
1,0.6595221
1,0.8008981
1,0.8446457
1,0.8794081
1,0.8019803
1,0.6267648
1,0.8773239
1,0.43333912
1,0.85167783
1,0.97229505
1,0.6157101
1,0.82581455
1,0.6490017
1,0.9908022
1,0.6819353
1,0.78873456
1,0.6844538
1,0.9325782
1,0.663203
1,0.6906714
1,0.5460283
1,0.6852014
1,0.7888956
1,0.6060802
1,0.7437219
1,0.89110494
1,0.6055005
1,0.89612085
1,0.64441323
1,0.85664225
1,0.7508423
1,0.9041632
1,0.5398728
1,0.7969434
1,0.7378464
1,0.84192353
1,0.67299724
1,0.84454197
1,0.74762225
1,0.60326314
1,0.74304324
1,0.89595795
1,0.7238871
1,0.7893834
1,0.6549404
1,0.7388857
1,0.74200773
1,0.82441354
1,0.7483931
1,0.951344
1,0.76621926
1,0.9545502
1,0.47877964
1,0.7042027
1,0.584041
1,0.69520456
1,0.7416098
1,0.6691034
1,0.91295475
1,0.73982745
1,0.78490824
1,0.69296974
1,0.6081007
1,0.6265601
1,0.5948506
1,0.77705216
1,0.8201977
1,0.82173026
1,0.8797919
1,0.7803308
1,0.4653138
1,0.7239221
1,0.8434219
1,0.7425993
1,0.960446
1,0.9338697
1,0.789647
1,0.8517237
1,0.76365936
1,0.78426087
1,0.6111523
1,0.8282446
1,0.6653937
1,0.89819676
1,0.8444676
1,0.7798845
1,0.73717225
1,0.84051865
1,0.75614166
1,0.8831625
1,0.6722724
1,0.66678095
1,0.45070267
1,0.7361201
1,0.7116054
1,0.66137284
1,0.88729644
1,0.70854974
1,0.8907307
1,0.7675923
1,0.98147744
1,0.8386805
1,0.8128158
1,0.9201407
1,0.8820928
1,0.84100175
1,0.627332
1,0.7559925
1,0.58277434
1,0.80859095
1,0.8357449
1,0.85999244
1,0.66367847
1,0.8817412
1,0.70853466
1,0.9604219
1,0.8065347
1,0.685388
1,0.73735267
1,0.83980477
1,0.76119936
1,0.8966397
1,0.7493823
1,0.47256663
1,0.69598395
1,0.6663466
1,0.691051
1,0.48008144
1,0.82618326
1,0.65896446
1,0.85772127
1,0.8024241
1,0.64434797
1,0.6008237
1,0.40367925
1,0.8292275
1,0.6144868
1,0.7078232
1,0.7706478
1,0.8653289
1,0.69936913
1,0.83650404
1,0.8764961
1,0.8180409
1,0.9170151
1,0.8247233
1,0.6031468
1,0.7075995
1,0.67563695
1,0.8065793
1,0.71602136
1,0.9006395
1,0.7649937
1,0.7422252
1,0.81090117
1,0.6557309
1,0.8175423
1,0.5163658
1,0.5789662
1,0.87573415
1,0.79013765
1,0.78354913
1,0.6664617
1,0.7590029
1,0.5543714
1,0.5354842
1,0.6891464
1,0.5086815
1,0.7245153
1,0.7003234
1,0.8773624
1,0.90481794
1,0.7223326
1,0.87804735
1,0.5646916
1,0.89667314
1,0.7716279
1,0.78874606
1,0.81960464
1,0.8121599
1,0.642301
1,0.7021296
1,0.83508223
1,0.8887208
1,0.8284707
1,0.6074824
1,0.6903681
1,0.6809952
1,0.770641
1,0.7005709
1,0.8236508
1,0.7492175
1,0.8933731
1,0.6292436
1,0.4807286
1,0.7156097
1,0.69313323
1,0.9304455
1,0.6678739
1,0.6262942
1,0.85370135
1,0.83368295
1,0.9324936
1,0.7803676
1,0.8645589
1,0.74729216
1,0.6145611
1,0.6144444
1,0.6959026
1,0.46113104
1,0.788746
1,0.8838645
1,0.8567222
1,0.8814617
1,0.7802055
1,0.4252871
0,0.32831442
0,0.270377
0,0.35779035
0,0.5437322
0,0.28600606
0,0.32253537
0,0.25029355
0,0.41487318
0,0.28861675
0,0.38280544
0,0.42210892
0,0.39409402
0,0.29948735
0,0.2948838
0,0.47929782
0,0.2955265
0,0.2788276
0,0.37567696
0,0.3197985
0,0.36511812
0,0.27834445
0,0.8175837
0,0.306545
0,0.30047637
0,0.30156302
0,0.45876622
0,0.32073888
0,0.28681895
0,0.2789108
0,0.27948415
0,0.30418712
0,0.3316537
0,0.3412286
0,0.29689312
0,0.29257357
0,0.31089392
0,0.37417725
0,0.35572383
0,0.47331056
0,0.3199808
0,0.26311415
0,0.27272725
0,0.29946354
0,0.3433532
0,0.3561301
0,0.25891665
0,0.2725126
0,0.33385804
0,0.2770239
0,0.26688346
0,0.2783521
0,0.48354298
0,0.30900654
0,0.44689482
0,0.34208047
0,0.3292154
0,0.25306958
0,0.29720712
0,0.30890238
0,0.4762202
0,0.4823662
0,0.26830542
0,0.23879603
0,0.22914039
0,0.3357455
0,0.56724983
0,0.35699376
0,0.28998667
0,0.2816501
0,0.23768753
0,0.37759194
0,0.46742922
0,0.48874646
0,0.3030059
0,0.27370697
0,0.29682222
0,0.3196538
0,0.51324046
0,0.30355856
0,0.3432699
0,0.2491048
0,0.38244924
0,0.38859966
0,0.44117048
