y_true,y_prob
0,0.9753804
0,0.7858846
0,0.52062464
0,0.4577766
0,0.8758364
0,0.76287776
0,0.61466753
0,0.47771955
0,0.7172488
0,0.9163647
0,0.64773107
0,0.4631765
0,0.48714948
0,0.9091043
0,0.7131294
0,0.45183685
0,0.4138699
0,0.96987784
0,0.78082937
0,0.46661425
0,0.15564604
0,0.0946273
0,0.061129894
0,0.039171904
0,0.21587858
0,0.55259997
0,0.38568228
0,0.17847854
0,0.43452004
0,0.07848349
0,0.032123886
0,0.15275334
0,0.25444236
0,0.08803409
0,0.10878587
0,0.13695264
0,0.070923924
0,0.10096766
0,0.1612879
0,0.07471655
0,0.15482017
0,0.9591765
0,0.45192158
0,0.091327086
0,0.06826371
0,0.5071669
0,0.04758857
0,0.5627176
0,0.4088312
0,0.3774207
0,0.040410955
0,0.038970355
0,0.03217197
0,0.273661
0,0.3903605
0,0.10853059
0,0.11478484
0,0.30953074
0,0.12316158
0,0.21756133
0,0.35285735
0,0.09686513
0,0.08825845
0,0.10315599
0,0.4089094
0,0.08476634
0,0.08070766
0,0.06088689
0,0.027248833
0,0.035251915
0,0.108675174
0,0.06073124
0,0.5735244
0,0.7610609
0,0.13765259
0,0.42170584
0,0.6715955
0,0.1319554
0,0.055656996
0,0.104141325
0,0.038285017
0,0.19916768
0,0.38649595
0,0.8997655
0,0.37146372
0,0.15674572
0,0.031614285
0,0.19844541
0,0.19444607
0,0.22040474
0,0.56509936
0,0.036874875
0,0.15389092
0,0.053312767
0,0.026498156
0,0.49999946
0,0.4103737
0,0.025708279
0,0.23986049
0,0.41126192
0,0.10626966
0,0.044226125
0,0.03307239
0,0.1599383
0,0.252811
0,0.16711678
0,0.052894227
0,0.031408183
0,0.23123002
0,0.09189243
0,0.103431985
0,0.030050762
0,0.2963611
0,0.03645834
0,0.36529672
0,0.32968593
0,0.2550948
0,0.0248158
0,0.35994002
0,0.038617764
0,0.26129997
0,0.576178
0,0.072140954
0,0.2631625
0,0.043497954
0,0.43202746
0,0.30965498
0,0.20785058
0,0.12837668
0,0.035890445
0,0.22076732
0,0.46775782
0,0.23404987
0,0.5393743
0,0.14109734
0,0.08197477
0,0.13986641
0,0.058637425
0,0.06391565
0,0.023043528
0,0.30637032
0,0.048088595
0,0.14739671
0,0.07172014
0,0.05333669
0,0.027643861
0,0.07347188
0,0.3196267
0,0.5802447
0,0.079434045
0,0.09167276
0,0.50863266
0,0.18278053
0,0.5696162
0,0.3960964
0,0.27698684
0,0.1015157
0,0.8191173
0,0.2623442
0,0.048458293
0,0.10158929
0,0.4863058
0,0.05434729
0,0.40326265
0,0.3625062
0,0.10785934
0,0.18617433
0,0.053249195
0,0.109299675
0,0.31790802
0,0.22978339
0,0.05119727
0,0.019190725
0,0.01480167
0,0.01683125
0,0.24451122
0,0.41003558
0,0.044945855
0,0.08772472
0,0.29865152
0,0.120654285
0,0.11040603
0,0.15101087
0,0.53182346
0,0.904498
0,0.04609586
0,0.17131561
0,0.3403098
0,0.21175537
0,0.08942667
0,0.45169994
0,0.16957639
0,0.18242891
0,0.41426829
0,0.16239032
0,0.28495088
0,0.09785435
0,0.8656692
0,0.11601959
0,0.08623106
0,0.071903564
0,0.048749212
0,0.04446596
0,0.085297145
0,0.08498076
0,0.044034865
0,0.02609406
0,0.1987513
0,0.20704244
0,0.8323622
0,0.12566233
0,0.15613511
0,0.30914092
0,0.038192302
0,0.21310847
0,0.07971666
0,0.11539521
0,0.124145076
0,0.030726263
0,0.51325476
0,0.12383104
0,0.050254166
0,0.2591367
0,0.45837474
0,0.4067245
0,0.1282204
0,0.046530962
0,0.09624763
0,0.36627668
0,0.116738096
0,0.2482255
0,0.05313045
0,0.5040015
0,0.035026085
0,0.20674567
0,0.08229757
0,0.40936533
0,0.124006525
0,0.25161803
0,0.22778153
0,0.019127876
0,0.061918072
0,0.07972014
0,0.040854435
0,0.12852383
0,0.13338454
0,0.079623014
0,0.06253703
0,0.26903054
0,0.32299054
0,0.023071986
0,0.041124575
0,0.13503219
0,0.14277759
0,0.097617164
0,0.39428732
0,0.039594553
0,0.30322295
0,0.18681198
0,0.09657832
0,0.16705497
0,0.4474388
0,0.17560072
0,0.2301108
0,0.12137673
0,0.10091306
0,0.040923692
0,0.01998281
0,0.08364374
0,0.13211998
0,0.04779706
0,0.15276052
0,0.23734243
0,0.034268625
0,0.3808763
0,0.09384853
0,0.051351734
0,0.058202177
0,0.5095273
0,0.056564312
0,0.034869116
0,0.07214411
0,0.044566043
0,0.26424152
0,0.118563704
0,0.099987164
0,0.061824534
0,0.4492527
0,0.13247463
0,0.4513989
0,0.16925701
0,0.25713727
0,0.12764765
0,0.05607807
0,0.061714273
0,0.1356639
0,0.67132163
0,0.2961378
0,0.22581582
0,0.16085805
0,0.08123364
0,0.5575882
0,0.24183215
0,0.4082319
0,0.043273628
0,0.15734392
0,0.13421865
0,0.4957472
0,0.09934695
0,0.051364254
0,0.22128794
0,0.039525528
0,0.44855988
0,0.07735173
0,0.32642516
0,0.2964367
0,0.35709625
0,0.43315554
0,0.36054596
0,0.07599371
0,0.25381297
0,0.07653393
0,0.14113714
0,0.1571598
0,0.5608671
0,0.088476
0,0.20264739
0,0.13471758
0,0.071434505
0,0.15602721
0,0.1437974
0,0.0817309
0,0.037292242
0,0.49080843
0,0.35737696
0,0.105750024
0,0.17798206
0,0.19469027
0,0.14359893
0,0.24036089
0,0.09269532
0,0.23167174
0,0.42455038
0,0.040088736
0,0.055046648
0,0.2422706
0,0.16815224
0,0.46215174
0,0.15371004
0,0.119858734
0,0.040494025
0,0.20034713
0,0.1179757
0,0.12679227
0,0.04512804
0,0.023955166
0,0.111820444
0,0.12176595
0,0.07259335
0,0.053660676
0,0.040424917
0,0.020071814
0,0.08165127
0,0.119013846
0,0.05899724
0,0.0346824
0,0.03396915
0,0.08950973
0,0.042196345
0,0.019243743
0,0.164564
0,0.08051957
0,0.037786037
0,0.16008689
0,0.05495834
0,0.17172424
0,0.028881531
0,0.061335552
0,0.23659718
0,0.11106494
0,0.06780007
0,0.06751729
0,0.058151074
0,0.10284679
0,0.16080056
0,0.08665305
0,0.048145182
0,0.034574125
0,0.03918605
0,0.18803473
0,0.086346425
0,0.06317284
0,0.5497966
0,0.33001605
0,0.20066804
0,0.06562672
0,0.08378153
0,0.27863702
0,0.10177544
0,0.05868956
0,0.09843924
0,0.20325534
0,0.030822307
0,0.025449298
0,0.121755354
0,0.047691952
0,0.06289769
0,0.053708464
0,0.14079084
0,0.06200823
0,0.19407229
0,0.37565744
0,0.37202397
0,0.040250354
0,0.035688788
0,0.3732608
0,0.13884382
0,0.10033107
0,0.055245943
0,0.02900956
0,0.0334373
0,0.09893559
0,0.10105665
0,0.040295195
0,0.15586647
0,0.11353807
0,0.043752324
0,0.08498284
0,0.08981793
0,0.07649522
0,0.032561596
0,0.08167582
0,0.06302056
0,0.076075934
0,0.05775616
0,0.033532318
0,0.03739239
0,0.41580033
0,0.50650114
0,0.08949644
0,0.3750947
0,0.16165297
0,0.035200253
0,0.06813786
0,0.109069325
0,0.06717708
0,0.047701765
0,0.67203146
0,0.023790896
0,0.10811357
0,0.06313869
0,0.26488557
0,0.05707566
0,0.019457148
0,0.037324026
0,0.09406385
0,0.0394442
0,0.096965544
0,0.051916644
0,0.043701887
0,0.22038981
0,0.51013833
0,0.03859458
0,0.03610839
0,0.04678421
0,0.06342932
0,0.051134884
0,0.11449026
0,0.040942557
0,0.029284688
0,0.040092476
0,0.29962125
0,0.19538394
0,0.0667812
0,0.053566188
0,0.1170352
0,0.2113193
0,0.41925457
0,0.09008944
0,0.02945692
0,0.057950176
0,0.15979561
0,0.11054958
0,0.0734138
0,0.41334462
0,0.34654778
0,0.11812151
0,0.079473786
0,0.48510757
0,0.06635458
0,0.09033882
0,0.26673096
0,0.06418179
0,0.222177
0,0.056986023
0,0.13296257
0,0.025382735
0,0.04108372
0,0.061419554
0,0.025166849
0,0.029403748
0,0.024852382
0,0.020098887
0,0.06622065
0,0.18170945
0,0.33527786
0,0.10894548
0,0.28022927
0,0.059234466
0,0.047407337
0,0.071772285
0,0.28380132
0,0.08867919
0,0.03283861
0,0.0315835
0,0.07352923
0,0.038153052
0,0.32535836
0,0.052228678
0,0.44235253
0,0.51306754
0,0.64808255
0,0.5915216
0,0.48815557
0,0.5523833
0,0.44726327
0,0.51696163
0,0.7066046
0,0.40836063
0,0.6721513
0,0.4360725
0,0.6933825
0,0.8147065
0,0.4235446
0,0.47614792
0,0.4629952
0,0.32147405
0,0.26056612
0,0.46850246
0,0.5587262
0,0.43065128
0,0.20887586
0,0.1626235
0,0.3433532
0,0.5649815
0,0.40230307
0,0.5674157
0,0.43863398
0,0.22176643
0,0.48912254
0,0.14887403
0,0.3908389
0,0.5197593
0,0.5194917
0,0.124156736
0,0.55713844
0,0.3691978
0,0.47373107
0,0.50994176
0,0.42056257
0,0.44016066
0,0.57881767
0,0.47666946
0,0.4126898
0,0.36229664
0,0.48948854
0,0.57689774
0,0.21312787
0,0.3999012
0,0.28155836
0,0.34453058
0,0.3578384
0,0.06899386
0,0.13300255
0,0.4358975
0,0.1880027
0,0.17123021
0,0.38481897
0,0.124183975
0,0.28587678
0,0.3542315
0,0.24289106
0,0.3300349
0,0.3330072
0,0.41069636
0,0.37981236
0,0.12604882
0,0.3768291
0,0.10526599
0,0.12446576
0,0.34485823
0,0.05177618
0,0.39440644
0,0.4095492
0,0.40568098
0,0.46628785
0,0.39220715
0,0.55617815
0,0.41369298
0,0.33350348
0,0.38155898
0,0.3638271
0,0.3257709
0,0.113594785
0,0.18528572
0,0.0886301
0,0.19682677
0,0.46007907
0,0.40693322
0,0.21850696
0,0.34160262
0,0.21959417
0,0.6663166
0,0.56699246
0,0.5435243
0,0.3570147
0,0.27819043
0,0.45745876
0,0.30490237
0,0.2284427
0,0.29159597
0,0.6546139
0,0.33033133
0,0.17616464
0,0.32148182
0,0.5716041
0,0.3957279
0,0.5756863
0,0.5369081
0,0.24110538
0,0.15060107
0,0.177609
0,0.24772722
0,0.38424987
0,0.14295982
0,0.42228937
0,0.16946188
0,0.20361257
0,0.2607528
0,0.8998211
0,0.17644367
0,0.3052923
0,0.85662585
0,0.3815499
0,0.23490326
0,0.4183886
0,0.3513428
0,0.10428742
0,0.3199381
0,0.16545948
0,0.27671158
0,0.10314038
0,0.1992502
0,0.31909907
0,0.42019743
0,0.36176428
0,0.2655546
0,0.42805085
0,0.2744977
0,0.4561397
0,0.28763345
0,0.461437
0,0.49255437
0,0.48198545
0,0.40784055
0,0.5625646
0,0.39999053
0,0.43065622
0,0.24845718
0,0.41158056
0,0.4403174
0,0.71287924
0,0.4079421
0,0.5689103
0,0.17714319
0,0.27732548
0,0.45256403
0,0.49361536
0,0.5276045
0,0.44393054
0,0.3262268
0,0.2626688
0,0.20396397
0,0.22463144
0,0.4324902
0,0.5833137
0,0.2789185
0,0.79093826
0,0.20508842
0,0.13156621
0,0.15165396
0,0.077018745
0,0.37470487
0,0.3766837
0,0.09718087
0,0.17960984
0,0.14246045
0,0.13343792
0,0.21650663
0,0.15757181
0,0.54814273
0,0.3806632
0,0.44148624
0,0.38691813
0,0.42296767
0,0.21215081
0,0.40410575
0,0.33703732
0,0.4261969
0,0.26902613
0,0.50229573
0,0.4945099
0,0.08189474
0,0.09057142
0,0.46739537
0,0.43072504
0,0.4220091
0,0.66280013
0,0.14969784
0,0.23700812
0,0.38122785
0,0.4829351
0,0.5092474
0,0.17796099
0,0.28814286
0,0.569663
0,0.31736356
0,0.14857627
0,0.54235095
0,0.06476583
0,0.15256329
0,0.49759322
0,0.9602019
0,0.061189372
0,0.5087807
0,0.10981725
0,0.15264751
0,0.36082742
0,0.07375284
0,0.26088294
0,0.24607147
0,0.09761459
0,0.31404132
0,0.19524539
0,0.39998668
0,0.513398
0,0.5021004
0,0.5119514
0,0.48247603
0,0.29944244
0,0.31160688
0,0.35797998
0,0.10844658
0,0.52117926
0,0.553531
0,0.20446815
0,0.2147732
0,0.35366118
0,0.16368805
0,0.30119312
0,0.3569355
0,0.4061348
0,0.14777976
0,0.34547243
0,0.34522516
0,0.31170613
0,0.18379447
0,0.17470475
0,0.23569061
0,0.15225509
0,0.21841152
0,0.28306788
0,0.12828228
0,0.112385206
0,0.29122517
0,0.2672862
0,0.6166875
0,0.42927355
0,0.30266672
0,0.15128091
0,0.10217
0,0.22615178
0,0.39407772
0,0.4197805
0,0.19791706
0,0.13442123
0,0.23157424
0,0.3508661
0,0.26261687
0,0.14201823
0,0.19687559
0,0.2915175
0,0.10563789
0,0.26312065
0,0.09672687
0,0.45627856
0,0.13617982
0,0.66734767
0,0.2717191
0,0.5855622
0,0.42777786
0,0.20082997
0,0.9803785
0,0.42250028
0,0.23595093
0,0.25884485
0,0.3503216
0,0.20041873
0,0.076218985
0,0.28699043
0,0.20826104
0,0.1353152
0,0.4969822
0,0.50109035
0,0.12625502
0,0.27674267
0,0.23210642
0,0.41850767
0,0.25706774
0,0.065252684
0,0.24302436
0,0.310436
0,0.5324841
0,0.4402966
0,0.2560067
0,0.07134423
0,0.17766854
0,0.41471943
0,0.10500906
0,0.5224706
0,0.3755966
0,0.3718874
0,0.07590533
0,0.18778408
0,0.29678214
0,0.32674155
0,0.29572463
0,0.13328071
0,0.3718054
0,0.3044804
0,0.19790177
0,0.09494886
0,0.3301266
0,0.11382931
0,0.5287848
0,0.19176778
0,0.31374732
0,0.13957947
0,0.43806353
0,0.39075273
0,0.15664613
0,0.32676053
0,0.27917242
0,0.087510854
0,0.4453263
0,0.34398562
0,0.30618253
0,0.18268074
0,0.07848111
0,0.08412765
0,0.18386447
0,0.05602773
0,0.26004943
0,0.4564282
0,0.14982663
0,0.37295327
0,0.46310464
0,0.41462687
0,0.2110351
0,0.11593472
0,0.1279949
0,0.28543743
0,0.112503774
0,0.06592226
0,0.066551976
0,0.08758392
0,0.18408367
0,0.10781225
0,0.31273782
0,0.16312428
0,0.1744477
0,0.4170071
0,0.32597008
0,0.2640789
0,0.31631473
0,0.328789
0,0.06412985
0,0.17572607
0,0.19301505
0,0.50356114
0,0.3430015
0,0.13009493
0,0.17193504
0,0.17049107
0,0.38892856
0,0.40541524
0,0.41633314
0,0.12608618
0,0.5939676
0,0.33808854
0,0.2781414
0,0.21366057
0,0.124238946
0,0.15769066
0,0.19243996
0,0.1712207
0,0.27407995
0,0.08229408
0,0.14726844
0,0.18898311
0,0.34442204
0,0.95152897
0,0.41519606
0,0.10179011
0,0.16792005
0,0.12760451
0,0.28089976
0,0.4417125
0,0.10979145
0,0.15734039
0,0.08891626
0,0.04200184
0,0.38533774
0,0.16381782
0,0.24792963
0,0.29038942
0,0.15369037
0,0.09740404
0,0.34141213
0,0.15414393
0,0.0757622
0,0.17569341
0,0.151305
0,0.4605174
0,0.41684708
0,0.14654827
0,0.039176397
0,0.09722711
0,0.30847183
0,0.23039995
0,0.15389034
0,0.17024386
0,0.112434305
0,0.35083467
0,0.17565545
0,0.25356525
0,0.16791013
0,0.047226846
0,0.16288047
0,0.23826624
0,0.30034548
0,0.082279615
0,0.05874177
0,0.076542966
0,0.32618412
0,0.15743476
0,0.72438085
0,0.343248
0,0.112761214
0,0.29515588
0,0.30324498
0,0.08023908
0,0.18773189
0,0.106547244
0,0.34277764
0,0.43452853
0,0.17056955
0,0.33645442
0,0.0537681
0,0.06637178
0,0.40827882
0,0.2770117
0,0.0801103
0,0.19094907
0,0.130911
0,0.3855941
0,0.36441952
0,0.42356372
0,0.38730142
0,0.47894114
0,0.09833099
0,0.23958202
0,0.1568969
0,0.21886852
0,0.49019414
0,0.08355207
0,0.11218928
0,0.22083601
0,0.15116544
0,0.2350276
0,0.34817654
0,0.11813976
0,0.21269561
0,0.38876528
0,0.18469667
0,0.45934132
0,0.054017648
0,0.046058826
0,0.14741236
0,0.12274274
0,0.45701593
0,0.086460695
0,0.8532507
0,0.23156442
0,0.38244298
0,0.07830978
0,0.064072065
0,0.11911731
0,0.028713034
0,0.06872198
0,0.24065807
0,0.06514747
0,0.15994568
0,0.02305776
0,0.23537302
0,0.05009744
0,0.15707208
0,0.80970746
0,0.14381029
0,0.08600658
0,0.3522556
0,0.019005764
0,0.120387934
0,0.12783085
0,0.3051113
0,0.39965072
0,0.060727842
0,0.08975511
0,0.078089
0,0.16459368
0,0.08934362
0,0.22546826
0,0.2334863
0,0.30393893
0,0.16554332
0,0.07135513
0,0.11219018
0,0.1380192
0,0.04811329
0,0.16906914
0,0.079722695
0,0.11437295
0,0.15791897
0,0.032867424
0,0.118401445
0,0.44547722
0,0.043870058
0,0.9651551
0,0.12389072
0,0.05585791
0,0.24521251
0,0.053783856
0,0.09787711
0,0.10314251
0,0.045724757
0,0.21701735
0,0.13369434
0,0.03371013
0,0.05188837
0,0.091607906
0,0.035867337
0,0.039845306
0,0.02645921
0,0.099058114
0,0.058980335
0,0.30291224
0,0.1869204
0,0.05479484
0,0.47496825
0,0.87781876
0,0.04628874
0,0.12240722
0,0.17806977
0,0.08374483
0,0.11311276
0,0.07102689
0,0.018117603
0,0.053785313
0,0.024425065
0,0.042708185
0,0.05411644
0,0.024088535
0,0.0801594
0,0.15923132
0,0.05533934
0,0.13647448
0,0.098074235
0,0.10281026
0,0.18527102
0,0.39213535
0,0.25728413
0,0.5131309
0,0.14754897
0,0.06817228
0,0.03357971
0,0.049239222
0,0.08220254
0,0.11107717
0,0.09672037
0,0.25269765
0,0.038805664
0,0.032287125
0,0.0925459
0,0.10804246
0,0.056836016
0,0.16946869
0,0.32067895
0,0.0756594
0,0.21892494
0,0.080082014
0,0.10443896
0,0.124923944
0,0.07797799
0,0.8270671
0,0.8497141
0,0.056719
0,0.04671809
0,0.051762503
0,0.30830696
0,0.33911067
0,0.08768846
0,0.1891778
0,0.1283622
0,0.3127441
0,0.08284244
0,0.07615978
0,0.13080624
0,0.051333115
0,0.40153718
0,0.060479116
0,0.27476323
0,0.07806613
0,0.078202814
0,0.12547137
0,0.3999955
0,0.35742003
0,0.43983832
0,0.62646
0,0.2928747
0,0.45721135
0,0.26845688
0,0.053450543
0,0.026641127
0,0.36571634
0,0.05545474
0,0.37423545
0,0.1391764
0,0.15110469
0,0.1614497
0,0.08460757
0,0.08459472
0,0.072845735
0,0.1539062
0,0.10699935
0,0.036510896
0,0.0782343
0,0.056221776
0,0.059136875
0,0.1106134
0,0.43570787
0,0.63117117
0,0.02559237
0,0.084851116
0,0.046745364
0,0.029401612
0,0.13745435
0,0.06654043
0,0.037594423
0,0.0768028
0,0.044596978
0,0.06134341
0,0.08256209
0,0.06460007
0,0.3099269
0,0.068095386
0,0.37185675
0,0.10164412
0,0.049844503
0,0.18412338
0,0.1490231
0,0.060694348
0,0.08355211
0,0.37186137
0,0.17876853
0,0.03885707
0,0.2275523
0,0.09558871
0,0.20627113
0,0.032159224
0,0.11426378
0,0.066012226
0,0.1037316
0,0.12356843
0,0.07424543
0,0.045927394
0,0.2365409
0,0.043864466
0,0.047571592
0,0.04902095
0,0.10244537
0,0.21637818
0,0.46527588
0,0.069183834
0,0.16338736
0,0.46348524
0,0.84007806
0,0.30718526
0,0.122210614
0,0.059144598
0,0.05494074
0,0.03753346
0,0.035802867
0,0.063275434
0,0.041975286
0,0.07600966
0,0.019937113
0,0.023517348
0,0.10723261
0,0.09636208
0,0.20153901
0,0.3819578
0,0.047930326
0,0.11605749
0,0.23226728
0,0.084701166
0,0.2306907
0,0.11142246
0,0.32375234
0,0.47522128
0,0.07827599
0,0.020624254
0,0.15781735
0,0.11070844
0,0.091441534
0,0.1187607
0,0.10845334
0,0.17281199
0,0.093602
0,0.029120184
0,0.11875169
0,0.07920445
0,0.084122464
0,0.04008038
0,0.0404818
0,0.23012513
0,0.018966628
0,0.1090737
0,0.05401385
0,0.019991387
0,0.26502836
0,0.93140006
0,0.045988023
0,0.037153974
0,0.11182967
0,0.16481172
0,0.08225453
0,0.049045604
0,0.033156198
0,0.18887597
0,0.13057981
0,0.04280147
0,0.113691755
0,0.07009043
0,0.07072702
0,0.064839095
0,0.043945167
0,0.30776048
0,0.12605384
0,0.05526535
0,0.07728526
0,0.101214096
0,0.060111303
0,0.08585063
0,0.6132493
0,0.041806914
0,0.0555184
0,0.027273884
0,0.02250963
0,0.11607872
0,0.033749957
0,0.29429898
0,0.06423998
0,0.12614658
0,0.17840487
0,0.24602512
0,0.046928246
0,0.09664307
0,0.071175605
0,0.0508875
0,0.056155812
0,0.12022776
0,0.07386908
0,0.053814717
0,0.08315109
0,0.048973802
0,0.25823644
0,0.8663832
0,0.108475775
0,0.031974867
0,0.041045032
0,0.053271886
0,0.14735219
0,0.12622364
0,0.056150086
0,0.054292195
0,0.1088214
0,0.083627276
0,0.052481875
0,0.057564553
0,0.17519905
0,0.052226823
0,0.04338994
0,0.020347048
0,0.047306716
0,0.075624116
0,0.13230456
0,0.1551053
0,0.04693625
0,0.55799913
0,0.17065953
0,0.06450141
0,0.04819225
0,0.037671566
0,0.103481784
0,0.10972094
0,0.05959746
0,0.39754924
0,0.06503231
0,0.09191626
0,0.111923866
0,0.09584447
0,0.07435156
0,0.040331814
0,0.11561815
0,0.033217598
0,0.063474596
0,0.05983723
0,0.058859468
0,0.06998671
0,0.07680056
0,0.038995523
0,0.8675268
0,0.04612987
0,0.062637515
0,0.048487157
0,0.09315988
0,0.032034017
0,0.036277268
0,0.039385084
0,0.08178091
0,0.07749691
0,0.053666055
0,0.07204985
0,0.039504986
0,0.040788654
0,0.058185976
0,0.044389825
0,0.22131956
0,0.09741397
0,0.26064563
0,0.29628766
0,0.02022105
0,0.07457874
0,0.716616
0,0.06441626
0,0.071144916
0,0.07509172
0,0.16273622
0,0.03342237
0,0.021248592
0,0.09169703
0,0.043571766
0,0.20704374
0,0.034658525
0,0.016351683
0,0.07764361
0,0.10072964
0,0.14161633
0,0.48013118
0,0.0975555
0,0.14385693
0,0.11415809
0,0.027602298
0,0.09810505
0,0.11325349
0,0.10653563
0,0.38602155
0,0.4619899
0,0.028640289
0,0.08969774
0,0.08425902
0,0.08655335
0,0.011413797
0,0.048309606
0,0.15425295
0,0.21020374
0,0.027770545
0,0.19690615
0,0.04311975
0,0.05939539
0,0.018063951
0,0.03202982
0,0.0333619
0,0.03255484
0,0.14644654
0,0.026936766
0,0.16870414
0,0.12209457
0,0.4484518
0,0.6119216
0,0.09723814
0,0.03122368
0,0.09986144
0,0.078948386
0,0.014314664
0,0.041116826
0,0.036073063
0,0.015141526
0,0.05058793
0,0.027507659
0,0.029929008
0,0.46307024
0,0.024495535
0,0.07054074
0,0.07419086
0,0.026277637
0,0.06499398
0,0.06439683
0,0.05368642
0,0.04193698
0,0.047416955
0,0.39275524
0,0.9266221
0,0.38583767
0,0.15962492
0,0.047302224
0,0.06454224
0,0.010137075
0,0.09346131
0,0.0482437
0,0.02584556
0,0.014521099
0,0.012798463
0,0.07418099
0,0.28509602
0,0.07919608
0,0.33438918
0,0.04198001
0,0.041596003
0,0.27740157
0,0.07199223
0,0.058236506
0,0.014832087
0,0.023579128
0,0.086231455
0,0.5166993
0,0.2877728
0,0.048835102
0,0.08369402
0,0.0119252885
0,0.05151043
0,0.054448687
0,0.40002817
0,0.29840443
0,0.39882725
0,0.019178366
0,0.062369276
0,0.0339001
0,0.027783042
0,0.020012574
0,0.009986409
0,0.20924181
0,0.2209772
0,0.054193217
0,0.0492621
0,0.033331763
0,0.13380024
0,0.49816108
0,0.73259383
0,0.034442484
0,0.12024521
0,0.0145232
0,0.09053446
0,0.16419093
0,0.20993668
0,0.2877345
0,0.016950782
0,0.027170466
0,0.054651532
0,0.07745283
0,0.035555635
0,0.022974405
0,0.016017005
0,0.039793547
0,0.101180516
0,0.053432178
0,0.018483784
0,0.026344279
0,0.31962043
0,0.4218503
0,0.5144617
0,0.06987535
0,0.019850146
0,0.028124854
0,0.15118115
0,0.04823892
0,0.070165135
0,0.10814158
0,0.026446756
0,0.117173284
0,0.18498722
0,0.112343356
0,0.03615054
0,0.0580854
0,0.050619964
0,0.05811593
0,0.169938
0,0.038484138
0,0.057076663
0,0.03152443
0,0.10091957
0,0.17386056
0,0.41187042
0,0.0316136
0,0.08185031
0,0.016536735
0,0.23444319
0,0.14785923
0,0.24825877
0,0.14744952
0,0.08806447
0,0.022447597
0,0.16177131
0,0.03268147
0,0.024971547
0,0.18669105
0,0.10976285
0,0.11258066
0,0.031706546
0,0.03339389
0,0.6014451
0,0.16557193
0,0.1268167
0,0.19495788
0,0.5682816
0,0.46919006
0,0.03154742
0,0.007485156
0,0.040862363
0,0.09996133
0,0.034130957
0,0.023821814
0,0.0116465865
0,0.10449901
0,0.18547268
0,0.05118971
0,0.5435325
0,0.47034982
0,0.037306312
0,0.32788554
0,0.031843726
0,0.022373045
0,0.017344812
0,0.05601986
0,0.4250533
0,0.44438446
0,0.17724794
0,0.355303
0,0.66209066
0,0.04882648
0,0.051819455
0,0.048059378
0,0.08134016
0,0.03088271
0,0.09825507
0,0.021311743
0,0.2681714
0,0.13238971
0,0.012356085
0,0.0209656
0,0.010329239
0,0.035287026
0,0.04771614
0,0.05131506
0,0.01893747
0,0.027688354
0,0.019383922
0,0.16444778
0,0.081086464
0,0.04347658
0,0.21044509
0,0.5316379
0,0.018108604
0,0.57618046
0,0.33504128
0,0.08455996
0,0.30475938
0,0.07473208
0,0.36816293
0,0.34131956
0,0.026531145
0,0.05590728
0,0.021634756
0,0.03002023
0,0.26238167
0,0.030375736
0,0.027153362
0,0.051605847
0,0.034131955
0,0.0696573
0,0.084450714
0,0.022250948
0,0.017539795
0,0.7044232
0,0.14400151
0,0.08685076
0,0.22863148
0,0.48290277
0,0.27747738
0,0.4014389
0,0.042794354
0,0.051584218
0,0.07090389
0,0.040311832
0,0.31669483
0,0.06557891
0,0.057057288
0,0.06998146
0,0.014236531
0,0.1331644
0,0.028456999
0,0.34348118
0,0.044753905
0,0.0864717
0,0.10466963
0,0.034419905
0,0.56839895
0,0.28064167
0,0.07747426
0,0.03796528
0,0.040825225
0,0.063527316
0,0.049147245
0,0.18159974
0,0.21186657
0,0.060050976
0,0.018857496
0,0.025123736
0,0.4601637
0,0.44420713
0,0.066766165
0,0.037555333
0,0.023683323
0,0.09177998
0,0.23687842
0,0.05915829
0,0.039371546
0,0.03759739
0,0.08025371
0,0.553046
0,0.07222985
0,0.26569438
0,0.04049557
0,0.04050065
0,0.32266867
0,0.26737458
0,0.051104005
0,0.04438273
0,0.030897053
0,0.044739872
0,0.035631448
0,0.08248523
0,0.10104769
0,0.048282675
0,0.050233833
0,0.271944
0,0.19108371
0,0.5680084
0,0.03098268
0,0.017049193
0,0.12433758
0,0.541304
0,0.43141395
0,0.025739996
0,0.045742836
0,0.016006894
0,0.032796077
0,0.028932806
0,0.55845225
0,0.11344368
0,0.10334534
0,0.119311094
0,0.07703475
0,0.29906166
0,0.17146046
0,0.028078107
0,0.048437376
0,0.043440707
0,0.14001834
0,0.04516139
0,0.26914
0,0.029378703
0,0.10374122
0,0.29042688
0,0.48031214
0,0.18833102
0,0.04323486
0,0.01580117
0,0.5648512
0,0.065471746
0,0.8559595
0,0.12333653
0,0.026877562
0,0.30389237
0,0.049428314
0,0.025163328
0,0.6999181
0,0.31142148
0,0.10262718
0,0.030661345
0,0.09249403
0,0.060809687
0,0.01844516
0,0.082043864
0,0.4379172
0,0.4547933
0,0.87652326
0,0.057917286
0,0.5792249
0,0.09219284
0,0.28199202
0,0.08602574
0,0.10057835
0,0.08433999
0,0.26328936
0,0.08326873
0,0.075430304
0,0.12094152
0,0.44920334
0,0.14182131
0,0.13911024
0,0.537157
0,0.53009164
0,0.14208025
0,0.029855145
0,0.036064476
0,0.057931907
0,0.3292513
0,0.47791344
0,0.27207276
0,0.114724174
0,0.15728024
0,0.25741038
0,0.42479867
0,0.12539159
0,0.19779035
0,0.02606759
0,0.5096485
0,0.07461879
0,0.24167359
0,0.029533302
0,0.027938582
0,0.026340306
0,0.076867364
0,0.05424629
0,0.10253823
0,0.40061268
0,0.05008036
0,0.5388293
0,0.05637083
0,0.08795227
0,0.5975531
0,0.41474319
0,0.14958614
0,0.061009478
0,0.13036874
0,0.08571436
0,0.12131713
0,0.12651527
0,0.018503103
0,0.031759437
0,0.032975804
0,0.026213981
0,0.059921328
0,0.23346233
0,0.45978817
0,0.054880884
0,0.12050246
0,0.026348293
0,0.019767214
0,0.097442724
0,0.044817172
0,0.014164022
0,0.04616722
0,0.50203973
0,0.10702451
0,0.034114014
0,0.13280453
0,0.3864845
0,0.02421169
0,0.044385985
0,0.019555014
0,0.36677587
0,0.24676836
0,0.19542147
0,0.022802679
0,0.033310313
0,0.16007903
0,0.18247977
0,0.061732113
0,0.04014481
0,0.10475936
0,0.04887154
0,0.085955545
0,0.06353819
0,0.085275464
0,0.2441904
0,0.40330672
0,0.47346786
0,0.02315401
0,0.070378155
0,0.071567774
0,0.041670453
0,0.05324309
0,0.04747827
0,0.0805689
0,0.08198556
0,0.045099284
0,0.06464172
0,0.050480496
0,0.055144466
0,0.04562862
0,0.1166597
0,0.04370345
0,0.033163086
0,0.05355205
0,0.4242709
0,0.05100942
0,0.33603102
0,0.08198254
0,0.043592468
0,0.7185327
0,0.12270048
0,0.3995774
0,0.06292196
0,0.08079202
0,0.06323333
0,0.060040426
0,0.14082783
0,0.20918427
0,0.08654532
0,0.02973526
0,0.07471655
0,0.11436127
0,0.07218035
0,0.21490844
0,0.045258015
0,0.07696732
0,0.05396519
0,0.13106814
0,0.05262941
0,0.024594193
0,0.43686822
0,0.06231894
0,0.39683706
0,0.055480704
0,0.04896756
0,0.1575545
0,0.043114472
0,0.108727075
0,0.07450509
0,0.11179459
0,0.064222164
0,0.058491327
0,0.021553442
0,0.05763681
0,0.056644425
0,0.08019823
0,0.041312836
0,0.04167947
0,0.046987023
0,0.09840187
0,0.01598062
0,0.06478762
0,0.05487496
0,0.030972172
0,0.028308911
0,0.6618979
0,0.0879443
0,0.08229695
0,0.24540746
0,0.17879015
0,0.05844017
0,0.3226538
0,0.08230399
0,0.0760019
0,0.04587407
0,0.028198112
0,0.0777944
0,0.22513567
0,0.22559988
0,0.14936163
0,0.041095473
0,0.08724325
0,0.094996
0,0.30685443
0,0.034390472
0,0.270339
0,0.043494515
0,0.33662498
0,0.36061117
0,0.05494685
0,0.08479348
0,0.13333279
0,0.055580292
0,0.061588716
0,0.12216575
0,0.017765166
0,0.13024952
0,0.43095788
0,0.024465106
0,0.10475385
0,0.05580314
0,0.043893795
0,0.02841175
0,0.02983461
0,0.035828393
0,0.047671705
0,0.15517421
0,0.34762812
0,0.025840461
0,0.13835338
0,0.13360389
0,0.5630557
0,0.020499716
0,0.10343858
0,0.008286561
0,0.06947673
0,0.13724434
0,0.078718305
0,0.43455756
0,0.1558104
0,0.053994495
0,0.47220126
0,0.28432468
0,0.35151085
0,0.2034835
0,0.3139846
0,0.45039245
0,0.49197233
0,0.45259216
0,0.43069226
0,0.36295164
0,0.16731717
0,0.13754746
0,0.5145553
0,0.29877207
0,0.51593006
0,0.51421446
0,0.21093991
0,0.50352484
0,0.5419653
0,0.6299909
0,0.5401167
0,0.18139438
0,0.13013004
0,0.30617866
0,0.41365
0,0.3694373
0,0.25618556
0,0.21900253
0,0.3657434
0,0.13527498
0,0.5230556
0,0.40095702
0,0.17215359
0,0.5779401
0,0.3639757
0,0.79299927
0,0.24308644
0,0.34732378
0,0.13543028
0,0.19215627
0,0.24705213
0,0.16728789
0,0.36051694
0,0.31464028
0,0.29960203
0,0.38928437
0,0.45369294
0,0.5025305
0,0.28203973
0,0.2939055
0,0.40967017
0,0.31588307
0,0.2021355
0,0.60030955
0,0.28061152
0,0.13832861
0,0.09411747
0,0.07655972
0,0.5341241
0,0.45153466
0,0.578977
0,0.42301056
0,0.3451877
0,0.098733716
0,0.1475945
0,0.3001016
0,0.19626963
0,0.35887703
0,0.3197244
0,0.40929934
0,0.26597166
0,0.14543234
0,0.34647542
0,0.2702021
0,0.41620225
0,0.40170217
0,0.27460504
0,0.30209097
0,0.44138482
0,0.21640041
0,0.38588005
0,0.5468295
0,0.09656755
0,0.08852574
0,0.44382292
0,0.26645988
0,0.16269834
0,0.27572286
0,0.33107626
0,0.48677504
0,0.11939007
0,0.14131947
0,0.47995088
0,0.23588742
0,0.30141512
0,0.2878379
0,0.30625603
0,0.38005328
0,0.32452795
0,0.2573946
0,0.41001514
0,0.123791516
0,0.33638167
0,0.7142251
0,0.43181252
0,0.06518122
0,0.2769206
0,0.28173545
0,0.21713214
0,0.4161656
0,0.30373147
0,0.08107815
0,0.314216
0,0.23360537
0,0.22879976
0,0.21176016
0,0.35737532
0,0.2587059
0,0.48113313
0,0.43709052
0,0.4126984
0,0.33106434
0,0.21262087
0,0.32850125
0,0.16579363
0,0.12642452
0,0.45194912
0,0.5733727
0,0.15189767
0,0.29815918
0,0.43029466
0,0.22359121
0,0.295949
0,0.43544564
0,0.3203533
0,0.46792695
0,0.073782615
0,0.41542876
0,0.3555056
0,0.12756304
0,0.41962856
0,0.28764847
0,0.10113487
0,0.23424669
0,0.11977563
0,0.14919464
0,0.1803422
0,0.19772938
0,0.2156938
0,0.9246134
0,0.11418342
0,0.366232
0,0.24194045
0,0.10069213
0,0.37211737
0,0.330493
0,0.10960846
0,0.19289593
0,0.24219495
0,0.09938184
0,0.10559
0,0.039333653
0,0.17312331
0,0.08150048
0,0.29126665
0,0.21556237
0,0.08259279
0,0.14533678
0,0.35100976
0,0.88841695
0,0.5258941
0,0.3204473
0,0.28271374
0,0.29443574
0,0.09754551
0,0.10802268
0,0.20436767
0,0.10690501
0,0.3253569
0,0.48567128
0,0.36767352
0,0.25585097
0,0.2468496
0,0.16649053
0,0.39488226
0,0.27604523
0,0.4212991
0,0.23216617
0,0.056330994
0,0.14188828
0,0.09199911
0,0.10170625
0,0.28849947
0,0.29062265
0,0.42637303
0,0.45631063
0,0.37111154
0,0.072644226
0,0.29471895
0,0.37033454
0,0.08983493
0,0.22383407
0,0.36221555
0,0.29324102
0,0.069980904
0,0.11269156
0,0.20353535
0,0.17921372
0,0.27572608
0,0.21432525
0,0.19878897
0,0.1552567
0,0.07954282
0,0.10161766
0,0.34506372
0,0.45802125
0,0.12302913
0,0.8071023
0,0.05800002
0,0.051458247
0,0.37737727
0,0.15894723
0,0.09484633
0,0.26725936
0,0.1364476
0,0.23414882
0,0.23627146
0,0.26137918
0,0.3113895
0,0.11835881
0,0.17978247
0,0.32137686
0,0.11427416
0,0.13463897
0,0.2115159
0,0.12085934
0,0.31981528
0,0.52966344
0,0.21752049
0,0.47016296
0,0.11123041
0,0.13505644
0,0.30413607
0,0.2085573
0,0.21868344
0,0.2003904
0,0.16893844
0,0.12348714
0,0.2555972
0,0.12983418
0,0.27734217
0,0.10331584
0,0.23433042
0,0.1013516
0,0.18098517
0,0.17062001
0,0.23155592
0,0.3595722
0,0.33822727
0,0.12133656
0,0.1622653
0,0.87331784
0,0.055395924
0,0.3955978
0,0.078432366
0,0.043636415
0,0.25758705
0,0.074784555
0,0.08084018
0,0.13625932
0,0.04157223
0,0.11689247
0,0.101689115
0,0.11433909
0,0.19397256
0,0.10868254
0,0.23872912
0,0.4243273
0,0.069885984
0,0.22023106
0,0.14307842
0,0.2894501
0,0.08001583
0,0.6205365
0,0.062385328
0,0.51823545
0,0.125219
0,0.16454622
0,0.098741665
0,0.27847198
0,0.4053833
0,0.09963684
0,0.096877284
0,0.32577547
0,0.17665096
0,0.27225563
0,0.16675691
0,0.10763765
0,0.27667245
0,0.107081175
0,0.26086906
0,0.111100376
0,0.09888937
0,0.060768116
0,0.20265871
0,0.7770411
0,0.09967231
0,0.1587974
0,0.13316782
0,0.15583143
0,0.082809076
0,0.10947945
0,0.17683208
0,0.12019865
0,0.059850503
0,0.12625054
0,0.17400777
0,0.34343278
0,0.21764486
0,0.17343657
0,0.24984387
0,0.16711515
0,0.2842085
0,0.38136122
0,0.09203362
0,0.18401274
0,0.40876594
0,0.46429515
0,0.4362071
0,0.42787018
0,0.08137408
0,0.22319122
0,0.1441377
0,0.11886865
0,0.046337184
0,0.3645849
0,0.27545246
0,0.41400355
0,0.43463624
0,0.2781503
0,0.27052334
0,0.06001603
0,0.19882992
0,0.19100061
0,0.071076505
0,0.16161665
0,0.025534501
0,0.18377711
0,0.0835654
0,0.025447601
0,0.58956975
0,0.13849588
0,0.26993835
0,0.08457538
0,0.2574807
0,0.11911784
0,0.27268383
0,0.14332394
0,0.28530124
0,0.1582497
0,0.08499464
0,0.26622275
0,0.07270848
0,0.054225575
0,0.15299812
0,0.15259725
0,0.35986486
0,0.377526
0,0.1411259
0,0.24848114
0,0.29309538
0,0.10018469
0,0.79395187
0,0.08059628
0,0.059151553
0,0.14127178
0,0.17343202
0,0.27813825
0,0.17233232
0,0.066848904
0,0.28663108
0,0.07659851
0,0.2621295
0,0.28643218
0,0.18401492
0,0.20219852
0,0.16722806
0,0.15137416
0,0.4153315
0,0.19725868
0,0.05926733
0,0.17012289
0,0.14332375
0,0.15886065
0,0.40919936
0,0.19237849
0,0.08935741
0,0.23095177
0,0.26311955
0,0.085526325
0,0.17178419
0,0.1863098
0,0.12844166
0,0.22849445
0,0.381178
0,0.36596212
0,0.13933775
0,0.048452348
0,0.28773895
0,0.12831458
0,0.13397835
0,0.10657174
0,0.123815924
0,0.15246493
0,0.2551797
0,0.316815
0,0.64332664
0,0.13251807
0,0.37997568
0,0.043811977
0,0.21417601
0,0.1451563
0,0.11336845
0,0.13546257
0,0.059617214
0,0.1262985
0,0.13135645
0,0.23719162
0,0.22388415
0,0.29927132
0,0.18834816
0,0.31823862
0,0.03963668
0,0.13208926
0,0.051097468
0,0.14676452
0,0.15397881
0,0.21054035
0,0.4032945
0,0.26336387
0,0.18595727
0,0.12318623
0,0.112843804
0,0.11998471
0,0.17529647
0,0.40797386
0,0.08771978
0,0.29489973
0,0.2578854
0,0.24925247
0,0.07897325
0,0.071009934
0,0.045960467
0,0.03592559
0,0.16144137
0,0.22170386
0,0.09846543
0,0.17982082
0,0.1057963
0,0.15587199
0,0.8266246
0,0.05158197
0,0.055050205
0,0.102349974
0,0.095584214
0,0.27431262
0,0.06732841
0,0.08822552
0,0.6005233
0,0.3092342
0,0.22645332
0,0.07307474
0,0.3623624
0,0.13186786
0,0.16677353
0,0.12093516
0,0.14561073
0,0.08181013
0,0.3886715
0,0.05299034
0,0.33391127
0,0.35362282
0,0.24237823
0,0.25603884
0,0.50665885
0,0.05626508
0,0.16668168
0,0.08741562
0,0.20236467
0,0.080237985
0,0.47768357
1,0.06230598
1,1.0
1,1.0
1,0.99922264
1,0.9999999
1,1.0
1,1.0
1,1.0
1,0.9999895
1,1.0
1,0.9998126
1,1.0
1,0.9999578
1,0.9999994
1,0.6677887
1,1.0
1,1.0
1,1.0
1,1.0
1,1.0
1,0.9998318
1,1.0
1,1.0
1,1.0
1,0.94011766
1,0.5798555
1,0.8286135
1,0.71911806
1,0.9999994
1,0.75860447
1,1.0
1,1.0
1,0.9997978
1,0.98241687
1,0.21340866
1,1.0
1,0.9998702
1,0.9939609
1,1.0
1,0.26695222
1,1.0
1,0.98020774
1,0.9999808
1,0.9999987
1,0.9999821
1,0.084454425
1,1.0
1,0.7746809
1,1.0
1,1.0
1,0.9999937
1,0.9943138
1,0.5175131
1,0.9993599
1,1.0
1,0.705457
1,0.98983395
1,0.45310006
1,0.52044415
1,0.9999999
1,0.9984844
1,0.99927926
1,0.99883705
1,0.42364517
1,0.9999993
1,1.0
1,0.41724023
1,1.0
1,0.18854088
1,1.0
1,0.09535876
1,0.9999988
1,0.99999917
1,1.0
1,1.0
1,0.2933611
1,0.9999995
1,0.23318054
1,1.0
1,1.0
1,1.0
1,0.9997946
1,1.0
1,1.0
1,0.9979418
1,0.9992324
1,0.99999344
1,1.0
1,1.0
1,1.0
1,1.0
1,1.0
1,1.0
1,0.9721695
1,1.0
1,0.99996257
1,0.91185886
1,1.0
1,0.18334043
1,0.36723018
1,0.9969439
1,0.99999976
1,1.0
1,1.0
1,0.9999999
1,0.99999964
1,0.9999999
1,0.9080578
1,1.0
1,1.0
1,0.9999703
1,1.0
1,1.0
1,1.0
1,0.34708965
1,0.9999999
1,0.9996369
1,0.9999956
1,0.4213629
1,0.9999989
1,0.99999845
1,0.9998349
1,1.0
1,0.9999956
1,0.9999701
1,1.0
1,1.0
1,0.99963105
1,1.0
1,1.0
1,1.0
1,1.0
1,0.9500921
1,0.022513136
1,0.97559446
1,0.9776058
1,0.51191884
1,0.9999999
1,0.9999993
1,1.0
1,0.26407525
1,1.0
1,1.0
1,1.0
1,1.0
1,0.9997815
1,0.99999964
1,0.99999344
1,1.0
1,1.0
1,1.0
1,0.99998164
1,1.0
1,0.99619365
1,1.0
1,1.0
1,0.99996686
1,1.0
1,1.0
1,1.0
1,0.9999683
1,1.0
1,0.0344955
1,1.0
1,0.99999976
1,1.0
1,1.0
1,1.0
1,0.14179629
1,1.0
1,0.96959597
1,0.9999832
1,0.09975581
1,1.0
1,0.9997707
1,0.99999964
1,0.8022253
1,1.0
1,1.0
1,0.99982846
1,1.0
1,1.0
1,1.0
1,1.0
1,0.9999994
1,0.9999999
1,1.0
1,0.99999917
1,0.999961
1,0.9999541
1,1.0
1,0.60350907
1,0.9999993
1,1.0
1,0.99932307
1,1.0
1,0.9758219
1,0.9999989
1,1.0
1,1.0
1,0.062679306
1,0.95741755
1,1.0
1,0.9981554
1,0.99993694
1,0.99999595
1,1.0
1,0.92821825
1,1.0
1,1.0
1,1.0
1,0.9980697
1,1.0
1,0.98451656
1,0.9996905
1,0.99255335
1,1.0
1,1.0
1,1.0
1,0.98564255
1,0.99999285
1,0.5458514
1,1.0
1,1.0
1,0.999982
1,1.0
1,0.31894708
1,1.0
1,1.0
1,0.9999999
1,1.0
1,0.9523555
1,1.0
1,1.0
1,1.0
1,1.0
1,0.99969596
1,1.0
1,1.0
1,1.0
1,0.999342
1,1.0
1,0.99999976
1,0.99998844
1,1.0
1,0.9856559
1,1.0
1,0.8881018
1,0.99998057
1,1.0
1,0.99999917
1,0.9817337
1,0.50408655
1,0.8558238
1,0.5588659
1,1.0
1,0.031512734
1,0.9999685
1,1.0
1,1.0
1,0.9731688
1,1.0
1,0.999998
1,1.0
1,1.0
1,1.0
1,0.999488
1,0.99834156
1,0.964369
1,0.999995
1,0.99945384
1,0.99999976
1,0.9999994
1,0.9999999
1,1.0
1,1.0
1,0.9999995
1,1.0
1,0.06957823
1,1.0
1,0.9973732
1,1.0
1,0.99971694
1,1.0
1,0.9928334
1,0.9541153
1,1.0
1,0.999985
1,1.0
1,0.57679015
1,0.99982417
1,0.99990916
1,0.9999913
1,0.04382584
1,0.87999034
1,0.99998295
1,0.99999976
1,1.0
1,1.0
1,1.0
1,0.9883122
1,1.0
1,0.9952925
1,1.0
1,1.0
1,0.9995467
1,1.0
1,1.0
1,0.99999976
1,0.9999988
1,0.99999964
1,1.0
1,0.0053768046
1,1.0
1,0.72224647
1,1.0
1,1.0
1,0.9961061
1,1.0
1,0.99999964
1,1.0
1,0.9999994
1,0.99999976
1,0.9999833
1,0.99965084
1,1.0
1,1.0
1,1.0
1,0.9999995
1,0.9999943
1,1.0
1,1.0
1,1.0
1,0.9937059
1,0.99968714
1,1.0
1,0.9749279
1,0.9999993
1,1.0
1,1.0
1,1.0
1,0.9999465
1,0.63659644
1,1.0
1,0.9977392
1,0.2841579
1,1.0
1,0.120815575
1,1.0
1,1.0
1,1.0
1,1.0
1,0.99958044
1,1.0
1,1.0
1,0.99999595
1,0.9999428
1,0.9966813
1,0.16080332
1,0.99999964
1,0.99999845
1,1.0
1,1.0
1,1.0
1,1.0
1,1.0
1,1.0
1,0.99511385
1,1.0
1,0.9999999
1,1.0
1,1.0
1,1.0
1,1.0
1,1.0
1,0.999951
1,1.0
1,1.0
1,1.0
1,0.9940567
1,1.0
1,0.98966366
1,1.0
1,0.87655455
1,1.0
1,0.99999964
1,1.0
1,1.0
1,1.0
1,0.99999785
1,1.0
1,1.0
1,0.99998724
1,1.0
1,0.99999857
1,1.0
1,1.0
1,1.0
1,1.0
1,0.99999917
1,1.0
1,0.82311267
1,1.0
1,1.0
1,1.0
1,0.99416333
1,0.99632365
1,1.0
1,1.0
1,0.9999088
1,1.0
1,1.0
1,1.0
1,1.0
1,0.9997909
1,0.99999976
1,0.02210662
1,1.0
1,0.9999994
1,0.9999982
1,1.0
1,0.9977577
1,0.9997172
1,1.0
1,1.0
1,1.0
1,0.9997502
1,1.0
1,1.0
1,1.0
1,1.0
1,1.0
1,1.0
1,1.0
1,0.99975353
1,1.0
1,1.0
1,1.0
1,1.0
1,1.0
1,0.99974114
1,1.0
1,0.99767786
1,1.0
1,1.0
1,1.0
1,0.9999981
1,1.0
1,1.0
1,0.96475464
1,1.0
1,1.0
1,1.0
1,1.0
1,0.023989553
1,1.0
1,1.0
1,0.9999999
1,1.0
1,0.038584936
1,1.0
1,1.0
1,0.99999976
1,1.0
1,1.0
1,1.0
1,0.9999727
1,0.042036198
1,1.0
1,1.0
1,1.0
1,1.0
1,1.0
1,0.9999994
1,0.99994516
1,1.0
1,1.0
1,1.0
1,1.0
1,0.99983895
1,0.9845769
1,1.0
1,1.0
1,0.99998546
1,1.0
1,0.97438115
1,0.99296373
1,1.0
1,1.0
1,1.0
1,1.0
1,1.0
1,1.0
1,0.9999989
1,1.0
1,0.8536383
1,1.0
1,0.9999995
1,1.0
1,1.0
1,1.0
1,1.0
1,0.9999399
1,1.0
1,1.0
1,0.99999726
1,1.0
1,0.9999995
1,1.0
1,1.0
1,1.0
1,1.0
1,1.0
1,1.0
1,0.42562175
1,0.9998815
1,1.0
1,1.0
1,1.0
1,1.0
1,0.49774876
1,1.0
1,1.0
1,0.013666075
1,0.99996793
1,0.99999845
1,1.0
1,0.1378809
1,1.0
1,1.0
1,0.99989593
1,1.0
1,1.0
1,1.0
1,1.0
1,0.9999995
1,1.0
1,1.0
1,1.0
1,0.07831759
1,1.0
1,1.0
1,0.9988617
1,1.0
1,1.0
1,1.0
1,1.0
1,0.99999976
1,1.0
1,1.0
1,1.0
1,0.99999917
1,1.0
1,0.9999969
1,1.0
1,1.0
1,0.9443991
1,1.0
1,1.0
1,0.99961364
1,1.0
1,1.0
1,1.0
1,1.0
1,1.0
1,1.0
1,1.0
1,1.0
1,1.0
1,0.99999964
1,1.0
1,1.0
1,1.0
1,1.0
1,1.0
1,1.0
1,1.0
1,1.0
1,1.0
1,0.9999124
1,1.0
1,1.0
1,1.0
1,1.0
1,1.0
1,1.0
1,1.0
1,1.0
1,0.9999999
1,1.0
1,1.0
1,0.9999752
1,1.0
1,1.0
1,1.0
1,1.0
1,1.0
1,0.99999976
1,1.0
1,1.0
1,1.0
1,1.0
1,0.043752827
1,1.0
1,0.02623668
1,1.0
1,0.98873305
1,1.0
1,1.0
1,1.0
1,1.0
1,0.99999905
1,1.0
1,1.0
1,0.99999964
1,1.0
1,0.6228825
1,0.99267757
1,0.99998593
1,1.0
1,1.0
1,1.0
1,1.0
1,1.0
1,1.0
1,1.0
1,1.0
1,1.0
1,1.0
1,0.8676017
1,1.0
1,1.0
1,0.9999999
1,1.0
1,1.0
1,0.78425723
1,0.9999999
1,1.0
1,1.0
1,1.0
1,1.0
1,1.0
1,0.99999917
1,1.0
1,1.0
1,1.0
1,0.9984952
1,1.0
1,1.0
1,1.0
1,1.0
1,1.0
1,0.9967727
1,1.0
1,1.0
1,1.0
1,1.0
1,1.0
1,1.0
1,1.0
1,1.0
1,1.0
1,0.9999988
1,0.99999964
1,1.0
1,1.0
1,0.09429541
1,0.079510525
1,0.008972576
1,1.0
1,1.0
1,0.99996495
1,1.0
1,1.0
1,1.0
1,1.0
1,1.0
1,1.0
1,1.0
1,1.0
1,1.0
1,1.0
1,1.0
1,1.0
1,0.038116515
1,1.0
1,1.0
1,1.0
1,1.0
1,0.9606711
1,1.0
1,0.9932544
1,1.0
1,1.0
1,0.35509995
1,1.0
1,0.99997735
1,0.9999981
1,1.0
1,0.99999
1,1.0
1,0.9999876
1,1.0
1,1.0
1,0.99940956
1,1.0
1,1.0
1,1.0
1,1.0
1,1.0
1,1.0
1,1.0
1,1.0
1,1.0
1,0.9999999
1,1.0
1,0.99857986
1,1.0
1,1.0
1,1.0
1,0.9999995
1,1.0
1,0.9998344
1,0.99981
1,1.0
1,1.0
1,1.0
1,0.99381316
1,0.9997852
1,1.0
1,1.0
1,1.0
1,1.0
1,0.08437023
1,1.0
1,1.0
1,1.0
1,1.0
1,0.9770627
1,0.91801196
1,1.0
1,0.99999464
1,0.9990577
1,1.0
1,1.0
1,1.0
1,1.0
1,1.0
1,1.0
1,1.0
1,0.99924916
1,1.0
1,1.0
1,1.0
1,1.0
1,0.0011865523
1,1.0
1,0.01236605
1,1.0
1,1.0
1,0.9999887
1,0.99995184
1,0.9997261
1,1.0
1,1.0
1,0.0058843144
1,0.99999464
1,0.99999833
1,1.0
1,1.0
1,0.9999869
1,0.0037893332
1,1.0
1,1.0
1,1.0
1,0.028544191
1,1.0
1,0.9576254
1,1.0
1,0.9999974
1,1.0
1,0.9999987
1,1.0
1,1.0
1,0.9989741
1,1.0
1,1.0
1,1.0
1,0.99999964
1,1.0
1,0.99881715
1,1.0
1,1.0
1,0.999995
1,1.0
1,1.0
1,1.0
1,0.018142685
1,1.0
1,0.99999857
1,1.0
1,1.0
1,0.9996721
1,1.0
1,0.18083008
1,1.0
1,1.0
1,1.0
1,1.0
1,0.99999964
1,0.99999845
1,1.0
1,1.0
1,0.9999105
1,1.0
1,0.9999994
1,1.0
1,1.0
1,0.95176333
1,1.0
1,0.5624452
1,1.0
1,0.9999825
1,0.9999924
1,1.0
1,1.0
1,1.0
1,1.0
1,0.4440568
1,0.99999845
1,1.0
1,1.0
1,0.5248802
1,0.99959767
1,1.0
1,1.0
1,1.0
1,0.99660575
1,1.0
1,0.99999976
1,0.07104217
1,1.0
1,0.9876127
1,1.0
1,0.9999037
1,1.0
1,1.0
1,0.99999976
1,1.0
1,1.0
1,1.0
1,1.0
1,0.9999989
1,1.0
1,1.0
1,0.99298495
1,1.0
1,0.999998
1,1.0
1,0.99930847
1,1.0
1,1.0
1,1.0
1,0.9999993
1,1.0
1,1.0
1,0.49811384
1,1.0
1,1.0
1,1.0
1,1.0
1,0.99977374
1,0.99999976
1,1.0
1,1.0
1,0.99999785
1,1.0
1,1.0
1,1.0
1,0.9999989
1,1.0
1,0.9928155
1,1.0
1,1.0
1,1.0
1,0.9999999
1,1.0
1,0.9624185
1,0.9374272
1,1.0
1,1.0
1,1.0
1,0.9968491
1,1.0
1,1.0
1,0.9999168
1,1.0
1,1.0
1,1.0
1,0.9999995
1,1.0
1,0.9999987
1,1.0
1,1.0
1,1.0
1,1.0
1,1.0
1,1.0
1,1.0
1,1.0
1,0.99999976
1,1.0
1,1.0
1,1.0
1,1.0
1,0.9999975
1,1.0
1,1.0
1,1.0
1,1.0
1,0.57355946
1,1.0
1,1.0
1,0.9999995
1,0.99999285
1,0.9999857
1,1.0
1,1.0
1,1.0
1,0.99999964
1,0.9991623
1,0.9997755
1,0.9999994
1,0.7834236
1,1.0
1,1.0
1,1.0
1,1.0
1,1.0
1,0.9993721
1,1.0
1,1.0
1,1.0
1,0.98679006
1,0.9998145
1,1.0
1,1.0
1,1.0
1,0.9999788
1,0.9999999
1,0.9999999
1,1.0
1,1.0
1,0.9999999
1,1.0
1,0.99999905
1,1.0
1,1.0
1,0.29030022
1,0.9999999
1,1.0
1,0.9999409
1,1.0
1,0.99999464
1,1.0
1,0.9998808
1,1.0
1,0.9999827
1,0.99999845
1,1.0
1,1.0
1,1.0
1,0.6327411
1,1.0
1,1.0
1,0.99999833
1,1.0
1,1.0
1,0.80048156
1,1.0
1,1.0
1,0.8498801
1,1.0
1,1.0
1,0.9991338
1,1.0
1,1.0
1,0.99999905
1,1.0
1,1.0
1,1.0
1,1.0
1,1.0
1,1.0
1,0.93572485
1,0.9725083
1,0.95137477
1,1.0
1,1.0
1,1.0
1,1.0
1,0.99999976
1,1.0
1,1.0
1,1.0
1,0.99945635
1,1.0
1,1.0
1,1.0
1,1.0
1,1.0
1,0.6911867
1,1.0
1,1.0
1,0.99916124
1,0.9999999
1,1.0
1,0.48790878
1,1.0
1,1.0
1,1.0
1,1.0
1,1.0
1,1.0
1,1.0
1,1.0
1,0.36766976
1,0.8427235
1,1.0
1,0.9999999
1,0.9965219
1,0.91216356
1,0.95411384
1,1.0
1,1.0
1,0.99817574
1,0.8898957
1,1.0
1,1.0
1,0.35158002
1,0.64671206
1,1.0
1,0.77253294
1,1.0
1,0.9985832
1,1.0
1,0.41396227
1,1.0
1,0.12776853
1,1.0
1,1.0
1,1.0
1,0.3102917
1,0.99999917
1,1.0
1,0.7866756
1,0.9709746
1,0.9999995
1,0.5180476
1,1.0
1,0.99983764
1,1.0
1,0.99999785
1,0.8637393
1,0.99999976
1,1.0
1,0.9819922
1,0.99999964
1,0.055895627
1,0.9999908
1,0.99588317
1,0.9645098
1,1.0
1,1.0
1,0.9999689
1,0.99461734
1,0.9266934
1,0.99909544
1,0.99999845
1,1.0
1,1.0
1,0.99999976
1,0.9956066
1,1.0
1,0.99415153
1,0.9988368
1,0.9994163
1,0.9999875
1,0.9999999
1,1.0
1,0.82775855
1,1.0
1,1.0
1,1.0
1,0.97590876
1,1.0
1,1.0
1,1.0
1,1.0
1,1.0
1,1.0
1,1.0
1,1.0
1,0.999998
1,1.0
1,0.9999993
1,1.0
1,1.0
1,1.0
1,0.9976432
1,1.0
1,1.0
1,1.0
1,0.9236532
1,0.99342996
1,0.999987
1,1.0
1,0.9998603
1,0.96371543
1,1.0
1,0.9999403
1,1.0
1,0.99997663
1,1.0
1,1.0
1,1.0
1,0.9133844
1,0.9999567
1,0.99999094
1,0.97919077
1,0.5604861
1,1.0
1,0.76154673
1,1.0
1,0.9999999
1,0.4735859
1,0.99999833
1,1.0
1,0.9999982
1,0.9999889
1,1.0
1,1.0
1,1.0
1,0.99492204
1,1.0
1,1.0
1,1.0
1,1.0
1,1.0
1,1.0
1,1.0
1,0.99947166
1,0.99999976
1,0.97168195
1,1.0
1,0.9488539
1,1.0
1,0.9259203
1,0.99902046
1,1.0
1,1.0
1,0.99952257
1,1.0
1,0.99999964
1,1.0
1,1.0
1,1.0
1,0.9999939
1,0.9999995
1,1.0
1,0.9274832
1,0.6150845
1,1.0
1,1.0
1,0.9999968
1,1.0
1,0.3136695
1,0.022589933
1,1.0
1,0.99999714
1,1.0
1,0.68008614
1,1.0
1,0.99998975
1,0.9999993
1,1.0
1,0.44544774
1,1.0
1,1.0
1,0.99909693
1,1.0
1,0.27411905
1,0.9999989
1,1.0
1,1.0
1,1.0
1,0.025764234
1,0.99999523
1,0.947456
1,0.044731744
1,0.9998443
1,0.9999999
1,0.9999993
1,1.0
1,1.0
1,0.9840791
1,0.9999999
1,1.0
1,1.0
1,0.9881727
1,0.99599135
1,1.0
1,0.0746384
1,0.9999999
1,0.9999968
1,0.5995333
1,1.0
1,0.9999999
1,0.1907291
1,0.96182513
1,0.9992956
1,1.0
1,1.0
1,0.08155692
1,1.0
1,0.9999999
1,1.0
1,0.9998652
1,0.99593914
1,1.0
1,1.0
1,0.9999312
1,1.0
1,1.0
1,0.99853504
1,0.9999932
1,1.0
1,0.9999665
1,0.1931956
1,1.0
1,0.9953358
1,1.0
1,0.9544317
1,1.0
1,0.99989426
1,1.0
1,0.9999968
1,0.027757598
1,0.99969107
1,0.99546933
1,1.0
1,1.0
1,1.0
1,0.33538708
1,0.99999964
1,1.0
1,1.0
1,0.9660314
1,1.0
1,0.99860966
1,1.0
1,0.8668225
1,1.0
1,0.9999999
1,1.0
1,0.9999999
1,1.0
1,1.0
1,0.9840693
1,1.0
1,1.0
1,0.043401927
1,1.0
1,0.6826548
1,0.99999726
1,0.97756654
1,0.60517234
1,0.024751294
1,0.2778643
1,1.0
1,0.778826
1,1.0
1,0.77477056
1,0.15351106
1,1.0
1,1.0
1,1.0
1,0.80801314
1,0.99999964
1,0.999998
1,0.022443164
1,1.0
1,0.85334504
1,0.3049181
1,0.9999994
1,0.999997
1,0.23999675
1,0.9999312
1,0.9791611
1,1.0
1,0.19033715
1,0.23978424
1,0.86639017
1,0.9498198
1,0.101654164
1,0.9996618
1,0.99998283
1,0.96917355
1,0.9974776
1,1.0
1,0.9999995
1,1.0
1,1.0
1,1.0
1,0.9999999
1,0.9999918
1,1.0
1,0.010620752
1,0.2283646
1,0.9999981
1,1.0
1,1.0
1,0.9999449
1,0.9999963
1,0.032585476
1,1.0
1,1.0
1,1.0
1,0.9999851
1,0.011866823
1,0.29078066
1,0.9998851
1,0.99917203
1,0.99999964
1,1.0
1,1.0
1,0.99999845
1,0.9997284
1,0.31864375
1,1.0
1,1.0
1,1.0
1,0.9999999
1,0.55173886
1,1.0
1,0.9956677
1,0.9001465
1,1.0
1,0.99983394
1,1.0
1,0.99906945
1,0.99148625
1,0.9994774
1,0.9999664
1,0.68133366
1,0.038373753
0,0.14266144
0,0.6575616
0,0.55430794
0,0.5283787
0,0.15849204
0,0.17484611
0,0.37054983
0,0.2753202
0,0.54279166
0,0.19137184
0,0.27965587
0,0.281984
0,0.05461493
0,0.22823477
0,0.478242
0,0.065963306
0,0.04584802
0,0.39715245
0,0.12323508
0,0.299137
0,0.34918547
0,0.3122696
0,0.12577835
0,0.56463087
0,0.093168855
0,0.074373245
0,0.16380619
0,0.19308677
0,0.367351
0,0.0562113
0,0.0885532
0,0.12654592
0,0.14477883
0,0.3442369
0,0.277207
0,0.07575898
0,0.51710427
0,0.3977322
0,0.33224028
0,0.2657209
0,0.2365888
0,0.18249437
0,0.11208341
0,0.09794725
0,0.18715401
0,0.5474958
0,0.18063396
0,0.29151914
0,0.3085852
0,0.07492007
0,0.17400627
0,0.8114809
0,0.29130137
0,0.8068588
0,0.36676532
0,0.4089134
0,0.3246342
0,0.11337814
0,0.4196185
0,0.32529855
0,0.6681328
0,0.33471683
0,0.08897091
0,0.35550144
0,0.30479848
0,0.38059446
0,0.95783293
0,0.36181292
0,0.20487651
0,0.16921882
0,0.08242792
0,0.1118196
0,0.09520231
0,0.2952779
0,0.3386932
0,0.3384479
0,0.14642821
0,0.46981284
0,0.3994408
0,0.6086985
0,0.25079757
0,0.28662953
0,0.072124995
0,0.41915908
0,0.27542546
0,0.3313921
0,0.500257
0,0.4991191
0,0.09455132
0,0.46664375
0,0.06692
0,0.48805737
0,0.607891
0,0.13627528
0,0.49827403
0,0.37701535
0,0.29962322
0,0.4988318
0,0.40778694
0,0.41266897
0,0.45594037
0,0.5496384
0,0.28476322
0,0.18316446
0,0.3425345
0,0.23141688
0,0.20020658
0,0.5562694
0,0.39105326
0,0.27697325
0,0.052860748
0,0.29169697
0,0.24974254
0,0.52520424
0,0.28022957
0,0.12357929
0,0.29743144
0,0.37935865
0,0.9171786
0,0.5923976
0,0.2738878
0,0.4299572
0,0.4124882
0,0.45244494
0,0.079343
0,0.7188102
0,0.14583437
0,0.15570822
0,0.21553028
0,0.15372287
0,0.13225207
0,0.3834127
0,0.07807668
0,0.3210804
0,0.09213915
0,0.10945101
0,0.32570356
0,0.23245099
0,0.102716275
0,0.1482185
0,0.19049954
0,0.107142806
0,0.13298616
0,0.12155889
0,0.12895143
0,0.44652078
0,0.05958471
0,0.3823885
0,0.45322153
0,0.06885935
0,0.1391917
0,0.12907226
0,0.12879327
0,0.4787004
0,0.29953265
0,0.22950068
0,0.15366052
0,0.45772824
0,0.27043247
0,0.2588314
0,0.18069215
0,0.52027404
0,0.27705643
0,0.080194674
0,0.2845536
0,0.09986078
0,0.172023
0,0.2175384
0,0.14023769
0,0.2602821
0,0.5517793
0,0.4485736
0,0.40485144
0,0.16372621
0,0.028181352
0,0.10740872
0,0.11543134
0,0.07514365
0,0.046858586
0,0.1011529
0,0.03246884
0,0.13307919
0,0.13199762
0,0.060985122
0,0.13815422
0,0.20680435
0,0.07616638
0,0.35898104
0,0.05881136
0,0.11154451
0,0.08292916
0,0.2850964
0,0.1205967
0,0.51627815
0,0.09599842
0,0.05123502
0,0.092363924
0,0.19529717
0,0.29509747
0,0.24620187
0,0.09192987
0,0.05414369
0,0.26818705
0,0.30576757
0,0.11343845
0,0.03940978
0,0.09303807
0,0.02759467
0,0.040157262
0,0.05015713
0,0.059667304
0,0.05253596
0,0.051336147
0,0.09168012
0,0.12822947
0,0.08732336
0,0.24964122
0,0.21491
0,0.06280192
0,0.062489696
0,0.26174316
0,0.045246497
0,0.06936374
0,0.05717942
0,0.09783234
0,0.04353594
0,0.04096386
0,0.057446532
0,0.027549146
0,0.10465025
0,0.038941257
0,0.03809716
0,0.1555997
0,0.03286953
0,0.082271986
0,0.06651724
0,0.22653204
0,0.57206464
0,0.08053334
0,0.059404396
0,0.15668806
0,0.07463945
0,0.16016985
0,0.068163484
0,0.046684492
0,0.070496924
0,0.14846204
0,0.028442452
0,0.12584364
0,0.0823723
0,0.18593831
0,0.2658793
0,0.03550175
0,0.27306145
0,0.075448066
0,0.06738739
0,0.10189149
0,0.07459105
0,0.056568567
0,0.39661846
0,0.0891903
0,0.03927899
0,0.06389207
0,0.083777934
0,0.2694103
0,0.14313453
0,0.07530331
0,0.105772
0,0.14292549
0,0.07281252
0,0.045215875
0,0.069632776
0,0.051965635
0,0.07399781
0,0.06830232
0,0.049291003
0,0.010438824
0,0.18973172
0,0.06998217
0,0.12503192
0,0.019471494
0,0.532005
0,0.3698056
0,0.1026876
0,0.09536752
0,0.22240774
0,0.06228356
0,0.050394416
0,0.14644378
0,0.13326335
0,0.05334828
0,0.14034373
0,0.030784924
0,0.26140848
0,0.1653155
0,0.046111524
0,0.09421022
0,0.12054784
0,0.4941838
0,0.46694982
0,0.22398023
0,0.60605425
0,0.03592037
0,0.71397483
0,0.20156288
0,0.28232455
0,0.10536416
0,0.6981471
0,0.1669455
0,0.6804179
0,0.31203067
0,0.18139285
0,0.39911166
0,0.031220509
0,0.08429227
0,0.37429413
0,0.40270382
0,0.12139986
0,0.42783326
0,0.4365605
0,0.6403347
0,0.58602446
0,0.1791562
0,0.48515648
0,0.064863466
0,0.06169775
0,0.4936867
0,0.22676614
0,0.2746482
0,0.076178305
0,0.19051015
0,0.13886885
0,0.8780047
0,0.16518284
0,0.4111752
0,0.65929645
0,0.19523858
0,0.15040536
0,0.22262512
0,0.46225348
0,0.20605873
0,0.3484912
0,0.6796076
0,0.15286615
0,0.19248232
0,0.1836947
0,0.10824418
0,0.06023593
0,0.36224002
0,0.36857215
0,0.078466944
0,0.6622369
0,0.07620369
0,0.03170867
0,0.1601511
0,0.20199743
0,0.08561143
0,0.057830803
0,0.108419135
0,0.42782423
0,0.19139667
0,0.12511261
0,0.21422273
0,0.040762458
0,0.012710477
0,0.12635136
0,0.1277154
0,0.061308604
0,0.15498476
0,0.08760389
0,0.045234688
0,0.4912263
0,0.27954963
0,0.1923481
0,0.20853357
0,0.26698622
0,0.18649298
0,0.1522501
0,0.12014626
0,0.17582321
0,0.12735038
0,0.054394163
0,0.096171826
0,0.10586286
0,0.056700867
0,0.097734004
0,0.08493985
0,0.16716063
0,0.27134314
0,0.5826148
0,0.46045363
0,0.11851299
0,0.12084768
0,0.16881873
0,0.40518895
0,0.12655279
0,0.49219123
0,0.033809587
0,0.017146418
0,0.096608244
0,0.04026432
0,0.030040931
0,0.5222588
0,0.4203416
0,0.05428459
0,0.10580819
0,0.1194101
0,0.05303151
0,0.15524332
0,0.08899607
0,0.3475848
0,0.09528606
0,0.041450772
0,0.03537783
0,0.067416266
0,0.3489631
0,0.045758437
0,0.08434054
0,0.38195974
0,0.2715736
0,0.060907476
0,0.13409221
0,0.32531327
0,0.26473707
0,0.18155731
0,0.042669673
0,0.32269263
0,0.1468268
0,0.16675138
0,0.044494394
0,0.1200115
0,0.037956517
0,0.20468494
0,0.37384367
0,0.5493483
0,0.39893305
0,0.041736115
0,0.52069294
0,0.42316782
0,0.062789656
0,0.11582695
0,0.23762526
0,0.14573908
0,0.12169433
0,0.12343229
0,0.26142654
0,0.04543612
0,0.039579697
0,0.35666034
0,0.4054416
0,0.64756805
0,0.12892471
0,0.03145074
0,0.058236267
0,0.22389181
0,0.3312901
0,0.07905231
0,0.056515444
0,0.04847395
0,0.022595653
0,0.021454418
0,0.123855
0,0.18963625
0,0.112633675
0,0.028726708
0,0.16714975
0,0.18428636
0,0.07161884
0,0.097962536
0,0.060636118
0,0.05103475
0,0.037848983
0,0.123766206
0,0.0889182
0,0.07019338
0,0.020466957
0,0.057513915
0,0.5221821
0,0.11467926
0,0.10116543
0,0.048889864
0,0.06341045
0,0.034836777
0,0.15333916
0,0.18142624
0,0.04350016
0,0.07803796
0,0.03406387
0,0.024042787
0,0.08579765
0,0.08353075
0,0.05918696
0,0.072012015
0,0.03890756
0,0.08196953
0,0.090081304
0,0.08317543
0,0.06126602
0,0.376617
0,0.028564971
0,0.08074903
0,0.09376431
0,0.0661703
0,0.04679418
0,0.027119707
0,0.033497352
0,0.15568566
0,0.13272984
0,0.0522835
0,0.08207469
0,0.05496444
0,0.035818264
0,0.08009206
0,0.03308157
0,0.03091716
0,0.051658787
0,0.032540116
0,0.09517077
0,0.099442385
0,0.4712897
0,0.21751747
0,0.05988658
0,0.038729645
0,0.071915515
0,0.14354245
0,0.060352325
0,0.04778527
0,0.101125024
0,0.060563143
0,0.12168105
0,0.05671915
0,0.1663934
0,0.09595063
0,0.043564964
0,0.048100427
0,0.42086014
0,0.14437152
0,0.14160232
0,0.0572527
0,0.26432997
0,0.08000888
0,0.053635366
0,0.04503623
0,0.0347447
0,0.028769366
0,0.047194533
0,0.14553124
0,0.07038421
0,0.34213072
0,0.029649593
0,0.1483099
0,0.04767356
0,0.228317
0,0.2234387
0,0.03360761
0,0.11018263
0,0.009816897
0,0.13870129
0,0.05908788
0,0.03954464
0,0.21960889
0,0.10825627
0,0.23195171
0,0.24841465
0,0.121280156
0,0.27677777
0,0.047033794
0,0.029614523
0,0.05523436
0,0.10611833
0,0.18681978
0,0.039257023
0,0.030686677
0,0.01804389
0,0.11178885
0,0.3645082
0,0.07454743
0,0.06616154
0,0.049739454
0,0.04384377
0,0.046388242
0,0.46378377
0,0.05320607
0,0.3409629
0,0.014728697
0,0.026968393
0,0.06414396
0,0.021651817
0,0.029545702
0,0.045786563
0,0.090923734
0,0.2717377
0,0.0484918
0,0.26678658
0,0.031313635
0,0.048552737
0,0.052609134
0,0.032664157
0,0.036159962
0,0.03843559
0,0.06447311
0,0.035227105
0,0.1112817
0,0.02139836
0,0.5066522
0,0.097990714
0,0.040896952
0,0.03210256
0,0.32754716
0,0.28087813
0,0.1657714
0,0.299433
0,0.040318754
0,0.029076295
0,0.10150801
0,0.0710401
0,0.04431633
0,0.06993415
0,0.580896
0,0.1842907
0,0.23000437
0,0.27502182
0,0.0333892
0,0.026388478
0,0.28249878
0,0.09261035
0,0.3178006
0,0.071265474
0,0.020862678
0,0.04839634
0,0.047994167
0,0.058004636
0,0.07175373
0,0.071397044
0,0.033589236
0,0.10843117
0,0.17267601
0,0.16498885
0,0.07448648
0,0.040877767
0,0.040089596
0,0.13537708
0,0.1415453
0,0.13240662
0,0.08455076
0,0.06807561
0,0.033014394
0,0.04166548
0,0.25161397
0,0.3242349
0,0.07643752
0,0.036007397
0,0.030209584
0,0.038288847
0,0.09471523
0,0.05255026
0,0.036100898
0,0.06864323
0,0.024514535
0,0.09232663
0,0.030602694
0,0.12970822
0,0.1646456
0,0.11651541
0,0.108525984
0,0.16761217
0,0.034796357
0,0.44137913
0,0.028090117
0,0.24822304
0,0.056554392
0,0.4029602
0,0.05013301
0,0.0854509
0,0.05085055
0,0.19076367
0,0.1663827
0,0.257368
0,0.12305607
0,0.086689964
0,0.02522803
0,0.044191405
0,0.05845128
0,0.032443948
0,0.052039612
0,0.08304916
0,0.1602358
0,0.056017186
0,0.021588707
0,0.06921958
0,0.0651964
0,0.0866378
0,0.094101034
0,0.78251773
0,0.18520063
0,0.12579377
0,0.02644249
0,0.037030704
0,0.05573923
0,0.19949
0,0.08312521
0,0.43599197
0,0.20298158
0,0.13413143
0,0.40747914
0,0.45344535
0,0.17018531
0,0.09467425
0,0.12196623
0,0.14606184
0,0.13720031
0,0.10889552
0,0.10994819
0,0.072295114
0,0.04657399
0,0.029548662
0,0.277643
0,0.18157025
0,0.1279134
0,0.059176896
0,0.19935302
0,0.097977586
0,0.23793212
0,0.44749328
0,0.08925211
0,0.025060857
0,0.030180123
0,0.09334851
0,0.14716204
0,0.019871466
0,0.050706804
0,0.026974812
0,0.121763304
0,0.27875552
0,0.09262517
0,0.07235839
0,0.11232509
0,0.05587187
0,0.16924569
0,0.08627965
0,0.06872541
0,0.031062718
0,0.032153267
0,0.042243663
0,0.09295881
0,0.5069483
0,0.07303448
0,0.048011523
0,0.075889744
0,0.11218342
0,0.1983837
0,0.06903525
0,0.2197302
0,0.07483571
0,0.10296905
0,0.032175884
0,0.09742257
0,0.03910809
0,0.11141183
0,0.06584145
0,0.45443597
0,0.04739671
0,0.18570577
0,0.26483557
0,0.028655376
0,0.062609665
0,0.01571353
0,0.04939689
0,0.25963327
0,0.083642714
0,0.056923106
0,0.022057367
0,0.046701558
0,0.0781546
0,0.04580422
0,0.016943013
0,0.054030344
0,0.3027056
0,0.09354311
0,0.1827512
0,0.03201876
0,0.079869576
0,0.037669856
0,0.081435174
0,0.6118892
0,0.355506
0,0.442436
0,0.45978025
0,0.41471723
0,0.29135987
0,0.38172042
0,0.5997107
0,0.18466522
0,0.34425548
0,0.19491844
0,0.23942682
0,0.4293455
0,0.46196732
0,0.45188662
0,0.37451065
0,0.37081525
0,0.2951832
0,0.43743077
0,0.41151556
0,0.45044088
0,0.386746
0,0.34473172
0,0.36582178
0,0.25957713
0,0.34592465
0,0.31566444
0,0.4486259
0,0.25743523
0,0.32041228
0,0.25253934
0,0.4218676
0,0.50781703
0,0.21484655
0,0.48867944
0,0.67990476
0,0.45465797
0,0.31500775
0,0.5193151
0,0.429613
0,0.23011953
0,0.32056832
0,0.20713648
0,0.44215468
0,0.44558105
0,0.52113825
0,0.4675879
0,0.3234606
0,0.2639344
0,0.4748896
0,0.12246174
0,0.35711068
0,0.3454733
0,0.44232076
0,0.19274679
0,0.50203836
0,0.114931114
0,0.10120351
0,0.4157093
0,0.331387
0,0.42175397
0,0.6164875
0,0.4295772
0,0.4389151
0,0.4260392
0,0.33353913
0,0.51441836
0,0.13777274
0,0.11627932
0,0.55465937
1,0.30187327
1,0.931157
1,0.9999683
1,0.99863535
1,0.99814653
1,0.9999888
1,1.0
1,0.9996751
1,0.99244636
1,0.9999944
1,0.9997715
1,0.99999857
1,0.9397858
1,0.894713
1,0.99995935
1,0.9991711
1,0.9995491
1,0.9981263
1,0.99987686
1,0.7809399
1,0.89221334
1,0.9999776
1,1.0
1,0.9868808
1,0.9995261
1,0.99676996
1,0.9985098
1,0.99998224
1,1.0
1,0.99999976
1,0.9907403
1,0.9470685
1,0.9554368
1,0.9999987
1,0.99992967
1,1.0
1,1.0
1,1.0
1,0.9999492
1,0.9999999
1,0.9999651
1,0.99996376
1,0.87594575
1,0.9988827
1,0.99481905
1,0.99994135
1,1.0
1,0.9999999
1,0.7416016
1,0.7245401
1,0.99999595
1,0.99975926
1,0.9999994
1,0.97942996
1,0.99981856
1,0.9999993
1,0.9999666
1,0.99921954
1,1.0
1,0.98120165
1,0.9990804
1,0.95374626
1,0.99866295
1,0.99963534
1,0.52547514
1,0.9999982
1,1.0
1,1.0
1,0.9967781
1,0.6478331
1,0.99992466
1,0.9764506
1,0.7766186
1,0.707998
1,0.80041254
1,0.988282
1,1.0
1,0.9999654
1,0.9998983
1,0.9999739
1,0.99893945
1,0.9747679
1,0.99998033
1,0.99999726
1,0.99999595
1,1.0
1,0.9999989
1,1.0
1,0.9999502
1,0.9997297
1,0.7963243
1,0.99954194
1,1.0
1,0.9923432
1,0.6372223
1,0.99660647
1,0.9337062
1,0.9999999
1,1.0
1,0.9898353
1,0.9974769
1,0.99851304
1,0.99897254
1,0.99991655
1,0.9538844
1,0.96996856
1,0.9999832
1,0.9999709
1,0.99695647
1,0.99995744
1,0.9990042
1,1.0
1,1.0
1,0.9383917
1,0.51106715
1,0.99999905
1,0.9991535
1,0.9987968
1,0.9971017
1,0.95448875
1,0.99763393
1,0.9996047
1,0.99999285
1,0.99976045
1,0.928598
1,0.99955326
1,0.99433184
1,0.9999999
1,0.9999999
1,0.9999999
1,0.914151
1,0.99995685
1,0.69715446
1,0.7968185
1,0.9999666
1,0.99456865
1,0.99998367
1,0.9999999
1,0.999913
1,0.87302935
1,1.0
1,0.9984346
1,0.99739325
1,0.8150155
1,0.6434777
1,0.9999987
1,0.99176204
1,0.978605
1,0.9999994
1,0.9999107
1,0.79752463
1,0.5206372
1,0.9989002
1,0.99996626
1,1.0
1,0.99963164
1,0.99798155
1,0.9885564
1,0.99943453
1,0.9823915
1,0.747888
1,0.9999999
1,0.99794227
1,0.58469754
1,0.6323189
1,0.8830645
1,0.9999999
1,0.9999124
1,0.9992845
1,0.991122
1,0.9999434
1,0.9999782
1,0.999594
1,0.7388388
1,0.9999994
1,1.0
1,0.9998814
1,0.999853
1,0.9827341
1,0.9999262
1,1.0
1,0.99998534
1,0.9696763
1,0.9928295
1,0.99958175
1,1.0
1,0.9999937
1,0.7350985
1,0.9013179
1,1.0
1,0.99999976
1,0.99999917
1,0.93343985
1,0.5011488
1,0.7364305
1,0.9999906
1,0.9999999
1,0.9961904
1,0.95222163
1,0.9953832
1,1.0
1,0.99994874
1,0.99994373
1,0.9582816
1,0.999998
1,1.0
1,0.983544
1,0.9999664
1,0.622305
1,1.0
1,1.0
1,0.9982926
1,0.9876474
1,0.99999845
1,0.9999958
1,0.82190746
1,0.99761343
1,0.9894804
1,1.0
1,0.94433033
1,0.999941
1,1.0
1,0.9997148
1,0.9929261
1,0.99981976
1,0.57122856
1,0.48588204
1,0.99728215
1,0.9932949
1,0.9947267
1,0.9897968
1,0.9999969
1,1.0
1,0.99859875
1,0.7064592
1,0.9992398
1,0.99997187
1,0.9996932
1,0.72628593
1,0.31740478
1,0.9999856
1,0.9999958
1,0.9999647
1,0.37009254
1,0.99857926
1,0.9999999
1,0.99993503
1,0.9999449
1,0.9849475
1,0.99999964
1,0.9934714
1,0.99887973
1,0.8593094
1,0.5846788
1,0.4702787
1,0.98375046
1,0.6680662
1,0.70150113
1,0.98758554
1,0.994916
1,0.9998703
1,0.9988451
1,0.51743877
1,0.9997797
1,1.0
1,0.8817084
1,0.5220346
1,0.43814954
1,0.9835493
1,0.9978783
1,1.0
1,0.9950469
1,0.99738795
1,0.90914124
1,0.9993043
1,0.9999995
1,1.0
1,0.7952741
1,0.99951434
1,0.8672683
1,0.7964946
1,0.78390765
1,0.7648639
1,0.9999995
1,0.9999993
1,0.51128405
1,0.5467667
1,0.99999976
1,0.99989057
1,0.9999895
1,0.9906199
1,0.7954909
1,0.690899
1,0.75643575
1,1.0
1,0.98346704
1,0.9966574
1,0.8964621
1,0.99997795
1,0.9999949
1,0.9999782
1,0.99137455
1,1.0
1,0.98357064
1,0.7677653
1,0.091740616
1,1.0
1,0.99995065
1,0.60359424
1,0.99319166
1,0.9745899
1,0.5324582
1,1.0
1,0.99999774
1,0.9752896
1,0.9998597
1,0.7512446
1,0.9967211
1,0.9998492
1,1.0
1,0.99991536
1,0.81543696
1,0.99994576
1,1.0
1,0.9596788
1,0.998823
1,0.9999689
1,0.65691465
1,1.0
1,0.99990714
1,0.9999969
1,0.54685557
1,0.99999833
1,0.9995236
1,0.542978
1,0.99999905
1,1.0
1,0.9999614
1,1.0
1,0.9953351
1,0.9999926
1,0.9958697
1,0.9999689
1,0.9846668
1,0.717783
1,0.99999464
1,0.5000717
1,0.3901533
1,0.7988331
1,0.7682366
1,0.990588
1,0.9999999
1,0.9790365
1,0.92542785
1,0.9395821
1,0.9999819
1,1.0
1,0.99473274
1,0.8176121
1,0.99993753
1,0.99646026
1,0.9999993
1,0.88727814
1,0.7931384
1,0.99744475
1,0.6835944
1,1.0
1,0.9998455
1,0.978737
1,0.8818252
1,0.99982536
1,0.99996424
1,0.60204846
1,1.0
1,1.0
1,0.995411
1,0.72196704
1,0.9647372
1,0.9999974
1,0.9999964
1,0.9999999
1,0.9996936
1,0.6694115
1,0.31681934
1,0.8398638
1,0.69528526
1,0.7453923
1,0.9563241
1,1.0
1,0.9999982
1,1.0
1,0.9964717
1,0.92348915
1,0.5132683
1,0.95193446
1,0.93294555
1,0.9999958
1,0.85635155
1,0.9999994
1,0.99999833
1,0.94276035
1,0.57732314
1,0.6727457
1,0.99948955
1,0.82829434
1,0.70274234
1,0.91877294
1,0.99999535
1,0.7687171
1,0.4873096
1,0.59641695
1,0.9999999
1,0.9999999
1,0.88292104
1,0.36510655
1,0.86822206
1,0.40336767
1,0.99995244
1,0.9902644
1,0.50161546
1,0.99998474
1,0.9909004
1,0.95381165
1,0.99999976
1,0.9740044
1,0.9714561
1,0.87777233
1,0.41097713
1,0.6593877
1,0.43461823
1,0.40885404
1,0.93904394
1,0.84154165
1,0.88357925
1,0.7189422
1,0.42552584
1,0.430165
1,0.9989347
1,0.99995697
1,0.994352
1,0.33905557
1,0.4036313
1,0.99992883
1,0.99999774
1,0.9006246
1,0.6357353
1,0.5120405
1,0.42842975
1,0.99996793
1,0.9965824
1,1.0
1,0.8019827
1,0.9999205
1,0.88823223
1,0.6056461
1,0.94009125
1,0.9999927
1,0.98167646
1,0.9998034
1,0.9996307
1,0.9112444
1,0.9221347
1,0.99875915
1,0.5448195
1,0.9995041
1,0.99155384
1,0.99998176
1,0.99996495
1,1.0
1,0.72275597
1,0.90429956
1,0.63410634
1,0.9795368
1,0.25880262
1,1.0
1,0.91730404
1,0.9993507
1,1.0
1,0.99937
1,0.99932843
1,0.99656713
1,0.78011286
1,0.99723613
1,0.7448223
1,0.9974239
1,1.0
1,0.9999989
1,0.94824034
1,0.9079387
1,0.94740534
1,1.0
1,1.0
1,0.59379894
1,0.99634993
1,1.0
1,1.0
1,0.9999999
1,0.98944575
1,0.27158353
1,0.99885404
1,0.999997
1,1.0
1,0.48708212
1,0.9055484
1,0.6708147
1,0.99995124
1,0.9999906
1,1.0
1,1.0
1,0.99997914
1,0.65754336
1,0.99533963
1,0.99973315
1,0.9452955
1,0.9994318
1,0.99986947
1,0.9999968
1,0.9999994
1,0.99654037
1,0.99999976
1,0.9230968
1,0.99997556
1,0.9999994
1,0.98311424
1,0.9890324
1,0.99266607
1,0.99999964
1,0.996652
1,0.9957859
1,0.9999579
1,1.0
1,0.9846668
1,0.99728894
1,0.57327574
1,0.961965
1,1.0
1,0.9999999
1,0.9999112
1,0.99982214
1,0.62056404
1,0.96226734
1,0.99999964
1,0.9994499
1,0.97704947
1,0.9999696
1,0.9928163
1,1.0
1,0.9999994
1,0.99999905
1,0.9900323
1,0.9999993
1,0.9339816
1,0.9999981
1,1.0
1,0.68400973
1,0.99478626
1,0.9977557
1,0.9997909
1,0.6344791
1,0.99931455
1,0.99956423
1,0.9991929
1,0.9926001
1,0.9998547
1,0.99999976
1,1.0
1,0.9997615
1,1.0
1,0.9998245
1,0.930491
1,0.83151
1,0.99901664
1,1.0
1,0.9972326
1,0.99999726
1,0.9999751
1,0.98070717
1,0.99966824
1,0.9999577
1,0.9989237
1,0.9985423
1,0.9999815
1,0.999905
1,0.9664775
1,0.99926525
1,0.84293664
1,0.9999739
1,0.99995637
1,0.81234884
1,1.0
1,1.0
1,1.0
1,0.9999832
1,0.9998293
1,0.9999945
1,1.0
1,0.99999106
1,0.9998559
1,0.97488654
1,0.94322443
1,0.71440184
1,1.0
1,1.0
1,0.9999999
1,0.9999999
1,0.9805475
1,0.9226737
1,0.9807279
1,0.9960001
1,0.8787083
1,0.9992766
1,0.9992631
1,0.9978065
1,0.9997379
1,1.0
1,1.0
1,1.0
1,1.0
1,0.9999856
1,0.9999995
1,0.9985037
1,0.99999225
1,0.99782676
1,0.7030631
1,0.9999999
1,0.9983046
1,0.9999975
1,0.9977162
1,1.0
1,0.9999958
1,0.9994324
1,1.0
1,0.8584677
1,0.96313906
1,0.99939024
1,0.9431361
1,0.8739315
1,0.9999552
1,0.99992883
1,0.98788375
1,0.99735224
1,1.0
1,1.0
1,0.99999905
1,0.8072943
1,0.9999888
1,1.0
1,1.0
1,0.9991296
1,0.999041
1,0.9966755
1,1.0
1,1.0
1,0.9999944
1,0.99670863
1,0.77850264
1,1.0
1,0.9999887
1,0.9931108
1,0.99492997
1,1.0
1,1.0
1,0.85522246
1,0.9999449
1,0.99998355
1,0.998425
1,0.9997816
1,0.6935471
1,0.9736487
1,0.99998844
1,0.99617386
1,0.9999995
1,0.9330633
1,0.61903805
1,0.9994806
1,1.0
1,1.0
1,0.9997305
1,0.58728635
1,0.9976399
1,0.99999964
1,0.9999999
1,1.0
1,0.9754505
1,0.8529464
1,0.9999999
1,0.9997495
1,0.9999329
1,0.550867
1,0.999987
1,1.0
1,1.0
1,0.99993587
1,0.9578987
1,0.99728227
1,0.99874544
1,0.83061653
1,0.952581
1,1.0
1,0.99988043
1,0.99969965
1,0.8919965
1,0.9999654
1,0.9994848
1,1.0
1,0.9999987
1,0.4318232
1,0.90726644
1,0.99977577
1,1.0
1,0.99999964
1,1.0
1,0.99999976
1,0.9999999
1,1.0
1,0.9835322
1,0.9997497
1,0.8796513
1,1.0
1,1.0
1,0.9959119
1,0.99545586
1,0.7069494
1,0.99999976
1,0.913582
1,0.68015087
1,0.99998474
1,0.9996172
1,0.999892
1,0.98271036
1,0.32710186
1,0.9643939
1,0.9999832
1,0.99954325
1,0.81539416
1,0.97866344
1,0.9971667
1,1.0
1,0.9999893
1,0.9983906
1,1.0
1,0.9892341
1,0.9962655
1,0.99995077
1,0.85902697
1,0.9999852
1,0.99999607
1,0.9999113
1,0.9999994
1,0.9869351
1,1.0
1,0.9986015
1,0.49020216
1,0.9999064
1,0.9995871
1,0.90855545
1,0.9936335
1,0.6057158
1,0.9587867
1,0.8309258
1,0.9936639
1,0.9940058
1,0.9975268
1,0.9999274
1,1.0
1,0.99925536
1,0.98696434
1,0.9999627
1,0.9998846
1,0.94166106
1,0.95771277
1,0.9849095
1,1.0
1,1.0
1,0.9999989
1,0.99948835
1,0.9996294
1,0.99256414
1,1.0
1,0.99999833
1,1.0
1,1.0
1,0.99999464
1,0.4560722
1,0.9999994
1,1.0
1,0.99999976
1,0.99672437
1,0.99977326
1,0.9999738
1,0.9987962
1,0.9999726
1,0.9928336
1,0.999944
1,0.9896299
1,0.9366794
1,0.9869064
1,0.99999774
1,0.999998
1,0.99998784
1,0.99941385
1,0.41587883
1,0.99976784
1,0.9366078
1,0.99999833
1,0.9999999
1,0.52333975
1,0.9804936
1,0.99934345
1,0.99999964
1,1.0
1,0.9999933
1,0.9986481
1,0.9658012
1,0.99991393
1,0.9999999
1,0.9993818
1,0.999316
1,0.99560934
1,1.0
1,0.99998665
1,0.99874145
1,0.9940414
1,0.42522347
1,0.9999486
1,0.99999964
1,1.0
1,0.99970776
1,0.91298485
1,0.63061416
1,0.99957925
1,0.9999964
1,0.72819716
1,0.98023486
1,0.9999995
1,0.99999964
1,0.7973525
1,0.61252
1,0.48985904
1,0.9859048
1,0.9999933
1,0.53320414
1,1.0
1,1.0
1,0.5250795
1,0.99991465
1,1.0
1,0.99999416
1,0.9995189
1,0.99912685
1,0.62222135
1,0.99999785
1,0.49942014
1,0.91172594
1,0.9999964
1,1.0
1,0.9999838
1,0.99852943
1,0.99185294
1,0.9967495
1,0.99854726
1,1.0
1,0.99878794
1,0.9999318
1,0.943447
1,0.9999633
1,0.96286935
1,0.9451028
1,0.9947918
1,0.99920315
1,0.99342924
1,0.9995659
1,0.4837259
1,0.9981541
1,0.99861705
1,0.31651378
1,1.0
1,0.9997552
1,0.7829091
1,0.99999225
1,0.999967
1,0.99999774
1,0.99997306
1,0.9999267
1,0.8893375
1,0.9999821
1,0.7264263
1,0.9306299
1,0.6908873
1,0.9986607
1,0.2747252
1,0.5960357
1,1.0
1,0.9996757
1,0.9989636
1,0.8005761
1,0.56630313
1,1.0
1,0.9999287
1,0.34101424
1,0.5046348
1,0.18675163
1,0.9884173
1,0.9886109
1,0.9360566
1,0.41446462
1,1.0
1,0.99971384
1,0.8437813
1,0.45083368
1,0.7192713
1,0.82977724
1,0.97695553
1,0.6302547
1,0.50069803
1,0.6227812
1,0.99999356
1,0.9999671
1,0.41652247
1,0.9997212
1,0.2845622
1,0.99885523
1,0.39450064
1,0.9999217
1,0.4872403
1,0.9999851
1,0.89546853
1,0.95800066
1,0.66519827
1,0.998995
1,0.554661
1,1.0
1,0.97227997
1,0.99889576
1,0.8011797
1,0.76291615
1,0.9999918
1,0.9999999
1,0.9993193
1,0.9993799
1,0.86708987
1,0.99426854
1,0.99771047
1,0.5961296
1,0.95606107
1,0.999655
1,0.9142267
1,1.0
1,1.0
1,0.5943341
1,0.96185714
1,0.99656904
1,0.869323
1,0.99998677
1,0.99992573
1,0.9982589
1,0.99958795
1,0.99997604
1,0.99999166
1,0.9991831
1,0.6106438
1,0.67614305
1,0.6203719
1,0.9994683
1,0.6469489
1,0.99985933
1,0.88239354
1,0.97146904
1,0.99981165
1,0.96901524
1,0.38914034
1,0.46009052
1,0.9937084
1,0.49468693
1,0.99997425
1,0.99856985
1,0.47608283
1,0.9636892
1,0.99900323
1,1.0
1,0.99954087
1,0.66764337
1,0.999959
1,0.9999989
1,1.0
1,0.99999976
1,0.82017094
1,0.9945971
1,0.6492355
1,0.6878902
1,0.99767727
1,0.99670047
1,0.99849546
1,0.9758589
1,0.30086467
1,0.86051965
1,0.9805077
1,0.56770205
1,0.9817338
1,0.98254484
1,0.9999958
1,0.5832857
1,0.8379298
1,0.97649425
1,0.9999752
1,0.9999497
1,1.0
1,0.9999958
1,0.85514474
1,0.8584067
1,0.5971013
1,0.99963796
1,1.0
1,0.9999999
1,0.9695005
1,0.21153109
1,0.6775573
1,0.9999881
1,0.9998933
1,0.95292056
1,0.9959901
1,0.97516894
1,0.55878013
1,0.9788972
1,0.55729496
1,0.9985794
1,1.0
1,0.999998
1,0.9999995
1,0.84126914
1,0.9994863
1,0.9638919
1,0.9591597
1,0.99529165
1,0.4459302
1,0.9017
1,0.4484793
1,0.63077533
1,0.9945518
1,0.9999999
1,0.9999987
1,0.98201
1,0.9999989
1,0.25819305
1,0.999774
1,1.0
1,0.73903143
1,0.9999914
1,0.9984493
1,0.99999094
1,0.78266066
1,0.24333821
1,0.997757
1,0.9987269
1,0.63664204
1,0.85948783
1,0.86547965
1,0.7890093
1,0.99916124
1,1.0
1,0.9986191
1,0.39730677
1,0.99997103
1,0.8908003
1,0.97820354
1,0.9999274
1,0.70392275
1,0.97016877
1,0.9954863
1,0.97295904
1,0.999086
1,0.9999975
1,0.99996173
1,0.99969536
1,0.9999908
1,0.9998796
1,0.99980676
1,0.99592423
1,0.9807992
1,0.6448045
1,0.9935941
1,0.99998105
1,0.6824841
1,0.97416174
1,0.14038067
1,0.54115975
1,0.95266676
1,0.3261355
1,0.980608
1,0.9999995
1,0.99977386
1,0.9999665
1,0.97513247
1,0.9923947
1,0.74000067
1,0.99999976
1,1.0
1,0.99989116
1,0.97280055
1,0.828537
1,0.8976669
1,0.9983363
1,0.9999999
1,0.999995
1,0.9999988
1,0.9919751
1,0.95428675
1,0.9998659
1,0.9999999
1,0.645996
1,0.62008953
1,0.9994061
1,0.8929113
1,0.9999796
1,0.9991648
1,0.99999976
1,0.9998956
1,0.5322761
1,0.96916556
1,0.99965465
1,0.9634871
1,1.0
1,0.7946702
1,0.9999995
1,0.99565727
1,0.98987484
1,0.45364064
1,0.9966358
1,0.98974913
1,0.9999994
1,0.9999676
1,0.95531625
1,0.2830483
1,0.9999145
1,1.0
1,0.71648717
1,0.33021677
1,0.6629732
1,0.61265695
1,0.9981098
1,0.9965826
1,0.999995
1,0.9999999
1,1.0
1,0.9970655
1,0.9999995
1,0.9999864
1,0.97413784
1,0.99967784
1,0.99999857
1,0.9999999
1,1.0
1,0.9993105
1,0.99981403
1,0.980927
1,0.97688586
1,0.8434787
1,0.9947694
1,0.99999034
1,1.0
1,0.9744004
1,1.0
1,1.0
1,0.9999999
1,0.517008
1,0.61677897
1,0.998066
1,0.9999999
1,0.9999974
1,0.99628806
1,0.970437
1,0.9726734
1,0.99959695
1,0.983143
1,0.9646925
1,0.6223315
1,0.8648748
1,0.99906605
1,0.999985
1,0.6462695
1,0.75066316
1,0.9087335
1,0.9993543
1,0.6796
1,0.96132123
1,0.95508707
1,0.20886904
1,0.9999995
1,0.9999802
1,0.9431874
1,0.38248122
1,0.21266285
1,0.62505573
1,0.51467615
1,0.22287144
1,0.6609895
1,0.7155001
1,0.9999324
1,0.5940566
1,0.49622604
1,0.18756886
1,0.9999894
1,0.5672041
1,0.4297271
1,0.351699
1,0.9976497
1,0.9999739
1,0.9399315
1,0.96511835
1,0.5750993
1,1.0
1,0.76196444
1,0.92899793
1,0.6704238
1,0.9344209
1,0.9966664
1,0.5451269
1,0.9961379
1,0.9999862
1,1.0
1,0.32651833
1,0.9986683
1,0.99999964
1,0.9995497
1,0.96010464
1,0.49882594
1,0.99999976
1,1.0
1,0.9999999
1,0.626191
1,0.6273941
1,0.41479105
1,0.9999999
1,0.98348504
1,0.9971644
1,0.8445982
1,0.9950187
1,0.9972467
1,1.0
1,0.9999064
1,0.99416625
1,0.99158365
1,0.9356634
1,0.9997866
1,1.0
1,0.99999607
1,1.0
1,0.99990106
1,0.94867164
1,0.9946888
1,1.0
1,0.9982248
1,1.0
1,0.9999821
1,0.98303694
1,0.6252139
1,0.985417
1,0.99977696
1,0.9736935
1,0.7165994
1,0.99826694
1,0.9995312
1,1.0
1,0.999918
1,0.88379633
1,0.9987368
1,0.98081666
1,0.9999938
1,0.9987747
1,0.999995
1,1.0
1,0.9739972
1,0.9999962
1,0.999995
1,0.99293983
1,0.9979937
1,0.97786945
1,0.2671452
1,0.9582235
1,0.9989717
1,0.9985501
1,0.999997
1,0.99480724
1,0.4227011
1,0.99029297
1,0.991778
1,0.9805629
1,0.49149302
1,0.9219173
1,0.9201835
1,0.63938457
1,0.99995995
1,0.99977136
1,0.9997983
1,0.96516055
1,0.8887166
1,0.9986399
1,1.0
1,0.8137585
1,0.5243469
1,0.8244203
1,0.9991755
1,0.99996877
1,0.5013114
1,0.9959632
1,0.9999323
1,1.0
1,0.7846208
1,0.4434976
1,0.9881086
1,0.9876791
1,1.0
1,0.998667
1,0.4227582
1,0.6312406
1,0.60073704
1,0.99751353
1,0.7499999
1,0.9984951
1,0.99981403
1,0.569157
1,0.9780125
1,0.73684883
1,0.56507957
1,0.9880456
1,0.8917412
1,0.8740365
1,0.899669
1,0.99999964
1,0.99997246
1,0.9994524
1,0.9997429
1,0.9998945
1,1.0
1,0.98829377
1,0.8718483
1,0.9360988
1,0.5858347
1,0.9502858
1,0.8832526
1,0.99999225
1,0.99999976
1,0.99996865
1,0.99999917
1,0.5715049
1,0.9999418
1,0.9999281
1,0.9848467
1,0.9999995
1,0.9999944
1,0.99701726
1,0.999974
1,0.99957556
1,0.99309886
1,0.9999682
1,0.9852682
1,0.99999595
1,0.99999034
1,0.99864393
1,0.99959874
1,0.94986033
1,0.9050527
1,0.9999454
1,0.5039312
1,0.99974436
1,0.85544854
1,0.97730494
1,0.99999344
1,0.67754453
1,0.99503905
1,0.99970025
1,0.9999999
1,0.99354714
1,0.60655856
1,0.95237076
1,0.63115776
1,0.49279603
1,0.6625113
1,0.9819369
1,0.2997045
1,0.71866715
1,0.7810288
1,0.99933976
1,0.72749716
1,0.9999118
1,0.5740265
1,0.7903842
1,0.99994147
1,0.99991834
1,1.0
1,0.44520542
1,0.9999995
1,0.9999999
1,1.0
1,0.96822226
1,0.99961853
1,0.8539764
1,0.99945956
1,0.9973011
1,0.5335435
1,0.7938829
1,0.7973454
1,0.8948093
1,0.99999905
1,0.99697554
1,0.64858264
1,0.99603593
1,0.9665697
1,0.97655964
1,0.91722304
1,0.98254883
1,0.91871274
1,0.53307325
1,0.99964476
1,1.0
1,0.98024654
1,0.955619
1,0.9831414
1,0.9983279
1,0.9999813
1,0.9812449
1,0.9999999
1,0.9611833
1,0.9999975
1,0.999997
1,0.42395672
1,0.96494186
1,0.9999887
1,0.99999964
1,0.99922264
1,0.9995368
1,0.85942
1,0.4416916
1,0.9995147
1,1.0
1,0.99999976
1,0.87893903
1,0.57932156
1,0.8980777
1,0.8663892
1,0.9234742
1,0.99473023
1,0.6317135
1,0.91295475
1,0.9706373
1,1.0
1,0.9836104
1,0.99346864
1,0.68699425
1,0.9338014
1,0.83682156
1,0.27676818
1,0.9998882
1,0.7715547
1,0.97156525
1,0.99999714
1,0.99924064
1,0.6328965
1,0.9644691
1,0.9951786
1,0.7001826
1,0.92193377
1,0.9956666
1,0.6819506
1,0.99997735
1,0.9143621
1,0.3271759
1,0.69442064
1,0.9999893
1,0.9072737
1,0.9485355
1,0.9346517
1,0.43532372
1,0.8189874
1,0.3714468
1,1.0
1,0.9999963
1,0.515347
1,0.9999944
1,0.9689341
1,0.9940876
1,0.99109554
1,0.9985164
1,0.7707017
1,0.9997669
1,0.98535925
1,0.8184531
1,0.44819012
1,0.60391235
1,0.9495313
1,0.6770967
1,0.9995922
1,0.999071
1,0.5245276
1,0.43600956
1,0.64158016
1,0.87214994
1,0.9327617
1,0.65308505
1,0.98856086
1,0.9987765
1,0.9999969
1,0.9997934
1,0.63531184
1,0.99995196
1,0.9972671
1,0.81925714
1,0.9937889
1,0.99961686
1,0.9894768
1,0.5845623
1,0.9930235
1,0.99899286
1,0.9995903
1,0.9887636
1,0.8683938
1,0.5926297
1,0.9167651
1,0.8383219
1,0.9959043
1,0.9065457
1,0.77578497
1,0.474247
1,0.6540054
1,0.976453
1,0.9999685
1,0.9999058
1,0.7506829
1,0.9464352
1,0.99560624
1,0.648964
1,0.4494298
1,0.99464554
1,0.98092675
1,0.99908566
1,0.525593
1,0.9539219
1,0.9999989
1,0.9995105
1,0.9993256
1,0.5272643
1,0.97032714
1,0.9999721
1,0.9988457
1,0.9461359
1,0.94361466
1,0.4791359
1,0.37217596
1,0.95314026
1,0.49685323
1,0.9998224
1,0.98283577
1,0.99613744
1,0.9981889
1,0.915335
1,0.514348
1,0.9990588
1,0.99906236
1,0.5918907
1,0.9784936
1,0.9998834
1,0.9997951
1,1.0
1,0.99921453
1,0.75727004
1,0.84931284
1,0.96770984
1,0.9999505
1,0.999845
1,0.9999937
1,0.7203715
1,0.9644945
1,0.9999994
1,0.9999995
1,0.64973164
1,0.8137014
1,0.8638713
1,0.8546058
1,0.9999646
1,0.90000594
1,0.45378482
1,0.9999738
1,0.99995315
1,0.998524
1,0.97338176
1,0.91463095
1,0.48200008
1,0.9906991
1,0.5190403
1,0.5395736
1,0.97165775
1,0.544482
1,0.98613584
1,0.9997834
1,0.986135
1,0.9999895
1,1.0
1,0.99942523
1,0.9999802
1,0.7784038
1,0.45820713
1,0.9998164
1,0.9971545
1,0.9999999
1,0.9898488
1,0.79125774
1,0.5188444
1,0.9955818
1,1.0
1,0.9929362
1,0.5474037
0,0.7844968
0,0.22541344
0,0.027916512
0,0.17651035
0,0.16994184
0,0.10153454
0,0.07117191
0,0.4148488
0,0.1315416
0,0.10067257
0,0.14027052
0,0.09245962
0,0.38984796
0,0.20641072
0,0.6337644
0,0.45960104
0,0.6635503
0,0.16782859
0,0.25348726
0,0.37945545
0,0.029440852
0,0.24013767
0,0.094743855
0,0.09527502
0,0.39088675
0,0.33624703
0,0.30772564
0,0.47649166
0,0.3649277
0,0.20595099
0,0.22713633
0,0.09459656
0,0.063638076
0,0.34184566
0,0.16809303
0,0.31151336
0,0.09099918
0,0.7493911
0,0.25780287
0,0.43554404
0,0.16151328
0,0.13928996
0,0.40272194
0,0.026952606
0,0.16527925
0,0.04737362
0,0.23308235
0,0.0689601
0,0.05787484
0,0.098740794
0,0.19161978
0,0.17684212
0,0.044651713
0,0.41631424
0,0.14263691
0,0.119190745
0,0.47952035
0,0.2987923
0,0.36566377
0,0.15777674
0,0.38593304
0,0.07570296
0,0.2305756
0,0.07916369
0,0.043474343
0,0.3554739
0,0.086603396
0,0.26389402
0,0.25316975
0,0.30704242
0,0.34839475
0,0.11569538
0,0.09735999
0,0.34429848
0,0.40252885
0,0.07020767
0,0.4454837
0,0.10162307
0,0.10236445
0,0.4553302
0,0.11569862
0,0.27083284
0,0.21735682
0,0.23875524
0,0.3873407
0,0.46703053
0,0.32534882
0,0.029903812
0,0.25626034
0,0.085936725
0,0.061818644
0,0.36681256
0,0.18723471
0,0.18276471
0,0.3341065
0,0.13832998
0,0.25487745
0,0.084758766
0,0.30706933
0,0.45882973
0,0.117937945
0,0.081929564
0,0.265692
0,0.084649496
0,0.026870215
0,0.22708876
0,0.13875356
0,0.07313648
0,0.4364098
0,0.29444543
0,0.16250661
0,0.143664
0,0.09546575
0,0.06924551
0,0.35018638
0,0.041189466
0,0.29042327
0,0.048912365
0,0.09234789
0,0.14658919
0,0.09608385
0,0.5624557
0,0.22123244
0,0.25565347
0,0.14172989
0,0.40441063
0,0.10743552
0,0.39607173
0,0.061980724
0,0.090972126
0,0.24309744
0,0.13028051
0,0.17776921
0,0.20350394
0,0.083322786
0,0.09071138
0,0.45641738
0,0.13751689
0,0.42122388
0,0.17503619
0,0.14927886
0,0.1261627
0,0.4311477
0,0.31428963
0,0.058929738
0,0.09279671
0,0.072798595
0,0.17939392
0,0.41429922
0,0.38694215
0,0.10630453
0,0.0837225
0,0.09271304
0,0.09407319
0,0.20217392
0,0.48791674
0,0.21001275
0,0.059956428
0,0.0895638
0,0.12400346
0,0.3131736
0,0.47822642
0,0.3835389
0,0.41244847
0,0.31822783
0,0.25098878
0,0.2735077
0,0.15298809
0,0.2759005
0,0.3048714
0,0.05692302
0,0.17277315
0,0.1672043
0,0.055015307
0,0.10444369
0,0.15936878
0,0.10303457
0,0.4605537
0,0.1462013
0,0.22109391
0,0.09311046
0,0.4325284
0,0.049518462
0,0.18861894
0,0.16979486
0,0.45506495
0,0.27608174
0,0.10792112
0,0.07518131
0,0.18768165
0,0.3250853
0,0.104441725
0,0.123023674
0,0.09063836
0,0.4604067
0,0.061771054
0,0.08814999
0,0.112219095
0,0.10981801
0,0.054999366
0,0.124729715
0,0.6165976
0,0.034216393
0,0.22485568
0,0.1879304
0,0.05789678
0,0.15649211
0,0.36391434
0,0.07701407
0,0.06592363
0,0.0845092
0,0.04021136
0,0.095679484
0,0.14660546
0,0.29629916
0,0.20817232
0,0.11416771
0,0.07922046
0,0.27734676
0,0.007985271
0,0.60247654
0,0.12581259
0,0.28899106
0,0.070370264
0,0.11733285
0,0.0601494
0,0.23151979
0,0.030370655
0,0.0437461
0,0.18695776
0,0.14983332
0,0.10055501
0,0.08468333
0,0.15417895
0,0.22450697
0,0.09914956
0,0.09795428
0,0.08666518
0,0.0350898
0,0.04508364
0,0.30344468
0,0.07915477
0,0.2188193
0,0.09081684
0,0.042955123
0,0.084254414
0,0.2974939
0,0.085646786
0,0.099605836
0,0.13674854
0,0.0458064
0,0.10232056
0,0.028033089
0,0.098080754
0,0.09795555
0,0.05398104
0,0.106199
0,0.018778322
0,0.39560738
0,0.123714
0,0.05249921
0,0.03342421
0,0.06593289
0,0.07466271
0,0.119815595
0,0.05516268
0,0.31838918
0,0.11907418
0,0.032414287
0,0.06532711
0,0.062894695
0,0.033379216
0,0.1782723
0,0.051364083
0,0.03975107
0,0.066047885
0,0.050088227
0,0.31108612
0,0.35776195
0,0.16730951
0,0.2611788
0,0.09144127
0,0.08437675
0,0.52771175
0,0.041860987
0,0.061154608
0,0.0975736
0,0.11032986
0,0.049699336
0,0.08881964
0,0.08043806
0,0.05003301
0,0.036499415
0,0.058201626
0,0.0865183
0,0.35835734
0,0.5709383
0,0.1799582
0,0.41705585
0,0.31505582
0,0.11857851
0,0.12391971
0,0.06553247
0,0.061786197
0,0.04027487
0,0.024299385
0,0.107736014
0,0.0872157
0,0.11033154
0,0.13258235
0,0.031109106
0,0.18002637
0,0.1334181
0,0.09662327
0,0.15785411
0,0.106621765
0,0.031448867
0,0.5163445
0,0.095682554
0,0.0631714
0,0.122916825
0,0.15535924
0,0.033001587
0,0.24144901
0,0.2270896
0,0.19552797
0,0.08437776
0,0.25242317
0,0.06349173
0,0.034754775
0,0.033922378
0,0.18887132
0,0.072029226
0,0.08282139
0,0.14838564
0,0.12902279
0,0.11841915
0,0.22400267
0,0.12696734
0,0.05836664
0,0.09286043
0,0.13214344
0,0.47943068
0,0.07618707
0,0.058116104
0,0.031423762
0,0.050620783
0,0.41232747
0,0.2359173
0,0.08506515
0,0.39497575
0,0.18782827
0,0.0687788
0,0.14527182
0,0.07148766
0,0.09140648
0,0.074271575
0,0.03407449
0,0.3378814
0,0.18987918
0,0.4562984
0,0.23535961
0,0.28781244
0,0.0804781
0,0.033269655
0,0.117889665
0,0.07149171
0,0.0545835
0,0.056011785
0,0.05406813
0,0.061960295
0,0.06739848
0,0.048539642
0,0.19011432
0,0.17577153
0,0.037396524
0,0.5956899
0,0.28308684
0,0.120179504
0,0.45121285
0,0.118650764
0,0.038856883
0,0.11756422
0,0.08257354
0,0.056962375
0,0.06859519
0,0.08751918
0,0.044854533
0,0.15122801
0,0.02633958
0,0.19464476
0,0.049416978
0,0.06745909
0,0.1777237
0,0.022739299
0,0.07575788
0,0.022840876
0,0.040465336
0,0.15799126
0,0.12811461
0,0.030648926
0,0.048325803
0,0.049899217
0,0.13285962
0,0.09801906
0,0.041980162
0,0.119067766
0,0.044390816
0,0.041368112
0,0.19954392
0,0.04343193
0,0.054380387
0,0.04945161
0,0.035855565
0,0.07786421
0,0.06859337
0,0.01954124
0,0.061225872
0,0.14096463
0,0.26842177
0,0.056393635
0,0.12791894
0,0.21708785
0,0.05342822
0,0.09805391
0,0.064517826
0,0.11910429
0,0.051112514
0,0.027831635
0,0.06931343
0,0.024762046
0,0.05658954
0,0.062588036
0,0.09715383
0,0.19467866
0,0.23811176
0,0.068496086
0,0.3252486
0,0.09340809
0,0.046528857
0,0.37159002
0,0.06089768
0,0.027090294
0,0.24980286
0,0.12134736
0,0.084569134
0,0.418268
0,0.15567221
0,0.17192559
0,0.3780997
0,0.27687782
0,0.05396226
0,0.17389445
0,0.056511667
0,0.21492901
0,0.09051561
0,0.12189606
0,0.053498056
0,0.09741585
0,0.044054966
0,0.06784402
0,0.25326502
0,0.47888213
0,0.22381553
0,0.24613525
0,0.06763793
0,0.06305227
0,0.29185477
0,0.039848756
0,0.08651626
0,0.11901071
0,0.058831517
0,0.10958996
0,0.15443353
0,0.2329411
0,0.04916176
0,0.072299145
0,0.15749401
0,0.088935494
0,0.35379422
0,0.093330175
0,0.51996726
0,0.066094145
0,0.16283782
0,0.2453059
0,0.038016867
0,0.10227463
0,0.06970338
0,0.12727273
0,0.20029819
0,0.0626578
0,0.10042273
0,0.05049325
0,0.06149591
0,0.12664947
0,0.09660561
0,0.29135802
0,0.07565939
0,0.032955527
0,0.05349184
0,0.089025535
0,0.037297636
0,0.056388807
0,0.024708264
0,0.030335654
0,0.02784414
0,0.45264086
0,0.0890973
0,0.03934387
0,0.060074564
0,0.030525781
0,0.15100971
0,0.06835715
0,0.07963098
0,0.043120794
0,0.066436656
0,0.04227483
0,0.102010645
0,0.058110867
0,0.30427843
0,0.032831535
0,0.0708651
0,0.14974923
0,0.07755497
0,0.16984043
0,0.032568824
0,0.02914214
0,0.01440367
0,0.15703398
0,0.113847
0,0.02735535
0,0.046157803
0,0.039356515
0,0.054879457
0,0.26056588
0,0.2425178
0,0.08788733
0,0.031199804
0,0.038978502
0,0.10522773
0,0.2046102
0,0.12681851
0,0.06772058
0,0.022324579
0,0.047548737
0,0.27014983
0,0.30031052
0,0.079961695
0,0.059628222
0,0.044332344
0,0.32758975
0,0.32062402
0,0.083724566
0,0.030847423
0,0.05588666
0,0.03234887
0,0.030148234
0,0.06985575
0,0.05698401
0,0.044019416
0,0.019686133
0,0.0929638
0,0.28301078
0,0.4415547
0,0.04250798
0,0.038717665
0,0.046244346
0,0.028559003
0,0.08018149
0,0.14970969
0,0.021085216
0,0.019624898
0,0.080943875
0,0.12227299
0,0.23820364
0,0.04246492
0,0.07412502
0,0.066720575
0,0.01849955
0,0.4039149
0,0.10610697
0,0.055040494
0,0.022031022
0,0.04595678
0,0.33843744
0,0.08427697
0,0.050742403
0,0.02370761
0,0.032051865
0,0.08093212
0,0.121187866
0,0.08927412
0,0.0369292
0,0.060996972
0,0.41835958
0,0.039801184
0,0.15648603
0,0.026272507
0,0.045494024
0,0.024339711
0,0.13290092
0,0.40444717
0,0.0852916
0,0.032254297
0,0.01966686
0,0.021693109
0,0.26233518
0,0.11973589
0,0.20460303
0,0.30573416
0,0.18966381
0,0.03824658
0,0.22600573
0,0.06260572
0,0.24444285
0,0.066511005
0,0.024643317
0,0.15156797
0,0.06922072
0,0.08280991
0,0.039778665
0,0.026882948
0,0.026473625
0,0.17590396
0,0.19616598
0,0.3052523
0,0.059414893
0,0.03713527
0,0.15061615
0,0.07443476
0,0.20295584
0,0.027463889
0,0.01904632
0,0.017843517
0,0.05389303
0,0.052204125
0,0.106482305
0,0.07307187
0,0.055571955
0,0.03317093
0,0.50845337
0,0.054784026
0,0.1324409
0,0.049691085
0,0.024533335
0,0.022854028
0,0.09152025
0,0.059567638
0,0.032871965
0,0.015991332
0,0.031121789
0,0.115599856
0,0.10051397
0,0.068023644
0,0.10261402
0,0.032192644
0,0.04478035
0,0.26680076
0,0.35229668
0,0.03319979
0,0.016355427
0,0.020658141
0,0.22199465
0,0.11268284
0,0.08533609
0,0.050299145
0,0.011362304
0,0.039408263
0,0.053776734
0,0.042734697
0,0.09988669
0,0.075135946
0,0.04448219
0,0.05165149
0,0.07971906
0,0.08097847
0,0.0239617
0,0.0152336145
0,0.018100962
0,0.12096925
0,0.13488561
0,0.12599035
0,0.02817923
0,0.056828737
0,0.03648929
0,0.30608943
0,0.082831345
0,0.016707266
0,0.022929879
0,0.009667248
0,0.049653675
0,0.033147234
0,0.04841393
0,0.018304918
0,0.021305008
0,0.041225705
0,0.03847801
0,0.009610828
0,0.011135289
0,0.024638921
0,0.14922625
0,0.05655839
0,0.02870014
0,0.0313864
0,0.3870331
0,0.0997134
0,0.1616203
0,0.25331575
0,0.03455849
0,0.024262829
0,0.044587083
0,0.08391375
0,0.043730017
0,0.023190053
0,0.011536885
0,0.03522816
0,0.033127252
0,0.22247118
0,0.0723954
0,0.10970271
0,0.027921688
0,0.016327387
0,0.23810084
0,0.05531965
0,0.030830951
0,0.029021112
0,0.051499248
0,0.02003499
0,0.052966405
0,0.0099526765
0,0.037807554
0,0.020803735
0,0.023864446
0,0.08972153
0,0.35203648
0,0.05982863
0,0.017968591
0,0.02386537
0,0.37418026
0,0.03188005
0,0.06446897
0,0.03545946
0,0.039776716
0,0.019160466
0,0.07198582
0,0.030988986
0,0.016544346
0,0.025643313
0,0.3106743
0,0.05392557
0,0.08543095
0,0.038808055
0,0.022577329
0,0.027153999
0,0.0143712275
0,0.11491084
0,0.022849647
0,0.017485801
0,0.016631301
0,0.03871078
0,0.026344294
0,0.016010093
0,0.110190734
0,0.02551888
0,0.025692219
0,0.021159701
0,0.054585494
0,0.046851005
0,0.029161952
0,0.01178461
0,0.293095
0,0.04725469
0,0.035099506
0,0.060536306
0,0.02485289
0,0.021703286
0,0.021047905
0,0.058450304
0,0.054931592
0,0.058961842
0,0.15597089
0,0.0660807
0,0.022988882
0,0.2197798
0,0.031235058
0,0.023829225
0,0.021725168
0,0.0063850163
0,0.07561075
0,0.05887717
0,0.028423667
0,0.03289628
0,0.33064666
0,0.08692511
0,0.14126776
0,0.054556504
0,0.11478442
0,0.034920357
0,0.023442933
0,0.122897275
0,0.10602921
0,0.046841443
0,0.062367972
0,0.012310836
0,0.028858824
0,0.07809208
0,0.15249471
0,0.18099968
0,0.06454158
0,0.041481473
0,0.14814363
0,0.092390746
0,0.17376985
0,0.0718825
0,0.028645398
0,0.12678275
0,0.024170635
0,0.036057007
0,0.117673725
0,0.06923293
0,0.018376824
0,0.02392927
0,0.023576463
0,0.16862138
0,0.07302112
0,0.035648756
0,0.050516367
0,0.019257948
0,0.02284969
0,0.026128013
0,0.021382783
0,0.016470106
0,0.022936044
0,0.015854087
0,0.116326176
0,0.20641428
0,0.023763468
0,0.019127274
0,0.06736776
0,0.062687635
0,0.1043631
0,0.042911805
0,0.017762745
0,0.00992542
0,0.016238026
0,0.05599424
0,0.035248753
0,0.01752952
0,0.037131943
0,0.040591124
0,0.055796094
0,0.055113323
0,0.018338218
0,0.036667485
0,0.022211067
0,0.017183602
0,0.06429951
0,0.0170386
0,0.07977303
0,0.038681854
0,0.008450995
0,0.01610221
0,0.06313312
0,0.03783874
0,0.030244347
0,0.046747956
0,0.018324902
0,0.10703205
0,0.03272338
0,0.019522047
0,0.023732984
0,0.019936502
0,0.037782434
0,0.020911885
0,0.027103618
0,0.02442355
0,0.036763895
0,0.0141931325
0,0.023706278
0,0.028557086
0,0.016328184
0,0.03369504
0,0.05440074
0,0.0413519
0,0.05928797
0,0.027479533
0,0.02190839
0,0.007800547
0,0.017034376
0,0.031924848
0,0.028194806
0,0.0136302365
0,0.009686419
0,0.023423936
0,0.118596025
0,0.03207824
0,0.13724454
0,0.025245922
0,0.0074472697
0,0.04175026
0,0.03641784
0,0.0435349
0,0.028542519
0,0.23580518
0,0.02024105
0,0.051762395
0,0.028787373
0,0.029476747
0,0.016791897
0,0.006605648
0,0.01678831
0,0.08008869
0,0.042638298
0,0.04376725
0,0.023926374
0,0.02013446
0,0.043562945
0,0.045008525
0,0.03221492
0,0.036547534
0,0.01934032
0,0.04807596
0,0.008715836
0,0.01692151
0,0.012051094
0,0.030309252
0,0.01429962
0,0.14153662
0,0.033469345
0,0.028228454
0,0.022694526
0,0.018751467
0,0.043663934
0,0.11784488
0,0.038617536
0,0.0115889255
0,0.022987755
0,0.01891698
0,0.07783297
0,0.025815893
0,0.014916162
0,0.011931836
0,0.017465552
0,0.18529154
0,0.20264691
0,0.05877083
0,0.052447576
0,0.017894503
0,0.49954295
0,0.04238726
0,0.018404875
0,0.02347092
0,0.019354986
0,0.019773873
0,0.028625753
0,0.050357282
0,0.0287478
0,0.021806285
0,0.023415348
0,0.0131968595
0,0.10781497
0,0.055916417
0,0.025049254
0,0.018925764
0,0.035035316
0,0.07051944
0,0.03862782
0,0.02220214
0,0.016356038
0,0.01556996
0,0.2109641
0,0.054986354
0,0.09726003
0,0.32036358
0,0.03347219
0,0.1329621
0,0.01064736
0,0.0629517
0,0.061014775
0,0.030814664
0,0.027527263
0,0.027954454
0,0.01456218
0,0.05020961
0,0.035164967
0,0.018100059
0,0.012166107
0,0.01882005
0,0.06284833
0,0.27051732
0,0.16298406
0,0.029951623
0,0.012441213
0,0.17134297
0,0.04023778
0,0.018932583
0,0.017044734
0,0.015928179
0,0.013459009
0,0.04016976
0,0.056420024
0,0.023372594
0,0.011855691
0,0.02913684
0,0.04805639
0,0.11010907
0,0.018385675
0,0.028749432
0,0.05053072
0,0.009578375
0,0.042410288
0,0.025462925
0,0.022806212
0,0.017395893
0,0.05374251
0,0.21508572
0,0.040997885
0,0.04826355
0,0.031946354
0,0.02251277
0,0.031851225
0,0.008396577
0,0.08841861
0,0.041121047
0,0.02424024
0,0.014501576
0,0.017016428
0,0.225637
0,0.0757399
0,0.2295131
0,0.3402945
0,0.066346794
0,0.32868433
0,0.4956761
0,0.33088362
0,0.39860997
0,0.09453279
0,0.2890354
0,0.45734105
0,0.23782119
0,0.1200574
0,0.21813123
0,0.16349804
0,0.06779823
0,0.32358298
0,0.12565143
0,0.25233915
0,0.25746554
0,0.08443975
0,0.2407705
0,0.21685924
0,0.24509244
0,0.48674974
0,0.16523589
0,0.13318014
0,0.37112498
0,0.110769935
0,0.3438099
0,0.33831555
0,0.16579692
0,0.11079419
0,0.26364774
0,0.33485606
0,0.38939023
0,0.3569075
0,0.085440695
0,0.34048665
0,0.2999241
0,0.39836472
0,0.341644
0,0.11330984
0,0.23531349
0,0.26024237
0,0.12900378
0,0.23529166
0,0.15214494
0,0.124829985
0,0.31152177
0,0.23922046
0,0.43975455
0,0.27745408
0,0.18739209
0,0.6773851
0,0.29364434
0,0.11041931
0,0.42998677
0,0.2836235
0,0.11259307
0,0.09521125
0,0.4066989
0,0.089356
0,0.10448232
0,0.19924974
0,0.06292336
0,0.16231395
0,0.12516502
0,0.38287544
0,0.12851027
0,0.28103983
0,0.36799532
0,0.066676915
0,0.19350143
0,0.15774848
0,0.15865745
0,0.49201134
0,0.28595906
0,0.116580516
0,0.23855264
0,0.23254085
0,0.2662122
0,0.2696654
0,0.28315604
0,0.35302493
0,0.26470903
0,0.20950653
0,0.13584787
0,0.30969703
0,0.13273725
0,0.26879913
0,0.09766093
0,0.027041938
0,0.11025696
0,0.13316193
0,0.11432215
0,0.20165434
0,0.33134893
0,0.23206416
0,0.63092667
0,0.34109113
0,0.1333243
0,0.34886047
0,0.26106513
0,0.14588103
0,0.15653643
0,0.20857032
0,0.088194266
0,0.08189248
0,0.21683772
0,0.42035627
0,0.36391717
0,0.38819215
0,0.27070543
0,0.12593004
0,0.4162647
0,0.14604034
0,0.06682275
0,0.28433442
0,0.120895825
0,0.077901
0,0.52897346
0,0.10038681
0,0.072112694
0,0.3949356
0,0.22639465
0,0.17833096
0,0.21221836
0,0.0890704
0,0.4272525
0,0.25331202
0,0.074667886
0,0.34214893
0,0.16213265
0,0.14670266
0,0.18175235
0,0.08161547
0,0.13078643
0,0.193489
0,0.105694145
0,0.3953838
0,0.21218078
0,0.15706001
0,0.38063875
0,0.70245093
0,0.052617643
0,0.21276398
0,0.16773587
0,0.066340104
0,0.17843364
0,0.30537838
0,0.17796473
0,0.5978309
0,0.10525719
0,0.3004132
0,0.4458404
0,0.30170622
0,0.42229754
0,0.11592958
0,0.08596952
0,0.29414108
0,0.06657136
0,0.2590701
0,0.18628496
0,0.19216847
0,0.3853026
0,0.471929
0,0.14165977
0,0.4227363
0,0.212137
0,0.08791168
0,0.08048279
0,0.15043382
0,0.20381507
0,0.20755543
0,0.1541337
0,0.047919296
0,0.28689814
0,0.08002081
0,0.14944762
0,0.15858442
0,0.04588222
0,0.33874822
0,0.13638437
0,0.15733653
0,0.19418044
0,0.0768012
0,0.51766044
0,0.7952741
0,0.091052756
0,0.04804197
0,0.22733425
0,0.1557771
0,0.106987424
0,0.27514476
0,0.1308224
0,0.03019513
0,0.25453326
0,0.13689859
0,0.28191063
0,0.3975922
0,0.06778979
0,0.15321068
0,0.25490382
0,0.029503835
0,0.05073255
0,0.2834372
0,0.38844973
0,0.111419566
0,0.3274986
0,0.4040118
0,0.47402677
0,0.047988523
0,0.3765024
0,0.32409728
0,0.48955846
0,0.048747126
0,0.06607286
0,0.06408466
0,0.22041206
0,0.2681724
0,0.17800386
0,0.09341344
0,0.061580718
0,0.26350796
0,0.099770464
0,0.15326099
0,0.20225877
0,0.8187595
0,0.61875623
0,0.4243777
0,0.35010645
0,0.4693106
0,0.5109594
0,0.0905415
0,0.2842118
0,0.11618169
0,0.2642853
0,0.28961498
0,0.15315886
0,0.37687817
0,0.19545446
0,0.11350484
0,0.082150444
0,0.13946392
0,0.20391993
0,0.4182044
0,0.1416015
0,0.22649817
0,0.24361062
0,0.0698542
0,0.057258777
0,0.25180787
0,0.18150683
1,0.99964523
1,1.0
1,0.9983119
1,1.0
1,1.0
1,1.0
1,1.0
1,1.0
1,1.0
1,1.0
1,1.0
1,1.0
1,1.0
1,1.0
1,1.0
1,1.0
1,1.0
1,1.0
1,1.0
1,1.0
1,1.0
1,1.0
1,1.0
1,1.0
1,1.0
1,1.0
1,0.99867815
1,1.0
1,1.0
1,1.0
1,1.0
1,0.9999995
1,1.0
1,1.0
1,0.8170436
1,1.0
1,1.0
1,1.0
1,1.0
1,1.0
1,1.0
1,1.0
1,1.0
1,1.0
1,1.0
1,1.0
1,1.0
1,0.9999999
1,1.0
1,1.0
1,1.0
1,1.0
1,1.0
1,1.0
1,1.0
1,1.0
1,1.0
1,1.0
1,1.0
1,1.0
1,1.0
1,1.0
1,1.0
1,1.0
1,1.0
1,1.0
1,1.0
1,1.0
1,0.99999976
1,1.0
1,1.0
1,1.0
1,1.0
1,1.0
1,1.0
1,1.0
1,1.0
1,1.0
1,1.0
1,1.0
1,1.0
1,1.0
1,1.0
1,1.0
1,1.0
1,1.0
1,1.0
1,0.9999999
1,1.0
1,1.0
1,1.0
1,0.99999917
1,1.0
1,1.0
1,1.0
1,1.0
1,1.0
1,1.0
1,1.0
1,0.99998903
1,1.0
1,1.0
1,1.0
1,1.0
1,1.0
1,1.0
1,1.0
1,1.0
1,1.0
1,1.0
1,0.99999976
1,1.0
1,1.0
1,1.0
1,1.0
1,1.0
1,1.0
1,1.0
1,1.0
1,0.99999976
1,1.0
1,1.0
1,1.0
1,1.0
1,1.0
1,1.0
1,1.0
1,1.0
1,1.0
1,1.0
1,1.0
1,1.0
1,0.7018856
1,1.0
1,1.0
1,1.0
1,1.0
1,1.0
1,1.0
1,1.0
1,1.0
1,1.0
1,1.0
1,1.0
1,1.0
1,1.0
1,1.0
1,0.99999976
1,1.0
1,1.0
1,1.0
1,1.0
1,1.0
1,1.0
1,1.0
1,1.0
1,1.0
1,1.0
1,1.0
1,1.0
1,1.0
1,1.0
1,0.99997747
1,1.0
1,1.0
1,0.9979165
1,1.0
1,1.0
1,1.0
1,1.0
1,1.0
1,1.0
1,1.0
1,1.0
1,1.0
1,1.0
1,1.0
1,1.0
1,1.0
1,1.0
1,1.0
1,1.0
1,1.0
1,0.9706711
1,1.0
1,1.0
1,1.0
1,1.0
1,1.0
1,1.0
1,1.0
1,1.0
1,1.0
1,1.0
1,1.0
1,1.0
1,1.0
1,1.0
1,0.9981639
1,1.0
1,1.0
1,1.0
1,1.0
1,1.0
1,1.0
1,1.0
1,1.0
1,1.0
1,1.0
1,1.0
1,1.0
1,1.0
1,1.0
1,1.0
1,1.0
1,0.9998951
1,1.0
1,1.0
1,1.0
1,1.0
1,1.0
1,1.0
1,1.0
1,1.0
1,1.0
1,1.0
1,1.0
1,1.0
1,1.0
1,1.0
1,1.0
1,1.0
1,0.9495268
1,1.0
1,1.0
1,1.0
1,1.0
1,1.0
1,1.0
1,1.0
1,1.0
1,1.0
1,1.0
1,0.99999976
1,1.0
1,1.0
1,1.0
1,1.0
1,1.0
1,1.0
1,1.0
1,1.0
1,1.0
1,1.0
1,1.0
1,1.0
1,1.0
1,1.0
1,1.0
1,1.0
1,1.0
1,1.0
1,1.0
1,0.99991906
1,0.9689942
1,1.0
1,1.0
1,1.0
1,1.0
1,1.0
1,1.0
1,1.0
1,1.0
1,1.0
1,1.0
1,1.0
1,1.0
1,1.0
1,0.99999976
1,1.0
1,1.0
1,1.0
1,1.0
1,1.0
1,1.0
1,1.0
1,1.0
1,0.9999999
1,1.0
1,1.0
1,1.0
1,1.0
1,1.0
1,1.0
1,1.0
1,1.0
1,0.9999975
1,0.9874889
1,1.0
1,1.0
1,1.0
1,1.0
1,1.0
1,1.0
1,1.0
1,1.0
1,1.0
1,1.0
1,1.0
1,1.0
1,1.0
1,0.9999999
1,1.0
1,1.0
1,0.9999999
1,1.0
1,1.0
1,1.0
1,1.0
1,1.0
1,1.0
1,1.0
1,1.0
1,0.99999964
1,1.0
1,1.0
1,1.0
1,1.0
1,1.0
1,1.0
1,0.56792235
1,1.0
1,1.0
1,1.0
1,1.0
1,1.0
1,1.0
1,1.0
1,1.0
1,1.0
1,1.0
1,1.0
1,1.0
1,1.0
1,1.0
1,1.0
1,1.0
1,1.0
1,1.0
1,1.0
1,1.0
1,1.0
1,1.0
1,1.0
1,1.0
1,1.0
1,1.0
1,1.0
1,1.0
1,1.0
1,1.0
1,1.0
1,1.0
1,0.99170554
1,1.0
1,1.0
1,1.0
1,1.0
1,1.0
1,1.0
1,1.0
1,1.0
1,0.99998343
1,1.0
1,1.0
1,1.0
1,1.0
1,1.0
1,1.0
1,1.0
1,1.0
1,1.0
1,1.0
1,1.0
1,1.0
1,1.0
1,1.0
1,1.0
1,0.99725
1,1.0
1,1.0
1,1.0
1,1.0
1,1.0
1,1.0
1,1.0
1,1.0
1,0.9998679
1,1.0
1,1.0
1,1.0
1,1.0
1,1.0
1,0.99999666
1,1.0
1,1.0
1,1.0
1,1.0
1,1.0
1,1.0
1,1.0
1,1.0
1,1.0
1,1.0
1,1.0
1,1.0
1,1.0
1,1.0
1,1.0
1,1.0
1,1.0
1,1.0
1,1.0
1,1.0
1,1.0
1,1.0
1,1.0
1,1.0
1,1.0
1,0.99997175
1,1.0
1,1.0
1,1.0
1,1.0
1,1.0
1,1.0
1,1.0
1,1.0
1,1.0
1,1.0
1,1.0
1,1.0
1,1.0
1,1.0
1,1.0
1,1.0
1,1.0
1,0.99999917
1,1.0
1,1.0
1,1.0
1,1.0
1,1.0
1,1.0
1,1.0
1,1.0
1,1.0
1,1.0
1,1.0
1,1.0
1,1.0
1,1.0
1,0.7057888
1,1.0
1,0.9968448
1,1.0
1,1.0
1,1.0
1,1.0
1,1.0
1,1.0
1,1.0
1,1.0
1,1.0
1,1.0
1,1.0
1,1.0
1,1.0
1,1.0
1,1.0
1,1.0
1,1.0
1,1.0
1,1.0
1,1.0
1,1.0
1,1.0
1,1.0
1,1.0
1,1.0
1,1.0
1,1.0
1,1.0
1,1.0
1,1.0
1,0.99991643
1,1.0
1,1.0
1,1.0
1,1.0
1,1.0
1,1.0
1,1.0
1,1.0
1,1.0
1,1.0
1,1.0
1,1.0
1,1.0
1,1.0
1,1.0
1,1.0
1,1.0
1,1.0
1,1.0
1,1.0
1,1.0
1,1.0
1,1.0
1,1.0
1,1.0
1,1.0
1,1.0
1,0.9999999
1,1.0
1,1.0
1,1.0
1,1.0
1,1.0
1,0.9760157
1,1.0
1,1.0
1,1.0
1,1.0
1,1.0
1,1.0
1,1.0
1,1.0
1,1.0
1,1.0
1,1.0
1,1.0
1,0.9999999
1,1.0
1,1.0
1,1.0
1,1.0
1,1.0
1,0.9999957
1,1.0
1,1.0
1,1.0
1,1.0
1,1.0
1,1.0
1,1.0
1,1.0
1,1.0
1,1.0
1,1.0
1,1.0
1,1.0
1,0.99092513
1,1.0
1,1.0
1,1.0
1,1.0
1,1.0
1,1.0
1,1.0
1,1.0
1,1.0
1,1.0
1,1.0
1,1.0
1,1.0
1,1.0
1,1.0
1,1.0
1,1.0
1,1.0
1,1.0
1,1.0
1,1.0
1,1.0
1,1.0
1,1.0
1,1.0
1,1.0
1,1.0
1,1.0
1,1.0
1,1.0
1,1.0
1,1.0
1,0.8228777
1,1.0
1,0.99993265
1,1.0
1,1.0
1,1.0
1,1.0
1,1.0
1,1.0
1,1.0
1,1.0
1,1.0
1,0.999223
1,1.0
1,1.0
1,1.0
1,1.0
1,1.0
1,1.0
1,1.0
1,1.0
1,1.0
1,1.0
1,1.0
1,1.0
1,1.0
1,1.0
1,1.0
1,1.0
1,1.0
1,1.0
1,1.0
1,0.9999894
1,1.0
1,1.0
1,1.0
1,1.0
1,1.0
1,1.0
1,1.0
1,0.9986803
1,1.0
1,1.0
1,1.0
1,1.0
1,1.0
1,1.0
1,1.0
1,1.0
1,1.0
1,1.0
1,1.0
1,1.0
1,1.0
1,1.0
1,1.0
1,1.0
1,1.0
1,1.0
1,1.0
1,1.0
1,1.0
1,1.0
1,1.0
1,1.0
1,0.9899122
1,0.55483246
1,1.0
1,1.0
1,1.0
1,1.0
1,1.0
1,1.0
1,1.0
1,1.0
1,1.0
1,0.99999845
1,1.0
1,1.0
1,1.0
1,1.0
1,1.0
1,1.0
1,1.0
1,1.0
1,1.0
1,1.0
1,1.0
1,1.0
1,1.0
1,1.0
1,1.0
1,1.0
1,1.0
1,1.0
1,1.0
1,1.0
1,1.0
1,1.0
1,0.99444675
1,1.0
1,1.0
1,1.0
1,1.0
1,1.0
1,1.0
1,1.0
1,1.0
1,1.0
1,1.0
1,1.0
1,0.9362668
1,1.0
1,1.0
1,1.0
1,1.0
1,1.0
1,1.0
1,1.0
1,1.0
1,0.99999976
1,1.0
1,1.0
1,1.0
1,1.0
1,1.0
1,1.0
1,1.0
1,1.0
1,1.0
1,1.0
1,1.0
1,0.75508165
1,1.0
1,1.0
1,1.0
1,1.0
1,1.0
1,1.0
1,1.0
1,1.0
1,0.99999917
1,1.0
1,1.0
1,1.0
1,1.0
1,0.99948347
1,1.0
1,1.0
1,1.0
1,1.0
1,0.9999981
1,1.0
1,1.0
1,1.0
1,1.0
1,1.0
1,1.0
1,0.99994767
1,0.99999905
1,1.0
1,1.0
1,1.0
1,1.0
1,1.0
1,1.0
1,0.92509156
1,0.9999999
1,1.0
1,1.0
1,1.0
1,1.0
1,1.0
1,1.0
1,1.0
1,1.0
1,1.0
1,1.0
1,1.0
1,1.0
1,1.0
1,1.0
1,1.0
1,1.0
1,1.0
1,1.0
1,1.0
1,1.0
1,1.0
1,1.0
1,1.0
1,1.0
1,1.0
1,0.99999917
1,1.0
1,1.0
1,1.0
1,0.9948324
0,0.49694768
0,0.6214894
0,0.27837995
0,0.016847221
0,0.096234515
0,0.010899756
0,0.019273045
0,0.0526447
0,0.041400004
0,0.07751445
0,0.04237297
0,0.15464233
0,0.11750899
0,0.06397086
0,0.06442686
0,0.048317716
0,0.047314756
0,0.0401323
0,0.044752143
0,0.04764111
0,0.10145622
0,0.12138589
0,0.07494593
0,0.3861008
0,0.8088616
0,0.421116
0,0.16429956
0,0.05021141
0,0.08021377
0,0.116897896
0,0.044031847
0,0.16301848
0,0.054783087
0,0.021268247
0,0.09129145
0,0.05769701
0,0.031231012
0,0.017534306
0,0.028355014
0,0.08511389
0,0.095201254
0,0.057059467
0,0.06297839
0,0.23444843
0,0.044248633
0,0.40456542
0,0.29980454
0,0.069668815
0,0.12027318
0,0.014914383
0,0.062154144
0,0.04130111
0,0.053700343
0,0.08000907
0,0.3448705
0,0.09504145
0,0.2961605
0,0.10452538
0,0.030149348
0,0.058266457
0,0.033796076
0,0.047670823
0,0.07387479
0,0.07495387
0,0.027365528
0,0.03043931
0,0.017325586
0,0.11107184
0,0.8907068
0,0.01607036
0,0.38409805
0,0.14613254
0,0.07736135
0,0.27462968
0,0.14122725
0,0.057993695
0,0.09074586
0,0.043992754
0,0.05507637
0,0.067764595
0,0.022518577
0,0.050008133
0,0.041356448
0,0.015010413
0,0.27616706
0,0.013626777
0,0.021715898
0,0.13093676
0,0.06592896
0,0.034597714
0,0.6323317
0,0.3543097
0,0.033326145
0,0.05652443
0,0.033612795
0,0.024046965
0,0.051589042
0,0.25272036
0,0.06756324
0,0.09868787
0,0.024349237
0,0.25892204
0,0.1933129
0,0.027826242
0,0.09761786
0,0.03715087
0,0.017661184
0,0.05596383
0,0.034363933
0,0.05725248
0,0.033402402
0,0.010813526
0,0.06521192
0,0.9581299
0,0.041634563
0,0.10015045
0,0.10733413
0,0.07246297
0,0.07161839
0,0.37322962
0,0.028162947
0,0.10195794
0,0.0600014
0,0.028396249
0,0.20548403
0,0.041848745
0,0.06216365
0,0.16289257
0,0.060725816
0,0.04712316
0,0.03095978
0,0.036052607
0,0.10315057
0,0.1399508
0,0.05387596
0,0.48139444
0,0.48667756
0,0.012744792
0,0.020152098
0,0.07612339
0,0.03288175
0,0.104305595
0,0.12348822
0,0.43041697
0,0.057865214
0,0.029743968
0,0.021288136
0,0.26285222
0,0.039965957
0,0.04296755
0,0.020697605
0,0.009529184
0,0.101068094
0,0.017851273
0,0.016464338
0,0.01773924
0,0.03723449
0,0.15014192
0,0.8257341
0,0.08471923
0,0.021091076
0,0.05661148
0,0.019903524
0,0.04741883
0,0.09471462
0,0.06419599
0,0.030982444
0,0.020079723
0,0.016089085
0,0.05792925
0,0.32879886
0,0.11540393
0,0.06438546
0,0.018953519
0,0.19206771
0,0.06818428
0,0.17619279
0,0.048920088
0,0.00858799
0,0.014583326
0,0.49158806
0,0.07565525
0,0.063119374
0,0.059005685
0,0.04353386
0,0.087755844
0,0.20368499
0,0.029365899
0,0.03224879
0,0.028199969
0,0.03544353
0,0.18070732
0,0.07755676
0,0.022719057
0,0.02329774
0,0.02844225
0,0.017751265
0,0.18060458
0,0.09265002
0,0.081850044
0,0.017660208
0,0.030509524
0,0.32910618
0,0.45080653
0,0.100606084
0,0.15463698
0,0.02528686
0,0.022334157
0,0.033018667
0,0.040030625
0,0.03180979
0,0.027631022
0,0.11266269
0,0.024226068
0,0.17919734
0,0.2741997
0,0.024588121
0,0.018728413
0,0.012681705
0,0.08224171
0,0.05263624
0,0.07061191
0,0.034407057
0,0.029879548
0,0.025431186
0,0.14507854
0,0.45955116
0,0.32521507
0,0.09800567
0,0.16399674
0,0.020812271
0,0.08899541
0,0.07445668
0,0.2519713
0,0.021850264
0,0.016410312
0,0.0098173
0,0.049574282
0,0.04463929
0,0.048467055
0,0.020737749
0,0.020102555
0,0.04218272
0,0.12787135
0,0.037642356
0,0.042112295
0,0.03999251
0,0.4792027
0,0.15419361
0,0.18776356
0,0.020809958
0,0.027691627
0,0.021325484
0,0.04044342
0,0.12756307
0,0.042496156
0,0.033600885
0,0.021884415
0,0.05598392
0,0.20862392
0,0.09236221
0,0.05469799
0,0.027348341
0,0.034916297
0,0.06258188
0,0.027909577
0,0.033387095
0,0.017976409
0,0.014679841
0,0.40204445
0,0.094861865
0,0.011681217
0,0.0311496
0,0.01787965
0,0.017022029
0,0.24130024
0,0.0677173
0,0.029737908
0,0.023353962
0,0.041835345
0,0.04570546
0,0.1539783
0,0.01772821
0,0.09121423
0,0.016253397
0,0.1310337
0,0.03893736
0,0.041488517
0,0.042117525
0,0.020538816
0,0.008006667
0,0.89784575
0,0.035623632
0,0.03207653
0,0.012920285
0,0.06827058
0,0.033748757
0,0.069129296
0,0.03206198
0,0.03254538
0,0.010307056
0,0.006361925
0,0.06941534
0,0.026631968
0,0.017941896
0,0.0122989435
0,0.015570844
0,0.06462853
0,0.08090328
0,0.030423526
0,0.037773144
0,0.031060746
0,0.051294036
0,0.53952116
0,0.050264638
0,0.03527585
0,0.018712703
0,0.019958304
0,0.012987117
0,0.07099303
0,0.12516478
0,0.04725652
0,0.0082313195
0,0.008486708
0,0.13995695
0,0.087620355
0,0.05355225
0,0.03198799
0,0.02180117
0,0.033808332
0,0.08317227
0,0.035155118
0,0.0109291915
0,0.015964784
0,0.0087188445
0,0.49943736
0,0.48565486
0,0.06124902
0,0.4196461
0,0.05109787
0,0.00972252
0,0.12441386
0,0.049386334
0,0.010932706
0,0.03216172
0,0.014326326
0,0.022732805
0,0.15436363
0,0.025218057
0,0.020647716
0,0.008159316
0,0.014512216
0,0.13837326
0,0.02161119
0,0.059269577
0,0.0099592
0,0.118546896
0,0.50097525
0,0.055597726
0,0.022317683
0,0.021330386
0,0.011809486
0,0.021803578
0,0.07445879
0,0.0457573
0,0.062391277
0,0.008203573
0,0.060513698
0,0.027128767
0,0.19041511
0,0.06654802
0,0.03159415
0,0.016058255
0,0.016007982
0,0.080471985
0,0.119742066
0,0.028167924
0,0.01970918
0,0.021083187
0,0.52615863
0,0.098252416
0,0.07446954
0,0.049422413
0,0.022099704
0,0.04319225
0,0.019661602
0,0.082704864
0,0.020747788
0,0.035857156
0,0.010177346
0,0.015102446
0,0.08293922
0,0.05340846
0,0.04045765
0,0.012788707
0,0.14127555
0,0.04926437
0,0.11943671
0,0.04087016
0,0.08078453
0,0.028725538
0,0.26514584
0,0.22622594
0,0.0478822
0,0.041497737
0,0.018417533
0,0.024826346
0,0.023219151
0,0.056561496
0,0.07691394
0,0.042511925
0,0.024861038
0,0.027408242
0,0.008019953
0,0.1222093
0,0.029691547
0,0.022614434
0,0.016739247
0,0.016567146
0,0.043990623
0,0.022964004
0,0.023927543
0,0.008385506
0,0.019345067
0,0.78533727
0,0.022994583
0,0.04743642
0,0.030270813
0,0.018659595
0,0.017869808
0,0.021208327
0,0.06295197
0,0.09877363
0,0.015445379
0,0.018133009
0,0.015946113
0,0.04446254
0,0.13474442
0,0.46448353
0,0.024475763
0,0.008919153
0,0.010689344
0,0.10886318
0,0.061795577
0,0.065722734
0,0.08580139
0,0.21802072
0,0.012619602
0,0.043074686
0,0.011372549
0,0.050537813
0,0.048355483
0,0.011335205
0,0.029726345
0,0.10647183
0,0.040414877
0,0.035085414
0,0.017793978
0,0.011042606
0,0.07760604
0,0.028868802
0,0.023259105
0,0.015407036
0,0.016240615
0,0.023898972
0,0.034341276
0,0.01836185
0,0.02685613
0,0.011740345
0,0.6554683
0,0.010969107
0,0.0154948365
0,0.04097719
0,0.021384344
0,0.014944354
0,0.029600328
0,0.24103284
0,0.02103685
0,0.032496247
0,0.026221115
0,0.014805112
0,0.06289714
0,0.061494593
0,0.015586794
0,0.08202979
0,0.02385312
0,0.010476626
0,0.07855046
0,0.038989738
0,0.033865023
0,0.2817613
0,0.011023995
0,0.011618228
0,0.018413095
0,0.09159855
0,0.042641543
0,0.0336289
0,0.030484756
0,0.039099798
0,0.092387386
0,0.115111075
0,0.012939654
0,0.018815344
0,0.018431969
0,0.08478667
0,0.045559563
0,0.012229847
0,0.017785205
0,0.013356072
0,0.053815242
0,0.02999938
0,0.008281797
0,0.013404049
0,0.6989182
0,0.01773085
0,0.08883831
0,0.023500593
0,0.0274971
0,0.005190739
0,0.046410874
0,0.05902095
0,0.029477116
0,0.012613262
0,0.013964657
0,0.019759154
0,0.012755075
0,0.017345445
0,0.023782894
0,0.026072064
0,0.013835975
0,0.030223433
0,0.080663055
0,0.04367557
0,0.0036086095
0,0.022818506
0,0.44514802
0,0.018506987
0,0.06161047
0,0.011718141
0,0.021188283
0,0.0074858153
0,0.018416697
0,0.07919763
0,0.04120066
0,0.26695344
0,0.0075003165
0,0.038696267
0,0.010519856
0,0.012527667
0,0.06991111
0,0.022677679
0,0.013485495
0,0.013691467
0,0.043756194
0,0.07184545
0,0.010860952
0,0.028077103
0,0.6854473
0,0.012665181
0,0.031128004
0,0.04285789
0,0.0640886
0,0.03083468
0,0.015103445
0,0.022520073
0,0.032451767
0,0.020179486
0,0.01940684
0,0.026818976
0,0.018295033
0,0.06219989
0,0.025969634
0,0.05573751
0,0.020286746
0,0.014342617
0,0.08928072
0,0.05194349
0,0.027325306
0,0.07504118
0,0.5693439
0,0.041655354
0,0.030220484
0,0.032594495
0,0.02484606
0,0.03401536
0,0.0153776035
0,0.007744397
0,0.04341024
0,0.07362552
0,0.048385423
0,0.01927895
0,0.020004226
0,0.04881287
0,0.10786113
0,0.014039951
0,0.027576508
0,0.008880421
0,0.015477992
0,0.08134662
0,0.022640914
0,0.020599583
0,0.34758556
0,0.42252198
0,0.0121895205
0,0.042695947
0,0.06758397
0,0.015863702
0,0.021678474
0,0.03595288
0,0.037916213
0,0.0651986
0,0.035711788
0,0.019040717
0,0.01587514
0,0.021843564
0,0.023563404
0,0.06506527
0,0.01742423
0,0.015013733
0,0.018771002
0,0.04880164
0,0.12836881
0,0.14874135
0,0.072187126
0,0.5169895
0,0.01951291
0,0.029229661
0,0.025119662
0,0.03395238
0,0.008476394
0,0.0870629
0,0.012665646
0,0.038386986
0,0.016910499
0,0.06741927
0,0.02297027
0,0.030465147
0,0.059299193
0,0.017189505
0,0.014280357
0,0.005551141
0,0.0128582865
0,0.23336995
0,0.3769063
0,0.06987628
0,0.44125757
0,0.6912639
0,0.33191767
0,0.10046728
0,0.325267
0,0.5432432
0,0.38194954
0,0.2998643
0,0.14888242
0,0.23259445
0,0.28809875
0,0.11793817
0,0.15104577
0,0.15826088
0,0.18758844
0,0.19081613
0,0.09357172
0,0.2667408
0,0.48553923
0,0.33255816
0,0.18720391
0,0.35247314
0,0.4291547
0,0.5128125
0,0.28225416
0,0.3938508
0,0.15580805
0,0.05683266
0,0.3499921
0,0.37511346
0,0.21819614
0,0.26193362
0,0.42309475
0,0.30478245
0,0.37369132
0,0.21154654
0,0.23586676
0,0.33686927
0,0.28079864
0,0.08434152
0,0.12936153
0,0.17857575
0,0.11771468
0,0.2627367
0,0.5224156
0,0.5125966
0,0.4097961
0,0.11199059
0,0.122812666
0,0.16677795
0,0.12924238
0,0.16515568
0,0.40006167
0,0.046921782
0,0.48015076
0,0.08493889
0,0.07060789
0,0.17489184
0,0.07888398
0,0.2939457
0,0.4996019
0,0.36073706
0,0.37577483
0,0.105327435
0,0.08768316
0,0.4303649
0,0.49535072
0,0.49378905
0,0.32240972
0,0.14083731
0,0.0936574
0,0.22899458
0,0.38993183
0,0.14055632
0,0.21485442
0,0.366776
0,0.26817802
0,0.08205565
0,0.16690724
0,0.39451414
0,0.074963346
0,0.10370629
0,0.34067145
0,0.10764791
0,0.92149687
0,0.26081535
0,0.24348971
0,0.19676647
0,0.092691585
0,0.881653
0,0.3115201
0,0.09971309
0,0.3447726
0,0.32442406
0,0.1122313
0,0.12609413
0,0.49005967
0,0.05391839
0,0.20263293
0,0.22117901
0,0.050833695
0,0.20924088
0,0.10565798
0,0.14989877
0,0.38131985
0,0.10416409
0,0.34306216
0,0.10231607
0,0.41436487
0,0.3651126
0,0.41326156
0,0.67045027
0,0.33393434
0,0.06766157
0,0.07265211
0,0.2853908
0,0.08005564
0,0.556567
0,0.058418684
0,0.050925653
0,0.18657047
0,0.27963176
0,0.21042283
0,0.20837298
0,0.19019371
0,0.08154732
0,0.44244292
0,0.17386965
0,0.26861802
0,0.10601265
0,0.11338828
0,0.24112938
0,0.075455986
0,0.5141601
0,0.07775145
0,0.25662196
0,0.045120336
0,0.4095026
0,0.163639
0,0.19422641
0,0.1796441
0,0.08936143
0,0.15505065
0,0.3246242
0,0.055779
0,0.22649522
0,0.28838736
0,0.2617021
0,0.17917967
0,0.123547
0,0.19657439
0,0.1432615
0,0.280134
0,0.07107573
0,0.2772718
0,0.9090063
0,0.10468738
0,0.18617848
0,0.073483296
0,0.22793525
0,0.1104177
0,0.09783631
0,0.15199278
0,0.06729638
0,0.19812675
0,0.05384752
0,0.03642152
0,0.45251516
0,0.10505442
0,0.124534525
0,0.18284269
0,0.42275938
0,0.28429195
0,0.070335396
0,0.08801526
0,0.09625692
0,0.10971684
0,0.51847684
0,0.10784663
0,0.2480717
0,0.2811556
0,0.3397555
0,0.22698614
0,0.30626684
0,0.33627763
0,0.18409735
0,0.1987296
0,0.13963893
0,0.13194022
0,0.2859402
0,0.2020394
0,0.10884787
0,0.19124754
0,0.081838146
0,0.13746282
0,0.062367417
0,0.041847616
0,0.28287446
0,0.16024528
0,0.8671311
0,0.24336165
0,0.20506899
0,0.13345982
0,0.11352963
0,0.4781745
0,0.16539319
0,0.029575445
0,0.49793693
0,0.10067793
0,0.026970593
0,0.085667945
0,0.17682184
0,0.39496726
0,0.23151028
0,0.2119121
0,0.05870154
0,0.5611668
0,0.18241201
0,0.11661083
0,0.0976421
0,0.08364787
0,0.48748076
0,0.178701
0,0.16717248
0,0.122532435
0,0.46986938
0,0.07999296
0,0.29691067
0,0.030452853
0,0.32403615
0,0.04834274
0,0.10172984
0,0.20052314
0,0.07210474
0,0.110464826
0,0.06526553
0,0.049012408
0,0.11068749
0,0.0370809
0,0.04700282
0,0.09210421
0,0.32337862
0,0.3552597
0,0.7986866
0,0.105869874
0,0.07481502
0,0.25842208
0,0.072192885
0,0.34995046
0,0.0477715
0,0.12526405
0,0.17262605
0,0.1425016
0,0.027003685
0,0.3804581
0,0.034286495
0,0.20810646
0,0.18057042
0,0.27800354
0,0.24109477
0,0.1637567
1,0.5646921
1,0.7871303
0,0.41050693
1,0.04757671
1,0.9658454
1,0.5043729
0,0.651803
0,0.44097838
1,0.2069179
1,0.967653
0,0.14873406
0,0.104134336
1,0.58008856
1,0.7151083
0,0.2736453
0,0.20894498
1,0.8696539
1,0.5527655
0,0.12903947
1,0.1891871
1,0.98110163
1,0.7235119
0,0.11753997
1,0.25539097
1,0.89017457
0,0.08207702
0,0.34062913
1,0.45060816
1,0.9683707
0,0.076769836
1,0.04666439
1,0.9268871
1,0.1750352
0,0.08097619
1,0.47151434
1,0.8701528
0,0.980379
0,0.19828467
0,0.05909777
1,0.7020728
1,0.6830067
0,0.28287157
1,0.09437283
1,0.9107449
0,0.16608283
0,0.04977878
1,0.6849356
1,0.8556489
0,0.13286237
0,0.14231932
1,0.40047023
1,0.8318574
0,0.056224216
0,0.40871704
1,0.3385211
1,0.9605519
0,0.39331123
0,0.20118694
1,0.63519675
1,0.9609498
0,0.095513254
0,0.21871091
1,0.7284045
1,0.59316057
0,0.041410055
0,0.57014585
0,0.44226032
1,0.9725912
1,0.52405614
0,0.076322086
1,0.11022638
1,0.90851283
0,0.0741174
0,0.1985978
1,0.63540125
1,0.95388633
0,0.3525973
0,0.16456644
1,0.60551846
1,0.6829268
0,0.12181609
0,0.4426934
1,0.9169573
1,0.77344066
0,0.15859205
1,0.64624345
1,0.92888147
0,0.09582354
0,0.11740695
1,0.61226434
1,0.8440109
0,0.08896337
0,0.16060136
1,0.5562288
1,0.6344912
0,0.4155909
0,0.630293
1,0.44544443
1,0.97570604
1,0.5561459
0,0.087431
1,0.35622752
1,0.9661547
0,0.06763973
0,0.21534868
1,0.96148294
1,0.92465776
0,0.46269405
0,0.09075193
1,0.63275206
1,0.60732806
0,0.06493194
1,0.17298152
1,0.87982297
1,0.5045845
0,0.4457531
1,0.09331033
1,0.9417371
1,0.2703418
0,0.4416898
1,0.27085352
1,0.95748645
0,0.06757201
0,0.30256942
1,0.5322165
1,0.79025346
0,0.542736
0,0.12788123
0,0.06303746
1,0.67810327
1,0.68421257
0,0.15586205
1,0.08425802
1,0.9076644
0,0.32042697
0,0.20311739
1,0.5463705
1,0.9713504
0,0.39589465
0,0.06050407
1,0.48317188
1,0.8292524
0,0.07568065
0,0.114361845
1,0.5932076
1,0.6953
0,0.08564698
0,0.02027351
1,0.92075723
1,0.51755714
0,0.0440458
1,0.33982453
1,0.9491953
0,0.084842116
0,0.10606492
0,0.80123377
1,0.8029007
1,0.80232924
0,0.10561793
1,0.061271645
1,0.9723765
1,0.5527258
0,0.31136304
1,0.0988632
1,0.9474312
1,0.5196049
0,0.061823193
1,0.3427597
1,0.9016084
0,0.034904283
0,0.094991036
1,0.5757617
1,0.8103787
0,0.19094543
0,0.060111757
1,0.5418647
1,0.8052237
0,0.3290698
0,0.13483801
1,0.8868305
1,0.78628945
0,0.1884591
1,0.12594907
1,0.94013876
1,0.5313063
0,0.2743091
0,0.5385556
1,0.12510896
1,0.9664943
0,0.07090226
0,0.06180395
1,0.36148688
1,0.9041411
0,0.07779221
0,0.04701356
1,0.6568839
1,0.8283818
0,0.1719141
0,0.43485
1,0.82600707
1,0.54543275
0,0.4824938
0,0.03631755
1,0.61006457
1,0.9911182
0,0.093469754
1,0.16814394
1,0.93331355
0,0.065798916
0,0.047467984
1,0.43858454
1,0.8353757
0,0.039973725
0,0.33765736
1,0.50394535
1,0.64869654
0,0.55089986
0,0.46807468
0,0.061408073
1,0.9946388
1,0.79420173
0,0.052633956
1,0.1584916
1,0.93727994
0,0.057023127
0,0.16550292
1,0.17132807
1,0.88701093
0,0.032642193
0,0.1098141
1,0.6128029
1,0.5817928
0,0.03973751
0,0.10385119
1,0.90444547
1,0.86100805
0,0.13198698
1,0.18900575
1,0.8670541
1,0.52625746
0,0.08779232
1,0.68318796
1,0.8978217
0,0.3074515
0,0.06962374
1,0.08426773
1,0.84988093
1,0.721462
0,0.119520456
0,0.05043053
1,0.9706659
1,0.61948925
0,0.119032115
0,0.106733635
1,0.66186816
1,0.45627776
0,0.41887975
1,0.30526513
1,0.9427898
1,0.5791792
0,0.06087544
1,0.1645413
1,0.95724446
0,0.08880392
0,0.16555886
1,0.48212862
1,0.8856163
0,0.09906543
0,0.026186334
1,0.6925531
1,0.79581136
0,0.08607054
1,0.034811664
1,0.9467454
1,0.5335914
0,0.05881148
0,0.41768134
1,0.6453257
1,0.96047634
0,0.11563846
0,0.090232894
1,0.5237492
1,0.80067974
0,0.3295632
0,0.047373176
1,0.9134205
1,0.47878233
0,0.023614394
1,0.5287612
1,0.8895202
0,0.10486663
0,0.019471118
1,0.66192424
1,0.8982171
0,0.06448214
0,0.033522654
1,0.6721826
1,0.59281135
0,0.06955417
1,0.13756397
1,0.9586368
1,0.46348983
0,0.16478963
1,0.17325778
1,0.9427342
0,0.0920689
0,0.50753945
0,0.470023
1,0.7264086
1,0.68391556
0,0.06603623
0,0.12245774
1,0.56613326
1,0.60568744
0,0.06497626
1,0.3736769
1,0.97350955
0,0.11276614
0,0.14739567
1,0.3787929
1,0.85275143
0,0.11179416
0,0.10815607
1,0.740838
1,0.93944913
0,0.098386444
0,0.12201143
1,0.5100528
1,0.99128294
0,0.082920074
0,0.2108302
1,0.63580096
1,0.7602426
0,0.1310992
1,0.06246206
1,0.88111633
1,0.48372477
0,0.42740253
0,0.121581286
1,0.46440753
1,0.9024324
0,0.084723905
0,0.24037948
1,0.545232
1,0.9689859
0,0.06173489
0,0.16510202
1,0.5659039
1,0.84252393
0,0.05330847
1,0.21888451
1,0.87384677
1,0.60441864
0,0.062201295
1,0.059703887
1,0.9496586
1,0.49063247
0,0.24081795
1,0.08409739
1,0.91479284
1,0.25677234
0,0.050802704
1,0.58174187
1,0.83973294
0,0.026935041
0,0.15223698
1,0.6689842
1,0.84068364
0,0.4885908
0,0.27093923
1,0.095781766
1,0.9772863
0,0.04532012
0,0.09557084
1,0.6254184
1,0.79006183
0,0.09254388
0,0.07656745
1,0.47001153
1,0.97159165
0,0.43852565
1,0.103167415
1,0.89823717
1,0.16010025
0,0.09770186
1,0.17603359
1,0.95864844
0,0.14072779
0,0.07016893
1,0.2570427
1,0.85975164
0,0.12790835
0,0.12154074
1,0.6221755
1,0.9328631
0,0.06155632
0,0.3902142
1,0.5022095
1,0.89065313
0,0.029689364
0,0.12279705
1,0.23063499
1,0.91091067
0,0.28110516
0,0.04335407
1,0.5264423
1,0.91430885
0,0.26429433
0,0.3810657
1,0.7173699
1,0.8171088
0,0.1652303
1,0.053865097
1,0.9438844
0,0.072782375
0,0.14726554
1,0.02575205
1,0.79860324
1,0.39189354
0,0.052548576
1,0.51581687
1,0.7476091
0,0.21958056
1,0.09345848
1,0.9641911
1,0.40511125
0,0.52428883
0,0.50874364
1,0.64862484
1,0.81518674
0,0.056493677
0,0.029874962
1,0.9384736
1,0.57510984
0,0.047770742
1,0.049975127
1,0.73177433
1,0.51686126
0,0.12457301
1,0.08631114
1,0.9894069
0,0.083867006
0,0.34939104
1,0.7737415
1,0.7642441
0,0.0653288
0,0.042205576
1,0.61979926
1,0.6686134
0,0.06748158
1,0.188885
1,0.851616
1,0.066831864
0,0.027503146
1,0.4492959
1,0.903347
0,0.37600377
0,0.3689925
0,0.01856848
1,0.91442907
1,0.61290026
0,0.0739002
0,0.16943246
1,0.68114483
1,0.7047085
0,0.09763361
1,0.058471873
1,0.9523057
1,0.17934342
0,0.061208528
1,0.25359583
1,0.98021996
0,0.08935309
0,0.055045776
1,0.7547199
1,0.5530101
0,0.14318618
1,0.034446362
1,0.94525063
1,0.5212521
0,0.49190527
0,0.025169387
1,0.6987637
1,0.52669585
0,0.26728833
1,0.420515
1,0.8857154
1,0.7417254
0,0.058717642
0,0.1321899
1,0.5342228
1,0.886408
0,0.27043608
1,0.122108474
1,0.9827027
1,0.41073263
0,0.04178459
1,0.363789
1,0.8981124
0,0.075588875
1,0.049745966
1,0.9635485
1,0.38009435
0,0.39687362
1,0.12332803
1,0.94134766
0,0.077050276
0,0.24924974
1,0.8308772
1,0.818564
0,0.091340385
0,0.10324769
1,0.6058806
1,0.60615396
0,0.098413184
0,0.5970044
1,0.5849177
1,0.99884534
1,0.7395547
0,0.049913693
1,0.5047415
1,0.93727946
1,0.48676014
0,0.2517639
0,0.07521868
1,0.93432367
1,0.8936207
0,0.022764692
1,0.22510836
1,0.90703255
0,0.20198686
0,0.18871789
1,0.58037716
1,0.92669255
0,0.06961915
0,0.062619574
1,0.32129973
1,0.7511738
0,0.08547394
0,0.09377361
1,0.94607013
1,0.6445389
0,0.12607196
0,0.07486926
1,0.79407024
1,0.8877266
0,0.11382948
0,0.63725555
1,0.04334269
1,0.94872546
1,0.3376871
0,0.0362264
1,0.11593264
1,0.8447994
0,0.05952784
0,0.018083762
1,0.86325145
1,0.4876642
0,0.042929284
1,0.07936268
1,0.9611234
1,0.60624325
0,0.095415376
1,0.77626103
1,0.8338179
0,0.14727305
0,0.02542669
1,0.8430362
1,0.5714408
0,0.40223873
1,0.04376492
1,0.88724184
1,0.30081755
0,0.06230715
1,0.032482762
1,0.9629673
0,0.31870052
0,0.4913707
0,0.033122838
1,0.8193317
1,0.78201944
0,0.09166868
0,0.12520525
1,0.67687255
1,0.78374606
0,0.09572157
1,0.04887336
1,0.94529027
1,0.28210133
0,0.043217953
1,0.13433932
1,0.9664293
0,0.056496643
0,0.058918685
1,0.45491648
1,0.8621085
0,0.033368815
0,0.07790772
1,0.5992284
1,0.8360423
0,0.07452854
1,0.08461315
1,0.9475976
0,0.3915036
0,0.12938018
1,0.09482259
1,0.93634987
1,0.83061653
0,0.033590827
0,0.023960518
1,0.6664327
1,0.609669
0,0.03220276
0,0.20452777
1,0.8316951
1,0.4292459
0,0.026774198
1,0.15336186
1,0.8832036
1,0.0928749
0,0.036640894
1,0.19212155
1,0.966205
0,0.02536352
0,0.10272882
1,0.96296096
1,0.7533472
0,0.022268217
0,0.17020082
1,0.9672848
1,0.6613317
0,0.025110524
1,0.072794765
1,0.92124844
1,0.1087308
0,0.020321017
0,0.48934358
1,0.1592628
1,0.9443514
0,0.066236995
0,0.20868194
1,0.641347
1,0.64002514
0,0.04458431
1,0.2228621
1,0.9386961
0,0.037834167
0,0.09309826
1,0.8230232
1,0.56607556
0,0.014819907
1,0.100270964
1,0.9512233
1,0.26030073
0,0.047979467
1,0.5505016
1,0.8631728
0,0.026308363
0,0.022490392
1,0.52753013
1,0.7722669
0,0.07419435
1,0.38114208
1,0.94133204
0,0.44767594
0,0.7353079
0,0.1984452
1,0.2659404
1,0.89976156
0,0.08337967
0,0.091094166
1,0.6529679
1,0.65985435
0,0.06015021
0,0.01472393
1,0.59546006
1,0.49295005
0,0.020378167
1,0.049011804
1,0.9364275
1,0.15030763
0,0.07485483
1,0.529046
1,0.94265217
0,0.079390176
0,0.03170192
1,0.4875134
1,0.8732028
0,0.057860162
0,0.13820766
1,0.69329613
1,0.7912442
0,0.044242725
0,0.14504011
1,0.55468464
1,0.8829908
0,0.4575832
0,0.17477715
1,0.050339818
1,0.9571442
0,0.011829074
0,0.21439397
1,0.54431725
1,0.838846
0,0.22923481
0,0.18494475
1,0.9141834
1,0.64524615
0,0.12673777
0,0.06970798
1,0.74912226
1,0.5868007
0,0.025199413
1,0.23933738
1,0.9419097
0,0.02454727
0,0.11006441
1,0.50698847
1,0.6933935
0,0.02784686
0,0.036426272
0,0.27933893
0,0.29441983
1,0.32806838
1,0.7669108
0,0.78664345
0,0.12633266
0,0.06548869
1,0.7370102
1,0.5155304
0,0.020809676
0,0.0831068
1,0.9646148
1,0.35443485
0,0.12941429
1,0.05888985
1,0.9775235
1,0.3930907
0,0.030305315
1,0.62680006
1,0.83411944
0,0.0575829
0,0.088999376
1,0.45070133
1,0.8494697
0,0.18492986
0,0.17578822
1,0.5023232
1,0.7703386
0,0.093837194
1,0.06659396
1,0.9545237
1,0.37478286
0,0.048172474
0,0.47815838
1,0.5078899
1,0.7863018
0,0.32503358
0,0.058044538
1,0.25329477
1,0.9316032
0,0.011959086
0,0.081771426
1,0.62385696
1,0.6469756
0,0.08487017
0,0.04913702
1,0.9245508
1,0.69351506
0,0.07935009
0,0.055366714
1,0.5289479
1,0.5911156
0,0.15513423
1,0.12762162
1,0.9309456
0,0.03133861
0,0.033122547
1,0.5542499
1,0.58152366
0,0.06128514
0,0.26080984
1,0.74497885
1,0.51862967
0,0.1882532
0,0.72508407
1,0.18640292
1,0.92055666
0,0.079119734
0,0.018150978
1,0.37122056
1,0.8875007
0,0.05713956
0,0.03730659
1,0.44085884
1,0.7671056
0,0.040418983
0,0.033615217
1,0.6134506
1,0.55539596
0,0.047092073
1,0.032600813
1,0.89120555
1,0.5811251
0,0.095419966
1,0.3616444
1,0.9138447
0,0.14062719
0,0.03638892
1,0.5095051
1,0.844923
0,0.041640203
0,0.09417233
1,0.8456809
1,0.4788742
0,0.45551
0,0.03706203
1,0.03354651
1,0.9610469
0,0.22783026
0,0.094961286
1,0.55935687
1,0.8966745
0,0.13282835
0,0.043869723
1,0.536762
1,0.77755654
0,0.040695213
0,0.037978135
1,0.64633894
1,0.6292465
0,0.059697382
1,0.033965517
1,0.9698733
1,0.21746859
0,0.025556557
1,0.46823415
1,0.91452694
0,0.087304816
0,0.027744558
1,0.2560267
1,0.96727645
0,0.16788575
0,0.046477042
1,0.49583635
1,0.9191606
1,0.5363333
0,0.013578758
0,0.048443418
1,0.9210361
1,0.81895834
0,0.02608481
1,0.053305294
1,0.97913855
1,0.24105586
0,0.01595859
1,0.32876137
1,0.764197
0,0.014718535
0,0.058891043
1,0.5226359
1,0.71445507
0,0.050462853
0,0.28627455
1,0.87146497
1,0.7479119
0,0.039161988
1,0.070705585
1,0.8190024
1,0.43103155
0,0.034204144
1,0.09545045
1,0.9800259
1,0.20262189
0,0.08735881
0,0.44124228
1,0.15609913
1,0.9021931
0,0.0936927
0,0.17784417
1,0.37950915
1,0.95464224
0,0.10361819
0,0.050588995
1,0.24963091
1,0.9519647
0,0.017242875
0,0.053132027
1,0.24960728
1,0.89049983
0,0.08450541
0,0.03379111
1,0.64064264
1,0.7266533
0,0.028293448
0,0.08925955
1,0.8612425
1,0.4503875
0,0.020632427
1,0.01873597
1,0.8892129
1,0.17347924
0,0.16781795
1,0.13534784
1,0.85608166
0,0.11723824
0,0.72719866
0,0.049523443
1,0.52665657
1,0.47690347
0,0.11735804
0,0.106842816
1,0.90479374
1,0.89271474
0,0.026749223
1,0.056768805
1,0.65767944
0,0.020395936
0,0.1188517
1,0.6114681
1,0.79803
0,0.31156522
0,0.046736773
1,0.31435126
1,0.60838604
0,0.10227653
0,0.15375371
1,0.5120041
1,0.85576606
0,0.08023439
0,0.15596342
1,0.121181466
1,0.84638894
0,0.1310879
0,0.36287284
1,0.7632594
1,0.5258301
0,0.5389086
0,0.065978676
1,0.46662796
1,0.705118
0,0.17507316
0,0.1284971
1,0.6259343
1,0.7822052
0,0.025431847
0,0.03468671
1,0.5013035
1,0.582008
0,0.15841623
1,0.087592416
1,0.82366127
1,0.096440434
0,0.016020238
0,0.020435244
1,0.8927229
1,0.31690657
0,0.16986771
1,0.13629986
1,0.94181174
1,0.39300808
0,0.059349243
1,0.035751104
1,0.89406645
1,0.4535168
0,0.07739179
1,0.2886454
1,0.86051357
0,0.2734947
0,0.02613356
0,0.031104198
1,0.60184354
1,0.4851944
0,0.3019671
1,0.21184184
1,0.9170765
1,0.36633965
0,0.05032234
1,0.032381758
1,0.82089293
1,0.29280752
0,0.048703484
1,0.064510174
1,0.84176576
1,0.105972335
0,0.023527632
1,0.011023626
1,0.7199642
1,0.4850323
0,0.100818604
1,0.031652447
1,0.92569286
0,0.03084203
0,0.04122426
1,0.76621485
1,0.7940283
0,0.344868
0,0.103665076
1,0.5414882
1,0.89796764
1,0.12731895
0,0.047761936
0,0.013934957
0,0.07960029
0,0.05941436
0,0.03484425
0,0.029729916
0,0.023405127
0,0.02761893
0,0.44372272
0,0.33712834
0,0.08041386
0,0.011472463
0,0.012076918
0,0.08646915
0,0.07054421
0,0.05182972
0,0.031698596
0,0.016715366
0,0.022293158
0,0.10507123
0,0.09653689
0,0.017319173
0,0.020227456
0,0.02187136
0,0.1257516
0,0.21615426
0,0.0673977
0,0.04146234
0,0.05092843
0,0.021076255
0,0.19315153
0,0.039648533
0,0.032623015
0,0.013943438
0,0.013325279
0,0.019907271
0,0.24132143
0,0.08851604
0,0.12876007
0,0.046664815
0,0.017496707
0,0.072708465
0,0.05466146
0,0.44914374
0,0.16395074
0,0.035490524
0,0.015977936
0,0.06601058
0,0.020149056
0,0.014109507
0,0.01688989
0,0.016131388
0,0.06175842
0,0.19975376
0,0.095361106
0,0.1237841
0,0.024784258
0,0.01921095
0,0.1437489
0,0.052432396
0,0.036404155
0,0.02109027
0,0.025408482
0,0.016814215
0,0.04091246
0,0.5698486
0,0.053989872
0,0.03605254
0,0.012396453
0,0.04858096
0,0.059726615
0,0.19529343
0,0.020321092
0,0.02600334
0,0.010279405
0,0.04880489
0,0.035446025
0,0.031338815
0,0.027200392
0,0.020029841
0,0.15597898
0,0.038791295
0,0.032290813
0,0.062447086
0,0.059609804
0,0.06653353
0,0.036961
0,0.53546166
0,0.020530807
0,0.009478114
0,0.016440256
0,0.063122116
0,0.047816303
0,0.015484475
0,0.023755234
0,0.010669273
0,0.036349498
0,0.050996546
0,0.03594571
0,0.032915536
0,0.032320686
0,0.050541602
0,0.083640434
0,0.094105236
0,0.04441848
0,0.044856563
0,0.017887205
0,0.037477568
0,0.13962437
0,0.059702784
0,0.05042902
0,0.061385483
0,0.18990827
0,0.1150377
0,0.023039293
0,0.22581938
0,0.020859318
0,0.066339366
0,0.08581428
0,0.14113113
0,0.1746922
0,0.16123152
0,0.03476073
0,0.026613025
0,0.07834911
0,0.0521799
0,0.16950628
0,0.0070234486
0,0.013364079
0,0.2348659
0,0.033184543
0,0.4987636
0,0.26129106
0,0.06625104
0,0.018204775
0,0.11609526
0,0.09552367
0,0.064600565
0,0.07107792
0,0.055029165
0,0.05373619
0,0.040249158
0,0.1331811
0,0.10278691
0,0.08720813
0,0.013266801
0,0.12876415
0,0.20215867
0,0.14937826
0,0.07800408
0,0.04923409
0,0.012080672
0,0.11319393
0,0.069055244
0,0.06650391
0,0.07504645
0,0.07507323
0,0.031117355
0,0.09191473
0,0.039722987
0,0.06971467
0,0.08084062
0,0.027694646
0,0.029352548
0,0.2340515
0,0.08714294
0,0.07423042
0,0.036203794
0,0.023887731
0,0.04251666
0,0.07437791
0,0.03295045
0,0.043342233
0,0.05894189
0,0.084241025
0,0.05750873
0,0.32410663
0,0.1566275
0,0.03496991
0,0.071155734
0,0.047324233
0,0.059434
0,0.048543524
0,0.048711404
0,0.026353724
0,0.021254543
0,0.040599946
0,0.347206
0,0.17328861
0,0.24750507
0,0.10059509
0,0.037705906
0,0.2585694
0,0.12722631
0,0.065350905
0,0.034958407
0,0.022652285
0,0.02393117
0,0.1701538
0,0.13952276
0,0.1926676
0,0.05926587
0,0.049027596
0,0.039863043
0,0.08150098
0,0.03318956
0,0.051615637
0,0.07027984
0,0.060228113
0,0.119303055
0,0.1291063
0,0.054738227
0,0.020226175
0,0.02323576
0,0.06716999
0,0.27269858
0,0.05052833
0,0.0656879
0,0.06380297
0,0.030095687
0,0.5487774
0,0.1358364
0,0.06259304
0,0.22474897
0,0.08282146
0,0.14461787
0,0.11010769
0,0.095559895
0,0.044840507
0,0.32054836
0,0.06373403
0,0.13874932
0,0.28203204
0,0.055892438
0,0.0776597
0,0.42593715
0,0.045383334
0,0.07197626
0,0.07772216
0,0.045653313
0,0.0950683
0,0.33056265
0,0.060351554
0,0.4798
0,0.120520584
0,0.14397924
0,0.0251003
0,0.038939312
0,0.11678715
0,0.3097203
0,0.16083133
0,0.28894025
0,0.036051117
0,0.021052526
0,0.05319679
0,0.068751864
0,0.2089509
0,0.22143939
0,0.04031164
0,0.054154795
0,0.21568458
0,0.035297483
0,0.05277984
0,0.47026363
0,0.025342718
0,0.076544516
0,0.27822274
0,0.07529505
0,0.029207023
0,0.052151393
0,0.45563635
0,0.24719535
0,0.373017
0,0.15377289
0,0.2094371
0,0.40903717
0,0.076426595
0,0.22572662
0,0.1151276
0,0.14235267
0,0.08409191
0,0.063907586
0,0.08902128
0,0.14434558
0,0.0811966
0,0.21824418
0,0.039521493
0,0.21339607
0,0.24757555
0,0.4454408
0,0.061035823
0,0.10882702
0,0.055808734
0,0.034055978
0,0.07328784
0,0.061443634
0,0.5095875
0,0.020066313
0,0.016918339
0,0.10661944
0,0.1249414
0,0.05250054
0,0.13130859
0,0.020698141
0,0.06066541
0,0.0643995
0,0.18223737
0,0.06862224
0,0.0537112
0,0.10527425
0,0.2982635
0,0.098989956
0,0.02446605
0,0.06275868
0,0.024308715
0,0.09442725
0,0.068292834
0,0.07011807
0,0.020989947
0,0.38470253
0,0.016317226
0,0.039551646
0,0.17841247
0,0.029502282
0,0.016763335
0,0.038896862
0,0.14217235
0,0.18845226
0,0.055160828
0,0.029376458
0,0.014726289
0,0.03145871
0,0.10468147
0,0.30577695
0,0.13401519
0,0.019345963
0,0.061203852
0,0.04565139
0,0.13782528
0,0.08283654
0,0.03872629
0,0.033380494
0,0.30288637
0,0.073418856
0,0.028042186
0,0.095031545
0,0.2807795
0,0.1523197
0,0.16801497
0,0.21618001
0,0.048355233
0,0.21700451
0,0.05461066
0,0.10009622
0,0.11697224
0,0.34562263
0,0.53517145
0,0.06499456
0,0.024709363
0,0.027401386
0,0.072635196
0,0.064783506
0,0.06184397
0,0.015995588
0,0.028819805
0,0.015851542
0,0.06629547
0,0.066416785
0,0.07674615
0,0.05058166
0,0.019435344
0,0.042637758
0,0.08652358
0,0.027405795
0,0.022460237
0,0.027308948
0,0.061286703
0,0.14082743
0,0.08817352
0,0.043471992
0,0.016690165
0,0.021830242
0,0.0297269
0,0.043134037
0,0.034785505
0,0.06417059
0,0.0317881
0,0.04184829
0,0.07656062
0,0.012812099
0,0.0374543
0,0.027200986
0,0.17170243
0,0.07243134
0,0.08879024
0,0.0751129
0,0.06724706
0,0.044590008
0,0.050406855
0,0.04784504
0,0.06602228
0,0.06734112
0,0.027067922
0,0.022309348
0,0.028984495
0,0.36368927
0,0.13137718
0,0.07874797
0,0.070880175
0,0.02215823
0,0.01622904
0,0.08983627
0,0.031875238
0,0.037216477
0,0.01887536
0,0.013352256
0,0.049793106
0,0.021910576
0,0.05458108
0,0.019889483
0,0.4243135
0,0.026147468
0,0.12354386
0,0.03336811
0,0.05818511
0,0.01704504
0,0.04724048
0,0.20729007
0,0.06889004
0,0.07275946
0,0.060182538
0,0.017253868
0,0.16917467
0,0.32947564
0,0.09860619
0,0.3320984
0,0.2521985
0,0.3535713
0,0.232899
0,0.45578066
0,0.4537485
0,0.22839558
0,0.30173272
0,0.30141318
0,0.25201246
0,0.080156945
0,0.20884515
0,0.13994148
0,0.16317962
0,0.35130745
0,0.18750207
0,0.112191826
0,0.2969729
0,0.23609962
0,0.59071845
0,0.14195813
0,0.28685713
0,0.27190536
0,0.2179743
0,0.20335191
0,0.30844006
0,0.17229694
0,0.32666782
0,0.43323913
0,0.10102313
0,0.3511714
0,0.1707788
0,0.38662353
0,0.4210671
0,0.39751944
0,0.2736463
0,0.49494618
0,0.35519633
0,0.3561822
0,0.39578918
0,0.14422193
0,0.16057181
0,0.22625698
0,0.09578172
0,0.14785412
0,0.22322184
0,0.22835883
0,0.47383088
0,0.24406944
0,0.43222806
0,0.33639225
0,0.45375243
0,0.18978742
0,0.19049263
0,0.095651284
0,0.13464871
0,0.4061048
0,0.14585067
0,0.22856516
0,0.42038617
0,0.23899637
0,0.328306
0,0.3951829
0,0.23248145
0,0.38142067
0,0.32434288
0,0.31442595
0,0.28366786
0,0.24204272
0,0.28045744
0,0.2633188
0,0.08729642
0,0.50323117
0,0.30095956
0,0.1902793
0,0.4091857
0,0.4139024
0,0.3396511
0,0.35657653
0,0.20959163
0,0.3537226
0,0.4335828
0,0.27986792
0,0.3523887
0,0.26594183
0,0.12444735
0,0.36630607
0,0.69065267
0,0.18618642
0,0.5651115
0,0.3373873
0,0.1936986
0,0.4655657
0,0.38277227
0,0.4698877
0,0.34205255
0,0.30314305
0,0.2032115
0,0.43083513
0,0.22536282
0,0.31551594
0,0.33082587
0,0.2275523
0,0.28998962
0,0.39725113
0,0.23974304
0,0.39414838
0,0.121731564
0,0.30417
0,0.41208118
0,0.40441987
0,0.12882754
0,0.20728508
0,0.21066143
0,0.10051979
0,0.11576526
0,0.1205584
0,0.43409678
0,0.36212242
0,0.16596523
0,0.41052842
0,0.0864839
0,0.14652482
0,0.2654042
0,0.4930893
0,0.13095413
0,0.12916644
0,0.15058374
0,0.23565121
0,0.24203876
0,0.21260688
0,0.12951873
0,0.17173427
0,0.26125428
0,0.19804904
0,0.11159387
0,0.15989438
0,0.2725604
0,0.9493028
0,0.40225577
0,0.44156685
0,0.41375867
0,0.21177909
0,0.24563603
0,0.60962003
0,0.26382154
0,0.13715842
0,0.8059171
0,0.33861798
0,0.27918673
0,0.19043274
0,0.09530408
0,0.44480318
0,0.46527
0,0.36838758
0,0.4155029
0,0.16272254
0,0.4352936
0,0.4218363
0,0.1327353
0,0.20834078
0,0.43389964
0,0.28282446
0,0.17675328
0,0.22205025
0,0.12989363
0,0.32720008
0,0.37119845
0,0.2882604
0,0.33052808
0,0.44015813
0,0.1731638
0,0.37615025
0,0.18122448
0,0.31200063
0,0.31683612
0,0.26117313
0,0.11802357
0,0.3034855
0,0.18957153
0,0.11846892
0,0.43168473
0,0.4414356
0,0.49733362
0,0.44781744
0,0.2643254
0,0.13050935
0,0.33696178
0,0.051512856
0,0.38467968
0,0.21879561
0,0.17126542
0,0.27297518
0,0.31501347
0,0.17414257
0,0.26888376
0,0.16825634
0,0.17968024
0,0.29327855
0,0.19095714
0,0.12791139
0,0.09748316
0,0.23830499
0,0.18913946
0,0.42136648
0,0.24832696
0,0.41403478
0,0.07348615
0,0.30186513
0,0.22787057
0,0.09160088
0,0.3988259
0,0.33845624
0,0.15745687
0,0.3840341
0,0.21993767
0,0.44839367
0,0.35739517
0,0.10134886
0,0.26289567
0,0.23685727
0,0.17510444
0,0.21326733
0,0.28079218
0,0.2518826
0,0.4046653
0,0.10423781
0,0.39378363
0,0.5349936
0,0.43722308
0,0.49749544
0,0.4034794
0,0.39591107
0,0.3938274
0,0.1561565
0,0.08395254
0,0.09068833
0,0.118770495
0,0.17577414
0,0.17278956
0,0.0736055
0,0.27828798
0,0.16090363
0,0.3913094
0,0.40640062
0,0.16803452
0,0.39870614
0,0.4008847
0,0.34912163
0,0.4084972
0,0.4544029
0,0.56384313
0,0.29331943
0,0.39285898
0,0.2092047
0,0.480878
0,0.37653273
0,0.42957577
0,0.5165755
0,0.438856
0,0.42890492
0,0.60374105
0,0.60877955
0,0.2799859
0,0.28238684
0,0.12756641
0,0.32964984
0,0.11812952
0,0.08796978
0,0.27667105
0,0.1260116
0,0.42469028
0,0.119810805
0,0.7953267
0,0.36840403
0,0.7255134
0,0.25144866
0,0.2867872
0,0.3707503
0,0.09078476
0,0.22440502
0,0.3116407
0,0.18461056
0,0.17993805
0,0.1484195
0,0.033843663
0,0.24416757
0,0.17303002
0,0.30375868
0,0.3513806
0,0.40050456
0,0.35542184
0,0.42307332
0,0.18750921
0,0.21981698
0,0.23238336
0,0.12038072
0,0.20333414
0,0.23480676
0,0.13019143
0,0.20581898
0,0.116816714
0,0.4420196
0,0.15712914
0,0.15833652
0,0.86082745
0,0.06915446
0,0.2616898
0,0.12921636
0,0.11688984
0,0.35430747
0,0.69594264
0,0.41622812
0,0.35771292
0,0.17253913
0,0.14057022
0,0.12312123
0,0.5440205
0,0.31616583
0,0.17441213
0,0.18085709
0,0.24262202
0,0.11621609
0,0.24288757
0,0.15433306
0,0.2393726
0,0.77919286
0,0.24254397
0,0.3065848
0,0.42004812
0,0.2241964
0,0.36049274
0,0.2579053
0,0.07136959
0,0.28610998
0,0.16409959
0,0.16510977
0,0.46098182
0,0.5746975
0,0.58488727
0,0.4839468
0,0.3890632
0,0.4218178
0,0.23806109
0,0.12674856
0,0.26536968
0,0.3977153
0,0.3670127
0,0.22881697
0,0.11366468
0,0.08580398
0,0.24510275
0,0.16728824
0,0.45557514
0,0.3938838
0,0.021671504
0,0.1986747
0,0.070684366
0,0.25227806
0,0.090891235
0,0.45290488
0,0.2781904
0,0.21086633
0,0.37023365
0,0.30507508
0,0.10920324
0,0.18293144
0,0.14702977
0,0.13806611
0,0.14288102
0,0.12200663
0,0.21435548
0,0.2457328
0,0.3784994
0,0.2205632
0,0.42346096
0,0.16947313
0,0.22960453
0,0.37636384
0,0.09844767
0,0.20159814
0,0.3160062
0,0.44089308
0,0.13529846
0,0.12559377
0,0.32563257
0,0.4308803
0,0.16080894
0,0.4107863
0,0.39473632
0,0.4124381
0,0.20741099
0,0.13986678
0,0.27724433
0,0.2974571
0,0.066508815
0,0.2768293
0,0.22021542
0,0.0943305
0,0.1189961
0,0.16273433
0,0.4114433
0,0.28056708
0,0.6044504
0,0.16049188
0,0.25989527
0,0.21425322
0,0.3267376
0,0.078217976
0,0.17978299
0,0.22821242
0,0.1780137
0,0.16506912
0,0.36954874
0,0.28525487
0,0.15308079
0,0.42856982
0,0.4123694
1,0.59290195
1,0.99551123
1,0.14507215
1,0.9998903
1,0.9999999
1,0.7884434
1,0.95595497
1,1.0
1,0.9999913
1,0.50077
1,0.42219675
1,0.9999747
1,0.3444647
1,0.707965
1,0.99996877
1,0.7747784
1,0.24561118
1,0.95646507
1,0.99999917
1,0.4003434
1,0.62387836
1,0.9999995
1,0.9774376
1,0.15300934
1,0.7167385
1,0.9997329
1,1.0
1,0.96482474
1,0.37423384
1,0.82705325
1,0.9552319
1,0.3730147
1,0.74866253
1,0.9999919
1,0.89056844
1,0.7199122
1,0.5880227
1,0.9999968
1,0.9825225
1,0.74955183
1,0.9999956
1,0.4686057
1,0.26422322
1,0.93972105
1,0.9713003
1,0.62935334
1,0.41080987
1,0.99999976
1,0.9990289
1,0.1496244
1,0.9280488
1,0.99946004
1,0.9997533
1,0.65450406
1,0.9999621
1,0.9998679
1,0.09534445
1,0.74050707
1,0.9999908
1,0.9991647
1,0.84784746
1,0.99146587
1,0.9999989
1,0.8072802
1,0.7610308
1,0.99980164
1,0.97560763
1,0.6291865
1,0.9082762
1,0.9992907
1,0.2347162
1,0.83142257
1,0.74585366
1,0.85352165
1,0.9991431
1,0.9999783
1,0.9033236
1,1.0
1,0.9973023
1,0.6831999
1,0.3116218
1,0.9999963
1,0.44122878
1,0.57272387
1,0.9999999
1,0.99960744
1,0.87525576
1,0.4554618
1,0.99954623
1,1.0
1,0.98062813
1,0.5858197
1,0.99857557
1,0.99981666
1,0.9998077
1,0.7655083
1,0.325486
1,0.9978662
1,0.9990397
1,0.46823275
1,0.650957
1,0.9999616
1,0.9990697
1,0.98393804
1,0.7215433
1,0.99996555
1,0.9968535
1,0.3479868
1,0.9998007
1,1.0
1,0.5748919
1,0.25243545
1,0.9986749
1,0.9924964
1,0.31790876
1,0.9274083
1,0.99998856
1,0.7456069
1,0.56351393
1,1.0
1,0.3658069
1,0.9607203
1,0.95207113
1,0.99991834
1,1.0
1,0.999925
1,0.57640386
1,0.8921724
1,0.9999995
1,0.81209797
1,0.34550107
1,0.81694615
1,1.0
1,0.928514
1,0.56370014
1,0.9149859
1,0.99996865
1,0.8787411
1,0.5049604
1,0.23105247
1,0.98823476
1,0.99998677
1,0.99975735
1,0.1480632
1,0.9983835
1,1.0
1,0.9536592
1,0.38283616
1,0.9999993
1,0.7493994
1,0.6922858
1,0.99999106
1,1.0
1,0.8459527
1,0.42456722
1,0.99094385
1,0.99999905
1,0.83545494
1,0.66496027
1,0.9600985
1,0.99920124
1,0.9999119
1,0.09905877
1,0.9391596
1,0.99917334
1,0.9981688
1,0.29063094
1,0.23130375
1,1.0
1,0.9999902
1,0.33772492
1,0.6424986
1,0.8343713
1,0.9622989
1,0.8580545
1,0.98767006
1,0.9999999
1,0.84254694
1,0.90623325
1,0.99999523
1,0.9911574
1,0.5850611
1,0.8104011
1,0.9997871
1,0.39848703
1,0.59601825
1,0.5274463
1,0.99978745
1,0.74867636
1,0.62834394
1,0.9999987
1,0.99799556
1,0.62598246
1,0.6044602
1,0.99999905
1,0.47872716
1,0.7518195
1,0.63510835
1,0.998386
1,0.74180734
1,0.605276
1,0.74427164
1,0.99999917
1,0.36202323
1,0.06998949
1,0.2571083
1,1.0
1,0.68784547
1,0.5750291
1,0.7497034
1,0.99993026
1,0.5690225
1,0.99997926
1,0.91285104
1,1.0
1,0.46854937
1,0.9997398
1,0.99930084
1,0.99647987
1,0.99769115
1,0.8408898
1,0.994902
1,0.9989973
1,0.92283386
1,0.9481331
1,0.93706954
1,0.9999963
1,0.99699557
1,0.8324284
1,0.3328294
1,0.62226444
1,0.9985676
1,0.60828286
1,0.9734421
1,0.9999999
1,0.9995955
1,0.89369583
1,0.9991109
1,0.9947877
1,0.3013236
1,0.610655
1,0.99974567
1,0.9391321
1,0.6893594
1,0.6453635
1,0.99995637
1,0.48355702
1,0.7312055
1,0.28658077
1,0.8772018
1,0.5220413
1,0.9995367
1,0.99999964
1,0.93367106
1,0.5260989
1,0.15409821
1,0.81875646
1,0.9406013
1,0.6877339
1,0.881376
1,0.9999993
1,0.36745673
1,0.61020523
1,0.99999154
1,0.999663
1,0.25807187
1,0.42829064
1,0.9897599
1,0.9999999
1,0.83619595
1,0.71887887
1,0.9826962
1,0.34077674
1,0.9994725
1,0.048295893
1,0.39753422
1,0.9999876
1,0.970227
1,0.6892038
1,0.14313276
1,0.99999154
1,0.36602494
1,0.4616801
1,0.43162936
1,0.016315812
1,0.50340724
1,0.99999654
1,0.99939036
1,0.1522906
1,0.11654123
1,0.9999908
1,0.19006905
1,0.062533535
1,0.9882188
1,0.995361
1,0.5332461
1,0.6228739
1,0.9999987
1,0.99999833
1,0.9595428
1,0.9164966
1,0.6067237
1,0.99999595
1,0.9997367
1,0.59470636
1,0.25744757
1,0.9995716
1,0.9464875
1,0.036874317
1,0.18404466
1,0.9999995
1,0.9999993
1,0.5679276
1,0.5995034
1,0.9998151
1,0.9742622
1,0.41946006
1,0.9791535
1,0.9940882
1,0.22675098
1,0.9994701
1,0.9561759
1,0.09652251
1,0.5878426
1,0.9998568
1,0.9999819
1,0.97152
1,0.96371853
1,0.95117366
1,1.0
1,0.9579386
1,0.11753036
1,0.43972605
1,0.99748033
1,0.99493575
1,0.48715606
1,0.99987423
1,0.9999989
1,0.9441982
1,0.525597
1,0.31769878
1,0.19191052
1,0.9970234
1,0.6391363
1,0.053649608
1,0.7868634
1,0.9139349
1,0.11782638
1,0.79853725
1,0.98319006
1,0.44095367
1,0.48756984
1,0.9998559
1,0.113485485
1,0.61812687
1,0.999271
1,0.9996129
1,0.5565967
1,0.24760297
1,0.99993527
1,0.9999951
1,0.57534957
1,0.983777
1,1.0
1,0.9979084
1,0.21591313
1,0.99825305
1,1.0
1,0.11003807
1,0.42254895
1,0.9999962
1,0.75572264
1,0.7121945
1,0.9899899
1,0.6182969
1,0.99999964
1,0.0904936
1,0.61924165
1,0.99979484
1,0.12891078
1,0.61259735
1,0.18525042
1,0.99999595
1,0.98653823
1,0.52274126
1,0.9994331
1,0.9997447
1,0.08068657
1,0.955412
1,0.5472573
1,0.20628996
1,0.74161446
1,0.99999964
1,0.9999795
1,0.5460668
1,0.20610681
1,0.76876545
1,0.99999166
1,0.016511142
1,0.80661106
1,0.91229033
1,0.9988305
1,0.7852505
1,0.718387
1,0.99999833
1,0.9825739
1,0.27335143
1,0.4108735
1,0.997985
1,0.9999987
1,0.8601652
1,0.09492993
1,0.9999833
1,0.9999999
1,0.36312264
1,0.050849304
1,0.18066543
1,0.8499288
1,0.68735427
1,0.6124559
1,0.99999225
1,0.74408424
1,0.69917005
1,0.2851133
1,0.9831297
1,0.9941998
1,0.81631804
1,0.7890659
1,0.9922668
1,0.05069786
1,0.28203508
1,0.9988537
1,0.9780392
1,0.42455846
1,0.7396523
1,0.9956444
1,0.4061154
1,0.21116067
1,0.9439658
1,0.99978137
1,0.5470443
1,0.82513833
1,0.9999999
1,0.9918594
1,0.67468804
1,0.5382006
1,0.99998724
1,0.89874893
1,0.16822623
1,0.21233584
1,0.9772424
1,0.32278273
1,0.38899535
1,0.99973387
1,0.94228125
1,0.01908023
1,0.413213
1,0.99834645
1,0.5001575
1,0.42793736
1,0.6994754
1,0.9999925
1,0.08330956
1,0.40740156
1,0.9999994
1,0.9516799
1,0.6168788
1,0.13449304
1,0.99988496
1,0.22595003
1,0.13328362
1,0.80305976
1,0.64985603
1,1.0
1,0.73834896
1,0.031596713
1,0.99313945
1,0.9994474
1,0.897965
1,0.634091
1,0.6583628
1,0.99999154
1,0.9999989
1,0.9999386
1,0.10452663
1,0.40589124
1,0.96638674
1,0.048335414
1,0.06443175
1,0.9984504
1,0.9993344
1,0.18390195
1,0.33439294
1,0.99966395
1,0.97810066
1,0.31448475
1,0.38722727
1,0.99900323
1,0.94705373
1,0.15352656
1,0.95005625
1,0.9999995
1,0.99998116
1,0.6768416
1,0.7979821
1,1.0
1,0.9981066
1,0.7518106
1,0.11509509
1,0.99996483
1,0.99134433
1,0.5483595
1,0.6635731
1,0.9999933
1,0.9999112
1,0.2013171
1,0.029340614
1,0.9996714
1,1.0
1,0.45512742
1,0.6343002
1,0.99475867
1,0.99999976
1,0.6321243
1,0.042554025
1,0.99976414
1,0.59539336
1,0.5211344
1,0.6077472
1,0.9999987
1,0.9985038
1,0.20261727
1,0.99148154
1,0.99998796
1,0.4820582
1,0.409221
1,0.9998518
1,0.9999887
1,0.6499548
1,0.9997385
1,1.0
1,0.53308076
1,0.7616614
1,0.9999113
1,1.0
1,1.0
1,0.18817694
1,0.9999522
1,0.99999654
1,0.49289697
1,0.29346058
1,0.9986492
1,1.0
1,0.45148396
1,0.9831992
1,0.99999976
1,0.99584734
1,0.44013742
1,0.9924128
1,0.99953955
1,0.99468625
1,0.7948605
1,1.0
1,0.99998164
1,0.5014911
1,0.97876185
1,1.0
1,0.6289714
1,0.16027656
1,0.06921918
1,0.99999225
1,0.9974256
1,0.39821312
1,0.9943779
1,0.76155865
1,0.9999999
1,0.78465736
1,0.65249383
1,0.89680284
1,1.0
1,0.99963546
1,0.029215973
1,0.9561358
1,1.0
1,0.9937444
1,0.46091536
1,0.999987
1,0.2993291
1,0.41610116
1,0.765168
1,1.0
1,0.9989938
1,0.7090074
1,0.52098805
1,1.0
1,0.8949087
1,0.11364694
1,0.9959513
1,0.99992085
1,1.0
1,0.9999682
1,0.99973613
1,0.99962723
1,1.0
1,0.9999747
1,0.9529878
1,0.99766964
1,0.99954814
1,0.99997604
1,0.9999044
1,0.9908523
1,0.9998869
1,1.0
1,0.97878563
1,0.040822316
1,1.0
1,0.9999386
1,0.9986619
1,0.9867839
1,0.999956
1,0.99759907
1,0.04130486
1,1.0
1,0.99995005
1,0.7370155
1,0.46766448
1,0.9999999
1,0.9998605
1,0.8123802
1,0.7740263
1,0.99995756
1,0.99999976
1,0.9989473
1,0.7065109
1,0.78136235
1,0.9999995
1,0.5233734
1,0.3040613
1,1.0
1,0.9998435
1,0.9244183
1,0.19417521
1,0.9999827
1,0.8128455
1,0.20544536
1,0.9888155
1,0.99983084
1,0.9996302
1,0.99522156
1,0.796721
1,1.0
1,0.8789159
1,0.12021398
1,0.304586
1,1.0
1,0.9995783
1,0.96096665
1,0.8298278
1,0.9999995
1,1.0
1,0.9944113
1,0.88357145
1,0.95436525
1,1.0
1,0.99951565
1,0.6900196
1,0.9984517
1,0.9999999
1,0.99972755
1,0.025578903
1,0.6485766
1,0.9999987
1,1.0
1,0.89857864
1,0.5042334
1,0.9999988
1,0.5331424
1,0.034546703
1,0.99997866
1,1.0
1,0.9991474
1,0.99954003
1,0.27037942
1,0.73917896
1,0.999995
1,0.9999949
1,0.5409377
1,0.5766581
1,0.99999976
1,0.99320716
1,0.05136476
1,0.32483876
1,0.9955631
1,0.8559254
1,0.02296898
1,0.9927147
1,0.8878955
1,0.5418115
1,0.9318319
1,0.43195695
1,0.9996775
1,0.5196663
1,0.09627541
1,0.8017384
1,0.978942
1,0.97509706
1,0.104937844
1,0.9699687
1,0.52057016
1,0.960565
1,0.9999877
1,0.9992537
1,0.035804927
1,0.22139388
1,0.9997117
1,0.46805242
1,0.43514585
1,0.5141876
1,0.9996455
1,0.36621806
1,0.4742151
1,0.9996064
1,0.3478397
1,0.10499825
1,0.21278673
1,0.99995935
1,0.99999976
1,0.37225878
1,0.34343475
1,0.5374106
1,0.89453954
1,0.824473
1,0.23501404
1,0.070011884
1,0.99756914
1,0.5776671
1,0.59801906
1,0.49952862
1,0.9999926
1,0.6686361
1,0.90105194
1,0.36305913
1,0.90338403
1,0.9999838
1,0.700024
1,0.31622112
1,0.53844297
1,0.99990845
1,0.8024928
1,0.42151114
1,0.12937489
1,0.9249036
1,0.6601023
1,0.99864227
1,1.0
1,0.7787541
1,0.59643674
1,0.34945673
1,0.99999714
1,0.8932536
1,0.40638828
1,0.99287605
1,0.58540493
1,0.55281943
1,0.49888027
1,0.9999572
1,0.5799972
1,0.24091327
1,0.6013919
1,0.99999356
1,0.70237434
1,0.28077102
1,0.9999999
1,0.7391519
1,0.47094595
1,0.9999895
1,0.99995804
1,0.73247224
1,0.9582994
1,0.9999634
1,0.5693759
1,0.047459293
1,0.9998735
1,0.99863976
1,0.4599789
1,0.9306757
1,0.99947107
1,0.53708994
1,0.7633738
1,0.99711275
1,0.22767459
1,0.6638025
1,0.99999964
1,0.9887394
1,0.40921757
1,0.07842079
1,0.9999634
1,0.78987664
1,0.9335335
1,0.7158622
1,0.9999709
1,0.33746657
1,0.5823148
1,0.9999995
1,0.99999964
1,0.4100103
1,0.675859
1,0.44573182
1,0.99998426
1,0.0998879
0,0.023999937
0,0.029025037
1,0.6679325
1,0.09656967
1,0.12267479
1,0.9999943
1,0.96341825
1,0.29190728
1,0.9991028
1,1.0
1,0.49280807
1,0.5990485
1,1.0
1,0.9998989
1,0.048209757
1,0.9770907
1,0.9999329
1,0.62902176
1,0.5604363
1,0.32129836
1,0.9997514
1,0.08629023
1,0.34134534
1,0.3208244
1,0.9991641
1,0.98403025
1,0.29103884
1,0.9167158
1,0.9999937
1,0.065761566
1,0.74908626
1,0.36159712
1,0.9868139
1,0.9818294
1,0.6245627
1,0.9688945
1,0.99753225
1,0.85183966
1,0.93623704
1,0.5645036
1,1.0
1,0.9999962
1,0.5060586
1,0.91151035
1,0.7363597
1,0.07652145
1,0.9869909
1,0.99993265
1,0.9796189
1,0.61419463
1,0.9999764
1,0.99998593
1,0.7782434
1,0.41756472
1,0.7172913
1,0.9999993
1,1.0
1,0.53147715
1,0.008643316
1,0.41918844
1,0.9997428
1,0.99997306
1,0.6242967
1,0.4546807
1,0.99942607
1,1.0
1,0.7427999
1,0.5196362
1,0.9988133
1,0.38592377
1,0.030726999
1,0.36423007
1,0.9665728
1,0.411566
1,0.43244842
1,0.99999464
1,0.99541014
1,0.41813472
1,0.9646913
1,0.8617779
1,0.12882355
1,0.41566274
1,0.9999999
1,0.9999621
1,0.871388
1,0.9913932
1,0.99999654
1,0.29464296
1,0.9631915
1,0.99988544
1,0.97093415
1,0.11449827
1,0.052247033
1,0.73302954
1,0.70499
1,0.2663391
1,0.9942412
1,0.9999945
1,0.6852138
1,0.99231744
1,0.9424928
1,1.0
1,0.99971753
1,0.27264336
1,0.92026836
1,0.99999976
1,0.9997266
1,0.8910414
1,0.7369304
1,0.9999894
1,0.99970406
1,0.9174402
1,0.9954204
1,0.9831336
1,0.95367414
1,0.83758724
1,0.99999774
1,0.9999871
1,0.37646335
1,0.5893726
1,0.5066258
1,0.99950266
1,0.9998708
1,0.99375933
1,0.9704188
1,1.0
1,0.5984929
1,0.63723594
1,0.8467149
1,0.99755514
1,0.7126622
1,0.30540174
1,0.74796396
1,1.0
1,0.99999547
1,0.9775354
1,0.3801031
1,0.94030744
1,0.99990547
1,0.65377784
1,0.9958496
1,0.99888796
1,0.95541316
1,0.9999999
1,0.76071024
1,0.66396165
1,0.9999982
1,0.46034414
1,0.8219973
1,0.9987048
1,1.0
1,0.835469
1,0.6892741
1,0.99985516
1,0.4370849
1,0.10569636
1,0.9995553
1,0.9999988
1,0.9802295
1,0.9030492
1,0.9999651
1,0.9955427
1,0.18841295
1,0.41201264
1,0.9999362
1,0.2466689
1,0.38326493
1,0.83402056
1,0.9997878
1,0.8086717
1,0.14666955
1,0.9941766
1,0.8656701
1,0.16502179
1,0.95280594
1,0.9999999
1,0.82303333
1,0.47597036
1,0.99790984
1,0.3747599
1,0.99994504
1,0.7091352
1,0.9977317
1,0.7321126
1,0.9999989
1,0.98769134
1,0.20453326
1,0.98674667
1,0.99996996
1,0.47183073
1,0.6437773
1,0.9828293
1,0.99124044
1,0.22244251
1,0.17671922
1,1.0
1,0.98789513
1,0.08423995
1,0.98422086
1,0.98939824
1,0.9999825
1,0.5642397
1,0.114618264
1,0.9977635
1,0.996563
1,0.79226035
1,0.67588377
1,0.6437005
1,0.99247396
1,0.99930453
1,0.6115475
1,0.64025646
1,1.0
1,0.52597034
1,0.9754902
1,0.99893063
1,0.835546
1,0.10155759
1,0.8601865
1,0.9999827
1,1.0
1,0.61092323
1,0.97429097
1,0.698559
1,0.99977684
1,0.78464955
1,0.9922949
1,0.7537873
1,0.9999876
1,0.3181103
1,0.6879339
1,0.87788653
1,0.99865663
1,0.38036004
1,0.5328755
1,0.42046866
1,0.99063325
1,0.6559687
1,0.6012995
1,0.48884103
1,0.99990547
1,0.55036265
1,0.9866364
1,0.59546196
1,0.98387283
1,0.9999989
1,0.38067195
1,0.99999964
1,0.99997807
1,0.020923575
1,0.72482145
1,0.99987245
1,0.9955741
1,0.61341935
1,0.13442115
1,0.42630786
1,0.99976486
1,0.20819303
1,0.39937553
1,0.9999199
1,0.9999919
1,0.06250639
1,0.12281551
1,0.9999511
1,0.99145085
1,0.12816651
1,0.9807238
1,0.37392527
1,1.0
1,0.738526
1,0.7593046
1,0.9921799
1,0.996664
1,0.9999056
1,0.5893213
1,0.5987088
1,0.9975968
1,0.999941
1,0.21810736
1,0.19513805
1,0.62273955
1,0.5861227
1,0.9619562
1,0.99975616
1,0.9999999
1,0.9999275
1,0.8856959
1,0.72111684
1,0.99999607
1,0.5173384
1,0.99929035
1,0.9999987
1,0.67716515
1,0.9614854
1,0.9999714
1,0.9999943
1,0.70088327
1,0.21462448
1,0.99959064
1,0.5043516
1,0.39124322
1,0.3930435
1,1.0
1,0.9991424
1,0.43058506
1,0.8491325
1,0.9999993
1,0.999822
1,0.9990997
1,0.75095546
1,0.9897355
1,1.0
1,0.9999845
1,0.35768625
1,0.5542818
1,0.9999925
1,0.9949294
1,0.8185788
1,0.99989283
1,0.99999964
1,0.99535924
1,0.58216494
1,0.90293086
1,1.0
1,0.9934977
1,0.5715619
1,1.0
1,0.98107946
1,0.9938612
1,0.9543811
1,0.99899083
1,0.9919705
1,0.17145921
1,0.99017864
1,0.99999976
1,0.9996738
1,0.8449361
1,0.5928481
1,0.9982243
1,0.09426277
1,0.6070059
1,0.99995804
1,0.5428404
1,0.67026937
1,0.6268818
1,0.99992394
1,0.42170343
1,0.16834572
1,0.93483895
1,0.077029936
1,0.97297
1,0.9999993
1,0.5566001
1,0.16435936
1,0.99998856
1,0.9998568
1,0.07275451
1,0.2761496
1,0.79215246
1,0.77395594
1,0.84086525
1,0.9998716
1,0.99944216
1,0.2697353
1,0.88070333
1,0.99996626
1,0.99672073
1,0.7500417
1,0.4156823
1,0.99999976
1,0.9987124
1,0.24281208
1,0.9925249
1,0.9997503
1,0.98775274
1,0.4834284
1,0.91593486
1,0.9991592
1,0.08727066
1,0.75738955
1,1.0
1,0.995169
1,0.18210042
1,0.041641776
0,0.03976555
0,0.050968625
0,0.07109931
0,0.18723711
0,0.05335054
0,0.031971697
0,0.01804505
0,0.02234656
0,0.18154056
0,0.16157734
0,0.039888337
0,0.018896809
0,0.012491711
0,0.020699074
0,0.029011292
0,0.04237376
0,0.061492335
0,0.042935994
0,0.021018215
0,0.13118364
0,0.036143083
0,0.37798935
0,0.054021228
0,0.055716798
0,0.008864058
0,0.061202373
0,0.031745486
0,0.03784867
0,0.086887546
0,0.038628247
0,0.02654363
0,0.048613325
0,0.120202534
0,0.03691839
0,0.07381514
0,0.012869016
0,0.10479871
0,0.02214824
0,0.090908565
0,0.025117774
0,0.009933163
0,0.058699865
0,0.029583583
0,0.07060489
0,0.5567031
0,0.060332906
0,0.026703922
0,0.19312748
0,0.03147642
0,0.05512724
0,0.048713725
0,0.03416214
0,0.03292645
0,0.08233079
0,0.0286121
0,0.039704572
0,0.039033372
0,0.050608527
0,0.043223526
0,0.46236232
0,0.24005644
0,0.030461777
0,0.012891867
0,0.009949976
0,0.12233189
0,0.14551187
0,0.057731394
0,0.017520865
0,0.0077998526
0,0.017477963
0,0.07983625
0,0.16009091
0,0.085964955
0,0.038703192
0,0.041130826
0,0.026313856
0,0.07248953
0,0.037608203
0,0.022271993
0,0.022599826
0,0.046638433
0,0.053482726
0,0.047681637
0,0.13191488
