y_true,y_prob
0,0.96538347
0,0.9134744
0,0.80890954
0,0.7018681
0,0.91015446
0,0.95145667
0,0.8397143
0,0.72451085
0,0.82446027
0,0.9373511
0,0.9094692
0,0.7584697
0,0.6808177
0,0.9332247
0,0.8780753
0,0.7272773
0,0.6714068
0,0.95970535
0,0.90149236
0,0.57188433
0,0.15740018
0,0.22724152
0,0.5387197
0,0.10093759
0,0.377212
0,0.808871
0,0.22870125
0,0.39447638
0,0.4123639
0,0.2008712
0,0.11156108
0,0.2192825
0,0.6809952
0,0.2554744
0,0.32708567
0,0.55696946
0,0.21277213
0,0.06886094
0,0.09956116
0,0.31354788
0,0.55063426
0,0.17510244
0,0.41078252
0,0.1750094
0,0.14834538
0,0.39387548
0,0.089171425
0,0.28645316
0,0.59813166
0,0.6795087
0,0.36918682
0,0.1378423
0,0.08594328
0,0.2539553
0,0.27616256
0,0.07932423
0,0.5900424
0,0.42861196
0,0.19419275
0,0.5030901
0,0.3652382
0,0.49068907
0,0.23269606
0,0.30746263
0,0.20720994
0,0.31778243
0,0.2103106
0,0.27281582
0,0.26398432
0,0.122891314
0,0.21804912
0,0.061052177
0,0.79074514
0,0.590065
0,0.3211073
0,0.66272426
0,0.7704379
0,0.3724095
0,0.12650657
0,0.19660364
0,0.24076718
0,0.17541485
0,0.706843
0,0.12747009
0,0.5005569
0,0.40053785
0,0.15232632
0,0.16146278
0,0.07995449
0,0.2529427
0,0.33322245
0,0.56950915
0,0.11454544
0,0.5637084
0,0.1271284
0,0.8887187
0,0.47537553
0,0.41972467
0,0.33220768
0,0.41884786
0,0.15818475
0,0.19386138
0,0.12134852
0,0.6438559
0,0.21948598
0,0.1308559
0,0.24563797
0,0.21209441
0,0.37275565
0,0.2796298
0,0.26757434
0,0.20580244
0,0.5753573
0,0.3237091
0,0.23180404
0,0.23104703
0,0.2981408
0,0.09634094
0,0.43713954
0,0.1337153
0,0.4731204
0,0.34855592
0,0.22329022
0,0.2515204
0,0.3386194
0,0.6423133
0,0.22610709
0,0.25752345
0,0.36544114
0,0.19839056
0,0.27983648
0,0.74899155
0,0.11322908
0,0.66335154
0,0.29614213
0,0.18230587
0,0.25508744
0,0.040110998
0,0.08722735
0,0.37945774
0,0.78444344
0,0.2983926
0,0.7151105
0,0.3757206
0,0.5444949
0,0.20615628
0,0.5033716
0,0.7964213
0,0.6700435
0,0.080583334
0,0.42294344
0,0.6365246
0,0.15195356
0,0.9740468
0,0.27032387
0,0.56884235
0,0.123759866
0,0.7504576
0,0.4080399
0,0.31618592
0,0.18836634
0,0.3877365
0,0.10857904
0,0.5540274
0,0.61155957
0,0.26202577
0,0.18702114
0,0.22875758
0,0.5652381
0,0.13515915
0,0.54673064
0,0.14364132
0,0.264414
0,0.15295912
0,0.13411054
0,0.4468513
0,0.2175363
0,0.09891604
0,0.80948126
0,0.11847792
0,0.12156529
0,0.1527326
0,0.26918507
0,0.87150127
0,0.7423307
0,0.47099867
0,0.28268662
0,0.6942624
0,0.61456114
0,0.34033957
0,0.8135725
0,0.40689117
0,0.23844627
0,0.413967
0,0.34537616
0,0.31167427
0,0.51501554
0,0.88236624
0,0.15166137
0,0.24450025
0,0.49232906
0,0.571843
0,0.1004792
0,0.14712512
0,0.1438352
0,0.12206385
0,0.1318073
0,0.79223096
0,0.30216432
0,0.9611634
0,0.10014207
0,0.4765724
0,0.66473365
0,0.07152869
0,0.2678639
0,0.12237985
0,0.4689587
0,0.26485658
0,0.15810592
0,0.637495
0,0.44701785
0,0.19384886
0,0.56673926
0,0.3127255
0,0.6952278
0,0.42586255
0,0.2243466
0,0.20483568
0,0.21401304
0,0.10045324
0,0.19722334
0,0.16257611
0,0.80834544
0,0.16416067
0,0.70038795
0,0.45113224
0,0.4376447
0,0.18913129
0,0.3510506
0,0.37480572
0,0.09972116
0,0.14352252
0,0.103848584
0,0.07098133
0,0.3849945
0,0.1413241
0,0.20556799
0,0.07104135
0,0.24870126
0,0.7395816
0,0.28923935
0,0.17821878
0,0.26955384
0,0.17024063
0,0.15596442
0,0.36292344
0,0.14759144
0,0.23714758
0,0.27072984
0,0.0692484
0,0.40556636
0,0.4168768
0,0.17866343
0,0.30441135
0,0.25957868
0,0.5800829
0,0.15807566
0,0.1200303
0,0.07311019
0,0.18458548
0,0.11532006
0,0.22395545
0,0.32237086
0,0.12834127
0,0.2796731
0,0.18628141
0,0.27648216
0,0.29839748
0,0.7434416
0,0.10277663
0,0.08493752
0,0.17507944
0,0.32035032
0,0.55236363
0,0.30039495
0,0.15965563
0,0.22898702
0,0.75118303
0,0.6153305
0,0.6249986
0,0.13876788
0,0.25456575
0,0.3300196
0,0.21218443
0,0.21730402
0,0.19059041
0,0.87769026
0,0.5407155
0,0.21547608
0,0.50618774
0,0.104102835
0,0.8589561
0,0.37947947
0,0.42495352
0,0.20731162
0,0.38899583
0,0.1297622
0,0.41719243
0,0.07627009
0,0.12788948
0,0.41076115
0,0.17817031
0,0.47366568
0,0.26784298
0,0.8112117
0,0.44114137
0,0.598244
0,0.336728
0,0.19435503
0,0.06986968
0,0.3532375
0,0.54305995
0,0.23458534
0,0.1729848
0,0.83063287
0,0.25134423
0,0.44532874
0,0.46031815
0,0.27030784
0,0.29254085
0,0.20330521
0,0.30331594
0,0.12724827
0,0.12395591
0,0.4886305
0,0.08758302
0,0.4349999
0,0.15882248
0,0.35251847
0,0.69366825
0,0.16404171
0,0.35466224
0,0.34956598
0,0.3602099
0,0.1522879
0,0.17640145
0,0.08879538
0,0.38624087
0,0.09850552
0,0.15111282
0,0.1970238
0,0.35127932
0,0.11321821
0,0.23202136
0,0.14033465
0,0.18068723
0,0.2915961
0,0.40552542
0,0.29986894
0,0.2706299
0,0.10338618
0,0.13004276
0,0.07561123
0,0.08315992
0,0.1322635
0,0.29516974
0,0.30436075
0,0.17451416
0,0.2369967
0,0.074580856
0,0.36800805
0,0.36973923
0,0.15929808
0,0.13365972
0,0.08299054
0,0.21563354
0,0.13375495
0,0.14041662
0,0.30377322
0,0.46941608
0,0.13477011
0,0.15773359
0,0.36778346
0,0.15946355
0,0.37231228
0,0.13662522
0,0.26029742
0,0.14511497
0,0.20762883
0,0.3023801
0,0.16115564
0,0.33231524
0,0.62002003
0,0.19757546
0,0.35428965
0,0.1868881
0,0.08716859
0,0.14130422
0,0.21134062
0,0.11876662
0,0.11858191
0,0.3073068
0,0.24123843
0,0.13641797
0,0.33994126
0,0.12477762
0,0.08714571
0,0.2067877
0,0.5414341
0,0.23747452
0,0.28495026
0,0.1941924
0,0.339045
0,0.095485836
0,0.16334246
0,0.51712704
0,0.48080298
0,0.13958274
0,0.07512733
0,0.08564837
0,0.1169564
0,0.26380563
0,0.21624897
0,0.05790113
0,0.09135991
0,0.23986487
0,0.08380224
0,0.119892776
0,0.14138716
0,0.121435285
0,0.0768765
0,0.078385785
0,0.10086606
0,0.09070394
0,0.07427249
0,0.2253669
0,0.19115025
0,0.4945859
0,0.8624876
0,0.12926559
0,0.11470939
0,0.6384657
0,0.23973787
0,0.109485924
0,0.07194767
0,0.06503698
0,0.10272906
0,0.8836714
0,0.09646175
0,0.20802289
0,0.056363992
0,0.5409415
0,0.56129175
0,0.11111283
0,0.06702318
0,0.2462128
0,0.0715873
0,0.077340245
0,0.14978956
0,0.23093228
0,0.109599724
0,0.85437363
0,0.050260883
0,0.085276924
0,0.18872942
0,0.13787466
0,0.18929343
0,0.19392182
0,0.08782954
0,0.17576103
0,0.21535762
0,0.47022203
0,0.11175924
0,0.047181446
0,0.15167636
0,0.11015615
0,0.20951323
0,0.40559098
0,0.12256532
0,0.061437663
0,0.21235831
0,0.39323646
0,0.1592457
0,0.09184494
0,0.6175845
0,0.24813217
0,0.22413813
0,0.21271686
0,0.2937124
0,0.14090008
0,0.17293514
0,0.5827173
0,0.12429712
0,0.32072413
0,0.1131701
0,0.13600773
0,0.125441
0,0.23621376
0,0.50609404
0,0.08869676
0,0.06575953
0,0.10308651
0,0.10148898
0,0.15239844
0,0.18987466
0,0.55119
0,0.121778645
0,0.15520395
0,0.39018553
0,0.16228658
0,0.1085563
0,0.5855075
0,0.19910707
0,0.07732568
0,0.15374558
0,0.1784402
0,0.16651565
0,0.30229366
0,0.19893935
0,0.30565938
0,0.35546038
0,0.69055504
0,0.73487073
0,0.21574488
0,0.63775986
0,0.33457565
0,0.14812148
0,0.54976076
0,0.5676786
0,0.62655294
0,0.89384115
0,0.9098816
0,0.7472815
0,0.7148839
0,0.6333174
0,0.3047827
0,0.11039565
0,0.44522503
0,0.20964476
0,0.4677925
0,0.65864664
0,0.27093765
0,0.40867645
0,0.65946144
0,0.65824765
0,0.4200818
0,0.85970116
0,0.35074964
0,0.14385574
0,0.7025729
0,0.108393766
0,0.45334747
0,0.9066556
0,0.88526475
0,0.09136308
0,0.8720174
0,0.26624554
0,0.65272045
0,0.67258596
0,0.6696438
0,0.34644213
0,0.6011509
0,0.18161377
0,0.27331272
0,0.38375604
0,0.5444659
0,0.6690559
0,0.22921357
0,0.14878388
0,0.25121123
0,0.31972972
0,0.51611423
0,0.10378917
0,0.152472
0,0.8129464
0,0.10100466
0,0.044743143
0,0.62265974
0,0.04623238
0,0.21532625
0,0.36595488
0,0.16199979
0,0.066660695
0,0.19354606
0,0.63651854
0,0.43585786
0,0.1195665
0,0.35548624
0,0.043128714
0,0.20005865
0,0.18070258
0,0.36536
0,0.4011965
0,0.75677454
0,0.41520724
0,0.23255564
0,0.1763849
0,0.8762659
0,0.54026103
0,0.36708915
0,0.17464659
0,0.16670229
0,0.35482097
0,0.19128218
0,0.2546
0,0.04179052
0,0.17105173
0,0.6508674
0,0.3945153
0,0.14945677
0,0.14817725
0,0.10438955
0,0.92276126
0,0.7168542
0,0.61966836
0,0.24768321
0,0.13016538
0,0.21816131
0,0.29483563
0,0.20583797
0,0.6236014
0,0.47550058
0,0.5993507
0,0.54873806
0,0.2639499
0,0.5078176
0,0.3847284
0,0.66866904
0,0.9269769
0,0.15435047
0,0.10376095
0,0.27717215
0,0.20059174
0,0.5645796
0,0.11239665
0,0.58393484
0,0.13894321
0,0.38235205
0,0.14264199
0,0.9039463
0,0.08900825
0,0.21521555
0,0.92227393
0,0.18019103
0,0.1004669
0,0.4919647
0,0.33687115
0,0.102551654
0,0.36072946
0,0.1693362
0,0.17408636
0,0.12074092
0,0.20539333
0,0.38079965
0,0.3384081
0,0.30885693
0,0.17715146
0,0.40618464
0,0.12139816
0,0.13349818
0,0.2245338
0,0.71920055
0,0.7063477
0,0.69809765
0,0.7782391
0,0.9017503
0,0.57299924
0,0.62153727
0,0.10354349
0,0.3320396
0,0.47469968
0,0.25769317
0,0.5198148
0,0.804456
0,0.2832792
0,0.23575537
0,0.57682973
0,0.5241521
0,0.76573426
0,0.5026563
0,0.2984966
0,0.30265838
0,0.49775055
0,0.43183854
0,0.2516273
0,0.48207954
0,0.15189098
0,0.94800496
0,0.062252447
0,0.06341501
0,0.10072303
0,0.08118143
0,0.29762912
0,0.36730972
0,0.4562056
0,0.10558456
0,0.0643428
0,0.19807763
0,0.2605816
0,0.15957198
0,0.29500884
0,0.4780459
0,0.289967
0,0.3892101
0,0.24566013
0,0.11805459
0,0.70079875
0,0.143704
0,0.2902989
0,0.36145324
0,0.5591463
0,0.76822245
0,0.12336307
0,0.3082364
0,0.16727786
0,0.22040892
0,0.15244482
0,0.79708064
0,0.6181402
0,0.29935664
0,0.6595006
0,0.89339757
0,0.24052247
0,0.42102516
0,0.3450323
0,0.3716739
0,0.13480216
0,0.091363296
0,0.75528455
0,0.0946217
0,0.1470649
0,0.21663001
0,0.96525437
0,0.054562796
0,0.5430044
0,0.06942846
0,0.2835392
0,0.48432234
0,0.2102108
0,0.18081237
0,0.4535126
0,0.10175187
0,0.26697844
0,0.34259748
0,0.4631266
0,0.7879786
0,0.4891588
0,0.41576624
0,0.71698403
0,0.52509284
0,0.26545873
0,0.4635794
0,0.15963812
0,0.59266967
0,0.92442036
0,0.64353013
0,0.32584578
0,0.6979584
0,0.16270688
0,0.24500962
0,0.24021554
0,0.11389395
0,0.12997459
0,0.15401253
0,0.35457963
0,0.28397405
0,0.13375707
0,0.24436663
0,0.6346763
0,0.20415743
0,0.15101446
0,0.458108
0,0.49844417
0,0.08939376
0,0.45303187
0,0.60185266
0,0.96387523
0,0.5072668
0,0.16259101
0,0.13579494
0,0.32307014
0,0.13601908
0,0.21748841
0,0.71878827
0,0.08558674
0,0.090100445
0,0.08664335
0,0.1610784
0,0.20761779
0,0.16201492
0,0.14949892
0,0.16216575
0,0.12727651
0,0.12416432
0,0.11087137
0,0.38773763
0,0.08813038
0,0.5961907
0,0.17728549
0,0.945205
0,0.44369727
0,0.4743815
0,0.79762053
0,0.22387718
0,0.2660897
0,0.09733709
0,0.48986757
0,0.12476708
0,0.054885656
0,0.4390809
0,0.14345066
0,0.09345272
0,0.4467179
0,0.43249518
0,0.11920172
0,0.23414022
0,0.25602272
0,0.67277807
0,0.12753068
0,0.16897652
0,0.191252
0,0.20339203
0,0.66368014
0,0.66484714
0,0.23212403
0,0.19180274
0,0.19049257
0,0.30595374
0,0.13040353
0,0.76246333
0,0.35034633
0,0.65575266
0,0.1862662
0,0.4877117
0,0.211965
0,0.2528912
0,0.17394951
0,0.07508593
0,0.47125614
0,0.4326426
0,0.17993654
0,0.13558222
0,0.27876347
0,0.54157245
0,0.86530095
0,0.5019404
0,0.6387488
0,0.18518321
0,0.36430097
0,0.63171273
0,0.15168418
0,0.6431385
0,0.2166334
0,0.117582045
0,0.59074813
0,0.42901412
0,0.11361817
0,0.22091018
0,0.04849828
0,0.14022243
0,0.2847584
0,0.12323363
0,0.23096542
0,0.12909134
0,0.10602342
0,0.13905339
0,0.764091
0,0.23485413
0,0.23212866
0,0.11253714
0,0.48882815
0,0.12683536
0,0.10820559
0,0.068653
0,0.2065943
0,0.12871528
0,0.19364208
0,0.06237241
0,0.18185356
0,0.3141688
0,0.21606302
0,0.15325923
0,0.2052522
0,0.2402394
0,0.23838376
0,0.31628928
0,0.10428428
0,0.2425557
0,0.07677514
0,0.70534784
0,0.3627792
0,0.1956766
0,0.109190136
0,0.15492342
0,0.29099563
0,0.6040761
0,0.19398247
0,0.3707735
0,0.45341974
0,0.514146
0,0.3736231
0,0.43579176
0,0.2708424
0,0.43521062
0,0.11891294
0,0.12979674
0,0.16723438
0,0.3236237
0,0.13224125
0,0.07193
0,0.20749168
0,0.96353126
0,0.30842704
0,0.055192836
0,0.30911046
0,0.0799329
0,0.21259145
0,0.67331874
0,0.09828064
0,0.32595095
0,0.20180134
0,0.068686575
0,0.7168694
0,0.12987915
0,0.23973863
0,0.29222167
0,0.074352525
0,0.060820073
0,0.17541629
0,0.09237695
0,0.06921511
0,0.1966096
0,0.21283346
0,0.34377372
0,0.6896234
0,0.18389207
0,0.16415177
0,0.056976054
0,0.10284014
0,0.2881012
0,0.070754655
0,0.60061234
0,0.04301496
0,0.15461667
0,0.24971524
0,0.49119923
0,0.1059797
0,0.06023892
0,0.0996073
0,0.19719933
0,0.5422845
0,0.09464669
0,0.07051774
0,0.21921226
0,0.5578219
0,0.084425636
0,0.964834
0,0.18432786
0,0.22713377
0,0.12888274
0,0.16662475
0,0.06962613
0,0.5156883
0,0.15997645
0,0.093938135
0,0.6628741
0,0.059884306
0,0.45936534
0,0.07243416
0,0.04147955
0,0.24923556
0,0.39617762
0,0.18375057
0,0.05891117
0,0.20958468
0,0.23058929
0,0.40769038
0,0.53088504
0,0.69087064
0,0.8367757
0,0.13496336
0,0.11076109
0,0.22915816
0,0.16670449
0,0.25004652
0,0.12439683
0,0.050731167
0,0.18423018
0,0.08584986
0,0.28198087
0,0.7576256
0,0.08006802
0,0.24445488
0,0.68327594
0,0.20456643
0,0.44214502
0,0.13809097
0,0.035666674
0,0.6375166
0,0.44713184
0,0.672847
0,0.14689083
0,0.95721614
0,0.2073525
0,0.31625313
0,0.16674449
0,0.21038914
0,0.32792085
0,0.08765442
0,0.09654175
0,0.13366915
0,0.0883969
0,0.30876052
0,0.084645785
0,0.29732278
0,0.37309393
0,0.13733023
0,0.8454786
0,0.123756066
0,0.075430825
0,0.48618528
0,0.16288394
0,0.06898733
0,0.0979272
0,0.17210558
0,0.7332582
0,0.061901283
0,0.08954796
0,0.10692453
0,0.23879874
0,0.12529898
0,0.28589293
0,0.13337828
0,0.2048108
0,0.17569478
0,0.04944105
0,0.080339335
0,0.20638035
0,0.077926524
0,0.22901268
0,0.06842239
0,0.103570364
0,0.09835682
0,0.02762266
0,0.11579776
0,0.5560099
0,0.039877396
0,0.9706975
0,0.0995355
0,0.029553462
0,0.19005024
0,0.05281102
0,0.083671704
0,0.22013088
0,0.16992061
0,0.3388364
0,0.16255012
0,0.045794263
0,0.081114575
0,0.106816836
0,0.034979768
0,0.13081239
0,0.075408585
0,0.4536677
0,0.052177526
0,0.53227806
0,0.13830769
0,0.05641814
0,0.64169425
0,0.9336576
0,0.0875461
0,0.22030269
0,0.16821958
0,0.10744427
0,0.1665222
0,0.089052744
0,0.1426564
0,0.04877657
0,0.07763408
0,0.21897459
0,0.06526099
0,0.038632035
0,0.10406261
0,0.12814914
0,0.058273498
0,0.049640324
0,0.10232959
0,0.13898161
0,0.113356136
0,0.37892333
0,0.20984778
0,0.80540264
0,0.06616612
0,0.10109465
0,0.07554017
0,0.10242709
0,0.32348868
0,0.15722881
0,0.048415612
0,0.56247157
0,0.046571348
0,0.038362183
0,0.12892061
0,0.18659616
0,0.07487835
0,0.18747057
0,0.24575052
0,0.1178445
0,0.37681517
0,0.08245663
0,0.4839123
0,0.31619766
0,0.10932202
0,0.90366757
0,0.9314953
0,0.07291906
0,0.058728106
0,0.03806657
0,0.4137536
0,0.16243613
0,0.103771485
0,0.5508038
0,0.18029363
0,0.65316373
0,0.056520116
0,0.15981553
0,0.06056648
0,0.042508442
0,0.096558705
0,0.093020216
0,0.16266605
0,0.13122065
0,0.11828398
0,0.086987376
0,0.26047966
0,0.29755265
0,0.8003052
0,0.8121811
0,0.6389412
0,0.33717886
0,0.116728656
0,0.053318556
0,0.06415635
0,0.1951553
0,0.13005908
0,0.35505846
0,0.05567716
0,0.10587178
0,0.19144496
0,0.13284186
0,0.21299887
0,0.042802412
0,0.1164043
0,0.26702443
0,0.11839602
0,0.10117633
0,0.11662439
0,0.07979946
0,0.1762144
0,0.2620238
0,0.6770379
0,0.05447016
0,0.119353056
0,0.037625093
0,0.064126216
0,0.2013688
0,0.1388429
0,0.05658244
0,0.0759915
0,0.08386374
0,0.045840167
0,0.03619409
0,0.11184404
0,0.17764054
0,0.092992045
0,0.21454035
0,0.20564263
0,0.07090788
0,0.096060656
0,0.13002208
0,0.07076491
0,0.115405984
0,0.61421424
0,0.32908252
0,0.12841435
0,0.26666033
0,0.14729896
0,0.2862974
0,0.116310306
0,0.10924985
0,0.06497264
0,0.092455804
0,0.17022663
0,0.20388769
0,0.060799886
0,0.29992574
0,0.094947405
0,0.084056914
0,0.0791435
0,0.10064754
0,0.34297827
0,0.36509952
0,0.07319399
0,0.19607855
0,0.34031564
0,0.95191705
0,0.445943
0,0.07040019
0,0.08619699
0,0.14863484
0,0.13482201
0,0.15371174
0,0.056631804
0,0.2617574
0,0.16263899
0,0.06265515
0,0.10303368
0,0.07262436
0,0.07052946
0,0.1625518
0,0.3982983
0,0.029435933
0,0.09972484
0,0.19829486
0,0.049694024
0,0.07291007
0,0.17298393
0,0.36936012
0,0.68451416
0,0.07259257
0,0.10491703
0,0.08827764
0,0.05648807
0,0.056091208
0,0.07827532
0,0.10190569
0,0.12005782
0,0.053139746
0,0.046892855
0,0.13026044
0,0.17434543
0,0.07527895
0,0.07647318
0,0.046160787
0,0.12410915
0,0.04731954
0,0.12000674
0,0.122261114
0,0.06670877
0,0.052818507
0,0.94275904
0,0.03734364
0,0.03443077
0,0.14236681
0,0.16278802
0,0.07877604
0,0.07668475
0,0.06766901
0,0.989908
0,0.32165205
0,0.103949495
0,0.19315656
0,0.16746926
0,0.24341868
0,0.17683318
0,0.06313793
0,0.19835527
0,0.20472391
0,0.051344655
0,0.128696
0,0.10346394
0,0.07688648
0,0.09072991
0,0.88573647
0,0.051160213
0,0.0643436
0,0.07805364
0,0.08820477
0,0.04306716
0,0.040852748
0,0.804334
0,0.07141708
0,0.1373261
0,0.17691895
0,0.35464308
0,0.07078034
0,0.06997397
0,0.09957601
0,0.067614794
0,0.044003755
0,0.10048635
0,0.14376722
0,0.06388114
0,0.28618446
0,0.062402267
0,0.30937594
0,0.93242574
0,0.07332576
0,0.11331853
0,0.09678661
0,0.081011474
0,0.20635155
0,0.076330386
0,0.07212488
0,0.101918474
0,0.21780773
0,0.06290313
0,0.26682842
0,0.092212506
0,0.27280244
0,0.041664235
0,0.049346615
0,0.08762454
0,0.1115692
0,0.0456899
0,0.2398491
0,0.13730387
0,0.035110082
0,0.9044747
0,0.19397967
0,0.07962582
0,0.2485716
0,0.054232974
0,0.04772452
0,0.049053557
0,0.13903354
0,0.42129886
0,0.16214068
0,0.05546025
0,0.2971618
0,0.07769168
0,0.11894131
0,0.024277389
0,0.12704828
0,0.16597511
0,0.063622184
0,0.10733957
0,0.10813089
0,0.108990744
0,0.1406624
0,0.07910897
0,0.95562685
0,0.09062156
0,0.07502449
0,0.028247911
0,0.18906453
0,0.05399532
0,0.08221776
0,0.034472533
0,0.062069733
0,0.058771793
0,0.10870936
0,0.058409117
0,0.04026529
0,0.033076737
0,0.04887802
0,0.11529046
0,0.22570291
0,0.08093576
0,0.073698245
0,0.37992412
0,0.11677264
0,0.061243225
0,0.940218
0,0.13432984
0,0.05194608
0,0.13883203
0,0.1539263
0,0.07595462
0,0.062705256
0,0.08184341
0,0.079054154
0,0.2761404
0,0.07030156
0,0.09178383
0,0.09891301
0,0.08399096
0,0.06859969
0,0.61513245
0,0.086374514
0,0.28758535
0,0.15871678
0,0.033391032
0,0.13119325
0,0.064076
0,0.101758085
0,0.7809762
0,0.09134489
0,0.06266448
0,0.086875215
0,0.06747988
0,0.09082814
0,0.056351744
0,0.062333003
0,0.06966936
0,0.07828716
0,0.06087411
0,0.32276034
0,0.088978946
0,0.101191565
0,0.06449782
0,0.14173111
0,0.104859635
0,0.035666995
0,0.12470975
0,0.07795147
0,0.15321822
0,0.104136474
0,0.5465772
0,0.8447594
0,0.056561355
0,0.053916365
0,0.19011523
0,0.15811512
0,0.04239472
0,0.13091822
0,0.06167792
0,0.028901184
0,0.073126785
0,0.06892527
0,0.05121722
0,0.14085285
0,0.04956616
0,0.06628574
0,0.09905922
0,0.043206077
0,0.18004866
0,0.23377064
0,0.25437722
0,0.03830127
0,0.08946888
0,0.7147496
0,0.9561224
0,0.1993613
0,0.11384686
0,0.07658687
0,0.48844448
0,0.067776345
0,0.093015276
0,0.04603513
0,0.110675275
0,0.11391509
0,0.08105609
0,0.18605357
0,0.4011107
0,0.051529396
0,0.2754002
0,0.23518044
0,0.10845523
0,0.14434505
0,0.1078796
0,0.18288289
0,0.2198094
0,0.10693386
0,0.20124334
0,0.86968774
0,0.33846864
0,0.056368843
0,0.28671125
0,0.21932666
0,0.147812
0,0.10505382
0,0.500572
0,0.3246301
0,0.63968784
0,0.055996947
0,0.14439861
0,0.038107447
0,0.4004032
0,0.31784552
0,0.08470643
0,0.10557824
0,0.093325816
0,0.109384
0,0.34419918
0,0.117812075
0,0.14805703
0,0.88149995
0,0.9207599
0,0.042814225
0,0.17650566
0,0.26008052
0,0.22057177
0,0.21116824
0,0.1380631
0,0.6935786
0,0.5551426
0,0.20601864
0,0.10385499
0,0.12104544
0,0.18325947
0,0.07359554
0,0.18264623
0,0.09236074
0,0.07748853
0,0.3787964
0,0.1271384
0,0.06175132
0,0.14543696
0,0.8716075
0,0.86820644
0,0.38899663
0,0.3091858
0,0.12213792
0,0.10056513
0,0.16320029
0,0.22760409
0,0.5098974
0,0.07263984
0,0.07227716
0,0.26961324
0,0.10832422
0,0.06849954
0,0.22571807
0,0.10471399
0,0.0459538
0,0.43358362
0,0.35966006
0,0.23914811
0,0.2171393
0,0.09630529
0,0.10426019
0,0.81343853
0,0.43619934
0,0.047682114
0,0.1121629
0,0.09570209
0,0.24488933
0,0.4457608
0,0.35318476
0,0.20981511
0,0.034815148
0,0.32163256
0,0.0910266
0,0.11591032
0,0.28926983
0,0.23734133
0,0.16526642
0,0.08593241
0,0.17010894
0,0.85900956
0,0.4463909
0,0.2036722
0,0.09090806
0,0.92542
0,0.7405218
0,0.1284905
0,0.056014244
0,0.05758731
0,0.087292545
0,0.19614044
0,0.27652532
0,0.20913385
0,0.06841803
0,0.37101987
0,0.13494177
0,0.75729144
0,0.38068306
0,0.1503612
0,0.5815396
0,0.054673105
0,0.38437703
0,0.14011182
0,0.13454035
0,0.75705194
0,0.69799465
0,0.32841003
0,0.80085284
0,0.964328
0,0.107334934
0,0.48619747
0,0.16687064
0,0.114792325
0,0.21145868
0,0.32561958
0,0.14759518
0,0.41971248
0,0.40558228
0,0.08071031
0,0.08659114
0,0.1653454
0,0.2250037
0,0.621594
0,0.1505789
0,0.08605548
0,0.047838256
0,0.10062038
0,0.0967086
0,0.08792673
0,0.12290317
0,0.14962745
0,0.7923642
0,0.18726477
0,0.63386816
0,0.28113818
0,0.1319234
0,0.6084094
0,0.48801473
0,0.3728397
0,0.3229133
0,0.050375655
0,0.20158456
0,0.1253966
0,0.1592857
0,0.12170986
0,0.052482247
0,0.09427014
0,0.10978723
0,0.10518064
0,0.07383956
0,0.117155164
0,0.06335182
0,0.16917053
0,0.7774914
0,0.19133976
0,0.1465255
0,0.089374974
0,0.74434376
0,0.20014518
0,0.38330597
0,0.17740989
0,0.07998003
0,0.08586049
0,0.15607351
0,0.47650227
0,0.17637454
0,0.09502945
0,0.13091022
0,0.21807043
0,0.33098093
0,0.074022315
0,0.6187033
0,0.21788247
0,0.1425174
0,0.25361392
0,0.08253147
0,0.88888407
0,0.31645614
0,0.18964408
0,0.09587672
0,0.31003374
0,0.4088767
0,0.14865412
0,0.30656046
0,0.216602
0,0.17492725
0,0.19470164
0,0.14731413
0,0.39917538
0,0.48580596
0,0.32501784
0,0.059717514
0,0.08150856
0,0.2148362
0,0.10339726
0,0.1393113
0,0.1771445
0,0.1463207
0,0.3503129
0,0.89626944
0,0.11834124
0,0.27367282
0,0.12352185
0,0.18301019
0,0.14656122
0,0.28905085
0,0.09848086
0,0.21331067
0,0.05247789
0,0.07103403
0,0.048573215
0,0.117682815
0,0.5102705
0,0.21158668
0,0.36243203
0,0.18774979
0,0.15842998
0,0.7596545
0,0.1350996
0,0.062397093
0,0.29957423
0,0.92967796
0,0.63551146
0,0.0840687
0,0.30767995
0,0.065966025
0,0.3099475
0,0.16644943
0,0.37497005
0,0.8551123
0,0.43938613
0,0.099857666
0,0.076968
0,0.2643971
0,0.29866293
0,0.061180834
0,0.75366664
0,0.07107397
0,0.17458388
0,0.461807
0,0.6150618
0,0.34780398
0,0.09094393
0,0.60536486
0,0.79702413
0,0.3968926
0,0.49541533
0,0.05780539
0,0.572184
0,0.1074496
0,0.6486686
0,0.4087061
0,0.24007939
0,0.31771773
0,0.5146201
0,0.076752044
0,0.9060616
0,0.4608951
0,0.12888458
0,0.11114013
0,0.4867303
0,0.29276294
0,0.1349269
0,0.19295882
0,0.32013476
0,0.47477728
0,0.9611907
0,0.6478535
0,0.38774684
0,0.21904856
0,0.5845986
0,0.081919014
0,0.612743
0,0.3678845
0,0.8068956
0,0.44631538
0,0.1270529
0,0.3559519
0,0.4503975
0,0.13805117
0,0.21395932
0,0.39564434
0,0.67319536
0,0.39997536
0,0.2888846
0,0.27413967
0,0.07133818
0,0.28235322
0,0.90604174
0,0.6727459
0,0.57289696
0,0.6627389
0,0.3861224
0,0.46745834
0,0.25641033
0,0.17608538
0,0.25328228
0,0.2688193
0,0.108946525
0,0.14785121
0,0.21361089
0,0.06356938
0,0.30080175
0,0.18672344
0,0.19374184
0,0.13904636
0,0.9190289
0,0.37770817
0,0.15661079
0,0.22128266
0,0.32914382
0,0.9543709
0,0.8781967
0,0.14545257
0,0.097656325
0,0.32934466
0,0.21117856
0,0.2784017
0,0.13979447
0,0.13872483
0,0.074596085
0,0.04759571
0,0.06576602
0,0.07855847
0,0.16157225
0,0.30637982
0,0.06891662
0,0.12613077
0,0.16898765
0,0.07846185
0,0.48402867
0,0.07943007
0,0.054114204
0,0.095072456
0,0.83938074
0,0.2973921
0,0.13508631
0,0.11841546
0,0.5891782
0,0.2861771
0,0.118573844
0,0.05153161
0,0.7987062
0,0.18169612
0,0.2502767
0,0.2219535
0,0.16437663
0,0.087056965
0,0.13137095
0,0.13294573
0,0.24713261
0,0.59310937
0,0.09400439
0,0.19740081
0,0.16046262
0,0.12121984
0,0.34826633
0,0.2575771
0,0.8260753
0,0.06359557
0,0.12864266
0,0.12668897
0,0.12956212
0,0.25759596
0,0.2248429
0,0.6484295
0,0.122289516
0,0.066085406
0,0.2128064
0,0.12423555
0,0.11744437
0,0.0916745
0,0.18497571
0,0.42607152
0,0.12396751
0,0.20659244
0,0.63725525
0,0.08281866
0,0.1498368
0,0.16206603
0,0.22020653
0,0.8847242
0,0.16607733
0,0.32508472
0,0.09594071
0,0.2820631
0,0.13237466
0,0.23780507
0,0.13928506
0,0.2012171
0,0.3170383
0,0.19990563
0,0.23479943
0,0.25249365
0,0.13935494
0,0.15324505
0,0.14800851
0,0.14744185
0,0.10500988
0,0.10816287
0,0.13412642
0,0.47605094
0,0.18836553
0,0.2918806
0,0.77021515
0,0.20015693
0,0.1666418
0,0.5792985
0,0.17730826
0,0.16243272
0,0.27003026
0,0.067466624
0,0.048565216
0,0.14843966
0,0.09732752
0,0.527119
0,0.06512725
0,0.08399282
0,0.113243826
0,0.19587451
0,0.1429166
0,0.097382575
0,0.038100578
0,0.4645133
0,0.22157206
0,0.15310302
0,0.053117413
0,0.9275068
0,0.14651288
0,0.14088966
0,0.26078188
0,0.3411929
0,0.33079115
0,0.38981864
0,0.2769142
0,0.17864655
0,0.3474117
0,0.12843561
0,0.08960395
0,0.11083527
0,0.33670098
0,0.47287002
0,0.13427551
0,0.1624258
0,0.07041093
0,0.4996811
0,0.14412245
0,0.34589517
0,0.21207693
0,0.369004
0,0.6770934
0,0.1594898
0,0.08942887
0,0.19270968
0,0.19978103
0,0.13369228
0,0.20499487
0,0.056932453
0,0.11951281
0,0.18085866
0,0.10281543
0,0.41020358
0,0.06603083
0,0.20312798
0,0.13275407
0,0.103700705
0,0.17658006
0,0.1948796
0,0.08493361
0,0.2626323
0,0.12294647
0,0.14381404
0,0.10273137
0,0.91999567
0,0.099976115
0,0.6261462
0,0.04480721
0,0.14378108
0,0.053538155
0,0.11556487
0,0.5891897
0,0.32652035
0,0.12043226
0,0.54739064
0,0.12163123
0,0.13638756
0,0.10393373
0,0.08931323
0,0.21931201
0,0.33302543
0,0.4633021
0,0.3228636
0,0.19442506
0,0.25691015
0,0.06256676
0,0.8951171
0,0.09872831
0,0.31099388
0,0.30310923
0,0.07190671
0,0.5111378
0,0.43460986
0,0.3836114
0,0.9415753
0,0.19858268
0,0.091562964
0,0.22149736
0,0.21702783
0,0.15240154
0,0.56394076
0,0.102159314
0,0.48378298
0,0.14642164
0,0.47346523
0,0.22335264
0,0.14195493
0,0.72191536
0,0.5361122
0,0.9440828
0,0.1657804
0,0.3245565
0,0.41675362
0,0.09098435
0,0.435718
0,0.1266348
0,0.15512805
0,0.3210608
0,0.24288672
0,0.29492694
0,0.2748714
0,0.9127199
0,0.22808304
0,0.3244216
0,0.469097
0,0.41832304
0,0.12031112
0,0.41047558
0,0.30574512
0,0.18189779
0,0.25158793
0,0.122122936
0,0.5511362
0,0.5077809
0,0.32191622
0,0.45685098
0,0.2676487
0,0.061959118
0,0.097249225
0,0.13596919
0,0.39337954
0,0.33155298
0,0.35235286
0,0.5004879
0,0.13560036
0,0.097058274
0,0.40873912
0,0.59007144
0,0.38334897
0,0.21758233
0,0.2601375
0,0.28690526
0,0.3798946
0,0.17385772
0,0.55596006
0,0.8950684
0,0.22325554
0,0.15202154
0,0.55021924
0,0.4764455
0,0.4647043
0,0.5052098
0,0.58565146
0,0.47336382
0,0.2923555
0,0.23367487
0,0.3975321
0,0.25238702
0,0.50098056
0,0.13516404
0,0.24037933
0,0.07044425
0,0.5505148
0,0.2580315
0,0.23805785
0,0.23936367
0,0.5821074
0,0.9690939
0,0.43808755
0,0.09988691
0,0.08794912
0,0.19123681
0,0.081056125
0,0.23150347
0,0.50621724
0,0.097812615
0,0.31128234
0,0.15236887
0,0.25795212
0,0.15147431
0,0.49912462
0,0.22309141
0,0.3790034
0,0.4293625
0,0.27925646
0,0.15056461
0,0.11416079
0,0.14447604
0,0.32772723
0,0.13578269
0,0.7088264
0,0.69123584
0,0.38050234
0,0.19719556
0,0.17964856
0,0.060518913
0,0.24077255
0,0.3477915
0,0.15697178
0,0.8565253
0,0.62593436
0,0.31587458
0,0.27100405
0,0.380984
0,0.5505083
0,0.18289374
0,0.123086296
0,0.27718294
0,0.13340652
0,0.18802612
0,0.23124479
0,0.058887377
0,0.18692581
0,0.94329387
0,0.070370525
0,0.2552985
0,0.104104474
0,0.07112651
0,0.63643086
0,0.22882436
0,0.0694368
0,0.16729881
0,0.06328626
0,0.12823994
0,0.23418947
0,0.10099238
0,0.29303253
0,0.2235858
0,0.13275966
0,0.41652215
0,0.05210294
0,0.0971546
0,0.48564526
0,0.84313124
0,0.44802472
0,0.7532745
0,0.41414517
0,0.5350269
0,0.16666992
0,0.13786948
0,0.43470833
0,0.24861392
0,0.71130043
0,0.33971587
0,0.48731142
0,0.46360654
0,0.1260235
0,0.22606216
0,0.42350793
0,0.39637583
0,0.8030669
0,0.31609625
0,0.072180815
0,0.27185848
0,0.16561966
0,0.27015057
0,0.22829956
0,0.49098936
0,0.32525912
0,0.49895024
0,0.3768471
0,0.061719287
0,0.15574734
0,0.69384813
0,0.12940535
0,0.10567274
0,0.19970617
0,0.27566746
0,0.41998798
0,0.10951877
0,0.0967186
0,0.14716129
0,0.060707387
0,0.6274549
0,0.158679
0,0.07833365
0,0.039976045
0,0.07180549
0,0.6690454
0,0.41963023
0,0.13746817
0,0.9401437
0,0.3064329
0,0.044003576
0,0.52839077
0,0.30904952
0,0.21738534
0,0.37177557
0,0.1744287
0,0.46323973
0,0.14429046
0,0.109635144
0,0.23303077
0,0.32789475
0,0.227527
0,0.47823483
0,0.17268373
0,0.104208164
0,0.17694476
0,0.2629189
0,0.83721167
0,0.50168973
0,0.18402873
0,0.83885163
0,0.047019262
0,0.07766732
0,0.3066326
0,0.23877183
0,0.6544222
0,0.05400198
0,0.18228418
0,0.1876615
0,0.21506742
0,0.47731474
0,0.23018242
0,0.05655306
0,0.15347518
0,0.28824586
0,0.56271845
0,0.08841955
0,0.20265228
0,0.14761668
0,0.12879099
0,0.054586586
0,0.31985116
0,0.9739242
0,0.14384784
0,0.84079987
0,0.07978462
0,0.08446043
0,0.27616847
0,0.05966113
0,0.1517404
0,0.3788763
0,0.08557036
0,0.20688367
0,0.12593928
0,0.09630305
0,0.1686259
0,0.14459383
0,0.20139648
0,0.15549302
0,0.3674282
0,0.64586776
0,0.11053123
0,0.19528492
0,0.07964122
0,0.8912605
0,0.18707824
0,0.5513655
0,0.12251762
0,0.23154631
0,0.055238128
0,0.18801214
0,0.52875274
0,0.17441444
0,0.16378377
0,0.16055247
0,0.11908985
0,0.17624184
0,0.51351786
0,0.2971321
0,0.50542384
0,0.059530586
0,0.23796667
0,0.082199164
0,0.10728524
0,0.17141315
0,0.08139407
0,0.9263974
0,0.061552912
0,0.118550785
0,0.17140569
0,0.19945465
0,0.13143572
0,0.14778933
0,0.054735165
0,0.13263485
0,0.1981096
0,0.2854304
0,0.15179373
0,0.23755912
0,0.13545145
0,0.2096907
0,0.11920172
0,0.062045608
0,0.40308288
0,0.2877387
0,0.41002336
0,0.07800898
0,0.06556439
0,0.7496479
0,0.4991643
0,0.72453934
0,0.17291063
0,0.1037538
0,0.06279329
0,0.09930512
0,0.12667003
0,0.11294454
0,0.17560923
0,0.52859664
0,0.3797688
0,0.11720152
0,0.3438461
0,0.23913819
0,0.20822611
0,0.08342282
0,0.05689978
0,0.13723327
0,0.104616754
0,0.18593279
0,0.10291381
0,0.038756702
0,0.73510057
0,0.34758523
0,0.32607955
0,0.38752908
0,0.15163091
0,0.24989296
0,0.38834983
0,0.16759147
0,0.44722044
0,0.09921124
0,0.16227607
0,0.121993005
0,0.14632621
0,0.061777096
0,0.12818794
0,0.1646319
0,0.26151717
0,0.15574774
0,0.07271512
0,0.103612594
0,0.2449464
0,0.06055633
0,0.9356206
0,0.10508851
0,0.06698674
0,0.08818665
0,0.20775314
0,0.3282069
0,0.096531905
0,0.08877295
0,0.52678794
0,0.046315115
0,0.17910276
0,0.22519067
0,0.06084808
0,0.047159486
0,0.05970154
0,0.10915044
0,0.21256329
0,0.22386198
0,0.059974026
0,0.08752107
0,0.045798846
0,0.09076753
0,0.6410978
0,0.18463832
0,0.069070145
0,0.11105284
0,0.20156504
0,0.04481778
0,0.10716365
0,0.54862785
0,0.070635825
0,0.16874829
0,0.6399873
0,0.11931519
0,0.5420138
0,0.045860924
0,0.33834583
0,0.09648328
0,0.0835303
0,0.11975853
0,0.100874014
0,0.087492414
0,0.07653048
0,0.06266914
0,0.7988924
0,0.1420959
0,0.13074109
0,0.060007453
0,0.10568475
0,0.11430592
0,0.11177924
0,0.22377567
0,0.07047802
0,0.06458007
0,0.09425581
0,0.08972138
0,0.18247227
0,0.13345149
0,0.21117216
0,0.19941765
0,0.034810647
0,0.048974343
0,0.0762936
0,0.354294
0,0.5376442
0,0.12952168
0,0.8380519
0,0.09116993
0,0.035404548
0,0.06264615
0,0.16512696
0,0.06711745
0,0.053846426
0,0.15810256
0,0.2076237
0,0.08624679
0,0.32310352
0,0.21525352
0,0.12018455
0,0.14176758
0,0.11849958
0,0.084681205
0,0.0554108
0,0.053890206
0,0.10617257
0,0.1499669
0,0.07592382
0,0.11602025
0,0.93422633
0,0.058342643
0,0.039502904
0,0.16654578
0,0.09568784
0,0.07944388
0,0.047186952
0,0.09360473
0,0.45668632
0,0.13293193
0,0.24663419
0,0.11635214
0,0.15425366
0,0.09088279
0,0.096692845
0,0.6180124
0,0.13711283
0,0.27008525
0,0.19931048
0,0.056654986
0,0.27694133
0,0.15631358
0,0.0785689
0,0.16474795
0,0.27940556
0,0.076802306
0,0.082748815
0,0.057746463
0,0.1090022
0,0.12124674
0,0.14258836
1,0.046150565
1,0.81806535
1,0.6689031
1,0.81214243
1,0.94313014
1,0.94580466
1,0.98629385
1,0.9845649
1,0.6531665
1,0.80124843
1,0.70392215
1,0.9453632
1,0.8979209
1,0.21287175
1,0.9149376
1,0.7990306
1,0.79144096
1,0.87664753
1,0.9639607
1,0.7516907
1,0.7985806
1,0.90373975
1,0.97136676
1,0.8316495
1,0.43689066
1,0.09933431
1,0.8564072
1,0.42765078
1,0.8018942
1,0.23574874
1,0.9771054
1,0.96699846
1,0.6472666
1,0.79830533
1,0.48149854
1,0.8262635
1,0.63467216
1,0.30633128
1,0.7690732
1,0.5695349
1,0.88200796
1,0.72688085
1,0.4680142
1,0.79508036
1,0.3558327
1,0.13753992
1,0.9683159
1,0.066770375
1,0.54355556
1,0.95709956
1,0.47233403
1,0.6664538
1,0.76062155
1,0.5580706
1,0.9880046
1,0.78922266
1,0.11257854
1,0.13975017
1,0.20616478
1,0.9555531
1,0.40637228
1,0.42627904
1,0.41838735
1,0.07282176
1,0.9413759
1,0.69380736
1,0.3035807
1,0.86149204
1,0.59315175
1,0.98202425
1,0.6986751
1,0.30886218
1,0.6454583
1,0.7677042
1,0.94137704
1,0.32357675
1,0.37813148
1,0.18937737
1,0.92656714
1,0.9773447
1,0.653536
1,0.68901694
1,0.9951869
1,0.9897586
1,0.76778615
1,0.16263485
1,0.7042522
1,0.97386
1,0.9599965
1,0.94313246
1,0.83768886
1,0.70114785
1,0.9945512
1,0.95165795
1,0.9356827
1,0.3182419
1,0.25213122
1,0.81929505
1,0.112810664
1,0.6576307
1,0.5789354
1,0.81443745
1,0.9555664
1,0.75584406
1,0.7845823
1,0.7721744
1,0.82733566
1,0.5852837
1,0.6897788
1,0.8637891
1,0.83970547
1,0.9614769
1,0.76814884
1,0.81067085
1,0.094166495
1,0.5686855
1,0.4212667
1,0.95133173
1,0.1175587
1,0.416411
1,0.9852462
1,0.70410734
1,0.8597744
1,0.6631293
1,0.6474904
1,0.9564319
1,0.98695797
1,0.8898684
1,0.95274013
1,0.99175054
1,0.9751766
1,0.43943065
1,0.70989656
1,0.082539804
1,0.37606183
1,0.503281
1,0.71924746
1,0.36529487
1,0.42409623
1,0.8899783
1,0.28839123
1,0.6398017
1,0.9631495
1,0.6553893
1,0.9881804
1,0.4907146
1,0.49448794
1,0.8562277
1,0.95791084
1,0.7721459
1,0.7983265
1,0.7625688
1,0.9723502
1,0.5088501
1,0.9853506
1,0.90909165
1,0.7147353
1,0.39309624
1,0.993435
1,0.8544929
1,0.86105984
1,0.2922187
1,0.05185373
1,0.9806491
1,0.75170153
1,0.70175105
1,0.9534371
1,0.6187662
1,0.83450454
1,0.93125075
1,0.9877093
1,0.56471
1,0.6237016
1,0.9802895
1,0.6505166
1,0.91531074
1,0.38598567
1,0.47482097
1,0.89486456
1,0.9429342
1,0.6380326
1,0.69790626
1,0.94807947
1,0.97702163
1,0.80524266
1,0.17012905
1,0.94944257
1,0.6633859
1,0.30120218
1,0.71292126
1,0.98386985
1,0.054662433
1,0.26469594
1,0.9708619
1,0.4728359
1,0.43496796
1,0.7496621
1,0.70752525
1,0.992164
1,0.96071017
1,0.055773813
1,0.8449257
1,0.86971384
1,0.6058857
1,0.9036188
1,0.8315707
1,0.98927957
1,0.8420962
1,0.9460111
1,0.8090994
1,0.8273518
1,0.48631826
1,0.56475616
1,0.8028005
1,0.32765985
1,0.810486
1,0.9404048
1,0.8496001
1,0.56079453
1,0.64941895
1,0.6792374
1,0.18575202
1,0.9213758
1,0.8746637
1,0.84948695
1,0.95396954
1,0.4829189
1,0.7460111
1,0.6880622
1,0.90412927
1,0.97755957
1,0.6364011
1,0.9548514
1,0.89513737
1,0.7501479
1,0.76164395
1,0.8048854
1,0.9462234
1,0.8821582
1,0.6275919
1,0.8047673
1,0.83778155
1,0.32200915
1,0.38327837
1,0.6002879
1,0.9521933
1,0.73345846
1,0.89385074
1,0.18865111
1,0.51813054
1,0.9390053
1,0.442622
1,0.072096296
1,0.1707862
1,0.30723664
1,0.9698018
1,0.21426775
1,0.39658454
1,0.22900093
1,0.7985534
1,0.7173348
1,0.731714
1,0.5693564
1,0.9104463
1,0.9692265
1,0.9631831
1,0.88590014
1,0.4341563
1,0.7449336
1,0.77097994
1,0.7068614
1,0.12192828
1,0.7903498
1,0.85112923
1,0.9101851
1,0.87866825
1,0.7748185
1,0.87746596
1,0.52108335
1,0.8645518
1,0.42429155
1,0.95109093
1,0.58444256
1,0.9517962
1,0.66396046
1,0.4042564
1,0.31965783
1,0.5245525
1,0.9043672
1,0.9367629
1,0.13450852
1,0.56471956
1,0.61196053
1,0.29894766
1,0.2503397
1,0.24870488
1,0.8316564
1,0.6279606
1,0.52195096
1,0.91071576
1,0.4175313
1,0.89086354
1,0.45050678
1,0.90885323
1,0.59720683
1,0.48781073
1,0.890961
1,0.9119143
1,0.63608795
1,0.5540446
1,0.59125775
1,0.9310714
1,0.59156865
1,0.89016134
1,0.20182998
1,0.93863887
1,0.859522
1,0.5880354
1,0.91069734
1,0.64086837
1,0.95944315
1,0.35324895
1,0.9686186
1,0.760938
1,0.49017397
1,0.8892046
1,0.9821651
1,0.9106651
1,0.96885777
1,0.6421097
1,0.8965052
1,0.9857905
1,0.9385322
1,0.7915201
1,0.93906707
1,0.78204125
1,0.2861059
1,0.75850934
1,0.34286523
1,0.72380024
1,0.4986156
1,0.6653986
1,0.21651952
1,0.8635939
1,0.6744197
1,0.41710952
1,0.9896612
1,0.37968558
1,0.8540308
1,0.75407237
1,0.8843644
1,0.9359131
1,0.7315119
1,0.8635297
1,0.85349256
1,0.6520851
1,0.9867628
1,0.8985475
1,0.45675635
1,0.95783097
1,0.9521391
1,0.9723326
1,0.66775
1,0.93272305
1,0.9928282
1,0.9943845
1,0.98896855
1,0.4203427
1,0.9073639
1,0.9163188
1,0.99770004
1,0.9872747
1,0.3013224
1,0.9676472
1,0.99638873
1,0.8280097
1,0.9823189
1,0.94225585
1,0.9708669
1,0.92003304
1,0.9863407
1,0.57873726
1,0.50069237
1,0.5297625
1,0.9601235
1,0.9877428
1,0.90058124
1,0.99011654
1,0.57370895
1,0.9159545
1,0.97405475
1,0.95867175
1,0.43997052
1,0.47994703
1,0.8986285
1,0.97447
1,0.8934289
1,0.98037404
1,0.94639045
1,0.9846763
1,0.9866117
1,0.9503304
1,0.9980565
1,0.99811554
1,0.9521273
1,0.624822
1,0.8392399
1,0.9778006
1,0.9934911
1,0.6885523
1,0.96435755
1,0.7520516
1,0.9827483
1,0.99329776
1,0.89261556
1,0.9675541
1,0.45466295
1,0.9949301
1,0.78169835
1,0.7925797
1,0.9730534
1,0.9151348
1,0.8257894
1,0.19963363
1,0.74909675
1,0.9280327
1,0.7010019
1,0.9925948
1,0.9188635
1,0.7288093
1,0.9804883
1,0.9987987
1,0.84021896
1,0.8858561
1,0.80229676
1,0.97895527
1,0.99745184
1,0.55245477
1,0.8965097
1,0.8958617
1,0.8749882
1,0.9952056
1,0.86662054
1,0.90835536
1,0.978469
1,0.99607545
1,0.6196787
1,0.9586926
1,0.937064
1,0.96534795
1,0.99470496
1,0.6430007
1,0.9799891
1,0.9469588
1,0.54565907
1,0.95603883
1,0.8639105
1,0.8990035
1,0.99559563
1,0.76777935
1,0.9815235
1,0.68261707
1,0.95022994
1,0.9830898
1,0.9388629
1,0.9896109
1,0.80520415
1,0.36014646
1,0.9977075
1,0.8741603
1,0.9813422
1,0.9838478
1,0.7107113
1,0.91997784
1,0.7518605
1,0.9844981
1,0.7885307
1,0.8688185
1,0.9431556
1,0.7655842
1,0.32837555
1,0.8223112
1,0.99511516
1,0.9444931
1,0.98927164
1,0.7618841
1,0.6382839
1,0.8894376
1,0.9862551
1,0.8531023
1,0.8974298
1,0.92219555
1,0.975054
1,0.95807505
1,0.98427236
1,0.8766103
1,0.45573434
1,0.96280193
1,0.9920482
1,0.9736145
1,0.88296145
1,0.7502168
1,0.40227082
1,0.96768725
1,0.9667683
1,0.89137167
1,0.9949903
1,0.6847391
1,0.9984353
1,0.7583907
1,0.9841156
1,0.9973598
1,0.9979684
1,0.6050996
1,0.12408309
1,0.58061254
1,0.7178997
1,0.99793506
1,0.992328
1,0.96357286
1,0.88327336
1,0.9962847
1,0.99369764
1,0.71574134
1,0.7738655
1,0.4929365
1,0.9073673
1,0.5784702
1,0.98710036
1,0.56856
1,0.4157703
1,0.9974439
1,0.85695404
1,0.9839506
1,0.83575296
1,0.9737796
1,0.99378264
1,0.9603597
1,0.9836759
1,0.09136067
1,0.9989868
1,0.996485
1,0.9853048
1,0.9961663
1,0.9644483
1,0.8974402
1,0.8548239
1,0.99613947
1,0.94892174
1,0.74457604
1,0.8592222
1,0.26023126
1,0.9860944
1,0.45189226
1,0.9618512
1,0.9900315
1,0.94957346
1,0.9827714
1,0.8151117
1,0.42072597
1,0.97333807
1,0.9830509
1,0.99630994
1,0.72847754
1,0.6602751
1,0.9489383
1,0.9253626
1,0.51191413
1,0.8532196
1,0.65242696
1,0.99681085
1,0.7307384
1,0.9872804
1,0.83328277
1,0.97668093
1,0.74742186
1,0.9473779
1,0.92426187
1,0.9762345
1,0.87861955
1,0.9920696
1,0.98436016
1,0.8882296
1,0.9771288
1,0.9698756
1,0.9250423
1,0.9958364
1,0.92733014
1,0.95906866
1,0.9357537
1,0.9886312
1,0.7335541
1,0.76600415
1,0.94035363
1,0.8650732
1,0.99065876
1,0.9949497
1,0.9477428
1,0.94631445
1,0.92377245
1,0.9972199
1,0.9786854
1,0.5834708
1,0.99474275
1,0.15800521
1,0.9849771
1,0.9096313
1,0.9890793
1,0.52300686
1,0.9304757
1,0.99030674
1,0.9711484
1,0.9564064
1,0.90119165
1,0.7894151
1,0.9913194
1,0.47094965
1,0.5685053
1,0.7691717
1,0.9940976
1,0.9850026
1,0.8591328
1,0.94210315
1,0.98127687
1,0.93654466
1,0.9586284
1,0.9984079
1,0.79615355
1,0.99467444
1,0.8539152
1,0.9902448
1,0.7652027
1,0.9091052
1,0.9728055
1,0.7332973
1,0.83748716
1,0.9779447
1,0.4916616
1,0.7224693
1,0.983511
1,0.9760933
1,0.9758453
1,0.401361
1,0.9849444
1,0.98810136
1,0.6191053
1,0.83912563
1,0.8499191
1,0.99567646
1,0.9950717
1,0.61102474
1,0.5432936
1,0.2407002
1,0.97046846
1,0.98529226
1,0.99539226
1,0.8431736
1,0.72446615
1,0.9976553
1,0.78661424
1,0.9938139
1,0.9810023
1,0.92809635
1,0.77548784
1,0.9637552
1,0.97799116
1,0.23296678
1,0.6496262
1,0.8210149
1,0.97460157
1,0.6987387
1,0.9502234
1,0.9897452
1,0.9773945
1,0.9443537
1,0.9886684
1,0.9766333
1,0.9327324
1,0.9827306
1,0.98698795
1,0.9937086
1,0.6533159
1,0.9834638
1,0.99753153
1,0.7742851
1,0.9901563
1,0.6371612
1,0.9790723
1,0.9958872
1,0.351835
1,0.9945768
1,0.30802158
1,0.9578294
1,0.98566425
1,0.542131
1,0.783548
1,0.6727968
1,0.5376
1,0.94712305
1,0.81386584
1,0.6499216
1,0.70900977
1,0.9579807
1,0.99675125
1,0.66816837
1,0.88869125
1,0.9967786
1,0.9536241
1,0.9424354
1,0.8623123
1,0.9856318
1,0.9527031
1,0.9929432
1,0.848848
1,0.81377
1,0.9917101
1,0.44623286
1,0.96298957
1,0.8039675
1,0.91117305
1,0.73402727
1,0.97093415
1,0.6731433
1,0.7457491
1,0.89423174
1,0.9841197
1,0.9580872
1,0.74538577
1,0.90181845
1,0.82461596
1,0.9343612
1,0.94394296
1,0.99029565
1,0.34342754
1,0.9966781
1,0.91420937
1,0.87105227
1,0.8765173
1,0.6756711
1,0.710719
1,0.9293714
1,0.5363923
1,0.76307714
1,0.83221185
1,0.8865905
1,0.91351897
1,0.99447656
1,0.9026014
1,0.92467225
1,0.96747977
1,0.55833346
1,0.9645067
1,0.97342944
1,0.6652702
1,0.9902081
1,0.8804584
1,0.9469555
1,0.8760156
1,0.9865051
1,0.63310146
1,0.9512568
1,0.60835844
1,0.90494555
1,0.92451465
1,0.9974032
1,0.5673476
1,0.77276915
1,0.8706959
1,0.9659886
1,0.77161586
1,0.9444293
1,0.35706303
1,0.968157
1,0.9986039
1,0.94547504
1,0.17381561
1,0.98202264
1,0.9529162
1,0.9899626
1,0.9421608
1,0.8426779
1,0.8638368
1,0.99059385
1,0.9580185
1,0.56490684
1,0.9535962
1,0.9153892
1,0.9959359
1,0.9676394
1,0.9784867
1,0.8946747
1,0.99026257
1,0.972569
1,0.79619783
1,0.755238
1,0.9649174
1,0.9199637
1,0.8036695
1,0.47260445
1,0.79730654
1,0.9941692
1,0.9176525
1,0.7864462
1,0.9536793
1,0.51221704
1,0.99754214
1,0.99758136
1,0.935656
1,0.8748325
1,0.5801911
1,0.94827396
1,0.99234384
1,0.8039626
1,0.6934858
1,0.7962041
1,0.8580983
1,0.9928491
1,0.9554922
1,0.6157121
1,0.9682584
1,0.94532
1,0.97241384
1,0.5633044
1,0.9267936
1,0.99399817
1,0.8665475
1,0.98870856
1,0.827086
1,0.2527928
1,0.70554835
1,0.96812683
1,0.7357903
1,0.49258104
1,0.5832042
1,0.79572576
1,0.9267379
1,0.9616398
1,0.6026403
1,0.7518776
1,0.72693366
1,0.69728476
1,0.9587491
1,0.89846456
1,0.9953778
1,0.93820894
1,0.99794227
1,0.9328986
1,0.9357156
1,0.99459577
1,0.8704847
1,0.7894911
1,0.9628854
1,0.9756714
1,0.95638
1,0.9172245
1,0.88606775
1,0.9002428
1,0.9038363
1,0.98169947
1,0.9793594
1,0.923683
1,0.881166
1,0.96588457
1,0.9168291
1,0.9009635
1,0.9425592
1,0.7660049
1,0.99332726
1,0.97677064
1,0.959939
1,0.76448154
1,0.40173364
1,0.91007084
1,0.99095786
1,0.9451901
1,0.8622245
1,0.740374
1,0.98539597
1,0.9822273
1,0.80626225
1,0.855777
1,0.31063733
1,0.9724107
1,0.70300055
1,0.9567786
1,0.402705
1,0.8717298
1,0.584843
1,0.54719996
1,0.97740334
1,0.7785443
1,0.60156083
1,0.7205492
1,0.9517642
1,0.99444264
1,0.8199918
1,0.9649033
1,0.9823535
1,0.99499065
1,0.89229715
1,0.857932
1,0.5155628
1,0.9944964
1,0.940183
1,0.9437599
1,0.6805559
1,0.73929715
1,0.98766196
1,0.98191905
1,0.7687323
1,0.8463572
1,0.94173616
1,0.93801165
1,0.90947795
1,0.98674566
1,0.5260663
1,0.9649506
1,0.925528
1,0.98681235
1,0.86606896
1,0.33193684
1,0.99645466
1,0.9680914
1,0.9298512
1,0.8780767
1,0.97187984
1,0.9237029
1,0.8700874
1,0.92160636
1,0.8301421
1,0.7581161
1,0.8836002
1,0.91756934
1,0.91206187
1,0.9298684
1,0.93095136
1,0.97741735
1,0.9924284
1,0.9561692
1,0.95464164
1,0.9690257
1,0.9868542
1,0.9424812
1,0.9448174
1,0.3828677
1,0.9344718
1,0.90715486
1,0.9922085
1,0.92443
1,0.43382856
1,0.8408076
1,0.96136
1,0.9968671
1,0.98110354
1,0.9775039
1,0.78775
1,0.9731602
1,0.86948365
1,0.37064716
1,0.8784642
1,0.9572059
1,0.8325998
1,0.7622071
1,0.8454858
1,0.9752289
1,0.705914
1,0.36723888
1,0.8623725
1,0.9615721
1,0.98420215
1,0.8062336
1,0.44769198
1,0.9807655
1,0.84488416
1,0.827407
1,0.679442
1,0.96184987
1,0.8901635
1,0.092048824
1,0.9105723
1,0.92985594
1,0.22563958
1,0.5044549
1,0.65388227
1,0.930978
1,0.98728865
1,0.85473067
1,0.9918717
1,0.76099116
1,0.76998067
1,0.9969368
1,0.4418869
1,0.814253
1,0.9663312
1,0.39409176
1,0.6813947
1,0.7133773
1,0.96640235
1,0.9926697
1,0.8231117
1,0.6900475
1,0.26691768
1,0.50011647
1,0.99220747
1,0.9141234
1,0.90288645
1,0.82537436
1,0.5948586
1,0.50345004
1,0.989562
1,0.89233667
1,0.9827342
1,0.9735677
1,0.6781046
1,0.98054457
1,0.5632687
1,0.7108768
1,0.49633116
1,0.9281886
1,0.97618085
1,0.9793644
1,0.89501214
1,0.9856149
1,0.8175292
1,0.9823293
1,0.9791337
1,0.14747892
1,0.17030236
1,0.84565264
1,0.8334349
1,0.54112816
1,0.22465292
1,0.76487017
1,0.99218106
1,0.98746383
1,0.54331475
1,0.4700212
1,0.65585536
1,0.9955407
1,0.27978542
1,0.3122495
1,0.729368
1,0.6376674
1,0.7046352
1,0.57188636
1,0.7932271
1,0.27275357
1,0.8918619
1,0.4514858
1,0.7881917
1,0.9620999
1,0.68713397
1,0.51457065
1,0.75554353
1,0.89062744
1,0.6978011
1,0.5146192
1,0.84302074
1,0.15049745
1,0.9858978
1,0.41422644
1,0.91888595
1,0.56227505
1,0.7561294
1,0.96941286
1,0.9952767
1,0.57096386
1,0.83068216
1,0.35510787
1,0.9115281
1,0.92048955
1,0.29277092
1,0.95071274
1,0.989915
1,0.8783299
1,0.60477877
1,0.97010976
1,0.783009
1,0.5092117
1,0.9960627
1,0.9433673
1,0.86393344
1,0.51054215
1,0.9509219
1,0.8508405
1,0.6971324
1,0.3687739
1,0.60903555
1,0.90816104
1,0.9869838
1,0.3142042
1,0.95246506
1,0.9114738
1,0.6521327
1,0.6893802
1,0.9419561
1,0.87180924
1,0.9934642
1,0.8835061
1,0.97786534
1,0.73394847
1,0.8121318
1,0.9466014
1,0.94901806
1,0.98478425
1,0.898516
1,0.9711095
1,0.97682923
1,0.9813122
1,0.8097437
1,0.9792356
1,0.9467671
1,0.996433
1,0.39164296
1,0.7867723
1,0.7948436
1,0.98462564
1,0.9784705
1,0.75430536
1,0.9401416
1,0.3624733
1,0.92172426
1,0.68641615
1,0.92977864
1,0.9826894
1,0.59515846
1,0.4583005
1,0.97238016
1,0.53803337
1,0.47996712
1,0.49933687
1,0.9906081
1,0.511375
1,0.43842727
1,0.78608894
1,0.7566058
1,0.621975
1,0.5390091
1,0.4469923
1,0.6067915
1,0.54234225
1,0.9768792
1,0.9746371
1,0.4612079
1,0.7067273
1,0.8165839
1,0.9985348
1,0.98527765
1,0.9677894
1,0.87784415
1,0.9314616
1,0.94775224
1,0.8687284
1,0.84724414
1,0.920789
1,0.9323504
1,0.99035645
1,0.5549268
1,0.6856607
1,0.9601273
1,0.98755544
1,0.5182919
1,0.8273854
1,0.830404
1,0.9697462
1,0.95777845
1,0.9556549
1,0.8902402
1,0.7419507
1,0.7896666
1,0.76682675
1,0.31589982
1,0.66590625
1,0.8925504
1,0.99548656
1,0.9794636
1,0.49674827
1,0.13525997
1,0.6915284
1,0.84176356
1,0.97846633
1,0.7568037
1,0.7486283
1,0.9365936
1,0.85689074
1,0.78412676
1,0.5208943
1,0.61974823
1,0.95679224
1,0.6109681
1,0.9042896
1,0.4138729
1,0.81290364
1,0.869781
1,0.91388667
1,0.7432172
1,0.27133742
1,0.4691719
1,0.8814759
1,0.6376625
1,0.75603575
1,0.9418316
1,0.9349664
1,0.55923635
1,0.93298435
1,0.46015394
1,0.71122193
1,0.9791286
1,0.9816598
1,0.41140714
1,0.425106
1,0.6617844
1,0.0682716
1,0.8456935
1,0.8995682
1,0.2582121
1,0.90359265
1,0.5210491
1,0.28802904
1,0.19695379
1,0.54634935
1,0.8890559
1,0.8430783
1,0.4131458
1,0.9259121
1,0.51230234
1,0.9842659
1,0.26465592
1,0.8938286
1,0.85552365
1,0.4796156
1,0.854433
1,0.95387495
1,0.95927125
1,0.8707329
1,0.21894707
1,0.5777655
1,0.9247409
1,0.5048708
1,0.94778144
1,0.68420476
1,0.9811907
1,0.64883155
1,0.9496916
1,0.4234636
1,0.969864
1,0.71018267
1,0.28379706
1,0.5412626
1,0.52734184
1,0.60538125
1,0.82573086
1,0.69354427
1,0.35451162
1,0.51431996
1,0.99748313
1,0.9819173
1,0.88219374
1,0.84819555
1,0.8853102
1,0.9886502
1,0.2392709
1,0.5179859
1,0.6929571
1,0.8515625
1,0.86504406
1,0.98479086
1,0.69367886
1,0.37428746
1,0.9305066
1,0.98437774
1,0.18615247
1,0.6493367
1,0.25074875
1,0.8206025
1,0.34122002
1,0.39560354
1,0.12904796
1,0.5776841
1,0.90468067
1,0.86618173
1,0.51340723
1,0.37886384
1,0.5258354
1,0.96302485
1,0.92470527
1,0.72183007
1,0.26346385
1,0.9454763
1,0.93874484
1,0.3249928
1,0.9445233
1,0.4887015
1,0.5584451
1,0.7125819
1,0.7870961
1,0.20957425
1,0.57603246
1,0.6603706
1,0.96002376
1,0.13359483
1,0.50016457
1,0.18441859
1,0.39769337
1,0.16145644
1,0.34833646
1,0.40847906
1,0.6883478
1,0.95663357
1,0.8102412
1,0.8842495
1,0.79672366
1,0.777024
1,0.9537288
1,0.5816198
1,0.7642871
1,0.9650024
1,0.12873346
1,0.2734081
1,0.95123243
1,0.95818263
1,0.59484833
1,0.9106427
1,0.7532027
1,0.2597382
1,0.7857749
1,0.90503633
1,0.9763149
1,0.91275144
1,0.40958178
1,0.19963908
1,0.5385591
1,0.73497945
1,0.83785087
1,0.8427573
1,0.80262357
1,0.83491415
1,0.51966006
1,0.39322641
1,0.947061
1,0.90926373
1,0.37223676
1,0.9399666
1,0.8337012
1,0.97703105
1,0.28562373
1,0.7235819
1,0.93303
1,0.9487639
1,0.6083627
1,0.7488011
1,0.50335467
1,0.9085063
1,0.9657566
1,0.2845714
1,0.093293115
0,0.70512486
0,0.17763695
0,0.33493966
0,0.30169538
0,0.18473151
0,0.20413998
0,0.32432064
0,0.17931686
0,0.909882
0,0.12904637
0,0.49671802
0,0.33165056
0,0.28772867
0,0.29185718
0,0.7648242
0,0.098230995
0,0.16373982
0,0.75810796
0,0.111103974
0,0.26396257
0,0.39562052
0,0.2839057
0,0.19322458
0,0.68661517
0,0.2594755
0,0.20067814
0,0.285063
0,0.29517993
0,0.74471563
0,0.11721499
0,0.19751771
0,0.18474288
0,0.1117743
0,0.14604048
0,0.5330098
0,0.06653025
0,0.74730295
0,0.66647947
0,0.498531
0,0.29990965
0,0.45614064
0,0.35545024
0,0.2529449
0,0.32270226
0,0.3712002
0,0.6519755
0,0.50818956
0,0.530567
0,0.28304097
0,0.13386315
0,0.24127711
0,0.5568347
0,0.39662254
0,0.847868
0,0.88489103
0,0.17246751
0,0.44562775
0,0.37206253
0,0.92567945
0,0.2835923
0,0.45701408
0,0.36778414
0,0.08804239
0,0.5555035
0,0.19576709
0,0.46983948
0,0.7933329
0,0.3199927
0,0.31002563
0,0.25899476
0,0.102683716
0,0.22996177
0,0.1089927
0,0.32628992
0,0.17723174
0,0.26057252
0,0.076127514
0,0.34635094
0,0.26507425
0,0.6079358
0,0.2644134
0,0.33398598
0,0.274646
0,0.4828784
0,0.16066346
0,0.08571068
0,0.32707137
0,0.45136395
0,0.29495722
0,0.28654224
0,0.098941244
0,0.39158335
0,0.8934457
0,0.29021513
0,0.7550673
0,0.16237716
0,0.47091585
0,0.86798555
0,0.40292552
0,0.7785979
0,0.8301951
0,0.708324
0,0.8098485
0,0.096651495
0,0.39783427
0,0.2993542
0,0.18393406
0,0.5334372
0,0.7174826
0,0.3021017
0,0.06360013
0,0.351872
0,0.18878922
0,0.4321487
0,0.122577734
0,0.29942554
0,0.41072065
0,0.33723336
0,0.4093039
0,0.8646829
0,0.15056536
0,0.40864465
0,0.46953052
0,0.19855116
0,0.12992679
0,0.9146619
0,0.086303376
0,0.20982851
0,0.23832108
0,0.13714734
0,0.12204657
0,0.7140937
0,0.2676887
0,0.51028085
0,0.104439735
0,0.17712814
0,0.30491105
0,0.097996406
0,0.12191159
0,0.34786853
0,0.3524281
0,0.22128294
0,0.37797248
0,0.10737371
0,0.119061984
0,0.3511701
0,0.119111456
0,0.28120565
0,0.73344725
0,0.119082145
0,0.13413267
0,0.108063504
0,0.067240976
0,0.74018735
0,0.3317498
0,0.41157603
0,0.16888277
0,0.45875978
0,0.44870672
0,0.42725223
0,0.11121516
0,0.8349858
0,0.53756136
0,0.25616255
0,0.699599
0,0.16011387
0,0.18655182
0,0.17513075
0,0.28175464
0,0.14150411
0,0.52581924
0,0.32490975
0,0.39313424
0,0.13961595
0,0.07980144
0,0.3432016
0,0.13668232
0,0.2135763
0,0.07568045
0,0.10111827
0,0.12756157
0,0.2742668
0,0.14097387
0,0.10617529
0,0.048579097
0,0.5737579
0,0.059103034
0,0.41416398
0,0.12835842
0,0.11103862
0,0.16354272
0,0.07585948
0,0.13583514
0,0.8116866
0,0.09794993
0,0.1584201
0,0.11524928
0,0.23818444
0,0.32524258
0,0.11341501
0,0.1023037
0,0.20898128
0,0.10355036
0,0.23071314
0,0.09375146
0,0.052565366
0,0.23696215
0,0.120354824
0,0.12085027
0,0.044910867
0,0.22556667
0,0.12809971
0,0.08188205
0,0.13663928
0,0.39772812
0,0.4699296
0,0.20087561
0,0.31871036
0,0.04317222
0,0.066276856
0,0.5355237
0,0.12017636
0,0.044470634
0,0.07364709
0,0.093673475
0,0.086362466
0,0.13710693
0,0.05073892
0,0.05311561
0,0.1775367
0,0.08814786
0,0.11119143
0,0.17477787
0,0.10638352
0,0.034161873
0,0.09896688
0,0.23247057
0,0.80681163
0,0.125209
0,0.16635574
0,0.2595653
0,0.10463368
0,0.27365136
0,0.1816243
0,0.17732705
0,0.19418597
0,0.18188986
0,0.22462192
0,0.0963392
0,0.16207501
0,0.20067096
0,0.19726537
0,0.06320142
0,0.1484938
0,0.062035553
0,0.09111205
0,0.17387971
0,0.09211735
0,0.04716357
0,0.85091466
0,0.14860335
0,0.06507948
0,0.06939128
0,0.054225378
0,0.12861632
0,0.22014779
0,0.3338246
0,0.11941256
0,0.052072473
0,0.23508216
0,0.039280273
0,0.16747905
0,0.27442732
0,0.13555436
0,0.5239002
0,0.18413273
0,0.13683856
0,0.24717079
0,0.11650343
0,0.47220358
0,0.13964614
0,0.49875006
0,0.5033602
0,0.118427
0,0.124295235
0,0.2189859
0,0.257851
0,0.22680545
0,0.1412343
0,0.4044695
0,0.29553375
0,0.24115124
0,0.47496775
0,0.35764664
0,0.586797
0,0.6317324
0,0.5523922
0,0.67676526
0,0.9009436
0,0.5022759
0,0.40214008
0,0.6025044
0,0.098382406
0,0.84893537
0,0.6363989
0,0.6903624
0,0.14523011
0,0.89607185
0,0.48236993
0,0.8626791
0,0.5671718
0,0.41475898
0,0.4835945
0,0.20899107
0,0.18638918
0,0.1990358
0,0.27226928
0,0.21402988
0,0.5815055
0,0.62735105
0,0.75586474
0,0.9047288
0,0.21900235
0,0.775894
0,0.23425019
0,0.3331015
0,0.799198
0,0.4156718
0,0.19718891
0,0.30549887
0,0.17060627
0,0.11501428
0,0.80588645
0,0.27870414
0,0.32137707
0,0.839328
0,0.5677532
0,0.21479775
0,0.18459606
0,0.420405
0,0.3921296
0,0.76197976
0,0.27862242
0,0.65428984
0,0.34307235
0,0.25266314
0,0.49796003
0,0.29317442
0,0.19913636
0,0.75554806
0,0.07479825
0,0.7185505
0,0.5070131
0,0.22264819
0,0.25673252
0,0.70355153
0,0.62218696
0,0.35040563
0,0.28818876
0,0.5039523
0,0.33964527
0,0.14092678
0,0.2848725
0,0.1251902
0,0.11066766
0,0.2069035
0,0.2864329
0,0.08502764
0,0.53648216
0,0.24137942
0,0.259757
0,0.81253195
0,0.089046635
0,0.098639384
0,0.3849945
0,0.48820075
0,0.6188867
0,0.33063662
0,0.104119815
0,0.33855537
0,0.15764278
0,0.16150953
0,0.17038317
0,0.04055923
0,0.09780553
0,0.40460566
0,0.17204098
0,0.12126871
0,0.12073528
0,0.1723294
0,0.6015078
0,0.25186476
0,0.83354586
0,0.3413341
0,0.6768571
0,0.21311092
0,0.47389415
0,0.7257837
0,0.162237
0,0.111607336
0,0.10167227
0,0.05129325
0,0.281754
0,0.6305819
0,0.08818454
0,0.08299709
0,0.094333984
0,0.23604038
0,0.11111947
0,0.6134353
0,0.19632554
0,0.1274372
0,0.26986387
0,0.24016462
0,0.44810146
0,0.56571543
0,0.059794392
0,0.25597346
0,0.36709931
0,0.079798765
0,0.08051769
0,0.17538108
0,0.47907412
0,0.2569404
0,0.4596577
0,0.064677246
0,0.7189631
0,0.6154057
0,0.095437646
0,0.26915547
0,0.65594953
0,0.100351386
0,0.10015621
0,0.3428404
0,0.5227433
0,0.18316518
0,0.097957954
0,0.2550399
0,0.5176948
0,0.095618375
0,0.53301114
0,0.7468036
0,0.92819864
0,0.31410426
0,0.31215343
0,0.3378102
0,0.11269241
0,0.15399686
0,0.427294
0,0.23798837
0,0.489111
0,0.18899523
0,0.5025393
0,0.15565507
0,0.085018575
0,0.3538732
0,0.11138233
0,0.07508577
0,0.15589818
0,0.12124628
0,0.18446873
0,0.09230344
0,0.29915252
0,0.35353208
0,0.22019069
0,0.24627426
0,0.21969102
0,0.054305878
0,0.07420804
0,0.2095675
0,0.37984893
0,0.21560319
0,0.1123683
0,0.17338683
0,0.20549871
0,0.06199971
0,0.16239335
0,0.24987626
0,0.11384027
0,0.072607316
0,0.15008925
0,0.19539042
0,0.16731523
0,0.28491935
0,0.36362424
0,0.12844913
0,0.60699314
0,0.124679275
0,0.13503352
0,0.1272759
0,0.123324476
0,0.121331446
0,0.19052728
0,0.53340185
0,0.089966364
0,0.14848013
0,0.10769129
0,0.26399308
0,0.72172725
0,0.16248351
0,0.21749012
0,0.09277341
0,0.17978212
0,0.41293705
0,0.25674614
0,0.1111992
0,0.08008446
0,0.43728954
0,0.16878186
0,0.14998634
0,0.096914895
0,0.21439458
0,0.27889326
0,0.06528392
0,0.39561814
0,0.0824437
0,0.26355952
0,0.2832707
0,0.0847113
0,0.27508572
0,0.16229795
0,0.07208792
0,0.06737025
0,0.21054365
0,0.44098124
0,0.106193975
0,0.327771
0,0.40280607
0,0.55446535
0,0.16793337
0,0.086283505
0,0.37978894
0,0.27696046
0,0.105051644
0,0.07007136
0,0.2196418
0,0.15553157
0,0.31070796
0,0.089360446
0,0.35422844
0,0.14873765
0,0.0960189
0,0.08016276
0,0.31377432
0,0.14983483
0,0.07082803
0,0.116507076
0,0.069817655
0,0.43687063
0,0.11025455
0,0.0782007
0,0.13748863
0,0.32128778
0,0.550221
0,0.11618503
0,0.45814222
0,0.24518928
0,0.28857234
0,0.093526274
0,0.13406654
0,0.5446184
0,0.08585645
0,0.21828048
0,0.4383611
0,0.85338074
0,0.2112324
0,0.4213353
0,0.1298283
0,0.25675648
0,0.3079082
0,0.111730814
0,0.19122235
0,0.7703569
0,0.18528275
0,0.18343832
0,0.25888917
0,0.088641
0,0.1600899
0,0.14911747
0,0.14703642
0,0.09989426
0,0.6052692
0,0.17942715
0,0.5087169
0,0.10519619
0,0.22350301
0,0.08281582
0,0.059947293
0,0.079689845
0,0.079337336
0,0.12091892
0,0.33583418
0,0.20833068
0,0.2636608
0,0.15844315
0,0.2533295
0,0.21338625
0,0.063436665
0,0.0697112
0,0.39038846
0,0.17713743
0,0.16608092
0,0.62387806
0,0.1932703
0,0.82115585
0,0.14681081
0,0.2725358
0,0.36070415
0,0.19946933
0,0.33817643
0,0.35243794
0,0.55168235
0,0.32943484
0,0.113446034
0,0.10983201
0,0.2651136
0,0.073273085
0,0.119903326
0,0.453974
0,0.36104408
0,0.23262627
0,0.5610128
0,0.12909867
0,0.1584936
0,0.33888826
0,0.276922
0,0.28267255
0,0.08669925
0,0.07889897
0,0.15787613
0,0.20131183
0,0.0747294
0,0.11091424
0,0.182763
0,0.12118001
0,0.34664345
0,0.16633919
0,0.500052
0,0.118616015
0,0.084107205
0,0.18354991
0,0.21287066
0,0.18297616
0,0.08728303
0,0.09952623
0,0.46991122
0,0.11908771
0,0.12058831
0,0.20583312
0,0.30185258
0,0.10551546
0,0.3206728
0,0.19451569
0,0.10547554
0,0.085503206
0,0.28643247
0,0.19287772
0,0.4167237
0,0.085671455
0,0.59560966
0,0.042616673
0,0.08040024
0,0.54139084
0,0.13888884
0,0.2272132
0,0.09704632
0,0.08899065
0,0.70456296
0,0.072886385
0,0.23234434
0,0.14450762
0,0.31100675
0,0.062495843
0,0.48465654
0,0.118373565
0,0.167351
0,0.1447112
0,0.29389542
0,0.27341384
0,0.26311222
0,0.052897297
0,0.10089946
0,0.1100109
0,0.05645531
0,0.30288875
0,0.2625488
0,0.3830819
0,0.049745526
0,0.039065443
0,0.25259602
0,0.35298264
0,0.17205694
0,0.13709071
0,0.8812465
0,0.5803009
0,0.17589
0,0.10686361
0,0.054709896
0,0.93677473
0,0.22170201
0,0.18082015
0,0.61291724
0,0.37504736
0,0.30543777
0,0.921543
0,0.48512092
0,0.10068578
0,0.13013184
0,0.14872926
0,0.18948275
0,0.10719651
0,0.19632891
0,0.19664618
0,0.18706018
0,0.28269872
0,0.20499843
0,0.39966613
0,0.11379929
0,0.32314885
0,0.18672635
0,0.5445996
0,0.08506805
0,0.5272106
0,0.31577083
0,0.262327
0,0.08944438
0,0.13168876
0,0.10245728
0,0.6453805
0,0.13528687
0,0.1262399
0,0.0863791
0,0.0772766
0,0.24596013
0,0.08460692
0,0.08745426
0,0.1635554
0,0.30577782
0,0.51102614
0,0.33363435
0,0.1682359
0,0.097482614
0,0.18949646
0,0.2554497
0,0.551638
0,0.44243354
0,0.14061712
0,0.09626039
0,0.24246539
0,0.13736254
0,0.107158564
0,0.098315194
0,0.14831308
0,0.41119346
0,0.4964402
0,0.2700027
0,0.2501997
0,0.030933673
0,0.23411018
0,0.11651942
0,0.7010973
0,0.20051505
0,0.6260106
0,0.20826459
0,0.0554535
0,0.3322658
0,0.10941395
0,0.06728512
0,0.23417945
0,0.0946992
0,0.12036309
0,0.10832486
0,0.1238742
0,0.22393805
0,0.07969881
0,0.053264726
0,0.07771945
0,0.25834942
0,0.120969854
0,0.09249067
0,0.1654639
0,0.22760957
0,0.0948678
0,0.4806432
0,0.6460313
0,0.24661316
0,0.25083616
0,0.7334791
0,0.43216568
0,0.1657113
0,0.3782621
0,0.6444874
0,0.063960165
0,0.21069527
0,0.17746733
0,0.2125779
0,0.35753593
0,0.5264423
0,0.800608
0,0.30311528
0,0.65037477
0,0.41946682
0,0.6238247
0,0.49972668
0,0.90871805
0,0.39619836
0,0.5888361
0,0.49037135
0,0.15218776
0,0.5626561
0,0.6570127
0,0.87102723
0,0.29638094
0,0.19576117
0,0.24592803
0,0.30492768
0,0.5361242
0,0.2116318
0,0.719864
0,0.7566301
0,0.87242997
0,0.29207665
0,0.45161128
0,0.55978006
0,0.49502066
0,0.39475816
0,0.63902384
0,0.26225084
0,0.29948452
0,0.69963413
0,0.4232915
0,0.46035826
0,0.11244747
0,0.36842647
0,0.1062855
0,0.3361796
0,0.31944102
0,0.9003892
0,0.14715092
0,0.8435716
0,0.1493832
0,0.099371895
0,0.7846892
0,0.19163759
0,0.2870528
0,0.722946
0,0.8046454
0,0.50816435
0,0.4460487
0,0.083606645
0,0.68497795
0,0.17146146
0,0.117923886
0,0.65165555
1,0.22118898
1,0.9049985
1,0.98671186
1,0.931763
1,0.9752535
1,0.986932
1,0.98880273
1,0.9589341
1,0.7946998
1,0.99142563
1,0.97494113
1,0.9890092
1,0.8537605
1,0.9486136
1,0.90083784
1,0.9905812
1,0.99327844
1,0.94219977
1,0.9759803
1,0.95395696
1,0.98792857
1,0.9975399
1,0.9940993
1,0.9638333
1,0.8462875
1,0.9844513
1,0.887118
1,0.9579467
1,0.9961371
1,0.9852148
1,0.905075
1,0.8516194
1,0.9372316
1,0.9739258
1,0.9947471
1,0.9987771
1,0.9972053
1,0.992841
1,0.9153706
1,0.98441917
1,0.97724974
1,0.9880611
1,0.93678856
1,0.9676348
1,0.96783197
1,0.9933082
1,0.9952306
1,0.9960668
1,0.6982609
1,0.90300816
1,0.9967715
1,0.990197
1,0.98018587
1,0.69545346
1,0.87891597
1,0.9964625
1,0.98547095
1,0.9849813
1,0.98686
1,0.71776205
1,0.9795083
1,0.9657278
1,0.9736988
1,0.97089404
1,0.35737112
1,0.99520004
1,0.9950828
1,0.9919133
1,0.8710409
1,0.44853398
1,0.9851156
1,0.7495825
1,0.9343056
1,0.82907665
1,0.78275037
1,0.9651391
1,0.99572456
1,0.9725719
1,0.97795916
1,0.9421842
1,0.9825147
1,0.9673719
1,0.98895895
1,0.99706393
1,0.9945084
1,0.99135333
1,0.9905083
1,0.99488693
1,0.92681336
1,0.8734338
1,0.7102856
1,0.9938087
1,0.9901008
1,0.8075199
1,0.74545544
1,0.95938444
1,0.95855004
1,0.9972698
1,0.9667218
1,0.9092084
1,0.9384926
1,0.9590542
1,0.97140324
1,0.93888164
1,0.5277551
1,0.96714115
1,0.986992
1,0.991058
1,0.9583559
1,0.9615361
1,0.9865431
1,0.99702966
1,0.99319226
1,0.83441323
1,0.73444045
1,0.99441665
1,0.9854058
1,0.940641
1,0.9829742
1,0.5530582
1,0.9787748
1,0.98036927
1,0.9818509
1,0.9343328
1,0.8261732
1,0.98404473
1,0.92206115
1,0.99720746
1,0.98902416
1,0.9866413
1,0.78984004
1,0.9934163
1,0.97521734
1,0.6247416
1,0.9536413
1,0.9831163
1,0.9969663
1,0.99727625
1,0.945717
1,0.79326093
1,0.9962912
1,0.9869915
1,0.86631536
1,0.9049559
1,0.8290402
1,0.9876847
1,0.9707785
1,0.8926919
1,0.9903314
1,0.9667845
1,0.9492605
1,0.7541453
1,0.9649303
1,0.9882933
1,0.99846375
1,0.9676977
1,0.92524
1,0.93464386
1,0.9676578
1,0.833549
1,0.9212568
1,0.9721642
1,0.9779524
1,0.9091206
1,0.8512516
1,0.93323815
1,0.9782319
1,0.9713382
1,0.94504994
1,0.7638825
1,0.9879781
1,0.9806693
1,0.9741614
1,0.6887377
1,0.99639374
1,0.999079
1,0.8990912
1,0.9870641
1,0.8799567
1,0.98265225
1,0.99877816
1,0.9709873
1,0.93000317
1,0.9050686
1,0.99330586
1,0.99872214
1,0.97034645
1,0.72950387
1,0.95996916
1,0.9938864
1,0.9958788
1,0.9844584
1,0.9256382
1,0.23513952
1,0.93099886
1,0.9886284
1,0.9564425
1,0.9654911
1,0.90297276
1,0.99182266
1,0.9962627
1,0.87660605
1,0.979983
1,0.9155675
1,0.9896438
1,0.9909815
1,0.97428775
1,0.97702366
1,0.9552127
1,0.99789906
1,0.9856794
1,0.97367346
1,0.949723
1,0.9958513
1,0.98760533
1,0.957085
1,0.8895686
1,0.9793793
1,0.9890119
1,0.9781261
1,0.9412598
1,0.98728335
1,0.9807973
1,0.95282227
1,0.96983737
1,0.5902714
1,0.6567908
1,0.941949
1,0.9780346
1,0.8007723
1,0.9048116
1,0.99537873
1,0.98962283
1,0.9689918
1,0.87890565
1,0.9829481
1,0.9861007
1,0.967166
1,0.8444726
1,0.63712734
1,0.9948412
1,0.9925316
1,0.9706706
1,0.272449
1,0.8373344
1,0.996555
1,0.97902155
1,0.9258646
1,0.960858
1,0.98551834
1,0.95715153
1,0.77520335
1,0.7604035
1,0.59293187
1,0.7182137
1,0.96809095
1,0.8230187
1,0.9342668
1,0.95423436
1,0.9389883
1,0.9835074
1,0.9266087
1,0.49482897
1,0.99552083
1,0.9950133
1,0.81427044
1,0.43355125
1,0.31585684
1,0.83047116
1,0.97168833
1,0.9955455
1,0.84066194
1,0.9658035
1,0.6505586
1,0.95486206
1,0.9805238
1,0.99714965
1,0.8037136
1,0.8760676
1,0.67658466
1,0.84312314
1,0.6923659
1,0.3139717
1,0.98547864
1,0.99251634
1,0.7003484
1,0.95436627
1,0.9985555
1,0.9699337
1,0.95937246
1,0.8431304
1,0.9719154
1,0.9103728
1,0.963504
1,0.997336
1,0.8598734
1,0.94221866
1,0.9417591
1,0.9876266
1,0.98384196
1,0.8919325
1,0.9867954
1,0.9777786
1,0.97240865
1,0.7793361
1,0.2350739
1,0.98408693
1,0.96049315
1,0.70760643
1,0.9070497
1,0.52741605
1,0.9333632
1,0.99840206
1,0.98989725
1,0.8839086
1,0.9467301
1,0.9046347
1,0.8700471
1,0.9953011
1,0.9890721
1,0.96574414
1,0.8587593
1,0.9358137
1,0.9982595
1,0.86207676
1,0.93350476
1,0.9667078
1,0.95607793
1,0.994732
1,0.978366
1,0.9727466
1,0.75748205
1,0.9751083
1,0.9165957
1,0.55994403
1,0.9963295
1,0.99337417
1,0.9699607
1,0.9862195
1,0.9704617
1,0.97252345
1,0.90215695
1,0.96694314
1,0.65276647
1,0.88895816
1,0.96487767
1,0.89372784
1,0.15573831
1,0.5174563
1,0.957761
1,0.935309
1,0.9848845
1,0.93408495
1,0.54286844
1,0.962609
1,0.9891945
1,0.998966
1,0.86591375
1,0.83319646
1,0.9651594
1,0.85129184
1,0.99722964
1,0.66621304
1,0.9618243
1,0.9533207
1,0.6926307
1,0.99779236
1,0.94614506
1,0.87550527
1,0.72483474
1,0.95491266
1,0.9530479
1,0.5482616
1,0.9908047
1,0.9956042
1,0.986398
1,0.8921961
1,0.76461
1,0.9593242
1,0.99617493
1,0.9960263
1,0.9335727
1,0.8896174
1,0.317876
1,0.7296147
1,0.72258836
1,0.9130651
1,0.964311
1,0.9930831
1,0.96363217
1,0.98623914
1,0.6575115
1,0.80917543
1,0.7702
1,0.31382406
1,0.9739957
1,0.9941508
1,0.61652565
1,0.97607553
1,0.9580435
1,0.9188218
1,0.9050252
1,0.9142312
1,0.96389383
1,0.6691502
1,0.9407987
1,0.8971369
1,0.99278015
1,0.9123465
1,0.6979939
1,0.56342685
1,0.9914199
1,0.9582622
1,0.7082869
1,0.34112173
1,0.8461723
1,0.60281414
1,0.92406523
1,0.73809814
1,0.7752172
1,0.93417746
1,0.9582574
1,0.9438189
1,0.9906998
1,0.8625504
1,0.89636046
1,0.6468513
1,0.44391403
1,0.3407727
1,0.15831609
1,0.25749615
1,0.8958084
1,0.77497333
1,0.84103465
1,0.89779073
1,0.686047
1,0.43291214
1,0.87952584
1,0.9197193
1,0.93193823
1,0.1253114
1,0.21730511
1,0.9325529
1,0.98433155
1,0.88753885
1,0.522419
1,0.66530126
1,0.3662379
1,0.99221355
1,0.902642
1,0.9850552
1,0.92383313
1,0.9689428
1,0.8963755
1,0.8675263
1,0.7015409
1,0.9945432
1,0.93382794
1,0.9419106
1,0.839283
1,0.8199758
1,0.9028881
1,0.9698626
1,0.84446543
1,0.94362813
1,0.8413622
1,0.97446376
1,0.9875836
1,0.99365973
1,0.7954402
1,0.32982048
1,0.81347245
1,0.9759237
1,0.58070725
1,0.98091733
1,0.85405314
1,0.98730844
1,0.9906455
1,0.9837394
1,0.7916149
1,0.36687422
1,0.89168483
1,0.81412417
1,0.72596896
1,0.9413742
1,0.99853706
1,0.98750067
1,0.73325175
1,0.5489937
1,0.9505939
1,0.989565
1,0.9975745
1,0.9815724
1,0.77856374
1,0.9955558
1,0.9965849
1,0.97621745
1,0.9423395
1,0.2248365
1,0.9361145
1,0.98646075
1,0.99484044
1,0.7035144
1,0.8612879
1,0.9356033
1,0.953026
1,0.8631748
1,0.9971841
1,0.9713744
1,0.98764366
1,0.634439
1,0.45915753
1,0.9747994
1,0.8846982
1,0.9792514
1,0.85424143
1,0.8371786
1,0.9860257
1,0.9765837
1,0.98109585
1,0.89458114
1,0.7745373
1,0.9920282
1,0.5320307
1,0.94083405
1,0.706235
1,0.982527
1,0.9540849
1,0.94429547
1,0.97508824
1,0.98453104
1,0.87380517
1,0.4785449
1,0.8720566
1,0.9510751
1,0.9969125
1,0.9670834
1,0.95149726
1,0.9054092
1,0.75211966
1,0.9360212
1,0.9926025
1,0.9578232
1,0.6411996
1,0.97941494
1,0.8669437
1,0.9984415
1,0.9930086
1,0.9826431
1,0.7173862
1,0.98172563
1,0.92240465
1,0.87513936
1,0.8593958
1,0.26182142
1,0.96192276
1,0.8348103
1,0.9381972
1,0.85418236
1,0.9533237
1,0.8784708
1,0.82055885
1,0.8417194
1,0.9880022
1,0.9912902
1,0.99240124
1,0.9772205
1,0.99065924
1,0.9123075
1,0.5917976
1,0.24037488
1,0.94932276
1,0.9961341
1,0.9191473
1,0.988031
1,0.9845983
1,0.8887464
1,0.6488913
1,0.88361806
1,0.98091483
1,0.96608734
1,0.9613537
1,0.95588064
1,0.67558205
1,0.8954039
1,0.67140305
1,0.9381054
1,0.87951887
1,0.71098816
1,0.99808323
1,0.9958529
1,0.99464405
1,0.94999105
1,0.9629708
1,0.88602036
1,0.9824958
1,0.91547406
1,0.72906154
1,0.68376243
1,0.6208734
1,0.7871672
1,0.9920643
1,0.99109954
1,0.9856282
1,0.9879793
1,0.96155524
1,0.18357743
1,0.9171491
1,0.98212177
1,0.7733815
1,0.9454775
1,0.958897
1,0.8616651
1,0.9688872
1,0.9973175
1,0.98522204
1,0.99140424
1,0.99531895
1,0.9731587
1,0.9755692
1,0.9465612
1,0.9631322
1,0.7301132
1,0.423559
1,0.97389084
1,0.9402842
1,0.9510213
1,0.7721066
1,0.99043185
1,0.96598047
1,0.9931277
1,0.99390477
1,0.75699675
1,0.5955966
1,0.9443651
1,0.5373461
1,0.94220185
1,0.9604031
1,0.9573157
1,0.83893293
1,0.9244248
1,0.9971283
1,0.9911169
1,0.9859686
1,0.9482805
1,0.98391026
1,0.9816825
1,0.99251986
1,0.9797941
1,0.9519028
1,0.75015885
1,0.96201664
1,0.9933361
1,0.9753941
1,0.9694833
1,0.80437243
1,0.9848333
1,0.97353846
1,0.8655268
1,0.9776375
1,0.99231297
1,0.9753156
1,0.8057686
1,0.7940201
1,0.9430087
1,0.7871267
1,0.70233536
1,0.6905297
1,0.9552813
1,0.97729766
1,0.89788663
1,0.9886678
1,0.37873247
1,0.909479
1,0.90279096
1,0.9952992
1,0.9898601
1,0.887592
1,0.61009
1,0.9492
1,0.98522514
1,0.96664435
1,0.7192984
1,0.92018753
1,0.88071364
1,0.98770344
1,0.95106477
1,0.9585367
1,0.66623026
1,0.96444625
1,0.99595284
1,0.97577095
1,0.9381272
1,0.94005793
1,0.9778211
1,0.90098614
1,0.51798004
1,0.93552804
1,0.9423868
1,0.9670921
1,0.8335907
1,0.4638035
1,0.9461001
1,0.8999546
1,0.99169874
1,0.98424745
1,0.80989945
1,0.66235405
1,0.91698366
1,0.99044925
1,0.98738825
1,0.97968364
1,0.83248514
1,0.8898651
1,0.982173
1,0.8893847
1,0.9716816
1,0.6451545
1,0.996387
1,0.998528
1,0.8651471
1,0.84190243
1,0.8675726
1,0.9658635
1,0.82765347
1,0.4781332
1,0.97319746
1,0.9242081
1,0.42586622
1,0.9525058
1,0.66828036
1,0.87693125
1,0.9213843
1,0.8752684
1,0.34898752
1,0.45183814
1,0.7503022
1,0.99801147
1,0.987071
1,0.9569253
1,0.94346064
1,0.93617934
1,0.7615692
1,0.9059564
1,0.9235956
1,0.9842324
1,0.9817059
1,0.90079594
1,0.9774415
1,0.9449491
1,0.98137033
1,0.73528665
1,0.79342866
1,0.27585468
1,0.9894567
1,0.91056025
1,0.46345553
1,0.33157134
1,0.5602731
1,0.92850477
1,0.7520264
1,0.94425315
1,0.90382755
1,0.94660807
1,0.9911867
1,0.9721347
1,0.6538341
1,0.67995286
1,0.6299973
1,0.4492656
1,0.5292205
1,0.98453623
1,0.99810207
1,0.99117464
1,0.9791229
1,0.8010764
1,0.94701105
1,0.73716944
1,0.9641262
1,0.99193364
1,0.98573
1,0.9878197
1,0.9054907
1,0.63283974
1,0.9962762
1,0.99896777
1,0.9004436
1,0.7117393
1,0.84900314
1,0.9674501
1,0.82758933
1,0.9189883
1,0.79882246
1,0.9459876
1,0.6666269
1,0.78012663
1,0.9177979
1,0.9765055
1,0.9898752
1,0.96677643
1,0.9558357
1,0.3710292
1,0.9003464
1,0.9780465
1,0.9897222
1,0.96135616
1,0.8958191
1,0.9363485
1,0.8801889
1,0.9969108
1,0.9730443
1,0.93468195
1,0.9623365
1,0.9633419
1,0.99393046
1,0.9897815
1,0.94773936
1,0.6076622
1,0.6329192
1,0.99448764
1,0.9175245
1,0.8278562
1,0.46206006
1,0.3845596
1,0.97105914
1,0.99590504
1,0.99656844
1,0.9691638
1,0.76194704
1,0.7852864
1,0.98527557
1,0.9455221
1,0.6437958
1,0.69343406
1,0.9948541
1,0.995414
1,0.8157573
1,0.74914443
1,0.31013072
1,0.58588994
1,0.96953934
1,0.6660191
1,0.961168
1,0.99541426
1,0.8256137
1,0.96815467
1,0.9927037
1,0.98151535
1,0.95037115
1,0.8919854
1,0.9112255
1,0.9832256
1,0.85515267
1,0.8003895
1,0.9495776
1,0.96976805
1,0.9729373
1,0.83425856
1,0.97221845
1,0.8663018
1,0.8950088
1,0.99128634
1,0.81376415
1,0.84779257
1,0.8150588
1,0.81576335
1,0.91684294
1,0.46665692
1,0.9516772
1,0.92444134
1,0.3699817
1,0.7711418
1,0.8372648
1,0.9790822
1,0.82514006
1,0.55647737
1,0.99286807
1,0.8663798
1,0.7778705
1,0.6547995
1,0.74235576
1,0.99449813
1,0.9868421
1,0.9613766
1,0.8889295
1,0.94278723
1,0.7327367
1,0.82884496
1,0.8068022
1,0.74166006
1,0.3484745
1,0.9327435
1,0.96829313
1,0.94947606
1,0.80732787
1,0.34694
1,0.56860757
1,0.9936534
1,0.990288
1,0.62977564
1,0.53793555
1,0.17409025
1,0.9234622
1,0.9039724
1,0.805799
1,0.8451093
1,0.9941594
1,0.9312139
1,0.7206839
1,0.8016648
1,0.5672561
1,0.5985965
1,0.6368982
1,0.7590142
1,0.48945734
1,0.2513567
1,0.9399555
1,0.71885496
1,0.32073745
1,0.9310834
1,0.7313525
1,0.94831175
1,0.62470007
1,0.98187286
1,0.28324315
1,0.9638311
1,0.9020974
1,0.31835163
1,0.28170848
1,0.93963736
1,0.45409808
1,0.9930138
1,0.8088197
1,0.94306177
1,0.888243
1,0.59551793
1,0.9786072
1,0.9398889
1,0.8180361
1,0.8649984
1,0.6325223
1,0.45555994
1,0.43600503
1,0.5508231
1,0.722222
1,0.96925753
1,0.78688145
1,0.98214924
1,0.98537976
1,0.63539636
1,0.8609428
1,0.9199195
1,0.9333986
1,0.8861503
1,0.81311285
1,0.90493727
1,0.9764656
1,0.9638554
1,0.97428066
1,0.94217837
1,0.3171022
1,0.5866764
1,0.46116084
1,0.99060845
1,0.9301011
1,0.9559375
1,0.25852486
1,0.849217
1,0.9396101
1,0.94092035
1,0.3805951
1,0.55194354
1,0.93606955
1,0.6543074
1,0.8651342
1,0.7077905
1,0.43196103
1,0.82061124
1,0.96697056
1,0.99774987
1,0.8926772
1,0.26358038
1,0.8671674
1,0.9840444
1,0.9966178
1,0.96427107
1,0.657351
1,0.38225818
1,0.8614207
1,0.5243048
1,0.9793769
1,0.85601807
1,0.8967098
1,0.971321
1,0.75049114
1,0.7789466
1,0.884578
1,0.2555436
1,0.9734162
1,0.545728
1,0.9451572
1,0.46229464
1,0.7363469
1,0.9025582
1,0.98729473
1,0.9473595
1,0.9872873
1,0.77513784
1,0.8543052
1,0.4895499
1,0.69582254
1,0.7974242
1,0.9927498
1,0.9928867
1,0.5741327
1,0.5333508
1,0.45323777
1,0.9296286
1,0.9659385
1,0.87771934
1,0.93932056
1,0.8869797
1,0.72515
1,0.76672643
1,0.96793026
1,0.9378235
1,0.9955823
1,0.9366388
1,0.9297313
1,0.4318838
1,0.8987872
1,0.9195588
1,0.75147617
1,0.6321683
1,0.234297
1,0.5152821
1,0.15564264
1,0.43562737
1,0.7029849
1,0.96134967
1,0.9917909
1,0.7635413
1,0.9655574
1,0.16811934
1,0.94923186
1,0.9973174
1,0.80371726
1,0.8034987
1,0.90667295
1,0.73943293
1,0.6547336
1,0.21452296
1,0.8916667
1,0.85342443
1,0.6513363
1,0.8663008
1,0.50828916
1,0.37397748
1,0.9048905
1,0.9874976
1,0.6643365
1,0.34282708
1,0.79475826
1,0.71978676
1,0.61707175
1,0.8374554
1,0.7064412
1,0.9000276
1,0.8160854
1,0.84567004
1,0.941408
1,0.95485866
1,0.9445547
1,0.9483576
1,0.9779985
1,0.83871317
1,0.8881535
1,0.73793393
1,0.87407994
1,0.83928835
1,0.7790966
1,0.82297057
1,0.8052163
1,0.5621544
1,0.29117483
1,0.43762374
1,0.87098026
1,0.35043502
1,0.81272143
1,0.92331064
1,0.92758465
1,0.93168813
1,0.44432816
1,0.8659219
1,0.53536546
1,0.9906238
1,0.9956956
1,0.773227
1,0.8738675
1,0.78856975
1,0.7459066
1,0.9736863
1,0.96975416
1,0.8765929
1,0.8416176
1,0.53901595
1,0.86404145
1,0.58516896
1,0.943311
1,0.9318964
1,0.596722
1,0.97602695
1,0.2021749
1,0.93499506
1,0.78030264
1,0.94404125
1,0.92652625
1,0.51359874
1,0.5707725
1,0.78829837
1,0.5814404
1,0.9925712
1,0.4713771
1,0.96648574
1,0.7970186
1,0.8945001
1,0.32042164
1,0.8109105
1,0.9487879
1,0.9555564
1,0.70765126
1,0.8117615
1,0.4152592
1,0.9761084
1,0.98728126
1,0.6353371
1,0.2630911
1,0.9239169
1,0.13122281
1,0.6344083
1,0.7962796
1,0.8326636
1,0.9500082
1,0.9961806
1,0.86430615
1,0.9847803
1,0.9869892
1,0.98373854
1,0.9808007
1,0.9717569
1,0.98762846
1,0.9646814
1,0.9092721
1,0.9400887
1,0.9306925
1,0.787427
1,0.69996214
1,0.6813233
1,0.98739487
1,0.96380556
1,0.5602708
1,0.99225104
1,0.9086123
1,0.9662284
1,0.82165736
1,0.3042696
1,0.8518841
1,0.9643755
1,0.9680243
1,0.8128342
1,0.8934917
1,0.663489
1,0.7374021
1,0.41259047
1,0.9312796
1,0.4569667
1,0.8893696
1,0.8530742
1,0.99616665
1,0.8977909
1,0.78309345
1,0.85367894
1,0.2501079
1,0.77213496
1,0.5657193
1,0.19794288
1,0.16062021
1,0.9647718
1,0.88065255
1,0.77871245
1,0.72452027
1,0.2900892
1,0.8951218
1,0.7246893
1,0.37958595
1,0.8657609
1,0.66007006
1,0.9066647
1,0.407871
1,0.17406078
1,0.27917916
1,0.6877358
1,0.83789253
1,0.6044022
1,0.6580021
1,0.51431954
1,0.8068879
1,0.86592263
1,0.78461796
1,0.6172435
1,0.96867293
1,0.7033221
1,0.85248977
1,0.7499007
1,0.5906185
1,0.8732753
1,0.8094934
1,0.64105856
1,0.987839
1,0.9938248
1,0.16450496
1,0.8818992
1,0.9243905
1,0.9777464
1,0.84330636
1,0.75816095
1,0.63931805
1,0.9902362
1,0.9827048
1,0.52820903
1,0.59185725
1,0.24207692
1,0.9560796
1,0.69417113
1,0.52055943
1,0.5553507
1,0.7576992
1,0.8795232
1,0.9980379
1,0.97835106
1,0.90313977
1,0.909272
1,0.8604013
1,0.9914262
1,0.9952773
1,0.9965879
1,0.9953486
1,0.97594255
1,0.8075746
1,0.9535535
1,0.9835554
1,0.7610392
1,0.9677357
1,0.98701686
1,0.9333564
1,0.8624753
1,0.890216
1,0.9616697
1,0.9701442
1,0.81106925
1,0.97530603
1,0.9495677
1,0.9973344
1,0.98999375
1,0.9525839
1,0.6504464
1,0.9469464
1,0.9817557
1,0.9882625
1,0.98563737
1,0.988972
1,0.9710833
1,0.9482712
1,0.9879099
1,0.89821726
1,0.9346276
1,0.9855131
1,0.14328633
1,0.88015604
1,0.90833354
1,0.95626783
1,0.982248
1,0.85239184
1,0.62715876
1,0.98157483
1,0.95877993
1,0.7483195
1,0.60152924
1,0.8309928
1,0.9224668
1,0.9142424
1,0.97433645
1,0.97489786
1,0.9668616
1,0.76805604
1,0.9477157
1,0.9848706
1,0.9962787
1,0.95071715
1,0.35766417
1,0.84468746
1,0.80690205
1,0.9720556
1,0.55275524
1,0.7967432
1,0.99264246
1,0.99774975
1,0.78536856
1,0.48937455
1,0.8252264
1,0.9779549
1,0.99184966
1,0.9448594
1,0.60761416
1,0.8082583
1,0.95876455
1,0.91401166
1,0.3872059
1,0.97120166
1,0.9819516
1,0.8327632
1,0.9475682
1,0.75479645
1,0.4416659
1,0.9778351
1,0.73413163
1,0.89102805
1,0.9107146
1,0.98724836
1,0.81178564
1,0.9656113
1,0.99223834
1,0.9733358
1,0.9922961
1,0.94104236
1,0.7578797
1,0.89693767
1,0.47865888
1,0.92760515
1,0.5803021
1,0.99249685
1,0.974464
1,0.93187815
1,0.9771953
1,0.8275573
1,0.98595643
1,0.96576315
1,0.98458534
1,0.9694349
1,0.9881626
1,0.9905827
1,0.96529037
1,0.95030344
1,0.94933456
1,0.878043
1,0.98664886
1,0.99668825
1,0.98720825
1,0.9725786
1,0.93226343
1,0.840516
1,0.97140795
1,0.99462277
1,0.35597628
1,0.9604838
1,0.9256524
1,0.7526271
1,0.9140978
1,0.83905184
1,0.9628795
1,0.9950989
1,0.99537045
1,0.9631396
1,0.87537825
1,0.83474493
1,0.91517854
1,0.81695336
1,0.7665732
1,0.9400405
1,0.19901262
1,0.94725287
1,0.7732948
1,0.95623934
1,0.6890867
1,0.95957345
1,0.8778487
1,0.9317744
1,0.90531176
1,0.965878
1,0.9959341
1,0.4268366
1,0.97646517
1,0.99335843
1,0.9970293
1,0.9447304
1,0.9431202
1,0.88861805
1,0.9953602
1,0.97011346
1,0.46065283
1,0.5154237
1,0.6617428
1,0.97148365
1,0.9949039
1,0.90282154
1,0.7755805
1,0.9511287
1,0.70095307
1,0.75119007
1,0.73703676
1,0.45801914
1,0.691154
1,0.62775886
1,0.98903793
1,0.97710675
1,0.9041761
1,0.90022093
1,0.9603497
1,0.973485
1,0.98568904
1,0.928943
1,0.9955501
1,0.9538879
1,0.9862782
1,0.9550434
1,0.63681185
1,0.92556477
1,0.9812242
1,0.97177887
1,0.9409112
1,0.8919709
1,0.875941
1,0.26813763
1,0.8622513
1,0.99537647
1,0.98227125
1,0.9360798
1,0.69414365
1,0.82035655
1,0.97098553
1,0.75925505
1,0.8599973
1,0.7339807
1,0.8759085
1,0.9345527
1,0.9879226
1,0.8665411
1,0.93998396
1,0.91854566
1,0.97463316
1,0.93328345
1,0.4729212
1,0.9923443
1,0.89832056
1,0.9168898
1,0.98628867
1,0.84724575
1,0.869724
1,0.84828836
1,0.9101087
1,0.8008724
1,0.5824149
1,0.5578749
1,0.79613465
1,0.9865555
1,0.9366947
1,0.13034223
1,0.78603786
1,0.9939137
1,0.95994765
1,0.87972766
1,0.81644267
1,0.39816314
1,0.8776009
1,0.43902808
1,0.99242085
1,0.98567754
1,0.7399149
1,0.9370777
1,0.9202538
1,0.95833
1,0.90612954
1,0.90004355
1,0.3933642
1,0.97203547
1,0.9588589
1,0.7839965
1,0.50764954
1,0.7168127
1,0.8952421
1,0.90743953
1,0.9040064
1,0.7249571
1,0.7676669
1,0.77968025
1,0.35959557
1,0.9326381
1,0.85615593
1,0.7359087
1,0.8950242
1,0.96367955
1,0.98241067
1,0.90568006
1,0.67904854
1,0.98213667
1,0.9050355
1,0.40957853
1,0.9683907
1,0.9835239
1,0.911818
1,0.9480185
1,0.9348256
1,0.9924689
1,0.90036494
1,0.8478269
1,0.94502896
1,0.7093127
1,0.92757523
1,0.936605
1,0.9627036
1,0.82385194
1,0.57905585
1,0.30086565
1,0.7404857
1,0.9568299
1,0.8615387
1,0.97848994
1,0.81500536
1,0.52144736
1,0.84980327
1,0.7739678
1,0.82221055
1,0.9285669
1,0.608886
1,0.9547111
1,0.3649204
1,0.69558746
1,0.9797998
1,0.58792394
1,0.958173
1,0.43280727
1,0.9665001
1,0.99029994
1,0.97280616
1,0.94748
1,0.5930204
1,0.62746584
1,0.20620658
1,0.9769986
1,0.7122919
1,0.92699814
1,0.96278477
1,0.90428114
1,0.9457233
1,0.97125477
1,0.77705216
1,0.9537652
1,0.9826116
1,0.3852048
1,0.42182136
1,0.9708721
1,0.9681143
1,0.9979225
1,0.9400538
1,0.3653026
1,0.6488523
1,0.937168
1,0.93040895
1,0.9808714
1,0.92810786
1,0.8297674
1,0.93925
1,0.98491293
1,0.9796159
1,0.43136373
1,0.9037438
1,0.9281101
1,0.96096224
1,0.99625915
1,0.44278002
1,0.63140726
1,0.90136343
1,0.99060357
1,0.96492916
1,0.8245754
1,0.8003325
1,0.8586815
1,0.9163473
1,0.47807097
1,0.24281524
1,0.9108171
1,0.42950433
1,0.74693227
1,0.9730294
1,0.94061786
1,0.9900212
1,0.9964064
1,0.9393035
1,0.9420621
1,0.93175125
1,0.85641134
1,0.88939995
1,0.9838405
1,0.9868956
1,0.88731307
1,0.8024713
1,0.7161723
1,0.68121994
1,0.9862768
1,0.76676476
1,0.40489525
0,0.4049129
0,0.09675252
0,0.065275155
0,0.44707796
0,0.08825707
0,0.0775586
0,0.1774139
0,0.2124954
0,0.08314307
0,0.24091356
0,0.47382227
0,0.5176723
0,0.26256865
0,0.17232007
0,0.39983323
0,0.21828276
0,0.54564637
0,0.23586202
0,0.25211793
0,0.4622326
0,0.05386725
0,0.18475604
0,0.19290003
0,0.17583692
0,0.2650007
0,0.10007025
0,0.08649507
0,0.19444302
0,0.258983
0,0.07923782
0,0.57444036
0,0.16214514
0,0.11210285
0,0.34404644
0,0.13870421
0,0.1062394
0,0.08860405
0,0.9069148
0,0.1473615
0,0.1831441
0,0.23069608
0,0.23913474
0,0.15566441
0,0.052750833
0,0.0881795
0,0.11977407
0,0.12569565
0,0.05119015
0,0.0888273
0,0.062234018
0,0.6568403
0,0.27731296
0,0.07097559
0,0.75851536
0,0.36833388
0,0.10248819
0,0.18297273
0,0.36088333
0,0.09704624
0,0.11686579
0,0.79461837
0,0.11686105
0,0.15364636
0,0.061873257
0,0.2937325
0,0.23867767
0,0.6049826
0,0.07154878
0,0.39623407
0,0.09153685
0,0.6658082
0,0.2090858
0,0.13587564
0,0.32788458
0,0.29966348
0,0.48492417
0,0.45358068
0,0.22696231
0,0.06693105
0,0.92945564
0,0.045134738
0,0.12076238
0,0.12049049
0,0.15307909
0,0.10099763
0,0.533991
0,0.084662944
0,0.15073328
0,0.07350756
0,0.29940897
0,0.123717345
0,0.53065264
0,0.41689128
0,0.11807078
0,0.5368527
0,0.060085565
0,0.21190967
0,0.19032288
0,0.079382926
0,0.7379774
0,0.05015228
0,0.0751789
0,0.07494812
0,0.122080855
0,0.08279899
0,0.3290524
0,0.23941125
0,0.16207242
0,0.68536025
0,0.44344294
0,0.11971918
0,0.090545826
0,0.11139341
0,0.1343342
0,0.16216503
0,0.11289467
0,0.69656235
0,0.13564844
0,0.26308122
0,0.21058674
0,0.13236962
0,0.504732
0,0.29843885
0,0.31699377
0,0.102279074
0,0.25793996
0,0.13100724
0,0.19164163
0,0.14072542
0,0.069374084
0,0.20449646
0,0.26875937
0,0.13332771
0,0.63138115
0,0.08723468
0,0.05914297
0,0.06908467
0,0.22530012
0,0.22807099
0,0.19177426
0,0.18750905
0,0.1476562
0,0.4036985
0,0.10043636
0,0.07198375
0,0.09944593
0,0.069734514
0,0.174844
0,0.33018044
0,0.17920077
0,0.06354384
0,0.15534182
0,0.08933115
0,0.05902166
0,0.11937874
0,0.21047273
0,0.52201337
0,0.050793495
0,0.05011354
0,0.15059589
0,0.59373355
0,0.3917028
0,0.4269189
0,0.32489443
0,0.11220858
0,0.16232742
0,0.2668718
0,0.1342184
0,0.2768225
0,0.1617524
0,0.05040907
0,0.09100112
0,0.10765384
0,0.1335292
0,0.061058775
0,0.042490657
0,0.0910895
0,0.49569654
0,0.2182693
0,0.32497755
0,0.18056622
0,0.53232145
0,0.07123122
0,0.688314
0,0.05539851
0,0.95061976
0,0.1796329
0,0.496504
0,0.07556557
0,0.09459685
0,0.36921936
0,0.052019045
0,0.14440222
0,0.08415187
0,0.2809559
0,0.03099759
0,0.22849736
0,0.11003545
0,0.06990874
0,0.23306169
0,0.15164295
0,0.5716382
0,0.07594094
0,0.0975653
0,0.8718885
0,0.17327864
0,0.12783353
0,0.27995107
0,0.0597984
0,0.29203564
0,0.10429643
0,0.047238383
0,0.23171465
0,0.0848595
0,0.42049813
0,0.054992363
0,0.0786514
0,0.08776221
0,0.091119766
0,0.056135464
0,0.7608309
0,0.22508596
0,0.30310795
0,0.057197273
0,0.11099966
0,0.04482496
0,0.2728825
0,0.05585858
0,0.20923643
0,0.30304137
0,0.071997024
0,0.0888442
0,0.052563272
0,0.10522614
0,0.1639687
0,0.11062745
0,0.24729706
0,0.052089468
0,0.055548515
0,0.0735717
0,0.20187533
0,0.20089138
0,0.33605364
0,0.35891977
0,0.078532316
0,0.076347336
0,0.3477365
0,0.07783527
0,0.06486613
0,0.19733007
0,0.048504222
0,0.04095315
0,0.04403615
0,0.07860076
0,0.17658164
0,0.08477842
0,0.13744602
0,0.13135733
0,0.2457885
0,0.29026827
0,0.19654495
0,0.061632648
0,0.038085397
0,0.036713473
0,0.03091918
0,0.16611318
0,0.14858949
0,0.16712344
0,0.09358685
0,0.04491042
0,0.09151767
0,0.0666432
0,0.122764416
0,0.095208004
0,0.047010012
0,0.12963127
0,0.053130627
0,0.46764007
0,0.07548793
0,0.057399444
0,0.35626256
0,0.07153557
0,0.19683671
0,0.52020454
0,0.085085295
0,0.08121016
0,0.17878236
0,0.20562503
0,0.06251563
0,0.06360761
0,0.05496149
0,0.06529464
0,0.040192917
0,0.07311635
0,0.08991347
0,0.5261419
0,0.18232575
0,0.12115184
0,0.18887947
0,0.10526218
0,0.08294803
0,0.07097419
0,0.10577792
0,0.049140513
0,0.17992629
0,0.033984605
0,0.14626981
0,0.039979946
0,0.06309057
0,0.12890743
0,0.05422971
0,0.16580744
0,0.050288018
0,0.074810244
0,0.14320216
0,0.13881516
0,0.15277545
0,0.880116
0,0.13466293
0,0.15002693
0,0.10835803
0,0.07175084
0,0.092643976
0,0.20437676
0,0.15649788
0,0.07297811
0,0.19621265
0,0.10854878
0,0.09313539
0,0.09747233
0,0.09236354
0,0.044634353
0,0.076926105
0,0.12855458
0,0.12000587
0,0.5146698
0,0.05258591
0,0.25919145
0,0.049788684
0,0.055790592
0,0.10023431
0,0.05664841
0,0.31823468
0,0.08570548
0,0.51918113
0,0.053539913
0,0.1058331
0,0.06153436
0,0.084385164
0,0.070950225
0,0.2421563
0,0.22508518
0,0.09723617
0,0.05348649
0,0.06814191
0,0.13654453
0,0.25751474
0,0.116574235
0,0.5001108
0,0.054254577
0,0.21923412
0,0.111669615
0,0.07969162
0,0.18071495
0,0.091005445
0,0.13464189
0,0.053808626
0,0.15762115
0,0.066111706
0,0.27264667
0,0.15650657
0,0.073153764
0,0.051760055
0,0.08257695
0,0.06289283
0,0.22130124
0,0.35148925
0,0.43727723
0,0.24842197
0,0.1826466
0,0.09225798
0,0.18146989
0,0.05713585
0,0.068982445
0,0.23781416
0,0.14221856
0,0.05508777
0,0.04809575
0,0.07813239
0,0.04604646
0,0.09387707
0,0.041604057
0,0.12608743
0,0.14272498
0,0.05822193
0,0.24697033
0,0.1368056
0,0.14145811
0,0.048114993
0,0.2662027
0,0.05359432
0,0.056137994
0,0.084288634
0,0.11042238
0,0.13700595
0,0.03630925
0,0.053208634
0,0.05056806
0,0.074166186
0,0.1574722
0,0.059639923
0,0.19779018
0,0.13005403
0,0.06647432
0,0.08892452
0,0.06005253
0,0.10422826
0,0.18981282
0,0.093605116
0,0.06592091
0,0.04872149
0,0.07885234
0,0.07606821
0,0.21216352
0,0.11057792
0,0.12465018
0,0.1002028
0,0.06237479
0,0.112583585
0,0.13593133
0,0.042554576
0,0.14695568
0,0.08994837
0,0.14495051
0,0.3995921
0,0.19069082
0,0.08101953
0,0.25976482
0,0.12965089
0,0.09208354
0,0.40560126
0,0.056099996
0,0.15463795
0,0.5843542
0,0.1002039
0,0.20017558
0,0.82332695
0,0.10657456
0,0.20318303
0,0.22578757
0,0.31232664
0,0.09243668
0,0.2708313
0,0.26246896
0,0.069339015
0,0.24590413
0,0.08759529
0,0.072719924
0,0.18111686
0,0.11046307
0,0.10140474
0,0.31572983
0,0.37630156
0,0.14866365
0,0.15588893
0,0.14781944
0,0.039557062
0,0.5323282
0,0.8895486
0,0.14026366
0,0.093495645
0,0.04202275
0,0.122504696
0,0.15674652
0,0.08110995
0,0.16557056
0,0.04567957
0,0.0873842
0,0.14303972
0,0.09886957
0,0.1345723
0,0.32114398
0,0.34189147
0,0.05535002
0,0.2810426
0,0.20208222
0,0.23120022
0,0.07276143
0,0.1471889
0,0.12969172
0,0.08871066
0,0.17013612
0,0.047221676
0,0.034122586
0,0.21160951
0,0.091899306
0,0.09023443
0,0.24674216
0,0.38843662
0,0.10551012
0,0.16393763
0,0.06324819
0,0.11740111
0,0.13266265
0,0.09899259
0,0.09819783
0,0.21760914
0,0.099380784
0,0.045125317
0,0.03663247
0,0.034478493
0,0.22500178
0,0.12962931
0,0.044321455
0,0.4778261
0,0.2320588
0,0.1611611
0,0.18785948
0,0.19924098
0,0.13107964
0,0.07059818
0,0.24261445
0,0.0741457
0,0.089886874
0,0.15796685
0,0.2909614
0,0.29733786
0,0.072780855
0,0.6368428
0,0.15525694
0,0.32392967
0,0.23475938
0,0.25559583
0,0.26901954
0,0.34859702
0,0.5149578
0,0.146431
0,0.07818524
0,0.13832147
0,0.15227838
0,0.09553716
0,0.062285595
0,0.1467792
0,0.22273664
0,0.56455195
0,0.55765516
0,0.49707222
0,0.32751912
0,0.23547038
0,0.1964771
0,0.6142914
0,0.11395891
0,0.053977128
0,0.2882332
0,0.2879908
0,0.124074556
0,0.1309991
0,0.1506829
0,0.22458963
0,0.20209524
0,0.20050976
0,0.35843945
0,0.31721473
0,0.32460853
0,0.07026149
0,0.043675613
0,0.2520829
0,0.14762723
0,0.089018516
0,0.29811552
0,0.1630722
0,0.08133723
0,0.24888767
0,0.18876348
0,0.3093714
0,0.100375034
0,0.16111298
0,0.14227822
0,0.09138092
0,0.7305772
0,0.052140232
0,0.34129712
0,0.13402931
0,0.4726234
0,0.13093114
0,0.44748464
0,0.15055922
0,0.17440866
0,0.16727412
0,0.2734066
0,0.042485703
0,0.5349728
0,0.18694848
0,0.12584274
0,0.6721092
0,0.04975356
0,0.21171555
0,0.057954904
0,0.19779803
0,0.16917422
0,0.20078693
0,0.6868465
0,0.20527153
0,0.18430614
0,0.0707315
0,0.07583845
0,0.182999
0,0.49464083
0,0.17916699
0,0.24274227
0,0.7525129
0,0.42773923
0,0.29896095
0,0.18977231
0,0.5019633
0,0.34846917
0,0.21291555
0,0.36670268
0,0.29470345
0,0.09635936
0,0.35919878
0,0.101944186
0,0.2414729
0,0.3625841
0,0.099992074
0,0.36909968
0,0.42709538
0,0.27713472
0,0.18112428
0,0.17104095
0,0.16698521
0,0.09569282
0,0.08974003
0,0.24074166
0,0.24301526
0,0.14128403
0,0.20043078
0,0.3641264
0,0.27112523
0,0.347754
0,0.61581093
0,0.16826302
0,0.2392477
0,0.39452264
0,0.1938327
0,0.14433032
0,0.28306943
0,0.63399017
0,0.36318937
0,0.18427642
0,0.14173502
0,0.12070279
0,0.06888058
0,0.13121662
0,0.6252769
0,0.3313049
0,0.36378083
0,0.1739018
0,0.1613774
0,0.12122754
0,0.34685403
0,0.0883004
0,0.5019295
0,0.22389233
0,0.051425524
0,0.085959986
0,0.12270169
0,0.24580535
0,0.09756264
0,0.105398126
0,0.14915355
0,0.43249807
0,0.45775333
0,0.27769035
0,0.11225349
0,0.38662937
0,0.05997323
0,0.13565795
0,0.15938339
0,0.13223207
0,0.30193433
0,0.062422927
0,0.15263683
0,0.35019168
0,0.15070687
0,0.06969405
0,0.06752656
0,0.24826264
0,0.10430332
0,0.21536285
0,0.06700995
0,0.09668013
0,0.13529794
0,0.25987685
0,0.12510805
0,0.26263753
0,0.044380266
0,0.12567054
0,0.1036228
0,0.042220864
0,0.13958044
0,0.029545736
0,0.5571523
0,0.10461617
0,0.5399501
0,0.28635523
0,0.4047536
0,0.82384294
0,0.2165874
0,0.20143254
0,0.73129594
0,0.1779477
0,0.17948619
0,0.40434098
0,0.20862034
0,0.34832922
0,0.8376783
0,0.043590084
0,0.07563399
0,0.39243063
0,0.08398746
0,0.078314446
0,0.3112308
0,0.09349245
0,0.16977774
0,0.18306546
0,0.53518564
0,0.23575357
0,0.06360128
0,0.03554112
0,0.15072772
0,0.10729545
0,0.09748217
0,0.15813196
0,0.10758179
0,0.105949014
0,0.052655086
0,0.1200822
0,0.09606233
0,0.077704735
0,0.23503888
0,0.21378088
0,0.41579288
0,0.1891991
0,0.114894696
0,0.11093678
0,0.2299355
0,0.6481026
0,0.22358508
0,0.20086835
0,0.060825717
0,0.13959315
0,0.18877986
0,0.31346828
0,0.098803096
0,0.1321886
0,0.070285276
0,0.10926734
0,0.55597097
0,0.12213447
0,0.06938668
0,0.07499981
0,0.15542716
0,0.10557805
0,0.16323294
0,0.2974064
0,0.27390456
0,0.06671737
0,0.08095932
0,0.17404139
0,0.6082058
0,0.16498053
0,0.09160832
0,0.14984503
0,0.36233443
0,0.20619532
0,0.10810688
0,0.09211525
0,0.15883192
0,0.08649416
0,0.300739
0,0.1300029
0,0.2071619
0,0.31123424
0,0.13541953
0,0.09144881
0,0.16141659
0,0.5588577
0,0.27259475
0,0.22925276
0,0.09981495
0,0.18725516
0,0.37357417
0,0.15273134
0,0.12979567
0,0.14684814
0,0.15355223
0,0.37179095
0,0.12042547
0,0.405682
0,0.42048025
0,0.16260591
0,0.31379974
0,0.121490695
0,0.09202048
0,0.3197012
0,0.08948764
0,0.08025671
0,0.12151004
0,0.121638395
0,0.91779995
0,0.21742901
0,0.16052154
0,0.104832254
0,0.22152899
0,0.24344468
0,0.15436979
0,0.099496506
0,0.17956576
0,0.10954829
0,0.13709843
0,0.075088896
0,0.27415934
0,0.18209924
0,0.09573546
0,0.11183594
0,0.27260566
0,0.22215344
0,0.1531799
0,0.098673835
0,0.056622628
0,0.24703346
0,0.20952591
0,0.04159324
0,0.1160094
0,0.33238477
0,0.078221425
0,0.13031803
0,0.13413583
0,0.5431708
0,0.059455823
0,0.06898427
0,0.09068304
0,0.2048855
0,0.10872349
0,0.09889764
0,0.05341306
0,0.120852254
0,0.09296341
0,0.14139923
0,0.10069386
0,0.11947136
0,0.031262092
0,0.16516577
0,0.23185219
0,0.14254937
0,0.08018065
0,0.086856134
0,0.22586167
0,0.07983566
0,0.17032239
0,0.09838215
0,0.044226207
0,0.06581944
0,0.25710306
0,0.1602872
0,0.06268535
0,0.06815401
0,0.054701574
0,0.099507056
0,0.39436197
0,0.09652498
0,0.16607471
0,0.10821346
0,0.0755569
0,0.13858116
0,0.109566346
0,0.057951253
0,0.050379835
0,0.06956595
0,0.20896555
0,0.05051725
0,0.18327196
0,0.051886484
0,0.09762452
0,0.06317324
0,0.08270449
0,0.056005757
0,0.22910134
0,0.027931312
0,0.07340078
0,0.15836802
0,0.060658194
0,0.20891684
0,0.09179752
0,0.1423367
0,0.071053885
0,0.063293695
0,0.061802585
0,0.091066875
0,0.03587948
0,0.14785695
0,0.049077634
0,0.69496006
0,0.07885341
0,0.065414004
0,0.09789617
0,0.3172434
0,0.09255946
0,0.11375472
0,0.10030202
0,0.06936139
0,0.26341185
0,0.12797612
0,0.12512872
0,0.08380734
0,0.04052728
0,0.06140498
0,0.14054364
0,0.1465545
0,0.08331397
0,0.0723366
0,0.14746787
0,0.18229598
0,0.3086068
0,0.07996517
0,0.12839484
0,0.127736
0,0.05196527
0,0.08728021
0,0.43140784
0,0.05874739
0,0.06471584
0,0.12672003
0,0.12032152
0,0.51833665
0,0.116849385
0,0.22238779
0,0.096939996
0,0.04750578
0,0.22136629
0,0.17653118
0,0.16744776
0,0.56558007
0,0.05149905
0,0.15713722
0,0.27591416
0,0.096935384
0,0.68084246
0,0.33196682
0,0.15398005
0,0.121295355
0,0.113440536
0,0.15424876
0,0.12720187
0,0.17455885
0,0.042370293
0,0.09473259
0,0.1491135
0,0.054937206
0,0.1536073
0,0.05214644
0,0.36832392
0,0.08245429
0,0.2948858
0,0.22640799
0,0.04843029
0,0.10345615
0,0.08983959
0,0.09681984
0,0.43818855
0,0.06826206
0,0.0797999
0,0.12704085
0,0.08017021
0,0.13856715
0,0.5188767
0,0.07683851
0,0.24349299
0,0.31941128
0,0.07415825
0,0.4194294
0,0.090583
0,0.18066823
0,0.10566093
0,0.09248412
0,0.58345413
0,0.081577964
0,0.09140658
0,0.17197025
0,0.26944545
0,0.11175446
0,0.14262621
0,0.30363405
0,0.15709692
0,0.079026625
0,0.2473533
0,0.11720021
0,0.107295096
0,0.06347648
0,0.08121754
0,0.14276479
0,0.23987465
0,0.25259703
0,0.104394354
0,0.053232886
0,0.07922081
0,0.12516887
0,0.21401815
0,0.118487954
0,0.08693012
0,0.06108327
0,0.1380707
0,0.2569246
0,0.14091854
0,0.2271132
0,0.14710216
0,0.057224143
0,0.30223367
0,0.47058454
0,0.19112137
0,0.053269453
0,0.09683875
0,0.044128966
0,0.15523234
0,0.08659809
0,0.09426906
0,0.21991962
0,0.24151711
0,0.35588506
0,0.8212739
0,0.15405463
0,0.1530004
0,0.62591124
0,0.24116622
0,0.6424034
0,0.060320895
0,0.6133232
0,0.48307744
0,0.16321774
0,0.072343275
0,0.2925552
0,0.2284999
0,0.26531875
0,0.47710073
0,0.18751815
0,0.83554393
0,0.16853435
0,0.10061232
0,0.51902145
0,0.5957433
0,0.27659702
0,0.49561694
0,0.14097191
0,0.20720874
0,0.31911469
0,0.27523902
0,0.7347084
0,0.74219704
0,0.41588184
0,0.155421
0,0.1347233
0,0.27189216
0,0.1237549
0,0.28374147
0,0.062605344
0,0.20524372
0,0.25095764
0,0.37181208
0,0.61857337
0,0.28847042
0,0.23437166
0,0.15653004
0,0.10827013
0,0.34893572
0,0.29440436
0,0.08974245
0,0.20771429
0,0.24336955
0,0.17932065
0,0.23599154
0,0.13573384
0,0.8714936
0,0.14143686
0,0.06147008
0,0.58028615
0,0.15955153
0,0.2214494
0,0.15853477
0,0.16669466
0,0.0961932
0,0.3643725
0,0.32234225
0,0.0763028
0,0.1400021
0,0.12970626
0,0.58244586
0,0.11049474
0,0.23771498
0,0.29409134
0,0.20029148
0,0.27618322
0,0.33191815
0,0.23936121
0,0.5652589
0,0.41450936
0,0.17151718
0,0.20859613
0,0.23519582
0,0.46219388
0,0.12885404
0,0.21375726
0,0.3130298
0,0.5655049
0,0.3294672
0,0.07652499
0,0.45078918
0,0.100432046
0,0.4333974
0,0.23761171
0,0.080331974
0,0.33652833
0,0.05028944
0,0.20364413
0,0.14042015
0,0.26180977
0,0.15780632
0,0.9435925
0,0.42617002
0,0.08098042
0,0.33321655
0,0.30942628
0,0.10520276
0,0.10751917
0,0.30242753
0,0.5291891
0,0.21286218
0,0.52907974
0,0.3500556
0,0.2773653
0,0.2033841
0,0.36024037
0,0.42529738
0,0.540429
0,0.14974721
0,0.049688753
0,0.44136128
0,0.16710955
0,0.08943738
0,0.90345025
0,0.20926662
0,0.19524182
0,0.7172521
0,0.44737488
0,0.16107062
0,0.13803078
0,0.03993054
0,0.19174257
0,0.29670936
0,0.2460207
0,0.14471644
0,0.19233929
0,0.061889283
0,0.5298077
0,0.31668085
0,0.17961147
0,0.1732514
0,0.22918953
0,0.40549263
0,0.26010284
0,0.11860037
0,0.3895198
0,0.9267592
0,0.052483745
0,0.2781704
0,0.12677851
0,0.20756865
0,0.09545936
0,0.45139712
0,0.3437945
0,0.4745797
0,0.13791591
0,0.42797056
0,0.20763409
0,0.2632109
0,0.6667714
0,0.38180357
0,0.100770704
0,0.24765624
0,0.08961909
0,0.33205047
0,0.31299567
0,0.3455484
0,0.62082267
0,0.5223931
0,0.14193085
0,0.18247838
0,0.08780169
0,0.14170583
0,0.19426389
0,0.11403051
0,0.24361487
0,0.12983711
0,0.13118951
0,0.06826285
0,0.2943438
0,0.043963343
0,0.4621413
0,0.20484357
0,0.13020925
0,0.36979255
0,0.13668923
0,0.29115242
0,0.096676975
0,0.1470561
0,0.6924929
0,0.9266606
0,0.041906316
0,0.050685782
0,0.58123726
0,0.1355136
0,0.100776844
0,0.41959682
0,0.13307312
0,0.08984725
0,0.19238317
0,0.124090366
0,0.10560904
0,0.33137724
0,0.09107425
0,0.21146642
0,0.17924862
0,0.079118334
0,0.049311295
0,0.17754596
0,0.45108157
0,0.32964313
0,0.6730943
0,0.7514591
0,0.19693346
0,0.20303942
0,0.6175951
0,0.33819923
0,0.5456283
0,0.075263955
0,0.029999191
0,0.07740361
0,0.428703
0,0.6437956
0,0.13182692
0,0.07434
0,0.054397415
0,0.43796727
0,0.1593973
0,0.28186774
0,0.21215245
0,0.94061905
0,0.91946423
0,0.32219425
0,0.17012905
0,0.883843
0,0.8875307
0,0.49455738
0,0.5090049
0,0.16088936
0,0.15389808
0,0.23822865
0,0.07036219
0,0.113586
0,0.2346613
0,0.09093368
0,0.351085
0,0.25393087
0,0.06634183
0,0.6062919
0,0.10417289
0,0.7789849
0,0.37523937
0,0.13655177
0,0.12423262
0,0.12757209
0,0.5778845
1,0.9973229
1,0.9991361
1,0.9952417
1,0.9995772
1,0.999721
1,0.9992064
1,0.9988155
1,0.99957114
1,0.9997137
1,0.9992762
1,0.99977636
1,0.99940777
1,0.99922705
1,0.9996468
1,0.9960377
1,0.9998431
1,0.99865997
1,0.999653
1,0.9985254
1,0.9996821
1,0.9996058
1,0.9997551
1,0.999744
1,0.99663603
1,0.99950993
1,0.99978995
1,0.9986099
1,0.99457383
1,0.9993211
1,0.99869835
1,0.9974929
1,0.9961164
1,0.9998044
1,0.9997747
1,0.9783145
1,0.99689245
1,0.9995535
1,0.9994707
1,0.99976104
1,0.9998189
1,0.99975353
1,0.99691033
1,0.99976677
1,0.9992337
1,0.99961114
1,0.99958545
1,0.9972657
1,0.9983038
1,0.9991011
1,0.9992274
1,0.999887
1,0.99944013
1,0.9996721
1,0.9995732
1,0.99978364
1,0.9985905
1,0.99949384
1,0.9995735
1,0.99960506
1,0.9998077
1,0.9992194
1,0.9998162
1,0.9994092
1,0.9993055
1,0.99973506
1,0.99828196
1,0.99642557
1,0.99739647
1,0.9980203
1,0.9994739
1,0.9997715
1,0.9997755
1,0.9994286
1,0.99970526
1,0.9997996
1,0.99940467
1,0.9997477
1,0.9993161
1,0.9992875
1,0.99975854
1,0.9990484
1,0.99923825
1,0.99976414
1,0.9997835
1,0.9996306
1,0.9983955
1,0.9996244
1,0.9981357
1,0.9998344
1,0.99807584
1,0.99956447
1,0.99401087
1,0.99990606
1,0.9998194
1,0.99914694
1,0.9990822
1,0.9996568
1,0.9997602
1,0.9995935
1,0.9975527
1,0.9968966
1,0.99957925
1,0.999822
1,0.99955887
1,0.9994592
1,0.99815243
1,0.9989973
1,0.9998245
1,0.99977374
1,0.99920857
1,0.998555
1,0.9995041
1,0.99956816
1,0.99932986
1,0.9998356
1,0.9992349
1,0.9993018
1,0.99987614
1,0.9993211
1,0.99656373
1,0.9996826
1,0.99948025
1,0.9991968
1,0.99965644
1,0.99975306
1,0.99972373
1,0.9999113
1,0.99925035
1,0.9992316
1,0.9991191
1,0.9994239
1,0.99991024
1,0.9668473
1,0.9971094
1,0.9995591
1,0.99968654
1,0.9997846
1,0.99967724
1,0.9987661
1,0.9996905
1,0.99966764
1,0.99960244
1,0.999559
1,0.999757
1,0.99942654
1,0.99986005
1,0.9984841
1,0.9963349
1,0.9997398
1,0.999731
1,0.9998678
1,0.9995337
1,0.9996319
1,0.99972254
1,0.99932677
1,0.99968094
1,0.99950767
1,0.99960136
1,0.99882275
1,0.9993672
1,0.9994392
1,0.9988361
1,0.99895644
1,0.99977994
1,0.9997792
1,0.9899154
1,0.99884593
1,0.9986651
1,0.99944574
1,0.99981356
1,0.9981477
1,0.9996703
1,0.9987031
1,0.9995529
1,0.99942344
1,0.99977255
1,0.99773586
1,0.9995437
1,0.99854195
1,0.9992782
1,0.9998605
1,0.99921834
1,0.99908435
1,0.99284476
1,0.99945325
1,0.9983789
1,0.99897075
1,0.9992173
1,0.9992833
1,0.99967605
1,0.99971133
1,0.99894065
1,0.99986076
1,0.9999044
1,0.99938893
1,0.9993974
1,0.9994634
1,0.9997054
1,0.9938447
1,0.9991093
1,0.9977984
1,0.9995461
1,0.9992514
1,0.99864537
1,0.99986744
1,0.9977963
1,0.9991621
1,0.99974746
1,0.9997141
1,0.9994732
1,0.99978673
1,0.9992273
1,0.99988997
1,0.997867
1,0.999663
1,0.9982169
1,0.99724585
1,0.9990398
1,0.99897593
1,0.9997482
1,0.99861395
1,0.9982445
1,0.9989089
1,0.9991295
1,0.99964654
1,0.9963988
1,0.99962485
1,0.9993062
1,0.99982905
1,0.99846363
1,0.9975012
1,0.9991763
1,0.99090815
1,0.99878544
1,0.9996381
1,0.99948406
1,0.99984634
1,0.9991369
1,0.99712247
1,0.99891907
1,0.9996393
1,0.99951315
1,0.99656606
1,0.9985031
1,0.9997285
1,0.998231
1,0.9995911
1,0.999809
1,0.99934274
1,0.99946135
1,0.9993314
1,0.99990404
1,0.9984041
1,0.99780506
1,0.9990963
1,0.9999112
1,0.99955267
1,0.99919754
1,0.99935097
1,0.99985516
1,0.9990175
1,0.99901474
1,0.9990576
1,0.99840313
1,0.99193716
1,0.9994879
1,0.99982274
1,0.9998268
1,0.99862325
1,0.9995059
1,0.999164
1,0.99926466
1,0.99964976
1,0.9992419
1,0.9996028
1,0.99871755
1,0.99986625
1,0.99980164
1,0.9950138
1,0.9985254
1,0.9993837
1,0.9998554
1,0.9992827
1,0.99932593
1,0.9998746
1,0.99969906
1,0.99224985
1,0.99828017
1,0.99936277
1,0.9998696
1,0.9996938
1,0.9998783
1,0.9992844
1,0.9995159
1,0.9985234
1,0.9961353
1,0.9947405
1,0.9845204
1,0.999871
1,0.999111
1,0.9993468
1,0.99990046
1,0.99946433
1,0.9996746
1,0.99896765
1,0.999612
1,0.99964035
1,0.9994824
1,0.9997149
1,0.99890995
1,0.99900407
1,0.998613
1,0.99935645
1,0.99927855
1,0.9993486
1,0.9988323
1,0.9998859
1,0.99904877
1,0.99950504
1,0.99934953
1,0.9998226
1,0.99949
1,0.99702114
1,0.9990408
1,0.9995492
1,0.99954706
1,0.99856603
1,0.99933034
1,0.9995728
1,0.99929297
1,0.9606551
1,0.9987709
1,0.99957746
1,0.99970216
1,0.9998019
1,0.99978185
1,0.9993808
1,0.9989693
1,0.99949586
1,0.9995621
1,0.99986804
1,0.9987828
1,0.9996643
1,0.99937475
1,0.9982481
1,0.9994726
1,0.9991676
1,0.9990903
1,0.99861443
1,0.99988663
1,0.9995918
1,0.9991561
1,0.999869
1,0.9989385
1,0.9996486
1,0.99931514
1,0.9997952
1,0.99899656
1,0.99986815
1,0.9985123
1,0.99893993
1,0.9995018
1,0.99970907
1,0.9863006
1,0.9990058
1,0.9990312
1,0.99959755
1,0.99919325
1,0.99972874
1,0.999548
1,0.99927324
1,0.99937725
1,0.9987972
1,0.99972004
1,0.9934622
1,0.9991398
1,0.9994116
1,0.9994689
1,0.996637
1,0.9996507
1,0.9997459
1,0.99967223
1,0.9987727
1,0.9993936
1,0.9971692
1,0.9996301
1,0.99926704
1,0.9993246
1,0.9988556
1,0.99967796
1,0.9999206
1,0.99910694
1,0.9993098
1,0.9997569
1,0.9993963
1,0.9979803
1,0.99857116
1,0.99430776
1,0.999541
1,0.99976295
1,0.9998405
1,0.99763143
1,0.99973303
1,0.99737597
1,0.99895895
1,0.9997896
1,0.9986582
1,0.99940157
1,0.99874085
1,0.99986243
1,0.99976164
1,0.99969834
1,0.9991961
1,0.9997594
1,0.9993787
1,0.9997187
1,0.9997877
1,0.9981912
1,0.9991924
1,0.99945575
1,0.9994725
1,0.9979413
1,0.9974865
1,0.99974996
1,0.9993641
1,0.9998529
1,0.99907947
1,0.99968475
1,0.9989429
1,0.99631643
1,0.9994134
1,0.9996078
1,0.9986602
1,0.9995778
1,0.9993505
1,0.9996309
1,0.9995281
1,0.9995565
1,0.9983595
1,0.99964666
1,0.9996656
1,0.9998491
1,0.9969993
1,0.9992643
1,0.99960995
1,0.9996023
1,0.99694556
1,0.99850106
1,0.9996388
1,0.99992
1,0.9992456
1,0.9993419
1,0.9997771
1,0.9997212
1,0.99959934
1,0.99658656
1,0.9997168
1,0.9995222
1,0.9997921
1,0.999804
1,0.999749
1,0.99914205
1,0.97788656
1,0.99974805
1,0.9954224
1,0.9957632
1,0.9994134
1,0.9987078
1,0.99969786
1,0.9974567
1,0.9994956
1,0.9989122
1,0.9990767
1,0.99982214
1,0.999817
1,0.99960244
1,0.9996662
1,0.99901366
1,0.9994566
1,0.9982759
1,0.99887747
1,0.99986017
1,0.9999325
1,0.99968964
1,0.99918586
1,0.9997747
1,0.9995065
1,0.9996868
1,0.99948287
1,0.99808604
1,0.9996666
1,0.99906707
1,0.9988512
1,0.9975585
1,0.99951303
1,0.9973743
1,0.9991277
1,0.99666965
1,0.9996756
1,0.99758935
1,0.99959886
1,0.9997491
1,0.99971014
1,0.9994313
1,0.9998386
1,0.99976474
1,0.99907255
1,0.9996562
1,0.9997006
1,0.99981904
1,0.99840456
1,0.9935895
1,0.9994749
1,0.99973446
1,0.9972594
1,0.9995238
1,0.99972767
1,0.99980116
1,0.9998888
1,0.9986527
1,0.9995635
1,0.9997019
1,0.9949006
1,0.9984767
1,0.9982504
1,0.9997706
1,0.9990748
1,0.999377
1,0.99817955
1,0.9878889
1,0.99896574
1,0.99834585
1,0.999253
1,0.99966985
1,0.99940646
1,0.9994688
1,0.9994175
1,0.9990526
1,0.999012
1,0.9987696
1,0.99987006
1,0.99959207
1,0.99893004
1,0.9992712
1,0.9998294
1,0.99687517
1,0.9996988
1,0.99916327
1,0.99867266
1,0.99652016
1,0.9997816
1,0.99986696
1,0.99949324
1,0.99953073
1,0.9996165
1,0.99953073
1,0.99984443
1,0.9996338
1,0.99782205
1,0.9998994
1,0.99887305
1,0.99977136
1,0.9907369
1,0.9956233
1,0.99892086
1,0.9979474
1,0.99915314
1,0.99975914
1,0.9987111
1,0.99987495
1,0.9977387
1,0.9995839
1,0.99944323
1,0.9985227
1,0.99939525
1,0.99933046
1,0.99957925
1,0.9950116
1,0.9991048
1,0.9992975
1,0.9998369
1,0.99950445
1,0.9989538
1,0.99913824
1,0.999799
1,0.9999373
1,0.9996084
1,0.9996468
1,0.9989126
1,0.998004
1,0.9999038
1,0.9995047
1,0.99881846
1,0.9997582
1,0.99807227
1,0.96855605
1,0.9977417
1,0.9946131
1,0.99944824
1,0.9994012
1,0.9994257
1,0.99843806
1,0.999585
1,0.99926215
1,0.99985456
1,0.99902844
1,0.9988293
1,0.9978422
1,0.9995269
1,0.99993396
1,0.9998431
1,0.99864465
1,0.999415
1,0.99705064
1,0.9987564
1,0.99952835
1,0.99766135
1,0.9986823
1,0.9993758
1,0.99940836
1,0.99817204
1,0.9981401
1,0.99929094
1,0.9989506
1,0.999879
1,0.9990238
1,0.999508
1,0.9985507
1,0.995628
1,0.99579513
1,0.9996121
1,0.99921834
1,0.9993882
1,0.9996802
1,0.9994393
1,0.98490703
1,0.9983546
1,0.9980559
1,0.9995741
1,0.9982048
1,0.9985588
1,0.9995361
1,0.9995154
1,0.99974316
1,0.9994156
1,0.9995553
1,0.99636155
1,0.99868816
1,0.99795675
1,0.999792
1,0.99966973
1,0.9996987
1,0.9988003
1,0.99979615
1,0.9990352
1,0.99915206
1,0.9994937
1,0.9996517
1,0.9997982
1,0.99833363
1,0.99282515
1,0.95739335
1,0.9989973
1,0.9997117
1,0.9968008
1,0.99817824
1,0.99920523
1,0.99956304
1,0.9996351
1,0.99719775
1,0.9993942
1,0.99713695
1,0.9984724
1,0.99949336
1,0.9987509
1,0.9997383
1,0.99967617
1,0.9997677
1,0.99646014
1,0.9978098
1,0.99962413
1,0.9995281
1,0.99980617
1,0.99959683
1,0.9997995
1,0.99777895
1,0.99842465
1,0.99906766
1,0.99942726
1,0.99960446
1,0.9997976
1,0.99601644
1,0.99967223
1,0.9995375
1,0.9935363
1,0.99926525
1,0.9990029
1,0.9993374
1,0.9996839
1,0.9993363
1,0.9997484
1,0.99713385
1,0.99961674
1,0.9992231
1,0.9994868
1,0.9990754
1,0.99740714
1,0.99973005
1,0.9998146
1,0.9995105
1,0.9996937
1,0.9985449
1,0.99947715
1,0.9994157
1,0.99913156
1,0.9995055
1,0.99722004
1,0.9996955
1,0.9990528
1,0.9990202
1,0.9993042
1,0.99987495
1,0.9985297
1,0.9992993
1,0.99934703
1,0.99927574
1,0.9996789
1,0.9501816
1,0.9989812
1,0.9988293
1,0.9998822
1,0.99955064
1,0.99910146
1,0.99942106
1,0.99728084
1,0.9996493
1,0.99341875
1,0.9987569
1,0.9993112
1,0.9993105
1,0.9987413
1,0.9993181
1,0.999435
1,0.99958897
1,0.9985184
1,0.9994512
1,0.9901614
1,0.99983716
1,0.9989976
1,0.9986962
1,0.99936914
1,0.9996794
1,0.9992281
1,0.9927591
1,0.99778324
1,0.9996806
1,0.99878895
1,0.9991085
1,0.9989751
1,0.9991949
1,0.999491
1,0.9943163
1,0.9987023
1,0.9996277
1,0.9994535
1,0.9998162
1,0.99970347
1,0.9992933
1,0.99940157
1,0.99935395
1,0.9995728
1,0.9992269
1,0.9977962
1,0.9998268
1,0.9996275
1,0.9994479
1,0.99959683
1,0.99948907
1,0.9996944
1,0.9980757
1,0.9994118
1,0.9997006
1,0.9998839
1,0.9975834
1,0.99904865
1,0.9984093
1,0.9997959
1,0.99629813
1,0.99921906
1,0.99927694
1,0.99942964
1,0.9993895
1,0.9851366
0,0.2529898
0,0.8986862
0,0.19747739
0,0.070654705
0,0.37832016
0,0.045829285
0,0.08575554
0,0.13563253
0,0.044443276
0,0.071117714
0,0.10342012
0,0.1442106
0,0.0769513
0,0.08833141
0,0.11516032
0,0.15260471
0,0.10245017
0,0.080942065
0,0.13667272
0,0.09019303
0,0.1000135
0,0.18590233
0,0.07220406
0,0.57866275
0,0.6919064
0,0.115579516
0,0.06528557
0,0.07317544
0,0.08066823
0,0.09696742
0,0.058361102
0,0.29141226
0,0.10692398
0,0.13474922
0,0.07208526
0,0.11796761
0,0.17482255
0,0.09604215
0,0.113783665
0,0.07692741
0,0.069219135
0,0.057076693
0,0.056697357
0,0.15053144
0,0.08113761
0,0.6341927
0,0.27998778
0,0.1765587
0,0.06851571
0,0.067100525
0,0.055922143
0,0.112394676
0,0.14740162
0,0.08339192
0,0.069663204
0,0.086276725
0,0.1378733
0,0.12896937
0,0.048567668
0,0.06676657
0,0.0752431
0,0.07059133
0,0.14883061
0,0.081792675
0,0.11631816
0,0.12343725
0,0.05104369
0,0.100342356
0,0.8846643
0,0.020893287
0,0.08195889
0,0.16702507
0,0.0665668
0,0.057501405
0,0.17955199
0,0.07065283
0,0.15882502
0,0.15382242
0,0.1474783
0,0.09757925
0,0.06253394
0,0.057313047
0,0.25578076
0,0.041481674
0,0.19636187
0,0.05328975
0,0.07745854
0,0.044338647
0,0.05889755
0,0.104444586
0,0.9391177
0,0.3530405
0,0.07637083
0,0.21926841
0,0.06957521
0,0.079963535
0,0.10383248
0,0.14161019
0,0.09796581
0,0.10733598
0,0.042833533
0,0.04351527
0,0.08343606
0,0.05157042
0,0.20858571
0,0.17936218
0,0.057835314
0,0.07016046
0,0.100959815
0,0.7092848
0,0.17373064
0,0.047546867
0,0.07704445
0,0.96526396
0,0.081946865
0,0.39784175
0,0.38338968
0,0.20744246
0,0.08501082
0,0.22755007
0,0.0727056
0,0.052145157
0,0.1018893
0,0.077847704
0,0.08483117
0,0.06414984
0,0.040937908
0,0.19804142
0,0.24295217
0,0.07235521
0,0.09425227
0,0.106950186
0,0.1466738
0,0.13158526
0,0.09570085
0,0.22368908
0,0.77402407
0,0.04083478
0,0.1872976
0,0.6904996
0,0.06198301
0,0.08318019
0,0.08089339
0,0.7635503
0,0.49942213
0,0.109037474
0,0.041640703
0,0.17925514
0,0.07826715
0,0.5565145
0,0.089700975
0,0.10556
0,0.16870956
0,0.0921932
0,0.23435023
0,0.1957414
0,0.20445056
0,0.119520985
0,0.96687484
0,0.058443423
0,0.08398662
0,0.21602298
0,0.15211281
0,0.13618122
0,0.06920459
0,0.14533581
0,0.202932
0,0.20288366
0,0.13065681
0,0.11888951
0,0.36609054
0,0.06502002
0,0.5394605
0,0.0952238
0,0.07808058
0,0.049980048
0,0.105275154
0,0.22683825
0,0.18801245
0,0.13560008
0,0.8473775
0,0.06288225
0,0.1265102
0,0.12749833
0,0.08954301
0,0.29316732
0,0.11463281
0,0.3016434
0,0.10882404
0,0.10595305
0,0.19184239
0,0.07968147
0,0.12864777
0,0.13723235
0,0.5081087
0,0.12661703
0,0.24647215
0,0.4825364
0,0.16577983
0,0.23674831
0,0.33087534
0,0.081899025
0,0.5044554
0,0.4818342
0,0.1271182
0,0.17325494
0,0.5133336
0,0.17195643
0,0.20793033
0,0.314535
0,0.06471088
0,0.179499
0,0.3534932
0,0.3630902
0,0.14847921
0,0.13062291
0,0.05591736
0,0.08522117
0,0.16088673
0,0.0779877
0,0.20456743
0,0.14449032
0,0.27346236
0,0.06606559
0,0.48710495
0,0.48464736
0,0.81921315
0,0.18850347
0,0.31907138
0,0.18398267
0,0.09575765
0,0.24471839
0,0.35171023
0,0.27131084
0,0.11713446
0,0.23491219
0,0.14496666
0,0.048036054
0,0.06585409
0,0.13932215
0,0.4862174
0,0.10998046
0,0.12836333
0,0.05048957
0,0.21230383
0,0.13266286
0,0.08471871
0,0.5940377
0,0.14526276
0,0.032228
0,0.10367046
0,0.28333184
0,0.16361451
0,0.07418612
0,0.15682429
0,0.113299884
0,0.32004714
0,0.39725763
0,0.08414747
0,0.19451457
0,0.098925285
0,0.3870553
0,0.4759435
0,0.22084132
0,0.062211405
0,0.12229059
0,0.11296369
0,0.5547183
0,0.17858964
0,0.72502774
0,0.12597679
0,0.18893431
0,0.17816631
0,0.078001246
0,0.094156735
0,0.10778651
0,0.08022643
0,0.08518253
0,0.66578263
0,0.13327226
0,0.05936845
0,0.08116456
0,0.1864016
0,0.27491206
0,0.14647222
0,0.095922366
0,0.1363259
0,0.14696805
0,0.67996615
0,0.19659993
0,0.032735262
0,0.9475928
0,0.10659771
0,0.050486606
0,0.102606304
0,0.2638641
0,0.07039858
0,0.12254934
0,0.04107679
0,0.31493488
0,0.20130895
0,0.55961883
0,0.103311285
0,0.055230767
0,0.04365312
0,0.13748704
0,0.059301782
0,0.3450569
0,0.082518645
0,0.09282859
0,0.08666901
0,0.14474222
0,0.12405384
0,0.7736475
0,0.17059456
0,0.0452437
0,0.20481645
0,0.18242054
0,0.12442767
0,0.15740463
0,0.04527179
0,0.49373296
0,0.3541845
0,0.12102492
0,0.08451057
0,0.109582305
0,0.27946344
0,0.08774885
0,0.13517302
0,0.18708472
0,0.095344774
0,0.052913856
0,0.70885843
0,0.07920634
0,0.09282132
0,0.8171036
0,0.36464095
0,0.040619683
0,0.6433587
0,0.12279946
0,0.10148131
0,0.26049212
0,0.08331092
0,0.08452721
0,0.17396174
0,0.24080645
0,0.11775979
0,0.045326922
0,0.08350571
0,0.1903486
0,0.5525699
0,0.10047278
0,0.07231285
0,0.07449041
0,0.2225187
0,0.08107339
0,0.23503394
0,0.81520766
0,0.11995335
0,0.05757123
0,0.24354054
0,0.12910154
0,0.27083626
0,0.1499344
0,0.08999784
0,0.071524434
0,0.08388741
0,0.11446604
0,0.3115606
0,0.1613229
0,0.080483265
0,0.20454133
0,0.07962485
0,0.31051373
0,0.10165694
0,0.2788541
0,0.15372007
0,0.20024405
0,0.083840065
0,0.606467
0,0.13943905
0,0.09589985
0,0.04111645
0,0.072002225
0,0.66927445
0,0.044624027
0,0.10820822
0,0.038509957
0,0.5617732
0,0.16523646
0,0.1966159
0,0.13501783
0,0.0665288
0,0.16070075
0,0.16291694
0,0.36119124
0,0.22999495
0,0.105777174
0,0.046640232
0,0.11433928
0,0.17460468
0,0.27692488
0,0.74294794
0,0.15129073
0,0.09206554
0,0.5295428
0,0.19650416
0,0.15248501
0,0.08053632
0,0.16241325
0,0.07163206
0,0.25541228
0,0.14224733
0,0.05097526
0,0.14010073
0,0.2670524
0,0.14951496
0,0.17371239
0,0.08448902
0,0.107758366
0,0.20163368
0,0.15330034
0,0.12094685
0,0.33514264
0,0.9022705
0,0.07472527
0,0.07581186
0,0.077188574
0,0.25982088
0,0.10751592
0,0.10116398
0,0.15273055
0,0.15834287
0,0.2191136
0,0.2506896
0,0.07478437
0,0.11177569
0,0.07908176
0,0.6713867
0,0.08978971
0,0.050467454
0,0.09970331
0,0.37931907
0,0.04699534
0,0.3285353
0,0.39419317
0,0.43004996
0,0.12532493
0,0.09401829
0,0.08246156
0,0.05386805
0,0.17870082
0,0.11272201
0,0.11564772
0,0.07858774
0,0.066897295
0,0.14439504
0,0.077084556
0,0.10627194
0,0.22433528
0,0.105861306
0,0.1276164
0,0.10127946
0,0.099927776
0,0.109761514
0,0.14332591
0,0.08124756
0,0.11029197
0,0.27729297
0,0.89246124
0,0.6612106
0,0.14658011
0,0.16132224
0,0.082295604
0,0.14261532
0,0.31073773
0,0.45304906
0,0.05161046
0,0.089770086
0,0.12991749
0,0.078317724
0,0.056427393
0,0.045339305
0,0.114920035
0,0.24151205
0,0.24073297
0,0.095869675
0,0.3175327
0,0.05154193
0,0.13570397
0,0.39016563
0,0.103414655
0,0.39075598
0,0.056768257
0,0.054358933
0,0.11394204
0,0.09037646
0,0.059797734
0,0.08043358
0,0.13196965
0,0.2386367
0,0.28924
0,0.06222769
0,0.14413375
0,0.083313674
0,0.044361584
0,0.10778091
0,0.2100244
0,0.060822032
0,0.10975401
0,0.07520346
0,0.12365551
0,0.25705537
0,0.95566124
0,0.17660134
0,0.29794344
0,0.04642404
0,0.1292644
0,0.21979012
0,0.5067042
0,0.08017317
0,0.07793967
0,0.09081216
0,0.06585029
0,0.07793692
0,0.2595165
0,0.03822657
0,0.20345755
0,0.060692873
0,0.07984836
0,0.117422774
0,0.08778017
0,0.08390469
0,0.3869843
0,0.044478748
0,0.84633225
0,0.12004244
0,0.13705991
0,0.20586804
0,0.19695114
0,0.115431175
0,0.12291047
0,0.073425785
0,0.11899691
0,0.19102071
0,0.44579935
0,0.19736077
0,0.080174804
0,0.03899766
0,0.10358374
0,0.05925368
0,0.06485578
0,0.20830993
0,0.1347382
0,0.12072505
0,0.05210334
0,0.19502136
0,0.93565714
0,0.04308111
0,0.15025686
0,0.05881686
0,0.09816055
0,0.054642107
0,0.1489989
0,0.111405134
0,0.049441323
0,0.048964307
0,0.18224128
0,0.25019065
0,0.038512364
0,0.10136211
0,0.11720311
0,0.0475322
0,0.06385965
0,0.34370616
0,0.17616817
0,0.05050699
0,0.048057944
0,0.15100938
0,0.84858435
0,0.17641318
0,0.08548942
0,0.3144524
0,0.07991386
0,0.20004532
0,0.09164055
0,0.17967619
0,0.04940937
0,0.08999518
0,0.068374984
0,0.09452769
0,0.12416449
0,0.18058169
0,0.045590915
0,0.059655547
0,0.1670297
0,0.32995528
0,0.06791743
0,0.08755144
0,0.119093545
0,0.20336552
0,0.90765357
0,0.56013626
0,0.07624825
0,0.051496316
0,0.29902425
0,0.056994826
0,0.1940368
0,0.16188364
0,0.15011701
0,0.07568227
0,0.07852914
0,0.18772106
0,0.20004953
0,0.30916357
0,0.12178176
0,0.10435089
0,0.04352162
0,0.36664766
0,0.11947915
0,0.05486152
0,0.18429485
0,0.33946478
0,0.40172756
0,0.843761
0,0.14762352
0,0.1665815
0,0.059669897
0,0.14244759
0,0.1597309
0,0.09284357
0,0.07168307
0,0.109164864
0,0.14528674
0,0.16084264
0,0.09287826
0,0.25945684
0,0.07370774
0,0.10305246
0,0.10457561
0,0.07748028
0,0.13796952
0,0.08108455
0,0.55223274
0,0.08776145
0,0.22350655
0,0.7723669
0,0.48685178
0,0.07666076
0,0.29959378
0,0.4402136
0,0.24712695
0,0.3972428
0,0.42949656
0,0.5816516
0,0.24542418
0,0.25840384
0,0.19107324
0,0.10103328
0,0.44287682
0,0.19690643
0,0.16161236
0,0.12427066
0,0.66294783
0,0.34044078
0,0.19463085
0,0.1618929
0,0.8789771
0,0.81347644
0,0.3783666
0,0.2665614
0,0.29517883
0,0.07051598
0,0.2498553
0,0.7775052
0,0.073237054
0,0.29958323
0,0.5062091
0,0.11769552
0,0.18512234
0,0.2899014
0,0.14155015
0,0.20378937
0,0.28592274
0,0.052283183
0,0.117649354
0,0.08740385
0,0.20829888
0,0.33829966
0,0.5408603
0,0.3606753
0,0.4157577
0,0.10034309
0,0.13908671
0,0.09631489
0,0.15009594
0,0.5675615
0,0.1965681
0,0.120980896
0,0.76769495
0,0.25033236
0,0.09312057
0,0.4275609
0,0.11821785
0,0.42568076
0,0.36820662
0,0.18674073
0,0.43230748
0,0.40483603
0,0.065375604
0,0.8078694
0,0.76274544
0,0.88203233
0,0.19705376
0,0.49172026
0,0.055204894
0,0.16332568
0,0.15424028
0,0.15483764
0,0.1261664
0,0.28597772
0,0.17580445
0,0.08128268
0,0.09683338
0,0.41147768
0,0.12088291
0,0.2556146
0,0.12593229
0,0.089923
0,0.9059225
0,0.57191354
0,0.39376214
0,0.162307
0,0.13195944
0,0.968825
0,0.51570904
0,0.3265203
0,0.677328
0,0.15030427
0,0.17870817
0,0.09732492
0,0.8135295
0,0.36820725
0,0.30663174
0,0.102262154
0,0.11061398
0,0.4557232
0,0.32721508
0,0.5442847
0,0.2550956
0,0.086395204
0,0.5104455
0,0.1519761
0,0.24758711
0,0.16821505
0,0.28486663
0,0.8480007
0,0.3278539
0,0.40739343
0,0.12109128
0,0.8994862
0,0.2096127
0,0.21309672
0,0.25759226
0,0.08578238
0,0.52073985
0,0.23114872
0,0.0646671
0,0.35305083
0,0.112578146
0,0.4661576
0,0.3749872
0,0.097665004
0,0.12883422
0,0.1516088
0,0.119642355
0,0.1495108
0,0.2246003
0,0.92915845
0,0.26963907
0,0.16899732
0,0.25461027
0,0.15661205
0,0.27833924
0,0.3900583
0,0.16395141
0,0.06576293
0,0.12241502
0,0.14624782
0,0.0660744
0,0.5131403
0,0.28654513
0,0.78361255
0,0.10426502
0,0.14386605
0,0.23560663
0,0.21243663
0,0.16105668
0,0.14507796
0,0.13387206
0,0.96687186
0,0.08560077
0,0.7258907
0,0.08071507
0,0.13436013
0,0.18698093
0,0.2653191
0,0.2966537
0,0.27751073
0,0.08062245
0,0.14402546
0,0.12738714
0,0.47920498
0,0.21723925
0,0.056560256
0,0.15263477
0,0.1611309
0,0.09379281
0,0.16169617
0,0.15594363
0,0.21249415
0,0.04698228
0,0.8713766
0,0.24120528
0,0.25567922
0,0.09980325
0,0.62516147
0,0.07878406
0,0.31218398
0,0.31562907
0,0.18661882
0,0.12402353
0,0.45817906
0,0.12691256
0,0.23988529
0,0.35605854
0,0.09767481
0,0.15487431
0,0.099550135
0,0.627181
0,0.26671463
0,0.1121636
0,0.08686279
0,0.08492369
0,0.94964194
0,0.8597246
0,0.14910445
0,0.09372179
0,0.1941991
0,0.5553336
0,0.21892512
0,0.1467049
0,0.25922093
0,0.22424477
0,0.12588958
0,0.36235973
0,0.0635514
0,0.6620516
0,0.34490272
0,0.03999871
0,0.15077218
0,0.550572
0,0.38162765
0,0.16260591
0,0.18322597
0,0.29554492
0,0.81369686
0,0.06778009
0,0.3801853
0,0.337929
0,0.30063412
0,0.1872937
0,0.20175776
0,0.1592384
0,0.4210976
0,0.073379494
0,0.40725455
0,0.087503
0,0.27916855
0,0.101497866
0,0.35897535
0,0.16036652
0,0.32256117
0,0.08270756
0,0.087929696
0,0.07522455
0,0.12779218
0,0.091898054
0,0.9494652
0,0.048381113
0,0.08699875
0,0.30113965
0,0.159169
0,0.08915485
0,0.1498163
0,0.21174833
0,0.19094123
0,0.8577769
0,0.14307426
0,0.07472746
0,0.10666626
0,0.107389174
0,0.096606515
0,0.12695105
0,0.24575324
0,0.066233575
1,0.9090865
1,0.83694977
0,0.34153756
1,0.07170281
1,0.9664107
1,0.77059114
0,0.9223434
0,0.42815727
1,0.09963528
1,0.9658129
0,0.18019903
0,0.10281123
1,0.8401411
1,0.8242938
0,0.24587592
0,0.12399478
1,0.8927793
1,0.4120419
0,0.13103518
1,0.21327475
1,0.9766664
1,0.90504706
0,0.11087242
1,0.07282409
1,0.951864
0,0.13318022
0,0.33303627
1,0.33754683
1,0.95314795
0,0.1335159
1,0.2023629
1,0.95955485
1,0.4008965
0,0.19444998
1,0.15738511
1,0.94272035
0,0.96919066
0,0.07933384
0,0.06988702
1,0.9420711
1,0.81411254
0,0.19829498
1,0.2604522
1,0.9586857
0,0.10383208
0,0.096374094
1,0.37183005
1,0.9694675
0,0.2920773
0,0.13180295
1,0.22313508
1,0.9453754
0,0.06155369
0,0.10724069
1,0.117218025
1,0.95431346
0,0.30024266
0,0.0434455
1,0.8755742
1,0.95103556
0,0.10655819
0,0.13129632
1,0.8714151
1,0.62029535
0,0.1081709
0,0.9255658
0,0.5085176
1,0.96932214
1,0.20857011
0,0.350291
1,0.12704206
1,0.9653877
0,0.12704554
0,0.10717048
1,0.61743337
1,0.965473
0,0.076713316
0,0.110056
1,0.7149048
1,0.75652474
0,0.12365542
0,0.22075163
1,0.9711108
1,0.7768845
0,0.17309916
1,0.6280038
1,0.9406113
0,0.07831125
0,0.086282566
1,0.6346624
1,0.9592236
0,0.04069472
0,0.4177728
1,0.8695721
1,0.6883268
0,0.5417113
0,0.80454636
1,0.31910518
1,0.96000797
1,0.11114926
0,0.09295433
1,0.4762115
1,0.9655839
0,0.11242799
0,0.06745422
1,0.7786469
1,0.954266
0,0.13333844
0,0.13135071
1,0.8701022
1,0.8038713
0,0.076585226
1,0.32248467
1,0.9305912
1,0.4520506
0,0.42875788
1,0.08312672
1,0.967423
1,0.17712308
0,0.89798516
1,0.6560234
1,0.9647293
0,0.33048016
0,0.26536483
1,0.2054999
1,0.9657269
0,0.8723803
0,0.08701976
0,0.05327859
1,0.8146726
1,0.86411864
0,0.19849952
1,0.12946093
1,0.9494471
0,0.158725
0,0.1169693
1,0.13444296
1,0.96934533
0,0.34580567
0,0.064821005
1,0.27674574
1,0.9136705
0,0.49633574
0,0.07761667
1,0.5159104
1,0.9000995
0,0.11057984
0,0.2267947
1,0.93039626
1,0.44377708
0,0.106188975
1,0.4113078
1,0.95892066
0,0.21731159
0,0.13997474
0,0.9038002
1,0.90127313
1,0.7575186
0,0.14928845
1,0.063295245
1,0.9658779
1,0.70055467
0,0.3317201
1,0.2330375
1,0.9690605
1,0.35177222
0,0.06865995
1,0.33225316
1,0.9430623
0,0.3306041
0,0.21801843
1,0.49038544
1,0.9262272
0,0.1319583
0,0.044634253
1,0.9044914
1,0.9050935
0,0.1069985
0,0.107158
1,0.9307304
1,0.9378566
0,0.17602126
1,0.059444945
1,0.976351
1,0.2741792
0,0.3391407
0,0.87063223
1,0.22655568
1,0.96209186
0,0.27011454
0,0.17181905
1,0.23523054
1,0.91222614
0,0.14549775
0,0.23403381
1,0.8845197
1,0.81787974
0,0.2757773
0,0.39626738
1,0.92745227
1,0.53142184
0,0.92221797
0,0.43956697
1,0.7447946
1,0.830218
0,0.6004341
1,0.23096466
1,0.9558689
0,0.12854996
0,0.056621175
1,0.30705824
1,0.95882934
0,0.15879557
0,0.39752552
1,0.85884327
1,0.79915386
0,0.9008896
0,0.27748537
0,0.06608522
1,0.98436534
1,0.44175744
0,0.07987821
1,0.32976672
1,0.9658775
0,0.2173903
0,0.21348031
1,0.042585634
1,0.95751673
0,0.050455026
0,0.165452
1,0.9206448
1,0.41742584
0,0.23283486
0,0.18333144
1,0.948311
1,0.2093684
0,0.4537138
1,0.15005049
1,0.96346927
1,0.48514846
0,0.07610921
1,0.3953887
1,0.94150776
0,0.4226172
0,0.08841024
1,0.10470496
1,0.92947316
1,0.88096654
0,0.06408103
0,0.04900747
1,0.7287305
1,0.7488375
0,0.29904872
0,0.05357652
1,0.69407773
1,0.4186353
0,0.41855326
1,0.12266173
1,0.9730066
1,0.6459619
0,0.08329878
1,0.09966142
1,0.96167564
0,0.081781
0,0.32953197
1,0.08424564
1,0.9111108
0,0.5828731
0,0.22276764
1,0.71539575
1,0.73428345
0,0.07475145
1,0.090260364
1,0.97655475
1,0.57869625
0,0.18227208
0,0.76847315
1,0.80191624
1,0.9664974
0,0.14582808
0,0.07306223
1,0.7661256
1,0.84263444
0,0.20867112
0,0.11164112
1,0.96056324
1,0.21421015
0,0.069293596
1,0.49878368
1,0.96130955
0,0.11734104
0,0.07162231
1,0.3183005
1,0.91310334
0,0.09938173
0,0.09596999
1,0.7883162
1,0.77062297
0,0.12121019
1,0.31050605
1,0.9681732
1,0.35985088
0,0.062023677
1,0.100325614
1,0.94597805
0,0.15405223
0,0.85780174
0,0.63879645
1,0.7870423
1,0.6267274
0,0.13635902
0,0.09176694
1,0.9417335
1,0.6012557
0,0.07681296
1,0.1482324
1,0.95651567
0,0.1359163
0,0.08223189
1,0.7463223
1,0.95297664
0,0.3938606
0,0.29699528
1,0.2877749
1,0.96529424
0,0.27637008
0,0.2442719
1,0.9438158
1,0.902694
0,0.13939357
0,0.08575862
1,0.8436032
1,0.8955654
0,0.09704081
1,0.12205091
1,0.94451255
1,0.35331538
0,0.7545077
0,0.04599768
1,0.19318226
1,0.9532731
0,0.03171664
0,0.33240035
1,0.86571527
1,0.9088863
0,0.06603015
0,0.08821802
1,0.83693415
1,0.8561156
0,0.07149406
1,0.38986558
1,0.9571479
1,0.66146076
0,0.16472337
1,0.35596272
1,0.9676862
1,0.11078462
0,0.16349682
1,0.31852335
1,0.9654066
1,0.055268273
0,0.093812644
1,0.2487143
1,0.963078
0,0.101166084
0,0.06870599
1,0.46998936
1,0.95257026
0,0.83420104
0,0.37819278
1,0.2188263
1,0.94635737
0,0.078850836
0,0.34761542
1,0.33611017
1,0.82020426
0,0.10979758
0,0.16995108
1,0.39629176
1,0.95322275
0,0.7970725
1,0.05308452
1,0.93462265
1,0.17751239
0,0.16871448
1,0.13730942
1,0.965478
0,0.14850472
0,0.17817098
1,0.39995834
1,0.93836963
0,0.2579456
0,0.11424661
1,0.26974005
1,0.80422795
0,0.23712318
0,0.6163032
1,0.22374289
1,0.95778394
0,0.100821696
0,0.24659011
1,0.057249676
1,0.96543294
0,0.21396251
0,0.14763726
1,0.70669234
1,0.9494952
0,0.18111353
0,0.18027478
1,0.5676168
1,0.7523562
0,0.20545472
1,0.13439561
1,0.9654255
0,0.13036181
0,0.102259636
1,0.117662966
1,0.9096666
1,0.20654115
0,0.102344684
1,0.13771701
1,0.8655749
0,0.08409334
1,0.112804495
1,0.96400815
1,0.1231627
0,0.9555415
0,0.70873064
1,0.34580272
1,0.8974145
0,0.089689456
0,0.12542623
1,0.9601807
1,0.54492366
0,0.43140543
1,0.07012874
1,0.9116939
1,0.82634586
0,0.16302441
1,0.0615715
1,0.9786469
0,0.08506736
0,0.105423704
1,0.47284523
1,0.9389777
0,0.062404435
0,0.11547751
1,0.9184853
1,0.6151135
0,0.11746532
1,0.070771724
1,0.93217707
1,0.099453926
0,0.08695633
1,0.2597319
1,0.91692084
0,0.2377
0,0.6887805
0,0.039179
1,0.63500935
1,0.4855339
0,0.061317094
0,0.24816652
1,0.7493905
1,0.691544
0,0.1322258
1,0.04433303
1,0.95570576
1,0.1498461
0,0.1252485
1,0.24359155
1,0.978641
0,0.18698
0,0.18251693
1,0.3016706
1,0.7702421
0,0.0786735
1,0.055426884
1,0.94597465
1,0.85825866
0,0.62661487
0,0.21916264
1,0.7609297
1,0.5560892
0,0.14019234
1,0.105875604
1,0.9484766
1,0.9379574
0,0.090205535
0,0.20183602
1,0.57513934
1,0.8778516
0,0.42195377
1,0.13132626
1,0.9625422
1,0.34279534
0,0.073760614
1,0.07949743
1,0.9658726
0,0.03925781
1,0.07932465
1,0.96309626
1,0.3602417
0,0.25999904
1,0.0953426
1,0.9536907
0,0.06585695
0,0.4168283
1,0.16467845
1,0.9219074
0,0.22221431
0,0.4426166
1,0.82212
1,0.3169165
0,0.10187148
0,0.8641119
1,0.924092
1,0.9875561
1,0.8162979
0,0.09017114
1,0.49282146
1,0.95441455
1,0.36025771
0,0.24133007
0,0.16647664
1,0.95958585
1,0.30225146
0,0.046551816
1,0.0646031
1,0.95012605
0,0.08932566
0,0.2978828
1,0.15317239
1,0.9550423
0,0.094877586
0,0.057898354
1,0.6716552
1,0.9202611
0,0.09074977
0,0.07389766
1,0.90859354
1,0.7476531
0,0.17104559
0,0.11465309
1,0.30476132
1,0.5219568
0,0.08924906
0,0.9639646
1,0.21019053
1,0.9568936
1,0.28592238
0,0.11265305
1,0.06441233
1,0.9401912
0,0.13006714
0,0.069274515
1,0.95457226
1,0.4878727
0,0.3881141
1,0.034843776
1,0.9679754
1,0.299149
0,0.03027959
1,0.18066792
1,0.96476084
0,0.28936687
0,0.13478568
1,0.9064778
1,0.43854985
0,0.2390132
1,0.15226711
1,0.93974864
1,0.15801896
0,0.08357966
1,0.421868
1,0.96698564
0,0.57561547
0,0.56054676
0,0.055419598
1,0.4824423
1,0.80303895
0,0.13262011
0,0.0995757
1,0.81777877
1,0.8022342
0,0.037829697
1,0.09578187
1,0.96803546
1,0.20664039
0,0.030953959
1,0.16072607
1,0.96515465
0,0.05758426
0,0.22641268
1,0.17776076
1,0.9628247
0,0.14497754
0,0.22479996
1,0.8394767
1,0.87753755
0,0.23587891
1,0.068284035
1,0.9541142
0,0.15208732
0,0.11223925
1,0.06041754
1,0.94708025
1,0.9305963
0,0.08401986
0,0.082842
1,0.96690124
1,0.3078804
0,0.054558307
0,0.2523637
1,0.935063
1,0.26184437
0,0.038190033
1,0.39123696
1,0.9494628
1,0.0817223
0,0.056375716
1,0.105523
1,0.95962447
0,0.19688638
0,0.26303047
1,0.8439902
1,0.7515938
0,0.09514801
0,0.052498415
1,0.957528
1,0.5772284
0,0.20332164
1,0.08390783
1,0.96887386
1,0.13648337
0,0.07387525
0,0.7563344
1,0.23601018
1,0.95731187
0,0.12390806
0,0.12323592
1,0.8503421
1,0.661752
0,0.110200845
1,0.106077984
1,0.9434314
0,0.05671567
0,0.08058346
1,0.94244975
1,0.7268024
0,0.040133066
1,0.28242835
1,0.95326287
1,0.5744543
0,0.046740804
1,0.5028513
1,0.92451346
0,0.04358437
0,0.22793084
1,0.590394
1,0.76230884
0,0.1343394
1,0.28927147
1,0.9593012
0,0.2502511
0,0.8960794
0,0.12215436
1,0.20383742
1,0.91934204
0,0.11232703
0,0.07177481
1,0.9656236
1,0.8768614
0,0.12614481
0,0.07056319
1,0.63644195
1,0.21422328
0,0.081730746
1,0.19216451
1,0.9676826
1,0.075634815
0,0.31694782
1,0.18515153
1,0.96721953
0,0.057191335
0,0.10054497
1,0.15488355
1,0.9511191
0,0.09232001
0,0.07612746
1,0.780137
1,0.90249
0,0.11491639
0,0.08195419
1,0.8165045
1,0.5389291
0,0.8308534
0,0.08454809
1,0.043682523
1,0.9606378
0,0.068139136
0,0.11586101
1,0.4781167
1,0.89503556
0,0.14846522
0,0.12183196
1,0.9422777
1,0.5960979
0,0.31089318
0,0.155004
1,0.8941804
1,0.13006072
0,0.05770468
1,0.3411357
1,0.9438165
0,0.07027455
0,0.06473023
1,0.84769034
1,0.8088102
0,0.041736025
0,0.14757039
0,0.12826487
0,0.13487658
1,0.31552327
1,0.9340884
0,0.9209309
0,0.07351341
0,0.14596675
1,0.86737436
1,0.5355657
0,0.0673904
0,0.11637142
1,0.97824526
1,0.106285416
0,0.0690338
1,0.07005129
1,0.96866107
1,0.12428822
0,0.08879018
1,0.4586014
1,0.93773603
0,0.09637533
0,0.07237256
1,0.6774299
1,0.9131882
0,0.21095718
0,0.22815886
1,0.23809874
1,0.8316221
0,0.10700184
1,0.04092962
1,0.9443068
1,0.14716819
0,0.16907732
0,0.8330396
1,0.296326
1,0.8982488
0,0.3055396
0,0.12555197
1,0.07959143
1,0.9597481
0,0.06090586
0,0.11514854
1,0.789782
1,0.7929349
0,0.14449598
0,0.02765302
1,0.82951796
1,0.70807457
0,0.058087658
0,0.06424957
1,0.60644346
1,0.71272
0,0.20631342
1,0.08221682
1,0.93772507
0,0.08047111
0,0.09628785
1,0.8262695
1,0.5861435
0,0.105012484
0,0.28620008
1,0.5534526
1,0.36908764
0,0.060295817
0,0.9419246
1,0.10258126
1,0.94050187
0,0.15106602
0,0.076684006
1,0.49941078
1,0.9467383
0,0.33878
0,0.06675673
1,0.7908572
1,0.87831366
0,0.06196301
0,0.10083821
1,0.91422623
1,0.42216685
0,0.14207435
1,0.10382274
1,0.95158756
1,0.23305397
0,0.05410813
1,0.2395168
1,0.9651007
0,0.1317766
0,0.061084684
1,0.41283256
1,0.9466408
0,0.06680609
0,0.17409746
1,0.9344424
1,0.41529164
0,0.88129556
0,0.1421737
1,0.14116697
1,0.96337533
0,0.08660673
0,0.07809373
1,0.10797729
1,0.9492601
0,0.052492693
0,0.11056727
1,0.3980131
1,0.92130697
0,0.051467106
0,0.20648916
1,0.58155817
1,0.31726176
0,0.0495488
1,0.058981873
1,0.9627838
1,0.07931108
0,0.054990213
1,0.42526487
1,0.9477083
0,0.38482746
0,0.06972999
1,0.08848612
1,0.9548118
0,0.13520151
0,0.048655223
1,0.765494
1,0.9546334
1,0.46755657
0,0.07791938
0,0.039772227
1,0.9603522
1,0.24452929
0,0.07542198
1,0.11774195
1,0.9601239
1,0.21107158
0,0.10934598
1,0.42336902
1,0.8916747
0,0.040030155
0,0.07968196
1,0.7488797
1,0.80411375
0,0.09428087
0,0.27592427
1,0.5428573
1,0.8239558
0,0.11455898
1,0.09168099
1,0.9563134
1,0.4066469
0,0.04716871
1,0.09239728
1,0.9659858
1,0.20211121
0,0.23766695
0,0.77343124
1,0.12386776
1,0.96798867
0,0.050495822
0,0.069101825
1,0.41031602
1,0.9648662
0,0.19685693
0,0.2297113
1,0.102319404
1,0.95381117
0,0.081334986
0,0.20321052
1,0.1264421
1,0.9424036
0,0.10271902
0,0.23115249
1,0.81393963
1,0.660612
0,0.07716726
0,0.12638685
1,0.92774856
1,0.4086026
0,0.49957645
1,0.49953124
1,0.9592324
1,0.53269583
0,0.09443331
1,0.1469548
1,0.9478078
0,0.27826387
0,0.89380246
0,0.16840434
1,0.8837155
1,0.60105824
0,0.20379329
0,0.22215523
1,0.9428295
1,0.73289746
0,0.11285242
1,0.44052163
1,0.9110088
0,0.26768264
0,0.17756544
1,0.2816522
1,0.9363493
0,0.4067474
0,0.2908109
1,0.16604513
1,0.92438275
0,0.13604304
0,0.33531654
1,0.45293966
1,0.9436779
0,0.48796293
0,0.40308902
1,0.46891907
1,0.85295993
0,0.3273287
0,0.3621356
1,0.8848009
1,0.7740303
0,0.7708957
0,0.4379751
1,0.32003555
1,0.8651513
0,0.38431916
0,0.13552584
1,0.34926015
1,0.92419475
0,0.10071057
0,0.100372605
1,0.73477495
1,0.66275626
0,0.4969167
1,0.42839858
1,0.9117207
1,0.09406833
0,0.1548829
0,0.39575735
1,0.9480557
1,0.15050265
0,0.09715995
1,0.077325895
1,0.96189576
1,0.20602505
0,0.14036982
1,0.23496659
1,0.93725157
1,0.6831667
0,0.42001355
1,0.11477889
1,0.947594
0,0.46288207
0,0.118271336
0,0.103152744
1,0.9005543
1,0.47991902
0,0.15038937
1,0.09207066
1,0.9717525
1,0.17459105
0,0.28924668
1,0.099659234
1,0.9367542
1,0.48191157
0,0.09029935
1,0.12829943
1,0.95369494
1,0.19184645
0,0.32478574
1,0.42612058
1,0.88491017
1,0.15947586
0,0.11006248
1,0.08193102
1,0.9623833
0,0.23421277
0,0.09066266
1,0.12493676
1,0.9383001
0,0.14164299
0,0.19668132
1,0.7915942
1,0.9451759
1,0.20416665
0,0.17282028
0,0.12667532
0,0.10767088
0,0.041383024
0,0.16074687
0,0.2335682
0,0.20426898
0,0.043431196
0,0.3044799
0,0.20743635
0,0.285134
0,0.16907078
0,0.18379252
0,0.044106394
0,0.07133713
0,0.15803039
0,0.2273725
0,0.15297501
0,0.12324233
0,0.05885181
0,0.07509952
0,0.16100268
0,0.08801843
0,0.051488176
0,0.13353997
0,0.24766429
0,0.08668802
0,0.16127369
0,0.11629774
0,0.15213406
0,0.117753044
0,0.098909914
0,0.14792685
0,0.0839172
0,0.28413558
0,0.06640146
0,0.327661
0,0.26865646
0,0.32707334
0,0.15088494
0,0.05217434
0,0.14464921
0,0.08894171
0,0.6687696
0,0.7424786
0,0.55083716
0,0.18142198
0,0.30004054
0,0.08404889
0,0.11146165
0,0.16249876
0,0.28936586
0,0.24990782
0,0.15573272
0,0.07468363
0,0.31233045
0,0.18943943
0,0.34906492
0,0.23431075
0,0.09831042
0,0.09488864
0,0.18267609
0,0.24830702
0,0.1113021
0,0.14111929
0,0.6908236
0,0.05742491
0,0.16038905
0,0.10692693
0,0.13946922
0,0.05238961
0,0.28604394
0,0.23809558
0,0.13373998
0,0.078224696
0,0.08912016
0,0.07339469
0,0.0778947
0,0.29207185
0,0.16443896
0,0.12500483
0,0.12902886
0,0.17756376
0,0.32860985
0,0.3117728
0,0.050581805
0,0.091438994
0,0.7241093
0,0.104536615
0,0.08583796
0,0.2528181
0,0.057839528
0,0.3203097
0,0.10753224
0,0.1761985
0,0.06453126
0,0.119392574
0,0.18332066
0,0.16158693
0,0.6767365
0,0.15223694
0,0.05581162
0,0.31133008
0,0.09421536
0,0.41064036
0,0.5192408
0,0.19459885
0,0.100528926
0,0.30762
0,0.30145565
0,0.85441387
0,0.29231372
0,0.71869797
0,0.16163635
0,0.08241975
0,0.51555806
0,0.14068647
0,0.12594359
0,0.067135096
0,0.10855058
0,0.25212067
0,0.2905943
0,0.44533443
0,0.09089185
0,0.15228614
0,0.10136438
0,0.8101152
0,0.090809025
0,0.17555359
0,0.234758
0,0.3826133
0,0.41031045
0,0.33903185
0,0.15367402
0,0.0688092
0,0.18535154
0,0.24218431
0,0.15324496
0,0.36080638
0,0.13320051
0,0.24636334
0,0.1534713
0,0.3916088
0,0.47816306
0,0.2706627
0,0.06380255
0,0.12203579
0,0.3316303
0,0.11963737
0,0.17253622
0,0.3008941
0,0.14140101
0,0.42023823
0,0.14681914
0,0.101304546
0,0.079329014
0,0.21009308
0,0.105691314
0,0.077838644
0,0.026995352
0,0.20283869
0,0.18244012
0,0.23585308
0,0.07031294
0,0.23630579
0,0.110019185
0,0.3600936
0,0.10609373
0,0.14855734
0,0.12653448
0,0.12543836
0,0.05152207
0,0.13141274
0,0.34483188
0,0.19366458
0,0.06524686
0,0.8719745
0,0.48782888
0,0.14036338
0,0.31469566
0,0.3963314
0,0.17159237
0,0.23252027
0,0.20165509
0,0.12632972
0,0.060243342
0,0.097063415
0,0.12744503
0,0.32080403
0,0.60090554
0,0.2526984
0,0.1544701
0,0.3233125
0,0.28141946
0,0.44426212
0,0.41735587
0,0.40952897
0,0.064504966
0,0.21374395
0,0.066425614
0,0.42363527
0,0.18608172
0,0.116817184
0,0.08054778
0,0.49539062
0,0.25788394
0,0.1780751
0,0.16045928
0,0.52564883
0,0.13492838
0,0.08584039
0,0.16639169
0,0.1801745
0,0.13530295
0,0.083609134
0,0.087114036
0,0.048997473
0,0.22193584
0,0.20656633
0,0.07800236
0,0.7782473
0,0.60067993
0,0.67422116
0,0.608323
0,0.1725951
0,0.30278683
0,0.39149082
0,0.36567253
0,0.2897718
0,0.2725967
0,0.16762137
0,0.24263053
0,0.22646792
0,0.09198058
0,0.31064948
0,0.5206581
0,0.21359068
0,0.092357025
0,0.08852975
0,0.11404017
0,0.25180265
0,0.2590966
0,0.13529806
0,0.3400526
0,0.08983664
0,0.4882586
0,0.12231218
0,0.22560999
0,0.4155542
0,0.3853078
0,0.54884124
0,0.29693675
0,0.1353565
0,0.05096539
0,0.19832808
0,0.06695788
0,0.14867996
0,0.517673
0,0.18253975
0,0.17540687
0,0.25714806
0,0.12126842
0,0.08600559
0,0.70896035
0,0.19566002
0,0.32732973
0,0.6991892
0,0.5451903
0,0.105270885
0,0.39256808
0,0.5267522
0,0.29468688
0,0.37401637
0,0.181791
0,0.23344833
0,0.42121476
0,0.2215311
0,0.35303858
0,0.26651803
0,0.338247
0,0.71374667
0,0.13790967
0,0.16222632
0,0.1247765
0,0.33221737
0,0.16786474
0,0.09732106
0,0.17663719
0,0.39477754
0,0.6246261
0,0.41635734
0,0.22047676
0,0.25125003
0,0.13045411
0,0.086523056
0,0.10922997
0,0.28651962
0,0.095869
0,0.0627166
0,0.4512877
0,0.107599825
0,0.054965798
0,0.5567186
0,0.06173606
0,0.14914662
0,0.10613997
0,0.26891991
0,0.1852108
0,0.3524002
0,0.37654066
0,0.26752263
0,0.044945057
0,0.061120674
0,0.58444184
0,0.11817892
0,0.16315097
0,0.099168725
0,0.045932397
0,0.1369513
0,0.8186527
0,0.111766584
0,0.09868198
0,0.13974506
0,0.07791276
0,0.0733665
0,0.17013352
0,0.38488325
0,0.1633429
0,0.07830558
0,0.4972038
0,0.15622464
0,0.10861233
0,0.10713289
0,0.23955253
0,0.105131194
0,0.070705585
0,0.10484849
0,0.12514922
0,0.552363
0,0.06519111
0,0.12885897
0,0.2530636
0,0.56942385
0,0.42171532
0,0.04342052
0,0.052832212
0,0.092833914
0,0.1086849
0,0.15120324
0,0.40394276
0,0.08152995
0,0.24022421
0,0.22421964
0,0.107788034
0,0.525407
0,0.22933052
0,0.5392194
0,0.40372422
0,0.108902745
0,0.048780445
0,0.113918275
0,0.053118274
0,0.062486947
0,0.059211727
0,0.09186537
0,0.105899625
0,0.25608644
0,0.0772679
0,0.29178175
0,0.3324599
0,0.10645235
0,0.03668376
0,0.15184507
0,0.09065988
0,0.069140956
0,0.13504913
0,0.09195469
0,0.030097699
0,0.08105332
0,0.20468375
0,0.049482122
0,0.0924948
0,0.091814406
0,0.09331281
0,0.0929453
0,0.15238185
0,0.13809462
0,0.31869105
0,0.08574876
0,0.10563776
0,0.092317775
0,0.0700428
0,0.24356498
0,0.17436612
0,0.072373435
0,0.15966405
0,0.16192178
0,0.31262466
0,0.13235743
0,0.29339898
0,0.039943065
0,0.046003655
0,0.16701521
0,0.11211534
0,0.078536876
0,0.16284113
0,0.12568119
0,0.06895395
0,0.21978404
0,0.05030304
0,0.05232863
0,0.17811391
0,0.08263542
0,0.15675125
0,0.12646338
0,0.03739583
0,0.059688713
0,0.06539553
0,0.06825444
0,0.05683408
0,0.7732735
0,0.12985815
0,0.09703006
0,0.04270842
0,0.43755388
0,0.09278443
0,0.1731185
0,0.30334365
0,0.08078805
0,0.11230745
0,0.23004451
0,0.0767807
0,0.25265428
0,0.33019385
0,0.27953535
0,0.39733765
0,0.25369215
0,0.177797
0,0.17665894
0,0.5995268
0,0.61922276
0,0.38366318
0,0.13122422
0,0.67377466
0,0.9259165
0,0.09116951
0,0.36823258
0,0.9394734
0,0.18889315
0,0.20457934
0,0.07689053
0,0.24990988
0,0.28290436
0,0.20459928
0,0.8254114
0,0.16853732
0,0.15898292
0,0.13694473
0,0.13811074
0,0.1718006
0,0.13091967
0,0.05791213
0,0.3389014
0,0.7316089
0,0.09999913
0,0.1793497
0,0.15427417
0,0.20061755
0,0.38318348
0,0.082815
0,0.21587549
0,0.49166262
0,0.19544779
0,0.24682151
0,0.1994485
0,0.12005095
0,0.27841043
0,0.17289266
0,0.088838644
0,0.104811065
0,0.56605643
0,0.073130935
0,0.11081395
0,0.08793316
0,0.1710047
0,0.28681588
0,0.44521204
0,0.15609194
0,0.5071328
0,0.18029077
0,0.3676632
0,0.2225751
0,0.22683328
0,0.38769698
0,0.25022703
0,0.2929758
0,0.21994849
0,0.5596727
0,0.36353987
0,0.2174057
0,0.29367682
0,0.23268074
0,0.42463532
0,0.3594437
0,0.40014708
0,0.33019283
0,0.12258309
0,0.85157585
0,0.49046692
0,0.12648308
0,0.39957952
0,0.4677681
0,0.09311869
0,0.25097352
0,0.1002509
0,0.32578328
0,0.1493607
0,0.19580227
0,0.3948901
0,0.26417378
0,0.11369825
0,0.09094273
0,0.85405225
0,0.17014775
0,0.72609645
0,0.4385905
0,0.15785727
0,0.3781501
0,0.16844481
0,0.71285605
0,0.13535216
0,0.26293534
0,0.07086061
0,0.2630443
0,0.11190313
0,0.46155494
0,0.51205647
0,0.4050076
0,0.2558204
0,0.1356832
0,0.0653587
0,0.37121361
0,0.09473333
0,0.17870244
0,0.27290928
0,0.22810282
0,0.072626054
0,0.23043287
0,0.27318665
0,0.13946868
0,0.096668124
0,0.12464383
0,0.60831565
0,0.14411399
0,0.12140475
0,0.2945833
0,0.05716437
0,0.050288882
0,0.40120703
0,0.2100614
0,0.056188393
0,0.07864793
0,0.096489854
0,0.2085055
0,0.1695759
0,0.103384785
0,0.26891527
0,0.12583013
0,0.36071837
0,0.3861743
0,0.13374014
0,0.05637732
0,0.14079507
0,0.9696735
0,0.49211684
0,0.5017182
0,0.68036896
0,0.16976936
0,0.35341018
0,0.8124189
0,0.25697666
0,0.59318477
0,0.865062
0,0.7314117
0,0.10977353
0,0.46434522
0,0.14667065
0,0.18901956
0,0.7394129
0,0.17747639
0,0.57380337
0,0.3085433
0,0.3472976
0,0.28156194
0,0.12493057
0,0.11982367
0,0.34478262
0,0.272702
0,0.45256135
0,0.38227355
0,0.0825006
0,0.19164997
0,0.16636835
0,0.17940642
0,0.4292901
0,0.25528848
0,0.14616142
0,0.6074574
0,0.18682767
0,0.5032222
0,0.30582005
0,0.37449726
0,0.11675803
0,0.1500488
0,0.510468
0,0.19210188
0,0.23164187
0,0.49382144
0,0.8500153
0,0.36332533
0,0.54601765
0,0.12573981
0,0.6493619
0,0.059393264
0,0.27026734
0,0.12127062
0,0.24211599
0,0.12673812
0,0.49638742
0,0.4770288
0,0.31295162
0,0.21644375
0,0.09593857
0,0.37724477
0,0.07877448
0,0.13065556
0,0.28752905
0,0.2091051
0,0.3277983
0,0.701738
0,0.264505
0,0.7621104
0,0.13230622
0,0.7324519
0,0.48560742
0,0.18307944
0,0.50496215
0,0.16765267
0,0.085424684
0,0.30371076
0,0.12660044
0,0.6258217
0,0.49844658
0,0.14050154
0,0.3893784
0,0.26445135
0,0.19845311
0,0.3404171
0,0.41434854
0,0.091828436
0,0.3375028
0,0.2173296
0,0.70322216
0,0.5562554
0,0.7631338
0,0.20905507
0,0.37682042
0,0.3752467
0,0.21523067
0,0.31101266
0,0.24148396
0,0.058509752
0,0.050814465
0,0.14527538
0,0.5964187
0,0.20924926
0,0.4709235
0,0.15075798
0,0.3859459
0,0.6918093
0,0.33451173
0,0.6664077
0,0.20358126
0,0.35208565
0,0.42795524
0,0.48526034
0,0.77885884
0,0.1529927
0,0.59754366
0,0.10972895
0,0.7437803
0,0.2961766
0,0.29428646
0,0.6966291
0,0.26469442
0,0.6197368
0,0.55351704
0,0.8584232
0,0.14781962
0,0.21847102
0,0.13377114
0,0.1546743
0,0.32816526
0,0.25775987
0,0.36733902
0,0.0856798
0,0.30904597
0,0.18512122
0,0.8427838
0,0.40560204
0,0.9308442
0,0.35670033
0,0.16119772
0,0.88496524
0,0.17486076
0,0.76306045
0,0.6706639
0,0.40529013
0,0.20755398
0,0.1685133
0,0.0815537
0,0.8478008
0,0.23073524
0,0.14564066
0,0.5459743
0,0.5202427
0,0.088485666
0,0.29692593
0,0.12544253
0,0.24769245
0,0.12167128
0,0.102774344
0,0.19582541
0,0.10120269
0,0.19816168
0,0.7664259
0,0.39450368
0,0.7428761
0,0.51622635
0,0.17557728
0,0.3740467
0,0.07287893
0,0.38066867
0,0.1831034
0,0.09091028
0,0.2508533
0,0.40228063
0,0.17946619
0,0.8673396
0,0.14778458
0,0.11395153
0,0.18064725
0,0.8486274
0,0.51962185
0,0.15326364
0,0.18523845
0,0.28740197
0,0.16607696
0,0.3350493
0,0.08105171
0,0.27156675
0,0.3778798
0,0.38609213
0,0.06358022
0,0.37115902
0,0.2890561
0,0.18120506
0,0.14416218
0,0.31086418
0,0.58350044
0,0.11099948
0,0.13846473
0,0.47015968
0,0.60411483
0,0.8220665
0,0.3371689
0,0.2194618
0,0.5804935
0,0.42452425
0,0.17476438
0,0.11475671
0,0.30968678
0,0.31768394
0,0.29517713
0,0.076780565
0,0.08328146
0,0.2771107
0,0.26023322
0,0.8316631
0,0.2697727
0,0.035729486
0,0.13456611
0,0.30281383
0,0.4309283
0,0.06813078
0,0.7825703
0,0.09472506
0,0.2081098
0,0.3666728
0,0.30888695
0,0.25038776
0,0.24038887
0,0.12126348
0,0.22443163
0,0.16858505
0,0.33271098
0,0.10806599
0,0.4158125
0,0.25659445
0,0.193456
0,0.4438007
0,0.07648773
0,0.45749208
0,0.55189896
0,0.15765044
0,0.35956573
0,0.24454907
0,0.8196574
0,0.18808503
0,0.49747354
0,0.7027779
0,0.5164741
0,0.08294795
0,0.12517698
0,0.19420658
0,0.41676146
0,0.098115966
0,0.084053904
0,0.1809284
0,0.30333853
0,0.21960564
0,0.12857051
0,0.5080166
0,0.15496105
0,0.13460714
0,0.2327533
0,0.27168238
0,0.196901
0,0.78814805
0,0.087736726
0,0.11463821
0,0.082294434
0,0.44935766
0,0.15903625
0,0.10026572
0,0.074861914
0,0.108195096
0,0.1637967
0,0.6188803
0,0.6076227
0,0.4034388
0,0.29651815
0,0.20792599
1,0.40227008
1,0.790431
1,0.48669654
1,0.96737546
1,0.99578875
1,0.8917858
1,0.9854279
1,0.9973331
1,0.9900767
1,0.8924125
1,0.8558805
1,0.90897906
1,0.7605878
1,0.8459244
1,0.9940122
1,0.92077714
1,0.85086185
1,0.9713687
1,0.9918543
1,0.26461098
1,0.91308236
1,0.9967219
1,0.8160878
1,0.9147123
1,0.9375909
1,0.99079275
1,0.949306
1,0.8439818
1,0.7547041
1,0.96529204
1,0.96584296
1,0.9460623
1,0.9163039
1,0.9782919
1,0.7524529
1,0.8523182
1,0.96581715
1,0.9960651
1,0.35604346
1,0.9687592
1,0.99603266
1,0.7455274
1,0.4658558
1,0.7773547
1,0.96935666
1,0.7997935
1,0.73539585
1,0.9879412
1,0.9726806
1,0.83221465
1,0.93977404
1,0.958993
1,0.73819375
1,0.98052514
1,0.9975466
1,0.93447423
1,0.81455845
1,0.9397506
1,0.97752166
1,0.63689804
1,0.42995942
1,0.9945285
1,0.81232697
1,0.5786242
1,0.9654888
1,0.99658066
1,0.98110723
1,0.92564964
1,0.9741732
1,0.98607993
1,0.35805738
1,0.97108585
1,0.9759629
1,0.961577
1,0.9545378
1,0.9498643
1,0.9837595
1,0.9965354
1,0.88562816
1,0.84741557
1,0.8232256
1,0.85489553
1,0.35330185
1,0.98573685
1,0.9992292
1,0.991015
1,0.71773875
1,0.9790987
1,0.9923604
1,0.99322504
1,0.7474204
1,0.59980977
1,0.9817791
1,0.96956277
1,0.819673
1,0.9705741
1,0.8742057
1,0.99047583
1,0.82579386
1,0.98462576
1,0.98203593
1,0.9842226
1,0.9344114
1,0.7814873
1,0.9819017
1,0.99008876
1,0.9061503
1,0.85457873
1,0.98322016
1,0.99637693
1,0.7438192
1,0.86001265
1,0.93346953
1,0.9120521
1,0.83956033
1,0.9706873
1,0.9797905
1,0.7305933
1,0.9019504
1,0.9976617
1,0.7153551
1,0.52863896
1,0.95020324
1,0.9979315
1,0.99527514
1,0.8649443
1,0.8225339
1,0.9711558
1,0.9744421
1,0.54994076
1,0.35379606
1,0.7776053
1,0.99899024
1,0.91517895
1,0.6519703
1,0.9679616
1,0.997003
1,0.83725244
1,0.49554387
1,0.6061076
1,0.85905105
1,0.99269813
1,0.45601872
1,0.7390663
1,0.99083334
1,0.99565244
1,0.37550935
1,0.78102195
1,0.98567533
1,0.8702699
1,0.9801256
1,0.9928012
1,0.99810386
1,0.78523374
1,0.84757316
1,0.9193352
1,0.94624966
1,0.94805866
1,0.8438536
1,0.9684867
1,0.9892292
1,0.97339
1,0.8473591
1,0.6729023
1,0.9420476
1,0.7011463
1,0.18479382
1,0.8646187
1,0.9969587
1,0.9837928
1,0.44860214
1,0.6355945
1,0.91253465
1,0.9147548
1,0.9370271
1,0.9232361
1,0.9966401
1,0.9353752
1,0.95808434
1,0.9667965
1,0.9896862
1,0.86294544
1,0.8200739
1,0.98323286
1,0.81787807
1,0.9500532
1,0.9014326
1,0.9893259
1,0.9288433
1,0.66620225
1,0.9933542
1,0.5277462
1,0.60945636
1,0.9917046
1,0.99722725
1,0.981645
1,0.80511814
1,0.68097335
1,0.88598794
1,0.80076987
1,0.86905265
1,0.9115386
1,0.9761871
1,0.85466146
1,0.84271646
1,0.8958636
1,0.9831582
1,0.5779376
1,0.9059031
1,0.8319401
1,0.99657696
1,0.8308427
1,0.99210525
1,0.9704727
1,0.9912464
1,0.8601981
1,0.9059585
1,0.99102473
1,0.9929007
1,0.9298648
1,0.94691724
1,0.98110634
1,0.98529226
1,0.8458472
1,0.94167644
1,0.98091644
1,0.99805623
1,0.9901487
1,0.90796834
1,0.63488525
1,0.9641143
1,0.8947648
1,0.85647243
1,0.91867954
1,0.99496406
1,0.8987973
1,0.9314528
1,0.9764024
1,0.97658813
1,0.6088774
1,0.9702462
1,0.98928404
1,0.746338
1,0.63124853
1,0.956448
1,0.99649113
1,0.9262311
1,0.8812352
1,0.56194884
1,0.9279456
1,0.58900064
1,0.8154697
1,0.9956118
1,0.9805729
1,0.9322403
1,0.9862242
1,0.86605555
1,0.82957447
1,0.55725414
1,0.86214775
1,0.9675735
1,0.95512897
1,0.98601484
1,0.996878
1,0.9511326
1,0.831847
1,0.4049409
1,0.9859966
1,0.99747354
1,0.9581059
1,0.9468407
1,0.9531984
1,0.92192817
1,0.9912253
1,0.6969247
1,0.9641872
1,0.98505545
1,0.8244792
1,0.75124776
1,0.9513026
1,0.98623204
1,0.83110017
1,0.9166734
1,0.6702659
1,0.51241565
1,0.9493916
1,0.9983577
1,0.8937387
1,0.49601144
1,0.7252149
1,0.97769177
1,0.8554306
1,0.2204781
1,0.9884543
1,0.9751697
1,0.97519284
1,0.96173805
1,0.9897627
1,0.98494136
1,0.90148413
1,0.70091826
1,0.81469935
1,0.9469108
1,0.75126356
1,0.9235664
1,0.6354574
1,0.9790111
1,0.8138043
1,0.46886656
1,0.95692813
1,0.99276686
1,0.9981692
1,0.9544231
1,0.9919484
1,0.99205023
1,0.88646156
1,0.82496595
1,0.8527745
1,0.88844717
1,0.53871685
1,0.9878351
1,0.9960908
1,0.5050521
1,0.54342365
1,0.9854918
1,0.9858299
1,0.8126846
1,0.8292885
1,0.95276165
1,0.9962316
1,0.98487747
1,0.86628664
1,0.88743997
1,0.8212784
1,0.81835186
1,0.9346036
1,0.8506063
1,0.9836321
1,0.94896656
1,0.89343464
1,0.88063943
1,0.94036967
1,0.9095516
1,0.51034737
1,0.7548624
1,0.87030065
1,0.9348203
1,0.6877597
1,0.9120908
1,0.9121597
1,0.72830266
1,0.9397705
1,0.98763263
1,0.8171272
1,0.859898
1,0.9950652
1,0.9944986
1,0.9243952
1,0.5878649
1,0.98247373
1,0.9417021
1,0.59771776
1,0.9181545
1,0.97356045
1,0.97376186
1,0.34682563
1,0.97193444
1,0.9896786
1,0.62770385
1,0.9595756
1,0.98673344
1,0.9322529
1,0.9023978
1,0.99297804
1,0.9952577
1,0.9888516
1,0.89439964
1,0.9734206
1,0.9590532
1,0.87146854
1,0.9139321
1,0.98420024
1,0.9958442
1,0.7838379
1,0.9398533
1,0.92121905
1,0.68951946
1,0.68661827
1,0.9665823
1,0.8471742
1,0.7908992
1,0.83348423
1,0.99595433
1,0.92324895
1,0.96118915
1,0.69585365
1,0.9114501
1,0.9949981
1,0.80080897
1,0.9006585
1,0.97132593
1,0.9779232
1,0.6397679
1,0.6478931
1,0.9882748
1,0.99344397
1,0.52606124
1,0.93086547
1,0.99451315
1,0.8835176
1,0.65290415
1,0.3960345
1,0.98806536
1,0.99793506
1,0.8284396
1,0.9113492
1,0.9422609
1,0.8205029
1,0.88282645
1,0.84186995
1,0.9674191
1,0.9074695
1,0.9015556
1,0.9501724
1,0.99663335
1,0.8843459
1,0.96694696
1,0.7985371
1,0.98495287
1,0.70817965
1,0.96608436
1,0.9970108
1,0.98673296
1,0.8237684
1,0.9253336
1,0.98093694
1,0.86787385
1,0.38741246
1,0.9406576
1,0.9954751
1,0.89075834
1,0.96391565
1,0.9982936
1,0.9605552
1,0.96191317
1,0.8062479
1,0.99396247
1,0.95652026
1,0.94143206
1,0.41073224
1,0.99369377
1,0.6285371
1,0.917567
1,0.9595583
1,0.80608535
1,0.1425183
1,0.7775108
1,0.99017066
1,0.8543443
1,0.78248304
1,0.7469717
1,0.9802556
1,0.13677174
1,0.73702604
1,0.997675
1,0.9635331
1,0.9758646
1,0.91876125
1,0.97753876
1,0.9502496
1,0.51909506
1,0.98998487
1,0.87395865
1,0.99891055
1,0.951717
1,0.9629205
1,0.83463436
1,0.9671483
1,0.79143983
1,0.7268761
1,0.9047632
1,0.9979791
1,0.9979976
1,0.9695202
1,0.6098566
1,0.98435915
1,0.7732162
1,0.6561931
1,0.4975976
1,0.989516
1,0.9607225
1,0.5784147
1,0.9207649
1,0.9855468
1,0.7618036
1,0.83407336
1,0.5492531
1,0.9914836
1,0.9705593
1,0.9431996
1,0.9717481
1,0.99109733
1,0.9392046
1,0.5291516
1,0.78839993
1,0.9964874
1,0.9763812
1,0.8709014
1,0.9355006
1,0.99195534
1,0.76117605
1,0.8816422
1,0.5520595
1,0.9960846
1,0.9965308
1,0.9768413
1,0.9246341
1,0.9832267
1,0.99769455
1,0.77342564
1,0.9886129
1,0.99580467
1,0.99772197
1,0.7728273
1,0.9505148
1,0.9890982
1,0.8045143
1,0.5046248
1,0.75931823
1,0.998524
1,0.9382856
1,0.8691588
1,0.99461985
1,0.9917691
1,0.85875666
1,0.55141157
1,0.9972523
1,0.9570504
1,0.26481897
1,0.98365426
1,0.99879825
1,0.8508602
1,0.9776448
1,0.9910069
1,0.9991664
1,0.86850756
1,0.34300542
1,0.98556846
1,0.99776113
1,0.66117275
1,0.9786436
1,0.9981998
1,0.99753046
1,0.82660455
1,0.9660989
1,0.9937285
1,0.9389557
1,0.94844276
1,0.99176455
1,0.9954496
1,0.97464323
1,0.81426257
1,0.99843293
1,0.879764
1,0.83205515
1,0.98766226
1,0.99676394
1,0.9794981
1,0.8385196
1,0.79459655
1,0.94330937
1,0.8820846
1,0.89523166
1,0.9932656
1,0.9894917
1,0.99879134
1,0.9585965
1,0.8855757
1,0.97014093
1,0.997183
1,0.97720474
1,0.92896706
1,0.9860798
1,0.9961473
1,0.9608089
1,0.85594594
1,0.9766273
1,0.6649951
1,0.6819433
1,0.97868776
1,0.99227977
1,0.95796794
1,0.86033845
1,0.9528963
1,0.9982426
1,0.9335227
1,0.17181872
1,0.97502536
1,0.9177555
1,0.99485224
1,0.94219065
1,0.95668477
1,0.96048313
1,0.99519116
1,0.9451826
1,0.9345206
1,0.89753497
1,0.9621454
1,0.989426
1,0.95929754
1,0.9734206
1,0.99530727
1,0.9959573
1,0.9511576
1,0.3087351
1,0.9871163
1,0.9727422
1,0.8452594
1,0.98429364
1,0.8994078
1,0.77531666
1,0.87767273
1,0.9972
1,0.98204184
1,0.4101114
1,0.9367447
1,0.9947447
1,0.99312896
1,0.89953893
1,0.98135054
1,0.9875184
1,0.99516886
1,0.8579876
1,0.9519637
1,0.9051273
1,0.99496657
1,0.670237
1,0.9162538
1,0.9937074
1,0.81232303
1,0.5291599
1,0.68399125
1,0.98932475
1,0.97237295
1,0.40061817
1,0.957531
1,0.9612302
1,0.7738888
1,0.9678606
1,0.5976348
1,0.9974553
1,0.98262715
1,0.6696835
1,0.7986444
1,0.99363905
1,0.97453827
1,0.88152266
1,0.5798405
1,0.9810791
1,0.99017966
1,0.9547311
1,0.9674181
1,0.9395454
1,0.9888188
1,0.8604978
1,0.58764035
1,0.95001245
1,0.99655247
1,0.9822172
1,0.703798
1,0.37862396
1,0.99627846
1,0.9508361
1,0.6581013
1,0.9861329
1,0.9942445
1,0.9326236
1,0.79827356
1,0.93371123
1,0.9963115
1,0.9531398
1,0.72524494
1,0.780284
1,0.9708561
1,0.9975011
1,0.9980525
1,0.83808094
1,0.6891399
1,0.98964185
1,0.6035265
1,0.26803118
1,0.91953087
1,0.97417575
1,0.86537564
1,0.8435275
1,0.9634065
1,0.92000467
1,0.8802158
1,0.7050439
1,0.992691
1,0.9850418
1,0.9769273
1,0.7776626
1,0.158455
1,0.7205015
1,0.89125794
1,0.48446888
1,0.9218663
1,0.9582533
1,0.9601029
1,0.9936899
1,0.9715139
1,0.14220099
1,0.28028047
1,0.9937709
1,0.7707329
1,0.84585434
1,0.79232097
1,0.99125904
1,0.6061976
1,0.12648635
1,0.8995291
1,0.6409305
1,0.6349559
1,0.9412553
1,0.99558157
1,0.99648166
1,0.96927464
1,0.92518336
1,0.24781205
1,0.9342637
1,0.3185335
1,0.27773806
1,0.9338925
1,0.96665376
1,0.6735738
1,0.56908053
1,0.62704194
1,0.9958156
1,0.7117446
1,0.7979338
1,0.97693753
1,0.9173253
1,0.9890675
1,0.9475362
1,0.7987492
1,0.7243847
1,0.98961794
1,0.936092
1,0.8704196
1,0.94244236
1,0.9909094
1,0.8747264
1,0.48702285
1,0.8977605
1,0.35554117
1,0.7398993
1,0.30787325
1,0.98866326
1,0.73929024
1,0.3691773
1,0.9251051
1,0.31020457
1,0.2674175
1,0.95932704
1,0.89619714
1,0.5665026
1,0.8540539
1,0.9658143
1,0.9862651
1,0.95802975
1,0.26986548
1,0.87584054
1,0.66195184
1,0.6318887
1,0.9934064
1,0.9283357
1,0.8938163
1,0.85161585
1,0.9660895
1,0.58550775
1,0.8005167
1,0.9247792
1,0.60629106
1,0.8601451
1,0.85106677
1,0.9907257
1,0.78372514
1,0.48845062
1,0.9331714
1,0.65576965
1,0.20752244
1,0.9689051
1,0.85945964
1,0.48724353
1,0.25444096
1,0.8976014
1,0.4793909
1,0.852293
1,0.9309811
1,0.9798885
1,0.60398084
1,0.57762766
1,0.99669516
1,0.91802263
1,0.4096182
1,0.9210012
1,0.58465976
1,0.9911073
1,0.45995793
0,0.08670151
0,0.11063819
1,0.25982893
1,0.15659973
1,0.6725298
1,0.83251387
1,0.87420064
1,0.4111386
1,0.89573056
1,0.9928498
1,0.88203216
1,0.47377002
1,0.9365807
1,0.8184773
1,0.11182419
1,0.76223797
1,0.99493325
1,0.7494238
1,0.9622305
1,0.20047714
1,0.9767254
1,0.44982278
1,0.33306688
1,0.87110746
1,0.32614022
1,0.6660778
1,0.917952
1,0.3790732
1,0.99652964
1,0.79673874
1,0.92084074
1,0.9075653
1,0.9870273
1,0.80139434
1,0.78469026
1,0.49355865
1,0.92397606
1,0.91741854
1,0.76822096
1,0.8851992
1,0.9974867
1,0.9800838
1,0.4029672
1,0.7809716
1,0.7716751
1,0.06718787
1,0.7044776
1,0.94959563
1,0.48278636
1,0.8149776
1,0.95945096
1,0.98904943
1,0.85595995
1,0.3266477
1,0.97681546
1,0.9766241
1,0.9901013
1,0.9209431
1,0.20876361
1,0.9477476
1,0.84710974
1,0.9745715
1,0.12041948
1,0.6594019
1,0.8155018
1,0.97039646
1,0.12840277
1,0.6167719
1,0.96263397
1,0.33841157
1,0.098001
1,0.123632595
1,0.9120392
1,0.6546626
1,0.95242316
1,0.99611956
1,0.9006193
1,0.79923445
1,0.8490673
1,0.6918238
1,0.6515849
1,0.85062784
1,0.8404965
1,0.73976445
1,0.9374244
1,0.85743296
1,0.94710493
1,0.54736054
1,0.75620055
1,0.9832817
1,0.9829717
1,0.55516255
1,0.68851304
1,0.60128605
1,0.5847039
1,0.37842265
1,0.9712625
1,0.9939202
1,0.7001574
1,0.85331905
1,0.924212
1,0.99204576
1,0.8985945
1,0.23376046
1,0.5872367
1,0.9862926
1,0.91923743
1,0.895929
1,0.9592223
1,0.9678565
1,0.57955575
1,0.8766584
1,0.914894
1,0.5199157
1,0.8893494
1,0.8579553
1,0.98897904
1,0.9037478
1,0.60905355
1,0.9574093
1,0.93740386
1,0.86860406
1,0.96188426
1,0.90383196
1,0.9692304
1,0.99563485
1,0.9290154
1,0.90593725
1,0.93865
1,0.98192424
1,0.73249674
1,0.896105
1,0.9228945
1,0.9939065
1,0.97237223
1,0.94734883
1,0.3924216
1,0.80517197
1,0.9565961
1,0.24588989
1,0.7339401
1,0.9810627
1,0.99407905
1,0.9931264
1,0.9418385
1,0.32768568
1,0.98905784
1,0.8885995
1,0.2928687
1,0.98121154
1,0.98626417
1,0.24504337
1,0.96418285
1,0.95542645
1,0.20858131
1,0.2368106
1,0.24164847
1,0.99311465
1,0.62075245
1,0.73295575
1,0.98990065
1,0.849755
1,0.34727016
1,0.6582623
1,0.9941144
1,0.4896407
1,0.9212006
1,0.41959327
1,0.95182955
1,0.32648104
1,0.80879956
1,0.9892055
1,0.85911614
1,0.13199681
1,0.73499864
1,0.9948772
1,0.75010157
1,0.9569006
1,0.5342768
1,0.7681563
1,0.88968015
1,0.88124484
1,0.61202955
1,0.9526637
1,0.9936666
1,0.80515337
1,0.67513657
1,0.3784182
1,0.61540705
1,0.3365168
1,0.8502445
1,0.908798
1,0.93153656
1,0.3793253
1,0.86850774
1,0.99384
1,0.64621586
1,0.6841071
1,0.59879494
1,0.9851048
1,0.9275548
1,0.78293234
1,0.6051258
1,0.986668
1,0.5733747
1,0.21249798
1,0.51208645
1,0.4854378
1,0.55819464
1,0.940932
1,0.82717216
1,0.9824255
1,0.9978242
1,0.8651844
1,0.8545963
1,0.9480367
1,0.76597977
1,0.21234213
1,0.96260715
1,0.9788871
1,0.97457224
1,0.16647476
1,0.43748096
1,0.9278013
1,0.97873616
1,0.71570915
1,0.73474425
1,0.53036964
1,0.9936736
1,0.8978253
1,0.5458976
1,0.9209538
1,0.8015939
1,0.68816245
1,0.8742554
1,0.8421295
1,0.9956499
1,0.8621097
1,0.6324523
1,0.907642
1,0.95376664
1,0.63493395
1,0.9497729
1,0.5015382
1,0.92682606
1,0.99780697
1,0.7059745
1,0.9255602
1,0.8915806
1,0.49145374
1,0.68544424
1,0.9633151
1,0.99509376
1,0.8808685
1,0.47196203
1,0.92757356
1,0.48361444
1,0.63646996
1,0.7362368
1,0.98103184
1,0.9595483
1,0.2666198
1,0.8530964
1,0.9907821
1,0.7314325
1,0.39618215
1,0.9498045
1,0.7996687
1,0.99846834
1,0.9355868
1,0.91861236
1,0.9663509
1,0.966409
1,0.8232125
1,0.5911244
1,0.62005466
1,0.959901
1,0.83887094
1,0.5363591
1,0.8165869
1,0.92601705
1,0.82401323
1,0.70046645
1,0.9821724
1,0.9975078
1,0.8604488
1,0.7715923
1,0.9539908
1,0.99636936
1,0.70258397
1,0.79245734
1,0.994649
1,0.70361125
1,0.98984575
1,0.9788997
1,0.9957372
1,0.81550467
1,0.7354195
1,0.9757471
1,0.63583356
1,0.7079921
1,0.75652957
1,0.82067496
1,0.9288636
1,0.33654574
1,0.9751888
1,0.9977659
1,0.9000606
1,0.505783
1,0.79358536
1,0.87594026
1,0.9987116
1,0.96911037
1,0.71137464
1,0.9389325
1,0.9242583
1,0.85231304
1,0.8834602
1,0.96889704
1,0.9942467
1,0.8845194
1,0.9640662
1,0.9879154
1,0.9901416
1,0.6389419
1,0.59708285
1,0.9924913
1,0.98338485
1,0.6305473
1,0.99223363
1,0.82531184
1,0.9052062
1,0.66291755
1,0.23255354
1,0.9884476
1,0.7870505
1,0.8827691
1,0.8574221
1,0.9865661
1,0.22115502
1,0.98303705
1,0.6492704
1,0.20614238
1,0.8540515
1,0.79400915
1,0.8633556
1,0.38276866
1,0.93748623
1,0.822698
1,0.18636145
1,0.69524616
1,0.9079059
1,0.3959376
1,0.7444136
1,0.9308277
1,0.89111656
1,0.14624353
1,0.6925812
1,0.8310775
1,0.29539382
1,0.79853725
1,0.92826587
1,0.8684568
1,0.28673974
1,0.9547162
1,0.9974583
1,0.6841536
1,0.6328716
1,0.6448262
1,0.9783118
1,0.9237438
1,0.85950154
1,0.99259335
1,0.9803521
1,0.4389351
1,0.8718878
1,0.6581798
1,0.68680114
1,0.51943153
1,0.9397187
1,0.9977831
1,0.95796937
1,0.4301216
1,0.5489267
0,0.43610626
0,0.1298664
0,0.09555565
0,0.07486069
0,0.06439883
0,0.29635784
0,0.061280083
0,0.12618642
0,0.34918785
0,0.29734617
0,0.18095182
0,0.14812738
0,0.08026888
0,0.09113486
0,0.043399293
0,0.08615564
0,0.101620264
0,0.25914326
0,0.046523355
0,0.09192349
0,0.050668918
0,0.26357484
0,0.13771878
0,0.42060542
0,0.35339877
0,0.13675447
0,0.15183006
0,0.07704913
0,0.17938536
0,0.067846134
0,0.057607215
0,0.036167536
0,0.059931356
0,0.28633747
0,0.061574034
0,0.06668808
0,0.18953328
0,0.082264155
0,0.11178315
0,0.35899007
0,0.06835818
0,0.11285444
0,0.19460256
0,0.1414581
0,0.6271725
0,0.17998117
0,0.103335805
0,0.1761353
0,0.048563518
0,0.07130831
0,0.20917223
0,0.23861317
0,0.19672014
0,0.5379444
0,0.05774156
0,0.0909535
0,0.2657649
0,0.14884
0,0.20206514
0,0.6140112
0,0.097078204
0,0.08951162
0,0.04642317
0,0.03914754
0,0.16259305
0,0.14629042
0,0.17817244
0,0.25314674
0,0.067905374
0,0.05321857
0,0.09624355
0,0.08497678
0,0.17579782
0,0.3926168
0,0.17082563
0,0.043484088
0,0.084128015
0,0.13032949
0,0.12957972
0,0.05904659
0,0.56430584
0,0.07658779
0,0.4040985
0,0.11392664
