y_true,y_prob
0,0.93238354
0,0.8153273
0,0.7770315
0,0.28012863
0,0.70762795
0,0.8017716
0,0.63557446
0,0.48537523
0,0.6251381
0,0.8447733
0,0.65644217
0,0.5894101
0,0.49115586
0,0.9083018
0,0.7253881
0,0.343273
0,0.32838026
0,0.84598994
0,0.8101158
0,0.5684169
0,0.47467074
0,0.38159162
0,0.4160699
0,0.25144726
0,0.6098486
0,0.82049507
0,0.5625723
0,0.98453414
0,0.57866335
0,0.12140596
0,0.13662593
0,0.49344793
0,0.6431519
0,0.094929665
0,0.70276487
0,0.5029345
0,0.2286847
0,0.070704065
0,0.2320583
0,0.3578274
0,0.70585287
0,0.63889766
0,0.68404573
0,0.50789607
0,0.590146
0,0.63998455
0,0.51929927
0,0.7731784
0,0.73214495
0,0.61320394
0,0.23227566
0,0.13719837
0,0.08325536
0,0.45258906
0,0.69658047
0,0.11838081
0,0.4795097
0,0.2005842
0,0.5258363
0,0.381601
0,0.7671048
0,0.6739286
0,0.10929027
0,0.13455932
0,0.4258858
0,0.65008956
0,0.28116927
0,0.18159173
0,0.16002984
0,0.28008288
0,0.6625059
0,0.5623905
0,0.69946396
0,0.6863924
0,0.17786725
0,0.36780927
0,0.8914652
0,0.7314714
0,0.08984354
0,0.4186492
0,0.09460355
0,0.41541648
0,0.6587722
0,0.5735143
0,0.31953946
0,0.56549895
0,0.17382571
0,0.41491657
0,0.5492575
0,0.53377986
0,0.7774477
0,0.8651812
0,0.16667625
0,0.41487154
0,0.40127173
0,0.6207806
0,0.46045795
0,0.6926293
0,0.5935088
0,0.62145495
0,0.13546896
0,0.07904226
0,0.40652364
0,0.64049083
0,0.5887348
0,0.2899679
0,0.13740548
0,0.10453509
0,0.73926353
0,0.25729322
0,0.6514453
0,0.15664744
0,0.3117315
0,0.44014597
0,0.6218788
0,0.49587336
0,0.4941023
0,0.35022128
0,0.6288794
0,0.027982768
0,0.34495696
0,0.9868009
0,0.5311196
0,0.6668508
0,0.21479705
0,0.70236975
0,0.7457616
0,0.36979654
0,0.6476745
0,0.17789033
0,0.37880576
0,0.78471494
0,0.3613137
0,0.5127063
0,0.14468385
0,0.44953552
0,0.2601868
0,0.16518767
0,0.13926047
0,0.5916258
0,0.56878257
0,0.6555983
0,0.6224826
0,0.6388868
0,0.070586905
0,0.2141617
0,0.7021559
0,0.7077675
0,0.7502922
0,0.54943264
0,0.77290636
0,0.9542937
0,0.20313473
0,0.99350256
0,0.5705894
0,0.68802744
0,0.12472431
0,0.6798302
0,0.21547882
0,0.10123001
0,0.43661603
0,0.6558089
0,0.6202115
0,0.6854331
0,0.64586616
0,0.84350395
0,0.042056557
0,0.13298349
0,0.7571125
0,0.28570756
0,0.79405934
0,0.104376875
0,0.31344524
0,0.07181242
0,0.41253996
0,0.15886544
0,0.38152874
0,0.61205226
0,0.84944755
0,0.22755575
0,0.18284163
0,0.40037748
0,0.32015368
0,0.5936937
0,0.81559753
0,0.10895346
0,0.12555186
0,0.6666683
0,0.21871229
0,0.21828112
0,0.6810468
0,0.5160962
0,0.5899565
0,0.6197753
0,0.8000999
0,0.3737652
0,0.8824084
0,0.940105
0,0.66492134
0,0.40866438
0,0.53190887
0,0.73711383
0,0.232944
0,0.6029144
0,0.19824433
0,0.17242858
0,0.13792475
0,0.75886685
0,0.51448995
0,0.8387516
0,0.1416363
0,0.59358835
0,0.6711932
0,0.08377195
0,0.7205431
0,0.13119067
0,0.4684176
0,0.29253685
0,0.15453729
0,0.5713265
0,0.6185495
0,0.08194346
0,0.2799275
0,0.7121216
0,0.34324354
0,0.1247555
0,0.10899972
0,0.16464804
0,0.29636654
0,0.18085428
0,0.6601439
0,0.29709613
0,0.479391
0,0.11963964
0,0.84791726
0,0.23172373
0,0.66459817
0,0.40805045
0,0.10456644
0,0.10439391
0,0.1494482
0,0.7855192
0,0.22574796
0,0.06314594
0,0.18113472
0,0.65245044
0,0.1678178
0,0.09750864
0,0.6534612
0,0.6365658
0,0.5602619
0,0.0756286
0,0.25032538
0,0.12923585
0,0.15149188
0,0.63220215
0,0.21449493
0,0.7762354
0,0.66611916
0,0.23182167
0,0.6068112
0,0.8174066
0,0.6027643
0,0.56754464
0,0.35426924
0,0.48907074
0,0.11885762
0,0.04387595
0,0.24428591
0,0.23861024
0,0.19672252
0,0.43562588
0,0.63894993
0,0.35300243
0,0.73653513
0,0.45320624
0,0.15571842
0,0.42007214
0,0.3911051
0,0.09222953
0,0.07309518
0,0.10482099
0,0.11398914
0,0.81823105
0,0.22014807
0,0.23974757
0,0.4600779
0,0.7530926
0,0.81707495
0,0.6063427
0,0.5595969
0,0.5150958
0,0.044878583
0,0.23879936
0,0.13630086
0,0.294494
0,0.45073014
0,0.611752
0,0.5924334
0,0.67494655
0,0.4785242
0,0.7951256
0,0.88563275
0,0.7185257
0,0.10683808
0,0.77083576
0,0.47634062
0,0.8460473
0,0.073842704
0,0.039062493
0,0.14027913
0,0.07268882
0,0.9957307
0,0.5413607
0,0.76231277
0,0.8116945
0,0.8316204
0,0.5837306
0,0.40786943
0,0.10878843
0,0.5020822
0,0.7807041
0,0.60283667
0,0.41330382
0,0.7074236
0,0.25382385
0,0.2391902
0,0.6179206
0,0.18194893
0,0.75467056
0,0.27454802
0,0.9990883
0,0.19289249
0,0.4474303
0,0.7318444
0,0.15189345
0,0.7947186
0,0.5071555
0,0.5777247
0,0.8787696
0,0.17979111
0,0.58343947
0,0.18134788
0,0.1778909
0,0.5909077
0,0.28310493
0,0.17191622
0,0.6650191
0,0.53034997
0,0.458626
0,0.58555907
0,0.7194601
0,0.18123248
0,0.7530484
0,0.11824526
0,0.19288096
0,0.59548956
0,0.54004425
0,0.44956666
0,0.2337824
0,0.13218458
0,0.119751595
0,0.13711469
0,0.38211188
0,0.514978
0,0.42309424
0,0.09302692
0,0.1721659
0,0.58563316
0,0.40845934
0,0.62442654
0,0.75580275
0,0.25382492
0,0.4849942
0,0.5225216
0,0.26223996
0,0.094141684
0,0.2943136
0,0.82482827
0,0.7395751
0,0.7454208
0,0.33126342
0,0.6033379
0,0.16172348
0,0.6536828
0,0.490794
0,0.0942179
0,0.2240681
0,0.5694678
0,0.76162785
0,0.3851282
0,0.445683
0,0.5825681
0,0.6761488
0,0.5223334
0,0.31134212
0,0.47009876
0,0.61099184
0,0.17939696
0,0.67710626
0,0.13757558
0,0.31378505
0,0.06126091
0,0.08602499
0,0.7793718
0,0.5416712
0,0.064537734
0,0.3375672
0,0.5347452
0,0.15404525
0,0.84541374
0,0.48757553
0,0.48723352
0,0.5625933
0,0.25039443
0,0.4809258
0,0.62752485
0,0.36671907
0,0.6139487
0,0.4067899
0,0.3008266
0,0.62928987
0,0.6445175
0,0.12082556
0,0.5038497
0,0.66204524
0,0.63200235
0,0.43941435
0,0.14776044
0,0.61648506
0,0.18279178
0,0.72603136
0,0.30749726
0,0.40370947
0,0.124792546
0,0.3338857
0,0.27438325
0,0.9200855
0,0.60513276
0,0.29900676
0,0.54948646
0,0.8058083
0,0.26256278
0,0.48253995
0,0.2690725
0,0.46915805
0,0.124804966
0,0.8433726
0,0.5159014
0,0.3935553
0,0.16460975
0,0.3067775
0,0.73417735
0,0.044905633
0,0.16083296
0,0.61952126
0,0.3131214
0,0.082837306
0,0.08131645
0,0.3424463
0,0.403104
0,0.7930077
0,0.10415509
0,0.14784965
0,0.5431611
0,0.15972725
0,0.16579713
0,0.22438923
0,0.06706066
0,0.12814213
0,0.539028
0,0.61320287
0,0.38866103
0,0.083610766
0,0.5678783
0,0.06372662
0,0.48866823
0,0.39286783
0,0.40799713
0,0.09414167
0,0.18851884
0,0.6705959
0,0.28069657
0,0.14795627
0,0.4853977
0,0.23048729
0,0.7147133
0,0.51761097
0,0.7443037
0,0.52640724
0,0.12590182
0,0.71537584
0,0.1309323
0,0.6324158
0,0.20087522
0,0.19345163
0,0.10931436
0,0.4988365
0,0.74982035
0,0.047972396
0,0.091002196
0,0.15328674
0,0.06613435
0,0.653455
0,0.51804733
0,0.8181765
0,0.39651224
0,0.43167618
0,0.4597727
0,0.5550083
0,0.53766805
0,0.84133595
0,0.56766945
0,0.05297799
0,0.07047035
0,0.6544959
0,0.18419437
0,0.573647
0,0.3350037
0,0.33769798
0,0.6308385
0,0.6467666
0,0.61132157
0,0.37398982
0,0.62958854
0,0.6213509
0,0.45915422
0,0.714229
0,0.6153103
0,0.25932747
0,0.62375873
0,0.8878749
0,0.76349175
0,0.61001515
0,0.618788
0,0.4422165
0,0.46532375
0,0.40887588
0,0.31155854
0,0.5382096
0,0.59935814
0,0.16533971
0,0.25043094
0,0.5927045
0,0.8060788
0,0.6809069
0,0.9272616
0,0.6736221
0,0.25573525
0,0.7972208
0,0.40532622
0,0.7373509
0,0.7681089
0,0.8711771
0,0.6422731
0,0.9452261
0,0.68511766
0,0.23171312
0,0.6616449
0,0.6360154
0,0.8197808
0,0.9716456
0,0.6966392
0,0.19986293
0,0.6191331
0,0.670618
0,0.8661337
0,0.6764856
0,0.25935084
0,0.32904154
0,0.32266074
0,0.7265749
0,0.22939736
0,0.15473719
0,0.61574316
0,0.13009463
0,0.05539826
0,0.621439
0,0.06850701
0,0.14650625
0,0.5586789
0,0.5754146
0,0.15579645
0,0.38520434
0,0.87393135
0,0.46936113
0,0.33289817
0,0.60281456
0,0.27312008
0,0.18407206
0,0.56944174
0,0.21344365
0,0.5532465
0,0.786587
0,0.8352204
0,0.61891365
0,0.87887776
0,0.67180496
0,0.60459065
0,0.6547014
0,0.6474373
0,0.32809815
0,0.72137743
0,0.36965206
0,0.18161419
0,0.12079292
0,0.56544656
0,0.63073665
0,0.7174996
0,0.18666196
0,0.8355689
0,0.7785229
0,0.9516855
0,0.96196103
0,0.6318458
0,0.26353702
0,0.38108557
0,0.55351835
0,0.539402
0,0.5209409
0,0.5399376
0,0.7256164
0,0.96424264
0,0.62164617
0,0.58865666
0,0.70293266
0,0.7729965
0,0.7166345
0,0.8591264
0,0.12457374
0,0.43702495
0,0.19179025
0,0.41107088
0,0.747909
0,0.2786779
0,0.5964053
0,0.6307781
0,0.72339946
0,0.6237643
0,0.88677514
0,0.28428647
0,0.1294422
0,0.77324635
0,0.5518943
0,0.3896536
0,0.740636
0,0.3380391
0,0.14460228
0,0.63536716
0,0.19342677
0,0.38286602
0,0.120982625
0,0.45011318
0,0.24419247
0,0.8734589
0,0.37973168
0,0.10733832
0,0.6066495
0,0.6243716
0,0.645431
0,0.3855479
0,0.7633528
0,0.55144197
0,0.92411095
0,0.7328485
0,0.6974701
0,0.6148685
0,0.94114584
0,0.5346296
0,0.37027395
0,0.6380642
0,0.56335115
0,0.65725106
0,0.7109107
0,0.702731
0,0.5189348
0,0.6309624
0,0.67301047
0,0.60141003
0,0.6619734
0,0.12457455
0,0.4475514
0,0.7549521
0,0.36963704
0,0.37492594
0,0.59886354
0,0.19377463
0,0.9170011
0,0.41220114
0,0.06883273
0,0.12479942
0,0.10690882
0,0.54771364
0,0.28448308
0,0.64532506
0,0.5159881
0,0.2757004
0,0.50424373
0,0.1293847
0,0.5762413
0,0.64906776
0,0.6093519
0,0.24064687
0,0.68479955
0,0.61639714
0,0.23732042
0,0.3506304
0,0.47663528
0,0.76077306
0,0.5744435
0,0.62763876
0,0.55166554
0,0.18346852
0,0.21944349
0,0.6802011
0,0.7543334
0,0.42917183
0,0.9438404
0,0.48851457
0,0.77146995
0,0.8085354
0,0.68265724
0,0.6548305
0,0.8852887
0,0.63100636
0,0.7297564
0,0.6969646
0,0.3727318
0,0.7027041
0,0.10515858
0,0.13072038
0,0.6099313
0,0.9054267
0,0.026846861
0,0.7391762
0,0.18681468
0,0.633094
0,0.52107424
0,0.16720404
0,0.5973997
0,0.61756873
0,0.56168365
0,0.62311393
0,0.31850314
0,0.61989003
0,0.97161674
0,0.80365324
0,0.74850535
0,0.6623117
0,0.68536353
0,0.19603935
0,0.8160731
0,0.8843672
0,0.72271204
0,0.7391424
0,0.56197536
0,0.5513963
0,0.76273334
0,0.5764886
0,0.86057675
0,0.62158906
0,0.24749944
0,0.34365964
0,0.108523466
0,0.6342147
0,0.69291455
0,0.6214963
0,0.63353235
0,0.6253675
0,0.41763258
0,0.48936552
0,0.9482161
0,0.6042508
0,0.3657431
0,0.81247604
0,0.59977037
0,0.8960041
0,0.5988267
0,0.5425117
0,0.37606347
0,0.26190042
0,0.22250289
0,0.5479479
0,0.7929999
0,0.18194164
0,0.63826185
0,0.27638596
0,0.3503883
0,0.47039548
0,0.12867002
0,0.15511851
0,0.48819673
0,0.42603564
0,0.66179556
0,0.16562802
0,0.63276726
0,0.14720997
0,0.6449092
0,0.5229838
0,0.79862046
0,0.5883779
0,0.70829666
0,0.5050557
0,0.69494504
0,0.662516
0,0.4576917
0,0.8064741
0,0.121359214
0,0.13030982
0,0.591043
0,0.67554706
0,0.56464267
0,0.5970863
0,0.5868105
0,0.22925088
0,0.33263087
0,0.60249275
0,0.08637874
0,0.45307833
0,0.24078098
0,0.53260946
0,0.58449215
0,0.7201626
0,0.7070531
0,0.7281846
0,0.64619154
0,0.30292305
0,0.68912846
0,0.53883934
0,0.93098336
0,0.71221924
0,0.9826937
0,0.18042257
0,0.8248148
0,0.50797945
0,0.25069866
0,0.56085944
0,0.62804294
0,0.9704222
0,0.6222218
0,0.43819138
0,0.27844295
0,0.39790064
0,0.7174993
0,0.7164357
0,0.9805432
0,0.5448755
0,0.2559001
0,0.69082856
0,0.6886214
0,0.32094646
0,0.9389534
0,0.52889997
0,0.60881495
0,0.7430281
0,0.8514127
0,0.4840519
0,0.49668968
0,0.07097584
0,0.19810276
0,0.49748263
0,0.17430303
0,0.37747297
0,0.58328485
0,0.36185193
0,0.5958838
0,0.67431605
0,0.5176339
0,0.65636915
0,0.31352735
0,0.90815747
0,0.5385751
0,0.15726547
0,0.19301762
0,0.17201446
0,0.423144
0,0.6093099
0,0.33574528
0,0.16703065
0,0.3383747
0,0.6228691
0,0.64749265
0,0.50924224
0,0.47662124
0,0.5216872
0,0.43719253
0,0.14331827
0,0.20718026
0,0.48355547
0,0.6164025
0,0.7209002
0,0.49543878
0,0.64494765
0,0.59469736
0,0.735914
0,0.7320395
0,0.6251514
0,0.6330815
0,0.7009961
0,0.73882115
0,0.34895033
0,0.6036227
0,0.66268903
0,0.59910864
0,0.53688735
0,0.77496594
0,0.36032456
0,0.78245693
0,0.6213949
0,0.3283207
0,0.5888127
0,0.9363543
0,0.5690726
0,0.28058028
0,0.66316885
0,0.29865855
0,0.40977755
0,0.9343047
0,0.57845175
0,0.8488967
0,0.7162956
0,0.20404413
0,0.68821096
0,0.3054562
0,0.59484106
0,0.76521045
0,0.08951586
0,0.2130908
0,0.18227008
0,0.20964102
0,0.53546876
0,0.61221206
0,0.5406664
0,0.7595591
0,0.49604365
0,0.22524388
0,0.53591734
0,0.51854104
0,0.7490677
0,0.5696989
0,0.083470576
0,0.73140895
0,0.12684593
0,0.28832054
0,0.45823622
0,0.66228384
0,0.26215112
0,0.47584248
0,0.3663604
0,0.39175978
0,0.64939296
0,0.24060264
0,0.44103745
0,0.21129504
0,0.62406325
0,0.36478028
0,0.9671707
0,0.51871586
0,0.853965
0,0.62952155
0,0.5890761
0,0.18518063
0,0.7894302
0,0.80976623
0,0.69677013
0,0.7010932
0,0.5526717
0,0.34743148
0,0.06717061
0,0.14497073
0,0.5585638
0,0.45805907
0,0.165459
0,0.43162218
0,0.6135725
0,0.591478
0,0.8993535
0,0.8427692
0,0.94004613
0,0.5940526
0,0.260677
0,0.2795015
0,0.39127168
0,0.54856145
0,0.38086486
0,0.06303165
0,0.36143896
0,0.6599575
0,0.7829341
0,0.6130433
0,0.9727316
0,0.32292843
0,0.60805255
0,0.6342015
0,0.32010385
0,0.3423001
0,0.1341063
0,0.1180762
0,0.8047741
0,0.6438047
0,0.93757087
0,0.35938144
0,0.8853488
0,0.55461526
0,0.9873849
0,0.34307438
0,0.4501264
0,0.63211745
0,0.1482183
0,0.26669192
0,0.16418229
0,0.105936386
0,0.57124215
0,0.3885451
0,0.9434195
0,0.8772819
0,0.6221478
0,0.9685254
0,0.6155518
0,0.27454105
0,0.85492265
0,0.26670527
0,0.6094024
0,0.8785584
0,0.6359177
0,0.61102915
0,0.38006616
0,0.380125
0,0.18935977
0,0.7479106
0,0.24846618
0,0.6747184
0,0.4465308
0,0.12293296
0,0.6723788
0,0.4784759
0,0.2713285
0,0.53013986
0,0.22312926
0,0.37662706
0,0.38668677
0,0.22446676
0,0.5650081
0,0.03822503
0,0.23511697
0,0.85096127
0,0.16815545
0,0.94428515
0,0.36067945
0,0.054362264
0,0.16212834
0,0.047910478
0,0.3725849
0,0.56063306
0,0.9650494
0,0.7211782
0,0.8177043
0,0.38832572
0,0.5524796
0,0.45893347
0,0.08293309
0,0.36724666
0,0.07872535
0,0.95056534
0,0.50557405
0,0.8028284
0,0.38881826
0,0.60695964
0,0.7851066
0,0.92967016
0,0.32477826
0,0.6628587
0,0.66730446
0,0.10763277
0,0.63624513
0,0.53176814
0,0.10072746
0,0.25920135
0,0.59984106
0,0.28651628
0,0.20000814
0,0.074666716
0,0.39534593
0,0.36291358
0,0.2202627
0,0.2771474
0,0.77043664
0,0.25557995
0,0.61052424
0,0.68852097
0,0.5771372
0,0.5782407
0,0.6130571
0,0.68330246
0,0.8452496
0,0.10836031
0,0.24760027
0,0.71425146
0,0.11060837
0,0.6399889
0,0.44278076
0,0.3909036
0,0.6732107
0,0.75826925
0,0.5629325
0,0.61440355
0,0.6911363
0,0.21264957
0,0.8098206
0,0.68323827
0,0.87246406
0,0.86607766
0,0.17784967
0,0.8644105
0,0.90711534
0,0.099362396
0,0.07836939
0,0.14188908
0,0.85726625
0,0.34981406
0,0.32905132
0,0.6404756
0,0.49550295
0,0.6701168
0,0.2764811
0,0.1490729
0,0.4697636
0,0.12772368
0,0.40456232
0,0.12743337
0,0.40692768
0,0.2188903
0,0.9817808
0,0.5155727
0,0.67127913
0,0.7629474
0,0.8341405
0,0.54409474
0,0.6956983
0,0.8721975
0,0.5032063
0,0.16936842
0,0.22683258
0,0.89741206
0,0.74565274
0,0.72738826
0,0.44468722
0,0.44619277
0,0.68988454
0,0.08552686
0,0.6663971
0,0.481278
0,0.36260775
0,0.84264994
0,0.43257323
0,0.12496633
0,0.18675332
0,0.20598353
0,0.22792713
0,0.6299853
0,0.67427665
0,0.15727279
0,0.51936233
0,0.23970486
0,0.5244483
0,0.36396068
0,0.37940136
0,0.31605184
0,0.52736187
0,0.22165936
0,0.09116593
0,0.17776214
0,0.23736279
0,0.6024518
0,0.7744612
0,0.8245042
0,0.6109412
0,0.46639124
0,0.7505993
0,0.4006424
0,0.18468001
0,0.28360137
0,0.5718298
0,0.2979092
0,0.2768031
0,0.8353289
0,0.67915666
0,0.9326117
0,0.35122758
0,0.5716731
0,0.49887368
0,0.6344549
0,0.79491985
0,0.8661898
0,0.086980574
0,0.6301503
0,0.34096313
0,0.26946595
0,0.42831865
0,0.12608115
0,0.7372539
0,0.6913119
0,0.11993227
0,0.32614008
0,0.5791562
0,0.8767152
0,0.7122524
0,0.63637733
0,0.44129002
0,0.60984737
0,0.10673577
0,0.12400742
0,0.65880764
0,0.70135295
0,0.31688297
0,0.14580378
0,0.15122604
0,0.4126581
0,0.40391958
0,0.57603043
0,0.899327
0,0.0864637
0,0.5674548
0,0.07404678
0,0.32208106
0,0.2465336
0,0.7208557
0,0.62175906
0,0.5863663
0,0.3461873
0,0.087171525
0,0.98480934
0,0.4430313
0,0.33431494
0,0.5955494
0,0.1254973
0,0.11223823
0,0.20587099
0,0.045438055
0,0.55469257
0,0.46034068
0,0.89360595
0,0.13321126
0,0.17385788
0,0.6707363
0,0.32331216
0,0.3202389
0,0.07081663
0,0.1339939
0,0.41102093
0,0.9891952
0,0.35222822
0,0.12698542
0,0.31830415
0,0.30115873
0,0.43526793
0,0.3398004
0,0.3291228
0,0.9116647
0,0.6658483
0,0.42703333
0,0.7296784
0,0.28580946
0,0.5773051
0,0.3514777
0,0.26582628
0,0.63496524
0,0.654605
0,0.06717764
0,0.28865996
0,0.2802247
0,0.1560666
0,0.62401855
0,0.7442422
0,0.05337594
0,0.023956912
0,0.10861413
0,0.056812868
0,0.17788796
0,0.07164657
0,0.8399536
0,0.7973817
0,0.074991636
0,0.1744761
0,0.54633904
0,0.06702946
0,0.495611
0,0.24972427
0,0.08235012
0,0.28675467
0,0.6725685
0,0.74167186
0,0.23173636
0,0.68574286
0,0.28526977
0,0.622537
0,0.8687302
0,0.2522754
0,0.57177335
0,0.26846159
0,0.1481231
0,0.6551977
0,0.43835744
0,0.05863115
0,0.63556755
0,0.8743179
0,0.3655745
0,0.100134246
0,0.38839027
0,0.69836986
0,0.22975469
0,0.49911538
0,0.51324046
0,0.21097684
0,0.48791718
0,0.8539603
0,0.30779624
0,0.12899698
0,0.70063597
0,0.39698532
0,0.27462554
0,0.67757666
0,0.0589039
0,0.15592453
0,0.18314224
0,0.8042235
0,0.7653446
0,0.7995428
0,0.32550278
0,0.5810191
0,0.17630738
0,0.38606796
0,0.042981025
0,0.17754158
0,0.5513503
0,0.085400596
0,0.54861665
0,0.19450428
0,0.9946641
0,0.3294374
0,0.24097627
0,0.9444107
0,0.64021957
0,0.2983976
0,0.067672685
0,0.38602686
0,0.28357625
0,0.7150389
0,0.05925969
0,0.1879076
0,0.16083059
0,0.60810626
0,0.28499573
0,0.19904333
0,0.5192247
0,0.16565792
0,0.059267554
0,0.9773605
0,0.5701596
0,0.5549097
0,0.6253018
0,0.77240115
0,0.76429677
0,0.81099856
0,0.59507084
0,0.11400065
0,0.4904761
0,0.2512597
0,0.18978454
0,0.5268805
0,0.15272819
0,0.111602
0,0.5843535
0,0.66907084
0,0.084208
0,0.41647667
0,0.43909782
0,0.54026854
0,0.71569985
0,0.87226987
0,0.7540313
0,0.18941431
0,0.09210162
0,0.395294
0,0.36333668
0,0.18669401
0,0.5348907
0,0.60149884
0,0.6274378
0,0.15609555
0,0.40723035
0,0.16869956
0,0.08147193
0,0.116238266
0,0.5771217
0,0.8616833
0,0.7581754
0,0.28886506
0,0.0893289
0,0.23240805
0,0.08099489
0,0.41008282
0,0.14213437
0,0.057564516
0,0.6080026
0,0.24314496
0,0.24201311
0,0.23120427
0,0.68954176
0,0.7295078
0,0.09881876
0,0.11603453
0,0.1715104
0,0.9106313
0,0.07784268
0,0.081790134
0,0.06892805
0,0.03291975
0,0.3407483
0,0.063550025
0,0.4953513
0,0.66735256
0,0.06603718
0,0.10674011
0,0.53672415
0,0.35703182
0,0.58139175
0,0.17350313
0,0.61726123
0,0.04102735
0,0.17444861
0,0.548554
0,0.93892306
0,0.30042338
0,0.2263303
0,0.14688967
0,0.47695783
0,0.5121529
0,0.19829948
0,0.13325818
0,0.75589776
0,0.052568123
0,0.15879661
0,0.18086427
0,0.24380091
0,0.20717357
0,0.6366085
0,0.67367625
0,0.53925765
0,0.12916315
0,0.2326253
0,0.13819465
0,0.07700511
0,0.40341255
0,0.6330605
0,0.6084083
0,0.5651535
0,0.5673928
0,0.42841884
0,0.78705585
0,0.68196416
0,0.911518
0,0.70953614
0,0.50860363
0,0.55541015
0,0.06587654
0,0.7538318
0,0.19549273
0,0.9707822
0,0.96471035
0,0.04369402
0,0.53416544
0,0.6239919
0,0.4094253
0,0.61069405
0,0.26786405
0,0.62686116
0,0.84665906
0,0.7078229
0,0.82600516
0,0.76495105
0,0.7884322
0,0.3101808
0,0.56804985
0,0.67095816
0,0.8663917
0,0.8593064
0,0.3007427
0,0.9296497
0,0.26180992
0,0.1349404
0,0.09859236
0,0.7351008
0,0.17543992
0,0.29359233
0,0.7836244
0,0.1814467
0,0.9408793
0,0.6273244
0,0.79898965
0,0.65528446
0,0.9040481
0,0.49893054
0,0.74307114
0,0.07766787
0,0.57035995
0,0.65932465
0,0.79665816
0,0.14156587
0,0.5579408
0,0.66630614
0,0.6977271
0,0.110311665
0,0.120303996
0,0.43444958
0,0.036559146
0,0.5959202
0,0.2517359
0,0.14237322
0,0.64354277
0,0.2077412
0,0.3443346
0,0.5928202
0,0.87124896
0,0.6652806
0,0.23943917
0,0.6317488
0,0.5438457
0,0.5712244
0,0.39276588
0,0.2319413
0,0.014230952
0,0.113876164
0,0.07645068
0,0.5428631
0,0.29120675
0,0.64828306
0,0.48985946
0,0.9491776
0,0.46511528
0,0.8952242
0,0.26823974
0,0.6571737
0,0.15126592
0,0.8581288
0,0.5194903
0,0.09299595
0,0.023466619
0,0.4804604
0,0.6574477
0,0.47690022
0,0.51486105
0,0.5866917
0,0.6253588
0,0.8889597
0,0.15543184
0,0.6960182
0,0.26012334
0,0.14759013
0,0.7110669
0,0.5566888
0,0.70258325
0,0.680692
0,0.31645557
0,0.94716686
0,0.7069161
0,0.2717583
0,0.46811512
0,0.8527589
0,0.13083616
0,0.7839247
0,0.46817985
0,0.64010316
0,0.10164258
0,0.13454159
0,0.7241982
0,0.46527526
0,0.50181204
0,0.1406716
0,0.075510874
0,0.5853425
0,0.0798608
0,0.6177764
0,0.098301984
0,0.19335286
0,0.23737316
0,0.12674578
0,0.6066376
0,0.6104748
0,0.4972599
0,0.7000993
0,0.5615393
0,0.40882143
0,0.84014815
0,0.8557685
0,0.55465394
0,0.097883835
0,0.46445122
0,0.37995368
0,0.26539966
0,0.073114015
0,0.65467936
0,0.13162522
0,0.60522866
0,0.053841956
0,0.31429502
0,0.46361572
0,0.7101752
0,0.2859602
0,0.21737525
0,0.16149665
0,0.23703773
0,0.12828551
0,0.6190675
0,0.18308075
0,0.7525051
0,0.55912185
0,0.58858556
0,0.26666763
0,0.8297058
0,0.7815613
0,0.61247015
0,0.19138253
0,0.227658
0,0.73619276
0,0.50446534
0,0.09432964
0,0.18444695
0,0.13039574
0,0.65295064
0,0.45385134
0,0.75512224
0,0.7367677
0,0.09628045
0,0.34514752
0,0.20967546
0,0.7327767
0,0.5754025
0,0.20963985
0,0.106531076
0,0.45333898
0,0.6005355
0,0.24944468
0,0.94852984
0,0.75091904
0,0.068330035
0,0.79151803
0,0.6057234
0,0.60538924
0,0.61111385
0,0.14741361
0,0.64239556
0,0.081879064
0,0.78166205
0,0.5627004
0,0.057820275
0,0.13718913
0,0.50301
0,0.83181876
0,0.72825867
0,0.614561
0,0.76871204
0,0.06386669
0,0.11839717
0,0.81853426
0,0.5917279
0,0.19624045
0,0.3005089
0,0.43652707
0,0.69659483
0,0.21684772
0,0.111184105
0,0.21031642
0,0.1961188
0,0.4443133
0,0.5838305
0,0.53084993
0,0.8454228
0,0.25782293
0,0.063185476
0,0.18420792
0,0.92802364
0,0.5767873
0,0.095394574
0,0.4931804
0,0.21616714
0,0.51671535
0,0.44540584
0,0.75747174
0,0.86815226
0,0.5933882
0,0.34903547
0,0.14443736
0,0.34304264
0,0.57654506
0,0.07876649
0,0.81413686
0,0.47298348
0,0.6769543
0,0.7781307
0,0.8726784
0,0.17216815
0,0.4744546
0,0.69988513
0,0.65312016
0,0.7533664
0,0.53369915
0,0.14170362
0,0.74578524
0,0.27530637
0,0.6598584
0,0.6191167
0,0.765495
0,0.8152624
0,0.94783896
0,0.3139138
0,0.9942351
0,0.9694122
0,0.38455084
0,0.1705592
0,0.38235512
0,0.2257929
0,0.37677598
0,0.76407665
0,0.58974737
0,0.79103965
0,0.9108702
0,0.8181816
0,0.9766783
0,0.84579796
0,0.9731321
0,0.6264156
0,0.66406083
0,0.4548808
0,0.8090567
0,0.96503484
0,0.59593743
0,0.60973954
0,0.7623798
0,0.45281452
0,0.43385756
0,0.6760094
0,0.9837955
0,0.5504336
0,0.34074217
0,0.21451181
0,0.2368985
0,0.48841375
0,0.6924553
0,0.20586094
0,0.5486687
0,0.8299382
0,0.59556293
0,0.8371988
0,0.9663798
0,0.3172298
0,0.21237883
0,0.70271933
0,0.3170698
0,0.47373223
0,0.19983877
0,0.115600325
0,0.17909892
0,0.2747858
0,0.21282487
0,0.4989458
0,0.7417475
0,0.13966985
0,0.31074843
0,0.12603357
0,0.71472096
0,0.8595542
0,0.57103235
0,0.1580282
0,0.18098563
0,0.46551389
0,0.5862004
0,0.26201195
0,0.05591319
0,0.546389
0,0.08492333
0,0.15599188
0,0.19171102
0,0.14791723
0,0.46733004
0,0.6279649
0,0.03646267
0,0.1917818
0,0.09578503
0,0.57592857
0,0.8495012
0,0.3820671
0,0.057115693
0,0.15467077
0,0.57265633
0,0.24798314
0,0.6489592
0,0.43044505
0,0.6931461
0,0.57265013
0,0.06936413
0,0.061639432
0,0.0347865
0,0.5083549
0,0.8145991
0,0.040599342
0,0.65867084
0,0.23158707
0,0.23036154
0,0.5695749
0,0.31700772
0,0.7239533
0,0.25359756
0,0.11744135
0,0.25055128
0,0.66123855
0,0.7143167
0,0.62557065
0,0.709531
0,0.10755562
0,0.18165486
0,0.13406935
0,0.107556105
0,0.33892423
0,0.47340256
0,0.48100698
0,0.4636788
0,0.1238572
0,0.24788779
0,0.093507744
0,0.19115475
0,0.6141768
0,0.7413823
0,0.61686957
0,0.23432882
0,0.77946806
0,0.56853324
0,0.543076
0,0.10353404
0,0.23464659
0,0.58991325
0,0.8101326
0,0.52336997
0,0.5487824
0,0.25547677
0,0.7791823
0,0.091916755
0,0.45972744
0,0.5936488
0,0.83662236
0,0.6964928
0,0.31003413
0,0.22500758
0,0.4778532
0,0.64078265
0,0.1673295
0,0.11354529
0,0.2645226
0,0.0999648
0,0.24276869
0,0.37600872
0,0.85421723
0,0.96050626
0,0.80818033
0,0.54246306
0,0.44646046
0,0.26897353
0,0.6941388
0,0.22296086
0,0.06415045
0,0.5807439
0,0.09529742
0,0.22619544
0,0.16902913
0,0.1154024
0,0.8535883
0,0.08040126
0,0.36251378
0,0.078961775
0,0.23294245
0,0.09016947
0,0.056220636
0,0.061368987
0,0.53289163
0,0.049691774
0,0.23666152
0,0.07488797
0,0.9219251
0,0.3136542
0,0.64223766
0,0.28669423
0,0.21496387
0,0.625003
0,0.73335767
0,0.550156
0,0.82316947
0,0.19433984
0,0.085857294
0,0.14462997
0,0.10531632
0,0.57590777
0,0.75728434
0,0.97441036
0,0.7863622
0,0.6311558
0,0.93052244
0,0.66225326
0,0.64836
0,0.7727034
0,0.88221866
0,0.36050335
0,0.36841702
0,0.5507384
0,0.18779272
0,0.22579448
0,0.38721806
0,0.6844973
0,0.3241858
0,0.43553182
0,0.6875355
0,0.5849341
0,0.20926803
0,0.13097212
0,0.097311646
0,0.10509253
0,0.574598
0,0.22132634
0,0.82568103
0,0.4540682
0,0.306837
0,0.44908944
0,0.72350585
0,0.62297153
0,0.74180424
0,0.23223631
0,0.5355793
0,0.2893106
0,0.2521479
0,0.5467918
0,0.5738596
0,0.1867964
0,0.12243852
0,0.12829249
0,0.77936023
0,0.306597
0,0.72781754
0,0.07514722
0,0.212857
0,0.49467164
0,0.52584654
0,0.32099515
0,0.61544764
0,0.64641297
0,0.57887834
0,0.13619378
0,0.7381476
0,0.45422873
0,0.9099872
0,0.75605977
0,0.5221156
0,0.8463712
0,0.96782506
0,0.6024863
0,0.9518406
0,0.13355088
0,0.6258713
0,0.7475147
0,0.43763852
0,0.45805058
0,0.55876434
0,0.6484482
0,0.6990221
0,0.4275497
0,0.62272143
0,0.57223934
0,0.20488988
0,0.8754418
0,0.74790365
0,0.9029824
0,0.4589078
0,0.5429761
0,0.75098103
0,0.18630065
0,0.57597846
0,0.19485894
0,0.6256376
0,0.65021807
0,0.5084193
0,0.45314372
0,0.65451324
0,0.9975382
0,0.33318895
0,0.6128434
0,0.3509314
0,0.38458258
0,0.20330465
0,0.6130244
0,0.59130156
0,0.60309917
0,0.5137411
0,0.4286438
0,0.45181176
0,0.8431161
0,0.80209565
0,0.81902534
0,0.6208028
0,0.14555694
0,0.24162051
0,0.34906533
0,0.64337593
0,0.43272787
0,0.4895843
0,0.6037733
0,0.091399506
0,0.46957573
0,0.6138949
0,0.42925054
0,0.65384114
0,0.28559992
0,0.3245712
0,0.5978683
0,0.58411723
0,0.4688085
0,0.8761112
0,0.73063594
0,0.6188524
0,0.16280997
0,0.6277857
0,0.5568277
0,0.61806417
0,0.8444656
0,0.6167163
0,0.5623867
0,0.4290005
0,0.62778616
0,0.8225956
0,0.5779478
0,0.7865347
0,0.45617256
0,0.50045335
0,0.7070624
0,0.8465386
0,0.6271245
0,0.5617684
0,0.25509173
0,0.5941352
0,0.8967911
0,0.36853978
0,0.1934479
0,0.40922654
0,0.14950384
0,0.37196594
0,0.628111
0,0.68780285
0,0.1571335
0,0.5847452
0,0.463635
0,0.3883822
0,0.45138592
0,0.6781238
0,0.44044107
0,0.65573627
0,0.56298697
0,0.17644167
0,0.5591941
0,0.6332386
0,0.6309126
0,0.48402733
0,0.42971572
0,0.6547697
0,0.6254829
0,0.80597657
0,0.55709726
0,0.5626604
0,0.12312325
0,0.4140378
0,0.4412858
0,0.31167305
0,0.9912628
0,0.9238434
0,0.60591155
0,0.6173968
0,0.9021355
0,0.72269887
0,0.624553
0,0.3177023
0,0.28805268
0,0.7327125
0,0.30756396
0,0.10883555
0,0.23111074
0,0.5806646
0,0.8955506
0,0.5983263
0,0.7533524
0,0.58631957
0,0.41672608
0,0.8418832
0,0.86063564
0,0.49762493
0,0.56947106
0,0.103562
0,0.11920386
0,0.17652664
0,0.12308889
0,0.7712979
0,0.43717727
0,0.61794615
0,0.6545968
0,0.08960131
0,0.3519722
0,0.96421313
0,0.9858105
0,0.64362997
0,0.62520546
0,0.5798603
0,0.4889753
0,0.19304034
0,0.1939134
0,0.46041498
0,0.5166459
0,0.8159639
0,0.77892464
0,0.7741823
0,0.42204735
0,0.6714478
0,0.5067742
0,0.6186784
0,0.59760976
0,0.5027411
0,0.3420331
0,0.15656854
0,0.4997131
0,0.36369094
0,0.26225662
0,0.39970115
0,0.5416714
0,0.69014543
0,0.66526204
0,0.6234906
0,0.15885821
0,0.49162897
0,0.54241574
0,0.29066727
0,0.31321782
0,0.5924429
0,0.29839236
0,0.7721187
0,0.17847002
0,0.60725653
0,0.37609515
0,0.46047184
0,0.37067446
0,0.2674103
0,0.5097379
0,0.08204227
0,0.208249
0,0.2668576
0,0.80685216
0,0.45467538
0,0.9220302
0,0.49800575
0,0.10177123
0,0.6648169
0,0.73137283
0,0.3951507
0,0.97991645
0,0.26478308
0,0.19961387
0,0.33555865
0,0.16303608
0,0.61682814
0,0.52387714
0,0.66108596
0,0.90074426
0,0.32644343
0,0.12077566
0,0.7659972
0,0.8300922
0,0.99990344
0,0.94304776
0,0.65862864
0,0.63211894
0,0.22299363
0,0.18895803
0,0.32874337
0,0.5876648
0,0.9031156
0,0.32037073
0,0.21530078
0,0.42018422
0,0.4321949
0,0.61409575
0,0.60672975
0,0.16630904
0,0.7758876
0,0.22144304
0,0.6638359
0,0.3615561
0,0.5875559
0,0.13706702
0,0.523172
0,0.04274929
0,0.6210966
0,0.94935465
0,0.28751117
0,0.747842
0,0.16480039
0,0.17108902
0,0.40804052
0,0.13786809
0,0.6313926
0,0.49661005
0,0.25839522
0,0.46920624
0,0.33370638
0,0.58209825
0,0.14669472
0,0.7873434
0,0.2941037
0,0.2960547
0,0.17521058
0,0.55242085
0,0.48879546
0,0.21567652
0,0.11479285
0,0.8473334
0,0.11816388
0,0.948493
0,0.23956405
0,0.54991
0,0.5540002
0,0.3223112
0,0.88155097
0,0.5729942
0,0.38002712
0,0.5548795
0,0.45294476
0,0.730075
0,0.67794234
0,0.55321854
0,0.5947878
0,0.23725677
0,0.5245007
0,0.16671942
0,0.35269204
0,0.1992251
0,0.2591252
0,0.86472905
0,0.18701176
0,0.12910914
0,0.17162855
0,0.44174114
0,0.23852736
0,0.34663263
0,0.14054365
0,0.5979565
0,0.25962076
0,0.55712503
0,0.5112504
0,0.6514169
0,0.22588767
0,0.77842957
0,0.5338561
0,0.16543362
0,0.80402374
0,0.5782141
0,0.98696077
0,0.62895775
0,0.7357476
0,0.7993175
0,0.6398234
0,0.99947214
0,0.5729678
0,0.17030983
0,0.16198215
0,0.30448133
0,0.14608434
0,0.42875305
0,0.8309721
0,0.8933301
0,0.76619333
0,0.21245198
0,0.83948934
0,0.6346349
0,0.6561822
0,0.5749458
0,0.09815145
0,0.47480458
0,0.11424492
0,0.45126352
0,0.23787579
0,0.06897239
0,0.665172
0,0.73185635
0,0.9587818
0,0.9692267
0,0.7544482
0,0.5348695
0,0.7497162
0,0.43164572
0,0.6583507
0,0.3512868
0,0.31842434
0,0.62050134
0,0.553454
0,0.1653493
0,0.45428565
0,0.24929763
0,0.6690757
0,0.59992427
0,0.5047023
0,0.5456865
0,0.7676446
0,0.24059366
0,0.7917946
0,0.0753668
0,0.50872946
0,0.42787275
0,0.23479849
0,0.9029695
0,0.5983389
0,0.1489207
0,0.6336125
0,0.24309564
0,0.6044889
0,0.5981999
0,0.23760587
0,0.18102479
0,0.18205613
0,0.18056613
0,0.33464032
0,0.568082
0,0.50852466
0,0.6267573
0,0.15835658
0,0.20122437
0,0.63638526
0,0.09853904
0,0.27574635
0,0.5708871
0,0.5428907
0,0.0906991
0,0.55199933
0,0.7837092
0,0.3681924
0,0.7157679
0,0.56502765
0,0.24457484
0,0.99246067
0,0.033706017
0,0.6712937
0,0.27526098
0,0.49817953
0,0.32967392
0,0.24546112
0,0.38279456
0,0.4077062
0,0.47048038
0,0.8727301
0,0.49289978
0,0.6165582
0,0.26674223
0,0.33340794
0,0.42076236
0,0.11513932
0,0.34884658
0,0.107998565
0,0.49379805
0,0.42025647
0,0.316925
0,0.16650678
0,0.16003703
0,0.109105214
0,0.4892413
0,0.32007295
0,0.21123172
0,0.04458867
0,0.59885895
0,0.7442782
0,0.34731203
0,0.6499883
0,0.51622075
0,0.09687723
0,0.16215168
0,0.5187519
0,0.38761067
0,0.24590142
0,0.32418635
0,0.44844937
0,0.6018089
0,0.55501163
0,0.23159572
0,0.39941737
0,0.07763386
0,0.11387499
0,0.0857059
0,0.27632818
0,0.21935144
0,0.53444177
0,0.5089781
0,0.7367651
0,0.4193937
0,0.90284294
0,0.10750821
0,0.13141401
0,0.40424562
0,0.43779483
0,0.3586083
0,0.057759892
0,0.16113023
0,0.7672487
0,0.66649425
0,0.6133179
0,0.39473855
0,0.6213674
0,0.5419503
0,0.25370514
0,0.9425101
0,0.50565326
0,0.73208743
0,0.602295
0,0.098833404
0,0.6867066
0,0.28738028
0,0.55821
0,0.6674407
0,0.639515
0,0.30733675
0,0.5806557
0,0.16992328
0,0.62229437
0,0.19547947
0,0.6524335
1,0.3770861
1,0.1205767
1,0.20062412
1,0.16343126
1,0.96906245
1,0.99993134
1,0.9687682
1,0.9999753
1,0.17521657
1,0.9965958
1,0.28360528
1,0.18017134
1,0.19102474
1,0.0630905
1,0.70552486
1,0.02540636
1,0.49826747
1,0.06377385
1,0.97600585
1,0.15480553
1,0.035970904
1,0.10564197
1,0.17062369
1,0.5237616
1,0.06439176
1,0.060090717
1,0.0697135
1,0.98072124
1,0.9994061
1,0.031235604
1,0.9752059
1,0.9834778
1,0.5356814
1,0.99567395
1,0.2401661
1,0.9840403
1,0.1717115
1,0.048778508
1,0.99755496
1,0.23602769
1,0.15897903
1,0.6644445
1,0.053617727
1,0.9812314
1,0.0822237
1,0.17739052
1,0.998884
1,0.044484936
1,0.06593751
1,0.9998485
1,0.12748395
1,0.047721863
1,0.5697809
1,0.2177989
1,0.997618
1,0.2568476
1,0.08121478
1,0.23923492
1,0.21391608
1,0.83562285
1,0.7672132
1,0.1570127
1,0.16838801
1,0.014755598
1,0.19441694
1,0.40058258
1,0.14035773
1,0.9974195
1,0.04021387
1,0.99283123
1,0.12969941
1,0.34905735
1,0.21796228
1,0.76003593
1,0.9207617
1,0.19038358
1,0.64580226
1,0.041662484
1,0.78973055
1,0.9951592
1,0.87846315
1,0.266524
1,0.9999131
1,0.99999905
1,0.24723814
1,0.22380708
1,0.15770908
1,0.954315
1,0.9408124
1,0.7185906
1,0.95844746
1,0.59755397
1,0.9999999
1,0.89928705
1,0.99891907
1,0.047985204
1,0.18941303
1,0.6707406
1,0.09356845
1,0.8149238
1,0.9973484
1,0.52150214
1,0.99065304
1,0.27973828
1,0.42395565
1,0.9672006
1,0.5350582
1,0.21316758
1,0.30383223
1,0.9983505
1,0.8237304
1,0.9853498
1,0.3054557
1,0.8419136
1,0.12440011
1,0.25512835
1,0.17052309
1,0.9999752
1,0.16648161
1,0.7348098
1,0.9491508
1,0.4516538
1,0.96252185
1,0.9926675
1,0.14069301
1,0.9780541
1,0.999995
1,0.19230326
1,0.9999927
1,0.99127525
1,0.99660844
1,0.10927366
1,0.07316802
1,0.13069242
1,0.19921307
1,0.6223701
1,0.26685876
1,0.27271843
1,0.09689448
1,0.65542454
1,0.37332845
1,0.3009224
1,0.9999405
1,0.05074574
1,0.914348
1,0.29424414
1,0.08621917
1,0.25157276
1,0.93186516
1,0.43245187
1,0.98854744
1,0.75135475
1,0.97239727
1,0.907431
1,0.9556922
1,0.9429183
1,0.6959426
1,0.098052785
1,0.99999416
1,0.78114164
1,0.8553979
1,0.5630961
1,0.27082366
1,0.99997485
1,0.3939646
1,0.10085611
1,0.999987
1,0.42130968
1,0.07656823
1,0.99866486
1,0.9919105
1,0.15637878
1,0.02213391
1,0.9844721
1,0.2647281
1,0.7309992
1,0.0963819
1,0.869289
1,0.18097039
1,0.17989059
1,0.9033354
1,0.08431959
1,0.9698757
1,0.99983776
1,0.77649796
1,0.07644346
1,0.96477956
1,0.5282666
1,0.070896104
1,0.041766714
1,0.9995454
1,0.0690397
1,0.10182675
1,0.9999497
1,0.056486893
1,0.118892446
1,0.4744384
1,0.15483873
1,0.99999416
1,0.998401
1,0.16067284
1,0.15465061
1,0.9969787
1,0.26547366
1,0.028864028
1,0.8108811
1,0.9996796
1,0.6931461
1,0.9711912
1,0.085626304
1,0.96611995
1,0.04507816
1,0.23416442
1,0.24553871
1,0.066462584
1,0.18610655
1,0.9964154
1,0.22238784
1,0.09839246
1,0.3185715
1,0.02683801
1,0.07783784
1,0.99055886
1,0.9952305
1,0.10326516
1,0.9998965
1,0.27321967
1,0.13127044
1,0.17067404
1,0.9812936
1,0.9984162
1,0.7096464
1,0.71608865
1,0.9988576
1,0.020620517
1,0.2368918
1,0.6848137
1,0.925049
1,0.9616115
1,0.19210178
1,0.56322217
1,0.9986187
1,0.14996448
1,0.049002603
1,0.1060596
1,0.8870499
1,0.07143417
1,0.09998947
1,0.058166616
1,0.47653946
1,0.9982655
1,0.017725095
1,0.03096901
1,0.011596673
1,0.110318884
1,0.9646323
1,0.039541487
1,0.089600384
1,0.035265
1,0.7782677
1,0.68189013
1,0.18985248
1,0.64068216
1,0.89781255
1,0.9968309
1,0.9999118
1,0.49858904
1,0.06264967
1,0.49745166
1,0.52078336
1,0.623088
1,0.08379911
1,0.8766801
1,0.77795255
1,0.99948823
1,0.8324043
1,0.076598346
1,0.951845
1,0.07005418
1,0.97615075
1,0.109458834
1,0.9828195
1,0.07751705
1,0.21089163
1,0.87770706
1,0.30425707
1,0.052052632
1,0.6495922
1,0.99946976
1,0.6586143
1,0.04102235
1,0.05636904
1,0.62780064
1,0.040013872
1,0.43850428
1,0.09906381
1,0.083150074
1,0.99635464
1,0.09962329
1,0.87637305
1,0.70599747
1,0.99992776
1,0.09205633
1,0.11349483
1,0.20838918
1,0.047729943
1,0.5161788
1,0.9722596
1,0.36690426
1,0.25431013
1,0.058050573
1,0.98827285
1,0.13261807
1,0.9974687
1,0.03779675
1,0.9966989
1,0.77515084
1,0.51867026
1,0.8006891
1,0.5005861
1,0.97939074
1,0.23045905
1,0.99999905
1,0.033918835
1,0.34161168
1,0.4976478
1,0.99999917
1,0.8137299
1,0.9932948
1,0.38807586
1,0.10468417
1,0.99999845
1,0.9911352
1,0.1859683
1,0.8504582
1,0.5237702
1,0.71169907
1,0.90070325
1,0.05146052
1,0.14038691
1,0.37519902
1,0.6741091
1,0.22178365
1,0.99285513
1,0.08139098
1,0.21423855
1,1.0
1,0.18063053
1,0.9988054
1,0.7636899
1,0.7027877
1,0.9998275
1,0.34615663
1,0.9561238
1,0.97142696
1,0.27495718
1,1.0
1,0.4582486
1,0.10772569
1,0.9956267
1,0.9999813
1,0.99986994
1,0.9454944
1,0.9034279
1,0.98817575
1,0.9988362
1,0.5406169
1,0.20488597
1,0.5922584
1,0.067782655
1,0.9999964
1,0.99892193
1,0.3839235
1,0.8130413
1,0.99871564
1,0.24650182
1,0.9998081
1,0.9962774
1,0.783764
1,0.13445209
1,0.9993881
1,0.23679353
1,0.08473279
1,0.072966464
1,0.9994306
1,0.23863332
1,0.8996993
1,0.9999931
1,0.17494735
1,0.33313283
1,0.995513
1,0.9751726
1,0.0175274
1,0.011360178
1,0.96898913
1,0.99998844
1,0.8806527
1,0.9987447
1,0.9635185
1,0.9999311
1,0.99995625
1,0.8579109
1,0.9999852
1,0.99981785
1,0.8834451
1,0.7117454
1,0.06082309
1,0.22318357
1,0.9998442
1,0.4098366
1,0.9998274
1,0.53548586
1,0.9346001
1,0.95984274
1,0.10221088
1,0.9912288
1,0.30533165
1,0.999779
1,0.41175136
1,0.5643532
1,0.9999912
1,0.22987491
1,0.37968227
1,0.16526744
1,0.70130205
1,0.9988279
1,0.29055887
1,0.9991904
1,0.6870135
1,0.8995941
1,0.9261316
1,0.99999976
1,0.4734779
1,0.9488255
1,0.1877037
1,0.98213816
1,0.99982476
1,0.61012834
1,0.9993487
1,0.69487584
1,0.7781542
1,0.99999917
1,0.63288754
1,0.96970135
1,0.41099215
1,0.9893567
1,0.5853498
1,0.998698
1,0.9999474
1,0.6322979
1,0.9941109
1,0.31742212
1,0.999925
1,0.858913
1,0.021376746
1,0.9114214
1,0.29456767
1,0.99877757
1,0.99999976
1,0.11120446
1,0.9970546
1,0.3033529
1,0.9988708
1,0.9010077
1,0.8206251
1,0.9999769
1,0.14323324
1,0.114117734
1,0.9999883
1,0.9999064
1,0.99724376
1,0.9999994
1,0.03507494
1,0.09695527
1,0.030897941
1,0.9998479
1,0.9844865
1,0.9578746
1,0.22986281
1,0.010924666
1,0.32227513
1,0.91138864
1,0.91960657
1,0.77831113
1,0.9931845
1,0.21501268
1,0.055071056
1,0.19714716
1,0.3486974
1,0.22280587
1,0.1935351
1,0.97413063
1,0.9039085
1,0.15436299
1,0.88486457
1,0.99968475
1,0.049304605
1,0.59535867
1,0.97560924
1,0.9999994
1,0.21548998
1,0.12754233
1,0.11160352
1,0.72009146
1,0.89508253
1,0.5211138
1,0.99999416
1,0.06620768
1,0.9999738
1,0.5386817
1,0.99929297
1,0.9997465
1,0.99990654
1,0.58140564
1,0.042774446
1,0.11385922
1,0.0408181
1,0.99995375
1,0.99932426
1,0.8770763
1,0.6536074
1,0.99999726
1,0.67046577
1,0.0537306
1,0.06977643
1,0.010992447
1,0.87452024
1,0.025870508
1,0.9890888
1,0.87635434
1,0.06601824
1,0.998056
1,0.72419727
1,0.9981705
1,0.7859319
1,0.8566955
1,0.99796695
1,0.6846627
1,0.99997365
1,0.21377306
1,0.999997
1,0.99784255
1,0.9829888
1,0.99999976
1,0.99185365
1,0.2373178
1,0.6449569
1,0.9994825
1,0.48805982
1,0.8674497
1,0.21427283
1,0.2827803
1,0.999318
1,0.22594608
1,0.9386561
1,0.94191885
1,0.78382826
1,0.9774139
1,0.5298356
1,0.174302
1,0.9550675
1,0.29910204
1,0.9999807
1,0.03864732
1,0.5103018
1,0.9871108
1,0.90907186
1,0.17823222
1,0.9108159
1,0.56247914
1,0.9999994
1,0.19839537
1,0.6584922
1,0.72885567
1,0.99957913
1,0.18515076
1,0.18880032
1,0.70582634
1,0.9991941
1,0.8309875
1,0.7257653
1,0.9427514
1,0.77898467
1,0.6921608
1,0.07260888
1,0.3488907
1,0.98951787
1,0.9874438
1,0.90102214
1,0.11616571
1,0.7819048
1,0.530888
1,0.5628722
1,0.99089044
1,0.32556874
1,0.24352418
1,0.99870014
1,0.2532307
1,0.9546046
1,0.3462688
1,0.9996714
1,0.9974134
1,0.10087877
1,0.9998411
1,0.042004
1,0.80214834
1,0.8639735
1,0.9998927
1,0.4887859
1,0.097529985
1,0.99983346
1,0.88313794
1,0.5787463
1,0.9990109
1,0.023187036
1,0.9743849
1,0.6911447
1,0.6125455
1,0.12869997
1,0.9389447
1,0.9983834
1,0.618291
1,0.99438757
1,0.9560444
1,0.22729251
1,0.93735516
1,0.9999994
1,0.08916211
1,0.99940693
1,0.46108064
1,0.99996805
1,0.62602615
1,0.032409336
1,0.97053033
1,0.034000393
1,0.26885527
1,0.9637027
1,0.3164032
1,0.6982449
1,0.996869
1,0.9710862
1,0.9990146
1,0.03660621
1,0.94559556
1,0.630396
1,0.6174852
1,0.4801905
1,0.72557276
1,0.99989426
1,0.9981798
1,0.37127572
1,0.5427642
1,0.12823203
1,0.1477261
1,0.9889501
1,0.9978781
1,0.0234108
1,0.13421668
1,0.99996066
1,0.059796546
1,0.9999826
1,0.99972314
1,0.8317244
1,0.7792316
1,0.49353746
1,0.976491
1,0.11046719
1,0.08092128
1,0.25963274
1,0.8515276
1,0.08193231
1,0.9784607
1,0.99991906
1,0.7224738
1,0.11100604
1,0.8888985
1,0.99998415
1,0.9283792
1,0.23267666
1,0.98121166
1,0.9998828
1,0.4744449
1,0.1470582
1,0.99089444
1,0.20741989
1,0.99996245
1,0.14998342
1,0.9861778
1,0.99771816
1,0.068670295
1,0.9993899
1,0.097732574
1,0.8832913
1,0.99450934
1,0.08546079
1,0.696618
1,0.17047754
1,0.1037903
1,0.7677626
1,0.7946826
1,0.1878463
1,0.92556953
1,0.6564057
1,1.0
1,0.3870914
1,0.2188759
1,1.0
1,0.607144
1,0.18761885
1,0.78745407
1,0.9971084
1,0.85652906
1,0.9953394
1,0.9441597
1,0.6925583
1,0.99999976
1,0.05201279
1,0.9424624
1,0.06404418
1,0.9551109
1,0.6820642
1,0.9239642
1,0.052949063
1,0.07090139
1,0.9992427
1,0.98713124
1,0.759419
1,0.06062864
1,0.11835918
1,0.09004518
1,0.8381773
1,0.29263338
1,0.9999765
1,0.05190788
1,0.99989176
1,0.20106384
1,0.6908455
1,0.99509966
1,0.517217
1,0.37979046
1,0.8382633
1,0.68747765
1,0.5053524
1,0.9911925
1,0.98081356
1,0.8769124
1,0.99999833
1,0.5470415
1,0.97012466
1,0.98310703
1,0.04162376
1,0.4220173
1,0.9999685
1,0.69495267
1,0.9997502
1,0.982967
1,0.88542604
1,0.99824715
1,0.9004424
1,0.13081558
1,0.7297327
1,0.26770186
1,0.9886136
1,0.9725699
1,0.99997425
1,0.20400327
1,0.094214946
1,0.9565254
1,0.20613147
1,0.22386982
1,0.9917346
1,0.07006829
1,0.9647535
1,0.9999995
1,0.844787
1,0.22137205
1,0.9977527
1,0.7922529
1,0.9931142
1,0.17492092
1,0.25250137
1,0.9902738
1,0.99780625
1,0.9960525
1,0.037961576
1,0.99210316
1,0.05421916
1,0.9999912
1,0.99612254
1,0.9999989
1,0.24160498
1,0.9993424
1,0.99686986
1,0.076385364
1,0.96392274
1,0.32424313
1,0.84138995
1,0.07451984
1,0.47651803
1,0.20596112
1,0.9999167
1,0.9134964
1,0.5173109
1,0.9997042
1,0.3168474
1,0.66972387
1,0.9996864
1,0.76846653
1,0.22911438
1,0.2630489
1,0.77335066
1,0.99911886
1,0.58357286
1,0.15137294
1,0.82417566
1,0.2866958
1,0.9971769
1,0.99999094
1,0.3204485
1,0.99506736
1,0.63298213
1,0.99984086
1,0.08692381
1,0.46781105
1,0.9999989
1,0.72015965
1,0.92181075
1,0.99872226
1,0.10819317
1,0.16319714
1,0.9993075
1,0.06404852
1,0.08315518
1,0.97865146
1,0.33870944
1,0.605608
1,0.9973093
1,0.39558932
1,0.9715356
1,0.28149375
1,0.55137897
1,0.99993575
1,0.33531743
1,0.9999877
1,0.09516206
1,0.9999969
1,0.9999479
1,0.21350674
1,0.9999783
1,0.85818535
1,0.50879806
1,0.99998164
1,0.11037024
1,0.80323356
1,0.4568101
1,0.8567147
1,0.9971602
1,0.26170117
1,0.995077
1,0.96572334
1,0.99997663
1,0.5792574
1,0.32657874
1,0.98271614
1,0.67969036
1,0.24080816
1,0.4789255
1,0.99915314
1,0.7881918
1,0.9959512
1,0.59499335
1,0.32533455
1,0.41166762
1,0.99998
1,0.8631895
1,0.24916896
1,0.32974026
1,0.9715943
1,0.9983765
1,0.17008837
1,0.42168462
1,0.074078605
1,0.9999
1,0.2936198
1,0.9893239
1,0.18010989
1,0.99994504
1,0.12483021
1,0.1327255
1,0.8168255
1,0.7450268
1,0.05941024
1,0.64470017
1,0.9985032
1,0.99999034
1,0.37857443
1,0.99921894
1,0.7541506
1,0.9999691
1,0.9778735
1,0.99934655
1,0.07808103
1,0.995989
1,0.97828805
1,0.3843012
1,0.9756351
1,0.4441693
1,0.6001494
1,0.98431456
1,0.87445736
1,0.5014195
1,0.99681073
1,0.66585934
1,0.51265883
1,0.9999914
1,0.076359056
1,0.88236976
1,0.99583256
1,0.99374956
1,0.9983217
1,0.2353365
1,0.9998982
1,0.9994879
1,0.9940588
1,0.40122783
1,0.9554889
1,0.99982214
1,0.930386
1,0.9996463
1,0.9988136
1,0.5405948
1,0.689654
1,0.996121
1,0.7667868
1,0.9987243
1,0.8412069
1,0.8724333
1,0.9996201
1,0.8068717
1,0.6680412
1,0.9696417
1,0.9999627
1,0.99972814
1,0.8379218
1,0.6017572
1,0.1677969
1,0.19600938
1,0.99897134
1,0.79377097
1,0.25319734
1,0.10770151
1,0.07945109
1,0.9999999
1,0.9891088
1,0.9972638
1,0.17105314
1,0.9688746
1,0.9748073
1,0.08966051
1,0.95476437
1,0.99420726
1,0.774946
1,0.6875433
1,0.30981702
1,0.9236882
1,0.53832155
1,0.78229165
1,0.97555524
1,0.98362654
1,0.8124552
1,0.057365295
1,0.5569978
1,0.99591655
1,0.28001362
1,0.24780546
1,0.13408317
1,0.96768415
1,0.91615623
1,0.2614267
1,0.50487703
1,0.88022006
1,0.27618816
1,0.9289039
1,0.08474452
1,0.43157056
1,0.9998921
1,0.963025
1,0.6957601
1,0.9928001
1,0.06423357
1,0.9999999
1,0.26270193
1,0.15353274
1,0.99930024
1,0.087758064
1,0.99600935
1,0.5458322
1,0.99998546
1,0.9879412
1,0.25491774
1,0.1258767
1,0.1870961
1,0.052445572
1,0.99721587
1,0.16735438
1,0.5778437
1,0.08694664
1,0.8790485
1,0.11151414
1,0.7900577
1,0.6440174
1,0.81959754
1,0.9999932
1,0.14391907
1,0.054439347
1,0.6714944
1,0.5936272
1,0.3225969
1,0.30175582
1,0.99350476
1,0.99991775
1,0.775221
1,0.9999995
1,0.35783803
1,0.99578
1,0.9989417
1,0.4083174
1,0.08726506
1,0.7297646
1,0.7969001
1,0.1069912
1,0.2867369
1,0.04871471
1,0.9644363
1,0.9581914
1,0.06081033
1,0.28828833
1,0.46639675
1,0.9999871
1,0.094371304
1,0.41009632
1,0.31147578
1,0.25311342
1,0.08425579
1,0.045797076
1,0.04915845
1,0.09158456
1,0.49968487
1,0.48724535
1,0.38902438
1,0.95866007
1,0.16632816
1,0.24765673
1,0.89713
1,0.9664338
1,0.3410844
1,0.41434088
1,0.543657
1,0.1304743
1,0.9999529
1,0.6781149
1,0.29288888
1,0.6599302
1,0.61287487
1,0.70954806
1,0.9999733
1,0.12571338
1,0.9990908
1,0.09954821
1,0.43823382
1,0.4047759
1,0.3405253
1,0.76117665
1,0.9999602
1,0.99931955
1,0.7456526
1,0.92141
1,0.9915168
1,0.18484649
1,0.9999399
1,0.99857974
1,0.99921167
1,0.9904247
1,0.96203196
1,0.67893445
1,0.56948084
1,0.72510195
1,0.06375505
1,0.63432
1,0.99995375
1,0.3200652
1,0.17553796
1,0.99998605
1,0.07616319
1,0.50995284
1,0.9803688
1,0.49185082
1,0.99987984
1,0.34882423
1,0.99770784
1,0.8060307
1,0.21089676
1,0.9937963
1,0.8501147
1,0.9995697
1,0.48386127
1,0.9994214
1,0.9894121
1,0.99995923
1,0.6091032
1,0.9999434
1,0.50872386
1,0.9999894
1,0.05327929
1,0.66989803
1,0.47245157
1,0.9804083
1,0.97520566
1,0.19158407
1,0.99999833
1,0.21112458
1,0.88607395
1,0.84135544
1,0.7616297
1,0.99999905
1,0.66598517
1,0.32538882
1,0.9997538
1,0.68881875
1,0.41690007
1,0.56070644
1,0.99996376
1,0.52095634
1,0.22353423
1,0.97118694
1,0.5562086
1,0.36394373
1,0.5334339
1,0.35283932
1,0.20610982
1,0.47967348
1,0.7501789
1,0.99981976
1,0.12545128
1,0.9986498
1,0.14952691
1,1.0
1,0.9996612
1,0.99999404
1,0.65344185
1,0.38231102
1,0.9781501
1,0.67368835
1,0.118117385
1,0.999159
1,0.905818
1,0.99992394
1,0.63088924
1,0.7749854
1,0.9243253
1,0.9999845
1,0.9609992
1,0.9997695
1,0.80265445
1,0.9971725
1,0.8681244
1,0.93570596
1,0.9419584
1,0.16023257
1,0.15117276
1,0.24931262
1,0.5266498
1,0.99913204
1,0.76330656
1,0.99999404
1,0.9995092
1,0.60524416
1,0.27422944
1,0.384285
1,0.43086636
1,0.99946254
1,0.17415008
1,0.9994256
1,0.97028697
1,0.025941866
1,0.9556067
1,0.5858951
1,0.9796778
1,0.82326573
1,0.3500704
1,0.9998398
1,0.3018283
1,0.9755383
1,0.85424113
1,0.9944616
1,0.9783149
1,0.075440235
1,0.91293085
1,0.6683949
1,0.18422346
1,0.33010975
1,0.012267212
1,0.9922508
1,0.5747466
1,0.6658125
1,0.10416866
1,0.9870994
1,0.9707382
1,0.9981797
1,0.08608252
1,0.47584522
1,0.852925
1,0.087425604
1,0.93167603
1,0.99861896
1,0.22107267
1,0.928364
1,0.40671507
1,0.1805514
1,0.27706817
1,0.9318219
1,0.99975413
1,0.026676089
1,0.20571741
1,0.9997024
1,0.44060713
1,0.9999491
1,0.018751908
1,0.9957627
1,0.99951255
1,0.17460844
1,0.08592062
1,0.9176279
1,0.9998796
1,0.7250263
1,0.92349696
1,0.45029357
1,0.99620676
1,0.5586223
1,0.9999764
1,0.4846312
1,0.98523325
1,0.72585076
1,0.9008874
1,0.025658712
1,0.7500921
1,0.37403852
1,0.15987597
1,0.18326041
1,0.04401583
1,0.25570405
1,0.898034
1,0.21917206
1,0.20107184
1,0.11922424
1,0.99991286
1,0.9999993
1,0.0426656
1,0.9997614
1,0.5010957
1,0.99996114
1,0.021559158
1,0.24639052
1,0.9809796
1,0.5296339
1,0.7424075
1,0.9999994
1,0.13557684
1,0.19037743
1,0.986116
1,0.99997544
1,0.04246329
1,0.99990654
1,0.07044465
1,0.34192958
1,0.19550799
1,0.055667873
1,0.903343
1,0.1480497
1,0.9215745
1,0.37835118
1,0.09225085
1,0.80705607
1,0.006635886
1,0.7899345
1,0.99998534
1,0.8907148
1,0.37187532
1,0.9996458
1,0.95913994
1,0.10793904
1,0.99983346
1,0.09353806
1,0.06943035
1,0.99910706
1,0.85473895
1,0.07832188
1,0.1348516
1,0.083638735
1,0.9997181
1,0.017257685
1,0.07136231
1,0.122643165
1,0.19787131
1,0.13085453
1,0.111364186
1,0.09484985
1,0.12941337
1,0.92331684
1,0.058897447
1,0.19843474
1,0.4878172
1,0.84750605
1,0.3423891
1,0.77541083
1,0.43316635
1,0.9986363
1,0.021518491
1,0.25642914
1,0.85205173
1,0.99891955
1,0.18130663
1,0.22303621
1,0.6964405
1,0.08734063
1,0.9811896
1,0.99653023
1,0.9514231
1,0.71883935
1,0.28678697
1,0.30405045
1,0.46513218
1,0.4585739
1,0.984884
1,0.4015499
1,0.6572212
1,0.99138427
1,0.10001008
1,0.061314434
1,0.43184704
1,0.8582927
1,0.32202697
1,0.9993488
1,0.82322335
1,0.999998
1,0.74462247
1,0.28374827
1,0.6532645
1,0.795161
1,0.15155953
1,0.09259647
1,0.12105972
1,0.03059573
1,0.3876782
1,0.28574884
1,0.096180655
0,0.9106768
0,0.7301661
0,0.21397358
0,0.17791481
0,0.3185549
0,0.6129134
0,0.6146985
0,0.7290817
0,0.8321851
0,0.32408446
0,0.41302893
0,0.3804519
0,0.31711984
0,0.36752608
0,0.5115652
0,0.08705507
0,0.16969815
0,0.67236435
0,0.14271593
0,0.6342432
0,0.40156832
0,0.6994092
0,0.41687393
0,0.66822726
0,0.26560217
0,0.107504465
0,0.4979265
0,0.39039078
0,0.55215293
0,0.41872188
0,0.6447102
0,0.6335318
0,0.3655769
0,0.20718874
0,0.62004316
0,0.18293841
0,0.7217493
0,0.48515397
0,0.2314132
0,0.1749026
0,0.36336893
0,0.55344635
0,0.472823
0,0.18163653
0,0.40907884
0,0.64804095
0,0.7567873
0,0.53628474
0,0.6627899
0,0.26404977
0,0.6581705
0,0.99343663
0,0.65807545
0,0.642332
0,0.7744634
0,0.47199667
0,0.7229899
0,0.3514162
0,0.765233
0,0.59026426
0,0.47297612
0,0.31901604
0,0.6376038
0,0.6982068
0,0.66607124
0,0.7902267
0,0.9555439
0,0.61123097
0,0.9560196
0,0.4018105
0,0.5779608
0,0.11377058
0,0.2541349
0,0.58188796
0,0.5885627
0,0.59889174
0,0.45696396
0,0.30977097
0,0.46895888
0,0.68777966
0,0.53797746
0,0.2159516
0,0.15655307
0,0.7014007
0,0.6187072
0,0.32632065
0,0.83638155
0,0.8236717
0,0.77637976
0,0.1966374
0,0.11520787
0,0.39731866
0,0.9786258
0,0.08539367
0,0.77478045
0,0.645892
0,0.5598901
0,0.7272085
0,0.6009288
0,0.6220418
0,0.63058805
0,0.6797349
0,0.6499243
0,0.5858669
0,0.576369
0,0.5484952
0,0.58928317
0,0.62014556
0,0.58108306
0,0.5019771
0,0.2956991
0,0.8851338
0,0.7904237
0,0.91236573
0,0.15532756
0,0.24176383
0,0.58773506
0,0.2887147
0,0.68745065
0,0.7166644
0,0.59457576
0,0.65078855
0,0.60019773
0,0.2312785
0,0.21155058
0,0.984487
0,0.22100529
0,0.5586399
0,0.5098534
0,0.59097934
0,0.3829079
0,0.71414477
0,0.14262511
0,0.47745645
0,0.62928146
0,0.24245474
0,0.542339
0,0.21195202
0,0.113612436
0,0.42473808
0,0.7527276
0,0.50472313
0,0.18420106
0,0.91860974
0,0.40866295
0,0.9132366
0,0.1129332
0,0.6524738
0,0.80641013
0,0.14105427
0,0.6170481
0,0.6326199
0,0.17426051
0,0.5664992
0,0.4864739
0,0.6593769
0,0.36263907
0,0.9213352
0,0.8431236
0,0.75192696
0,0.54277134
0,0.96762747
0,0.22397056
0,0.24011633
0,0.58542395
0,0.20582516
0,0.4085505
0,0.82924324
0,0.37058073
0,0.38678598
0,0.6450951
0,0.63287264
0,0.6149456
0,0.72635293
0,0.3821228
0,0.52725613
0,0.23316352
0,0.14036164
0,0.15931675
0,0.95839643
0,0.20136543
0,0.23616566
0,0.27263102
0,0.2187327
0,0.62087953
0,0.800583
0,0.13355048
0,0.38990203
0,0.13697773
0,0.6042484
0,0.73545045
0,0.5293264
0,0.2381978
0,0.8467377
0,0.57093745
0,0.26743323
0,0.685452
0,0.71608436
0,0.7639143
0,0.12847055
0,0.9393115
0,0.34033808
0,0.42870694
0,0.61533785
0,0.2890883
0,0.20146748
0,0.77930784
0,0.725445
0,0.35024863
0,0.48579797
0,0.12882516
0,0.28265247
0,0.61681217
0,0.6662622
0,0.4105874
0,0.65876245
0,0.176343
0,0.9933116
0,0.26466578
0,0.5505683
0,0.73978525
0,0.62796456
0,0.6867874
0,0.2827489
0,0.45582375
0,0.7405131
0,0.68056524
0,0.20153
0,0.8003673
0,0.65103084
0,0.31892267
0,0.17279267
0,0.60585785
0,0.57496524
0,0.48543578
0,0.5236422
0,0.531013
0,0.6412845
0,0.64465845
0,0.43070173
0,0.65269476
0,0.21838996
0,0.5229836
0,0.8388895
0,0.89312714
0,0.2552602
0,0.3765317
0,0.47218874
0,0.5992343
0,0.5894417
0,0.59881204
0,0.8390606
0,0.4923114
0,0.61979705
0,0.39255542
0,0.42951563
0,0.15736486
0,0.5460912
0,0.039038423
0,0.67637736
0,0.6505983
0,0.2747773
0,0.120138526
0,0.18439886
0,0.1126818
0,0.86659414
0,0.498593
0,0.4875753
0,0.27409855
0,0.5825122
0,0.16983674
0,0.76641333
0,0.23248501
0,0.5475006
0,0.5682395
0,0.15115874
0,0.15911481
0,0.9513587
0,0.51313436
0,0.8005138
0,0.10981807
0,0.28210986
0,0.94736254
0,0.58802646
0,0.6421522
0,0.7806241
0,0.57484436
0,0.47540253
0,0.61728984
0,0.7710213
0,0.80491805
0,0.5751468
0,0.3935695
0,0.69885314
0,0.9324005
0,0.973544
0,0.76330596
0,0.37139696
0,0.7385909
0,0.9130289
0,0.5620217
0,0.9190033
0,0.24945557
0,0.9214454
0,0.85970074
0,0.6483336
0,0.5253326
0,0.94838655
0,0.69256604
0,0.9565738
0,0.6133652
0,0.31007448
0,0.23762356
0,0.10109296
0,0.56382585
0,0.26355848
0,0.6762212
0,0.7323336
0,0.69791526
0,0.7321412
0,0.8021328
0,0.7835278
0,0.42234224
0,0.93173593
0,0.08327964
0,0.17629245
0,0.61271477
0,0.27510118
0,0.5956362
0,0.12838185
0,0.6591831
0,0.57324183
0,0.87857634
0,0.5469673
0,0.29079533
0,0.9469745
0,0.4589416
0,0.28263238
0,0.6754626
0,0.7795228
0,0.2165237
0,0.657945
0,0.6983793
0,0.6977233
0,0.65748644
0,0.24722953
0,0.5084727
0,0.6965129
0,0.6310346
0,0.9657419
0,0.076256916
0,0.7594773
0,0.6337993
0,0.7795332
0,0.5198413
0,0.52866095
0,0.69419235
0,0.513555
0,0.28350812
0,0.6205637
0,0.55487084
0,0.4860295
0,0.2159028
0,0.046236355
0,0.19631168
0,0.24987248
0,0.78852344
0,0.100573346
0,0.37742192
0,0.654769
0,0.7631912
0,0.5212021
0,0.6250237
0,0.5721478
0,0.28321382
0,0.64253277
0,0.66518354
0,0.24201427
0,0.49876946
0,0.11708221
0,0.15425287
0,0.091302894
0,0.50469065
0,0.2631783
0,0.101499766
0,0.42370498
0,0.35796782
0,0.7478404
0,0.31781673
0,0.7587825
0,0.76203287
0,0.17392415
0,0.95289207
0,0.49966905
0,0.78960615
0,0.5681117
0,0.4757127
0,0.37140083
0,0.4647866
0,0.15307961
0,0.054926977
0,0.013730195
0,0.32124758
0,0.6255559
0,0.1465056
0,0.19649959
0,0.121776365
0,0.17491622
0,0.20454875
0,0.96421367
0,0.76640964
0,0.26225793
0,0.15007864
0,0.33668244
0,0.33259088
0,0.60168135
0,0.049711183
0,0.5692088
0,0.073241144
0,0.20692061
0,0.089232296
0,0.35170975
0,0.52802587
0,0.5145822
0,0.22429092
0,0.10779561
0,0.18260151
0,0.331755
0,0.391032
0,0.14792699
0,0.10243307
0,0.05349755
0,0.5782256
0,0.63745433
0,0.6836104
0,0.5244397
0,0.13143866
0,0.540656
0,0.65810525
0,0.11279353
0,0.23535521
0,0.8876366
0,0.13094576
0,0.5112397
0,0.63354427
0,0.7703019
0,0.08184284
0,0.078542605
0,0.6232165
0,0.66658455
0,0.4146479
0,0.23746197
0,0.16669884
0,0.35464936
0,0.37496683
0,0.6415701
0,0.114639856
0,0.07438203
0,0.09007906
0,0.041340657
0,0.030424135
0,0.3479829
0,0.22515696
0,0.12440319
0,0.39310884
0,0.33494887
0,0.202782
0,0.18490481
0,0.43608123
0,0.4149455
0,0.6677855
0,0.5865011
0,0.1956988
0,0.19543205
0,0.13039821
0,0.04452882
0,0.6658098
0,0.6121901
0,0.17681988
0,0.545032
0,0.057602037
0,0.044666942
0,0.556893
0,0.7177697
0,0.69406503
0,0.49324423
0,0.86322844
0,0.10704473
0,0.11221913
0,0.2618198
0,0.5900533
0,0.5688871
0,0.06498942
0,0.9833573
0,0.39786145
0,0.25181818
0,0.287121
0,0.43890533
0,0.3381176
0,0.4662679
0,0.3913526
0,0.54235375
0,0.25393805
0,0.31447887
0,0.21915956
0,0.20957051
0,0.41051218
0,0.5945146
0,0.29154703
0,0.15201174
0,0.3470795
0,0.5434077
0,0.6147848
0,0.11979999
0,0.42273542
0,0.15335432
0,0.0497183
0,0.62166196
0,0.495375
0,0.58169407
0,0.19824213
0,0.13236202
0,0.47072998
0,0.28853175
0,0.66446304
0,0.20327687
0,0.44746622
0,0.2253576
0,0.73358965
0,0.35256806
0,0.1362178
0,0.89539427
0,0.6820843
0,0.18643448
0,0.23086588
0,0.54557544
0,0.39334264
0,0.6816589
0,0.151476
0,0.61208344
0,0.80724436
0,0.05775146
0,0.2499015
0,0.27311444
0,0.09023502
0,0.12548436
0,0.13380373
0,0.3771008
0,0.6409461
0,0.19230153
0,0.44313568
0,0.28886253
0,0.53424585
0,0.36603925
0,0.32081985
0,0.6552658
0,0.6179198
0,0.52068263
0,0.27915797
0,0.663053
0,0.6177132
0,0.5116993
0,0.84278166
0,0.80455196
0,0.5320341
0,0.39121062
0,0.5117095
0,0.0400503
0,0.6358833
0,0.48303095
0,0.37048784
0,0.25363448
0,0.41454577
0,0.56945753
0,0.24429792
0,0.6711906
0,0.09891123
0,0.45981488
0,0.21876583
0,0.05607312
0,0.2641934
0,0.84410655
0,0.5587082
0,0.3174924
0,0.040512174
0,0.5449662
0,0.4735212
0,0.10724944
0,0.10032699
0,0.112599924
0,0.13601062
0,0.52099127
0,0.30296376
0,0.26097733
0,0.06430592
0,0.6379787
0,0.17039649
0,0.100974634
0,0.5593794
0,0.25656745
0,0.6344831
0,0.59303063
0,0.6431535
0,0.124725975
0,0.71849245
0,0.5916497
0,0.5832119
0,0.8046195
0,0.2907876
0,0.6590227
0,0.32745174
0,0.47820657
0,0.11261161
0,0.045876365
0,0.40006655
0,0.6403238
0,0.12629119
0,0.22030236
0,0.717046
0,0.66868347
0,0.43766776
0,0.59591305
0,0.046234045
0,0.19166495
0,0.7965498
0,0.5374967
0,0.6687507
0,0.10373734
0,0.063771695
0,0.15747546
0,0.19103117
0,0.20729859
0,0.6342267
0,0.07151637
0,0.13095921
0,0.4409691
0,0.48950043
0,0.6848394
0,0.07795549
0,0.027456935
0,0.30413023
0,0.55085486
0,0.41749832
0,0.48075604
0,0.08333597
0,0.16224618
0,0.06911322
0,0.27498585
0,0.52877396
0,0.63605124
0,0.0943462
0,0.22750999
0,0.54927117
0,0.24007615
0,0.43998742
0,0.2122908
0,0.16084592
0,0.42084867
0,0.042367104
0,0.11746611
0,0.027528651
0,0.3983372
0,0.6768298
0,0.5105118
0,0.52025145
0,0.58022755
0,0.168851
0,0.06661249
0,0.028985891
0,0.2711953
0,0.3800449
0,0.5484622
0,0.25710157
0,0.87674916
0,0.37484753
0,0.16546337
0,0.5554387
0,0.6098282
0,0.62861294
0,0.16390474
0,0.06338396
0,0.37806597
0,0.22248621
0,0.043790977
0,0.37003002
0,0.37466994
0,0.58922267
0,0.16447383
0,0.035211768
0,0.44882706
0,0.10434417
0,0.49797666
0,0.24742717
0,0.7467973
0,0.5931222
0,0.49685496
0,0.14308007
0,0.11787059
0,0.9705128
0,0.55300987
0,0.1678484
0,0.6754799
0,0.78812283
0,0.16699152
0,0.7502325
0,0.60360926
0,0.65040857
0,0.6529546
0,0.10293327
0,0.18735552
0,0.27993587
0,0.28718385
0,0.3806727
0,0.27025327
0,0.75783366
0,0.6146181
0,0.56849587
0,0.5511388
0,0.6279357
0,0.2674536
0,0.5294405
0,0.051533837
0,0.64270556
0,0.48722848
0,0.45164287
0,0.2869488
0,0.12183721
0,0.26840085
0,0.93803555
0,0.118288875
0,0.45654783
0,0.24917074
0,0.57951224
0,0.43678114
0,0.124062
0,0.15993346
0,0.34298185
0,0.7054161
0,0.298954
0,0.2540155
0,0.2643199
0,0.059947416
0,0.26348332
0,0.49636275
0,0.675902
0,0.8468311
0,0.2092543
0,0.17000894
0,0.65861905
0,0.39810532
0,0.4126112
0,0.34664804
0,0.63650566
0,0.77676815
0,0.82024246
0,0.13977586
0,0.30192372
0,0.2990284
0,0.7938628
0,0.38423282
0,0.74336547
0,0.8951204
0,0.76516616
0,0.78811103
0,0.0684695
0,0.091680884
0,0.10132243
0,0.09614429
0,0.8156009
0,0.7253819
0,0.40206864
0,0.64760846
0,0.09303271
0,0.8994452
0,0.12335846
0,0.17846762
0,0.056861866
0,0.45858157
0,0.5374755
0,0.51577705
0,0.55088294
0,0.12642688
0,0.6334443
0,0.62560356
0,0.89162475
0,0.45519814
0,0.65740114
0,0.54947734
0,0.37326503
0,0.3512278
0,0.48607227
0,0.888771
0,0.28319234
0,0.21843727
0,0.28734645
0,0.5454245
0,0.57381845
0,0.61380917
0,0.69274896
0,0.51308244
0,0.4033779
0,0.9107719
0,0.9202942
0,0.69586927
0,0.64775056
0,0.47204074
0,0.5835248
0,0.5811277
0,0.72313285
0,0.78737897
0,0.59602964
0,0.86315525
0,0.5401055
0,0.5040234
0,0.53578836
0,0.62270516
0,0.72910416
0,0.48726308
0,0.6795395
0,0.65704685
0,0.61853856
0,0.31769502
0,0.74023944
0,0.44013202
0,0.3402514
0,0.6618779
0,0.6697823
0,0.5149678
0,0.39152855
0,0.73905104
0,0.76356316
0,0.83616185
0,0.2844143
0,0.6534375
0,0.07366827
0,0.3891634
0,0.54243994
0,0.9025846
0,0.29694432
0,0.64054763
0,0.63169104
0,0.25302538
0,0.5301185
0,0.64247024
0,0.661561
0,0.67400885
0,0.88167924
0,0.72575724
0,0.7317082
0,0.3483128
0,0.61384183
0,0.12551339
0,0.07863504
0,0.8844376
1,0.34622213
1,0.9840207
1,0.97909063
1,0.9887211
1,0.9996629
1,0.9999465
1,0.99548656
1,0.95891887
1,0.9486644
1,0.99622655
1,0.97170544
1,0.9995103
1,0.9325203
1,0.6841093
1,0.9992495
1,0.9964387
1,0.99783343
1,0.98787594
1,0.7607862
1,0.843366
1,0.9908455
1,0.9979672
1,0.9999591
1,0.9973883
1,0.6016775
1,0.9693908
1,0.8019622
1,0.9994207
1,0.9999994
1,0.99744755
1,0.73833656
1,0.89905816
1,0.7821716
1,0.9997315
1,0.99810946
1,0.99997187
1,0.99995875
1,0.99829847
1,0.96264017
1,0.99090016
1,0.9729283
1,0.99994326
1,0.86063415
1,0.9912347
1,0.959746
1,0.9560199
1,0.9999553
1,0.99443614
1,0.713571
1,0.96603775
1,0.9999373
1,0.99831825
1,0.7726723
1,0.91085577
1,0.98542166
1,0.9997835
1,0.72509223
1,0.94594413
1,0.97940695
1,0.37248513
1,0.8292
1,0.6753609
1,0.5799695
1,0.87986016
1,0.65539485
1,0.99959207
1,0.9999964
1,0.9892658
1,0.97337353
1,0.36973378
1,0.991065
1,0.76766944
1,0.76752275
1,0.8729642
1,0.7062824
1,0.99277407
1,0.99999595
1,0.8694709
1,0.94978076
1,0.97693926
1,0.96253335
1,0.6855337
1,0.9212122
1,0.99962425
1,0.9994541
1,0.99964476
1,0.9957456
1,0.97800416
1,0.66867447
1,0.89625883
1,0.82763326
1,0.90649414
1,0.99991417
1,0.88588125
1,0.66961527
1,0.99128
1,0.8537199
1,0.9999801
1,0.9942875
1,0.7857874
1,0.85768056
1,0.9577749
1,0.69793516
1,0.8052517
1,0.7016477
1,0.9898954
1,0.9947241
1,0.99519557
1,0.9339165
1,0.99855965
1,0.9992082
1,0.9999541
1,0.99417156
1,0.8253032
1,0.7726099
1,0.9993876
1,0.91315275
1,0.68257475
1,0.99543893
1,0.8179196
1,0.99376404
1,0.99657875
1,0.9375976
1,0.9384258
1,0.7591707
1,0.9939753
1,0.99929464
1,0.99880373
1,0.99923
1,0.98375046
1,0.7974725
1,0.98823357
1,0.921351
1,0.6194674
1,0.9999136
1,0.9123165
1,0.9969356
1,0.9997928
1,0.9674463
1,0.6081903
1,0.99933547
1,0.83402705
1,0.857068
1,0.8951987
1,0.7003533
1,0.99751747
1,0.8580414
1,0.7881327
1,0.8797344
1,0.9755804
1,0.76017934
1,0.8591849
1,0.9471289
1,0.99539006
1,0.9999976
1,0.9989242
1,0.8668935
1,0.74698913
1,0.86900944
1,0.67165357
1,0.63066846
1,0.9975756
1,0.89079314
1,0.9419706
1,0.93758744
1,0.9646329
1,0.99991155
1,0.8958241
1,0.808359
1,0.7026515
1,0.9571798
1,0.99998045
1,0.9537712
1,0.7645112
1,0.9681511
1,0.99999726
1,0.9290281
1,0.9369588
1,0.95822674
1,0.9719599
1,0.99999356
1,0.8546742
1,0.5849366
1,0.92809343
1,0.99693644
1,0.9997909
1,0.85442954
1,0.8420084
1,0.7532414
1,0.9997783
1,0.9999604
1,0.98659164
1,0.59941536
1,0.4948416
1,0.89993685
1,0.9993756
1,0.79511446
1,0.70688844
1,0.9214349
1,0.9983134
1,0.9999747
1,0.97190654
1,0.98079795
1,0.7994479
1,0.9897922
1,0.9981583
1,0.9275257
1,0.89562565
1,0.8326849
1,0.9999641
1,0.99909055
1,0.8755812
1,0.98027116
1,0.99970907
1,0.98847324
1,0.7717736
1,0.81693006
1,0.9777255
1,0.999962
1,0.9028824
1,0.96400535
1,0.99999404
1,0.9997613
1,0.9862032
1,0.9136319
1,0.6714829
1,0.7944638
1,0.91300356
1,0.8468269
1,0.73477423
1,0.97961056
1,0.9999031
1,0.9999957
1,0.92396945
1,0.8863853
1,0.9932855
1,0.99998355
1,0.99948573
1,0.7311179
1,0.5533857
1,0.99871016
1,0.9999974
1,0.8848725
1,0.3009733
1,0.8352955
1,0.99998975
1,0.9996388
1,0.9981713
1,0.9090494
1,0.99546623
1,0.9648132
1,0.981973
1,0.7366532
1,0.76301557
1,0.7638117
1,0.9921312
1,0.99545974
1,0.7688288
1,0.89594465
1,0.975937
1,0.9148102
1,0.9382166
1,0.7999534
1,0.99969095
1,0.9999908
1,0.7889784
1,0.7709689
1,0.6107609
1,0.93355346
1,0.9788303
1,0.9999988
1,0.92639023
1,0.9058476
1,0.9787926
1,0.96111953
1,0.99997246
1,0.99985564
1,0.60056627
1,0.9908717
1,0.70501584
1,0.9101066
1,0.8447968
1,0.92076737
1,0.99997365
1,0.999054
1,0.5970928
1,0.6951934
1,0.9999361
1,0.9998039
1,0.985817
1,0.9289245
1,0.9917787
1,0.99800247
1,0.9394753
1,0.99999785
1,0.9393775
1,0.926697
1,0.9140375
1,0.9999881
1,0.99999976
1,0.97549886
1,0.9326674
1,0.9999778
1,0.77259314
1,0.99003303
1,0.60896856
1,0.9988864
1,0.9997588
1,0.66535527
1,0.96359754
1,0.8912994
1,0.8009711
1,0.9999993
1,0.9992613
1,0.8565497
1,0.6505752
1,0.6853773
1,0.98166513
1,0.9998356
1,0.9998013
1,0.9824276
1,0.98760563
1,0.9996775
1,0.9999993
1,0.8373061
1,0.95860857
1,0.99807525
1,0.99594194
1,0.9999937
1,0.9869037
1,0.99860245
1,0.723813
1,0.7695964
1,0.97416705
1,0.74664843
1,0.9999603
1,0.9999846
1,0.99927694
1,0.9835128
1,0.9980286
1,0.96857196
1,0.6347971
1,0.91861796
1,0.8996713
1,0.97089505
1,0.99870133
1,0.8550593
1,0.91068846
1,0.78213805
1,0.9994276
1,0.9979424
1,0.9999354
1,0.99797136
1,0.67016023
1,0.9658676
1,0.99568045
1,0.99999857
1,0.9641578
1,0.8243639
1,0.9689229
1,0.96197695
1,0.999979
1,0.9422845
1,0.7978644
1,0.99471784
1,0.7021498
1,0.99998355
1,0.9938857
1,0.87036794
1,0.9711737
1,0.99398935
1,0.9952299
1,0.6502088
1,0.9999962
1,0.9996159
1,0.9999728
1,0.7185238
1,0.9087442
1,0.99968046
1,0.9999678
1,0.9999505
1,0.91984826
1,0.92095965
1,0.5905353
1,0.62306964
1,0.8844019
1,0.938709
1,0.9921989
1,0.9999994
1,0.978244
1,0.99881244
1,0.9069752
1,0.6984838
1,0.749112
1,0.9294635
1,0.99684
1,0.9954637
1,0.9589655
1,0.9998491
1,0.99285513
1,0.6555672
1,0.9351717
1,0.6440652
1,0.9981497
1,0.9196478
1,0.8565776
1,0.94762385
1,0.9638075
1,0.82287353
1,0.84528786
1,0.8482617
1,0.9999993
1,0.9969643
1,0.78467184
1,0.71126
1,0.72755986
1,0.74536204
1,0.99348533
1,0.98882526
1,0.8053194
1,0.99841726
1,0.90496975
1,0.9648636
1,0.9998969
1,0.92930585
1,0.96208054
1,0.89684963
1,0.80762625
1,0.9445013
1,0.8179324
1,0.7655263
1,0.9918733
1,0.999697
1,0.89703727
1,0.72272307
1,0.8221982
1,0.32234767
1,0.9998207
1,0.99828714
1,0.9428737
1,0.6167189
1,0.94213986
1,0.9996147
1,0.9997385
1,0.99088967
1,0.8274976
1,0.85134095
1,0.87210715
1,0.99775875
1,0.99999714
1,0.9999869
1,0.99807084
1,0.99436224
1,0.9980379
1,0.9875551
1,0.96911037
1,0.9999907
1,0.7528382
1,0.9779263
1,0.9999747
1,0.9905851
1,0.8516778
1,0.9236486
1,0.8765641
1,0.9967264
1,0.98046553
1,0.99912244
1,0.9999995
1,0.9999162
1,0.82558846
1,0.769273
1,0.58914346
1,0.7334497
1,0.7449644
1,0.9986712
1,0.96718687
1,0.9819372
1,0.99999857
1,0.93625927
1,0.97171223
1,0.9342347
1,0.77504134
1,0.9220301
1,0.67482275
1,0.99960506
1,0.99999905
1,0.9922807
1,0.6318305
1,0.8010821
1,0.99379194
1,0.9999938
1,0.99986315
1,0.96430445
1,0.9995898
1,0.99999666
1,0.99999845
1,0.99861395
1,0.90109223
1,0.65738094
1,0.99863046
1,0.9999548
1,0.9999145
1,0.7103734
1,0.7564379
1,0.99666923
1,0.99924016
1,0.99554056
1,0.9999745
1,0.9999683
1,0.99986696
1,0.99730814
1,0.9600151
1,0.99904984
1,0.90030897
1,0.9988907
1,0.99983954
1,0.99168634
1,0.97452885
1,0.79259354
1,0.9966466
1,0.94857585
1,0.99963176
1,0.99469227
1,0.8204699
1,0.9768663
1,0.9872589
1,0.99999225
1,0.9895349
1,0.8961782
1,0.99449223
1,0.9995412
1,0.755657
1,0.8047435
1,0.8613643
1,0.9287157
1,0.9999801
1,0.975722
1,0.7712188
1,0.9919561
1,0.6434524
1,0.91467303
1,0.9997662
1,0.9143099
1,0.6009387
1,0.96224165
1,0.98729706
1,0.9999958
1,0.9973024
1,0.95168483
1,0.95193166
1,0.9856009
1,0.99737763
1,0.9455485
1,0.8509818
1,0.6689371
1,0.997308
1,0.9994368
1,0.9869515
1,0.5471184
1,0.9896433
1,0.70566446
1,0.9523206
1,0.85145724
1,0.97226495
1,0.99980843
1,0.99484146
1,0.99803525
1,0.9967955
1,0.8353818
1,0.8207661
1,0.6648902
1,0.9296723
1,1.0
1,0.6641764
1,0.9999393
1,0.94688463
1,0.869501
1,0.67952687
1,0.92882997
1,0.9840078
1,0.97843826
1,0.98828554
1,0.9883634
1,0.89364964
1,0.9894076
1,0.7088055
1,0.99798524
1,0.92890084
1,0.9477223
1,0.99999106
1,0.9999759
1,0.99998367
1,0.9939315
1,0.99060345
1,0.98804826
1,0.9988362
1,0.99751747
1,0.9944648
1,0.95612854
1,0.71594167
1,0.92827994
1,0.9999832
1,0.99767035
1,0.9999002
1,0.98766553
1,0.99772555
1,0.71628267
1,0.996994
1,0.9976674
1,0.8250808
1,0.99261487
1,0.956344
1,0.99681276
1,0.9997389
1,0.9999968
1,0.9992833
1,0.92267036
1,0.99996257
1,0.9973423
1,0.90712464
1,0.98129684
1,0.99493694
1,0.979384
1,0.50209945
1,0.9878846
1,0.7190352
1,0.94837314
1,0.8761395
1,0.99999404
1,0.9998995
1,0.99999595
1,0.9999999
1,0.69663805
1,0.917617
1,0.9908936
1,0.88720536
1,0.98428357
1,0.9240739
1,0.9938659
1,0.7625756
1,0.9123082
1,0.99999917
1,0.9999794
1,0.9737074
1,0.8259282
1,0.99011797
1,0.9993636
1,0.99727803
1,0.9957113
1,0.99930894
1,0.9978824
1,0.99955887
1,0.9999467
1,0.97261465
1,0.9805429
1,0.9753421
1,0.9999995
1,0.8252016
1,0.8286644
1,0.9992348
1,0.9999976
1,0.9982502
1,0.6167921
1,0.6672033
1,0.9537582
1,0.84394795
1,0.99924004
1,0.5977614
1,0.9393987
1,0.99900144
1,0.9616741
1,0.998544
1,0.7211908
1,0.90149146
1,0.9991961
1,0.9999337
1,0.99997544
1,0.9372369
1,0.61014074
1,0.95828223
1,0.99954015
1,0.966885
1,0.7843812
1,0.91844326
1,0.9828779
1,0.99979436
1,0.99659735
1,0.9868808
1,0.6662776
1,0.99310595
1,0.99997544
1,0.9999906
1,0.9965141
1,0.92949617
1,0.984259
1,0.86319274
1,0.7419611
1,0.90428764
1,0.90425384
1,0.99760985
1,0.8740039
1,0.7921164
1,0.7791228
1,0.89053816
1,0.9999387
1,0.9997884
1,0.8329352
1,0.9676666
1,0.99980915
1,0.99999774
1,0.9937378
1,0.9986682
1,0.9933542
1,0.7260978
1,0.99945384
1,0.71784055
1,0.99604046
1,0.9960628
1,0.999995
1,0.999995
1,0.76160663
1,0.9904549
1,0.9845873
1,0.9997522
1,0.7921372
1,0.72208905
1,0.99948597
1,0.9920372
1,0.7748255
1,0.9979405
1,0.7319431
1,0.7105175
1,0.9998338
1,0.99993885
1,0.64143884
1,0.80349195
1,0.8941127
1,0.99999833
1,0.99999905
1,0.9998914
1,0.7105087
1,0.95873606
1,0.57387865
1,0.9848186
1,0.8246657
1,0.99995434
1,0.99993384
1,0.9992385
1,0.9998661
1,0.9861298
1,0.99881953
1,0.99397963
1,0.8318982
1,0.9944218
1,0.996781
1,0.7270386
1,0.93751055
1,0.99118596
1,0.9864872
1,0.8580505
1,0.99813974
1,0.63636976
1,0.90369457
1,0.9970758
1,0.9999548
1,0.8353126
1,0.5084734
1,0.98843086
1,0.9891669
1,0.649006
1,0.6533919
1,0.99552226
1,0.9999846
1,0.93783975
1,0.7235128
1,0.9072263
1,0.82496506
1,0.88907534
1,0.9999298
1,0.8187053
1,0.9994151
1,0.9983632
1,0.87921226
1,0.7902077
1,0.9999286
1,0.9999993
1,0.7021673
1,0.818436
1,0.9850776
1,0.9997928
1,0.9580291
1,0.8469491
1,0.7576518
1,0.8772819
1,0.9166668
1,0.8458163
1,0.99573815
1,0.9960561
1,0.99948645
1,0.94044304
1,0.98473465
1,0.28153706
1,0.78528845
1,0.96337897
1,0.9999455
1,0.973592
1,0.6705757
1,0.9759554
1,0.8744105
1,0.9999471
1,0.9900602
1,0.92043245
1,0.521208
1,0.85527724
1,0.99886554
1,0.99196833
1,0.95930755
1,0.96132165
1,0.99692816
1,0.9999924
1,0.98689246
1,0.62362427
1,0.7573665
1,0.5779754
1,0.9150311
1,0.99883264
1,0.9934216
1,0.9683564
1,0.6143046
1,0.89164484
1,0.99883515
1,0.97525525
1,0.76438844
1,0.68010616
1,0.95967275
1,0.99999964
1,0.6233108
1,0.8966293
1,0.5779488
1,0.79427254
1,0.9336203
1,0.8105574
1,0.9997984
1,0.99864274
1,0.67633647
1,0.98782974
1,0.99939597
1,0.9999968
1,0.92339754
1,0.8430705
1,0.9999753
1,0.99943596
1,0.7110156
1,0.81461555
1,0.9460089
1,0.9957159
1,0.9338796
1,0.6085821
1,0.99771726
1,0.7354552
1,0.8568224
1,0.99954695
1,0.9995887
1,0.495146
1,0.664512
1,0.80442923
1,0.7548708
1,0.8938228
1,0.98800254
1,0.89495057
1,0.72111017
1,0.8847262
1,0.91029
1,0.9998568
1,0.7849693
1,0.5857808
1,0.99909705
1,0.99938154
1,0.59825015
1,0.9167776
1,0.9787709
1,0.9991699
1,0.9999995
1,0.99826175
1,0.99189234
1,0.99987316
1,0.8322128
1,0.9980001
1,0.96233886
1,0.9308178
1,0.9768123
1,0.98926055
1,0.9999999
1,0.9994813
1,0.9641204
1,0.7053909
1,0.837075
1,0.9999862
1,0.99996126
1,0.2427266
1,0.95335495
1,0.66642845
1,0.9998957
1,0.98226
1,0.6616854
1,0.70105124
1,0.99997056
1,0.99993587
1,0.80455476
1,0.99873346
1,0.77709997
1,0.8208833
1,0.8484002
1,0.8632737
1,0.90217584
1,0.9732038
1,0.99996686
1,0.98647654
1,0.96034294
1,0.9886852
1,0.6537389
1,0.97144115
1,0.9700361
1,0.9999963
1,0.9972789
1,0.9986829
1,0.9917344
1,0.8154504
1,0.68530226
1,0.99953836
1,0.85395193
1,0.9999994
1,0.9903591
1,0.8917687
1,0.89137906
1,0.73708546
1,0.999716
1,0.99995685
1,0.97670364
1,0.93260854
1,0.9513125
1,0.9793403
1,0.9863852
1,0.9480095
1,0.9457802
1,0.9997829
1,0.97213024
1,0.9998281
1,0.99966323
1,0.6071287
1,0.94751734
1,0.9874663
1,0.997903
1,0.9947752
1,0.9822802
1,0.9810767
1,0.99941593
1,0.99999475
1,0.99998295
1,0.9997273
1,0.6941961
1,0.9174754
1,0.8599415
1,0.99948764
1,0.7767854
1,0.97735786
1,0.9125097
1,0.9952345
1,0.99925727
1,0.8141784
1,0.84217596
1,0.6831406
1,0.99588037
1,0.89276993
1,0.99975795
1,0.9110849
1,0.6607975
1,0.93419564
1,0.9999852
1,0.9999995
1,0.97278047
1,0.7422927
1,0.8593503
1,0.9955912
1,0.99999845
1,0.9975278
1,0.71385986
1,0.76842535
1,0.99969333
1,0.937598
1,0.9999176
1,0.9472463
1,0.9194232
1,0.99493456
1,0.7227861
1,0.51741815
1,0.8602998
1,0.8478194
1,0.9313618
1,0.9894694
1,0.7764026
1,0.5861569
1,0.81888396
1,0.99914026
1,0.9997792
1,0.9974588
1,0.9996431
1,0.99329114
1,0.9993893
1,0.9068667
1,0.6332343
1,0.9565643
1,0.9999473
1,0.9998456
1,0.8225356
1,0.56030077
1,0.76287514
1,0.992388
1,0.9999461
1,0.9162946
1,0.9970504
1,0.65099496
1,0.99122214
1,0.77339506
1,0.8413608
1,0.99998856
1,0.9996282
1,0.9970035
1,0.96988654
1,0.7488017
1,0.6038374
1,0.65009564
1,0.56316394
1,0.74299735
1,0.16685906
1,0.98073775
1,0.79230165
1,0.84593624
1,0.87668705
1,0.9983285
1,0.99998295
1,0.9984163
1,0.99978817
1,0.7657536
1,0.99851125
1,0.99992585
1,0.8296631
1,0.8572858
1,0.94177747
1,0.92408997
1,0.45855695
1,0.5695921
1,0.87458414
1,0.80486584
1,0.9583398
1,0.9172195
1,0.65931386
1,0.9956483
1,0.9914909
1,0.9999994
1,0.9768422
1,0.86153024
1,0.97512245
1,0.8802167
1,0.6777934
1,0.99210584
1,0.9870944
1,0.9911225
1,0.5606942
1,0.98665744
1,0.9756281
1,0.9951178
1,0.9986234
1,0.98560447
1,0.99998426
1,0.99999297
1,0.9997688
1,0.8862866
1,0.96235466
1,0.8325483
1,0.9993764
1,0.9998511
1,0.7315619
1,0.60076725
1,0.92635566
1,0.7390395
1,0.9486537
1,0.4007726
1,0.99537337
1,0.9994219
1,0.9944293
1,0.8836593
1,0.8865642
1,0.91419363
1,0.9903619
1,0.99969536
1,0.9999982
1,0.900605
1,0.612625
1,0.8466843
1,0.99808604
1,0.96297777
1,0.999997
1,0.9976252
1,0.9807045
1,0.995038
1,0.99649113
1,0.99981534
1,0.9993106
1,0.7207613
1,0.84314615
1,0.9996027
1,0.99414706
1,0.99699885
1,0.99684745
1,0.9999957
1,0.9997796
1,0.9577145
1,0.9236197
1,0.9829701
1,0.9978752
1,0.9999907
1,0.9988907
1,0.99435526
1,0.99412405
1,0.9308353
1,0.5546324
1,0.69026965
1,0.8849562
1,0.9965372
1,0.99868685
1,0.8456001
1,0.51863796
1,0.9912074
1,0.999998
1,0.99186194
1,0.6019595
1,0.8303261
1,0.62716365
1,0.9367587
1,0.99712604
1,0.9999052
1,0.9999974
1,0.9999999
1,0.9469027
1,0.99913466
1,0.9998152
1,0.99667525
1,0.9998702
1,0.99969524
1,0.9999976
1,0.9948165
1,0.9834544
1,0.9770785
1,0.9991264
1,0.9972005
1,0.9964275
1,0.9977101
1,0.9999999
1,0.99985325
1,0.9998951
1,0.99961257
1,0.99979866
1,0.9996788
1,0.60312486
1,0.6562745
1,0.74624586
1,0.99999976
1,0.99996793
1,0.99891186
1,0.8107989
1,0.9703188
1,0.94204664
1,0.93437254
1,0.9872006
1,0.82103354
1,0.9278783
1,0.9913289
1,0.9998889
1,0.99986935
1,0.96678525
1,0.9915035
1,0.9299615
1,0.993966
1,0.914224
1,0.816832
1,0.69602215
1,0.99999547
1,0.99149233
1,0.8184251
1,0.9549096
1,0.6951633
1,0.80309457
1,0.54451644
1,0.82769036
1,0.99999523
1,0.94249743
1,0.99999857
1,0.90105194
1,0.70917135
1,0.67944366
1,0.9994516
1,0.72239035
1,0.8891725
1,0.7053789
1,0.99980664
1,0.99999976
1,0.62292236
1,0.9382735
1,0.88751066
1,0.9999995
1,0.42069462
1,0.8117576
1,0.9965468
1,0.9941626
1,0.79768914
1,0.69376445
1,0.9985196
1,0.99998593
1,0.9999933
1,0.75953895
1,0.99573296
1,0.99411535
1,0.99997306
1,0.92838585
1,0.6902288
1,0.9998628
1,0.99998426
1,0.99998105
1,0.57620674
1,0.76583517
1,0.8839799
1,0.9996172
1,0.9585008
1,0.9778772
1,0.9959113
1,0.95737493
1,0.9914069
1,0.999992
1,0.9970751
1,0.9997748
1,0.98405564
1,0.92246914
1,0.9997827
1,0.9999982
1,0.99874145
1,0.99999857
1,0.97502226
1,0.81689703
1,0.9831025
1,0.99997807
1,0.9993469
1,0.99999857
1,0.99998724
1,0.974373
1,0.8581051
1,0.99924344
1,0.9990809
1,0.7862468
1,0.8610441
1,0.99650395
1,0.99988604
1,0.9999968
1,0.9977488
1,0.74094975
1,0.9765742
1,0.96398854
1,0.99988997
1,0.9688903
1,0.99993944
1,0.999966
1,0.9994017
1,0.99999654
1,0.9993156
1,0.99709654
1,0.9973968
1,0.97129154
1,0.5059705
1,0.9142279
1,0.99872106
1,0.99917454
1,0.9990256
1,0.78588396
1,0.6879796
1,0.9842387
1,0.816645
1,0.88809127
1,0.5231939
1,0.9111682
1,0.9938717
1,0.72205883
1,0.9975247
1,0.99890494
1,0.8030081
1,0.7358756
1,0.98580486
1,0.9909711
1,0.99995804
1,0.9636373
1,0.7209369
1,0.9710075
1,0.9999784
1,0.99975485
1,0.7104635
1,0.99623007
1,0.9999181
1,0.99999726
1,0.8518667
1,0.493436
1,0.96942383
1,0.99960625
1,0.99999523
1,0.99690276
1,0.6618751
1,0.79518104
1,0.9381438
1,0.90183777
1,0.6765139
1,0.9999393
1,0.9928825
1,0.6974239
1,0.8887746
1,0.9184975
1,0.98148435
1,0.94140935
1,0.8470299
1,0.8387853
1,0.6119214
1,0.99982524
1,0.6775764
1,0.9626645
1,0.98728555
1,0.9998685
1,0.9998754
1,0.8158016
1,0.7670959
1,0.70558685
1,0.64469683
1,0.86232716
1,0.92052126
1,0.99987507
1,0.99984336
1,0.9901283
1,0.9962781
1,0.6008037
1,0.9930448
1,0.9939953
1,0.98880625
1,0.97568285
1,0.9990066
1,0.9993333
1,0.9999876
1,0.97949046
1,0.99635917
1,0.9964048
1,0.99971884
1,0.99999
1,0.99996984
1,0.94933295
1,0.97026604
1,0.99853086
1,0.9438707
1,0.9997809
1,0.987225
1,0.9830122
1,0.99521655
1,0.9677944
1,0.99833655
1,0.8060064
1,0.9510091
1,0.99997735
1,0.99999607
1,0.99913347
1,0.6484315
1,0.87743413
1,0.94321626
1,0.846705
1,0.69811344
1,0.9542101
1,0.3278661
1,0.90817106
1,0.76851946
1,0.9897719
1,0.8355552
1,0.99986863
1,0.99389535
1,0.70585644
1,0.9999914
1,0.9756081
1,0.99999535
1,0.76003325
1,0.99976057
1,0.9979825
1,0.99999475
1,0.9985733
1,0.9999708
1,0.9987432
1,0.9999113
1,0.999571
1,0.76130027
1,0.81517017
1,0.57590044
1,0.8934405
1,0.9999691
1,0.9962044
1,0.7359936
1,0.9499736
1,0.66399544
1,0.89668244
1,0.88257957
1,0.8648524
1,0.68708056
1,0.9837937
1,0.99935037
1,0.9999256
1,0.8048591
1,0.7751028
1,0.99961734
1,0.98406607
1,0.9998853
1,0.9974904
1,0.9999981
1,0.9958037
1,0.95617694
1,0.9907744
1,0.99603605
1,0.99736977
1,0.9998596
1,0.99931777
1,0.7102755
1,0.9378471
1,0.8312595
1,0.6877111
1,0.9971801
1,0.99999607
1,0.9999726
1,0.86706936
1,0.6339591
1,0.82406163
1,0.78122616
1,0.99592775
1,0.8645708
1,0.63595754
1,0.8335397
1,0.85520756
1,0.99999905
1,0.75949645
1,0.9165807
1,0.8727392
1,0.9969537
1,0.99937475
1,0.9607212
1,0.99999607
1,0.9929715
1,0.9937389
1,0.9999988
1,0.9853345
1,0.90942186
1,0.81810564
1,0.8060012
1,0.53753
1,0.9743561
1,0.8782398
1,0.7171209
1,0.9996874
1,0.99212205
1,0.40973574
1,0.7306773
1,0.9999981
1,0.9241029
1,0.8427132
1,0.9540759
1,0.5921624
1,0.9116324
1,0.39393988
1,0.99991727
1,0.9998933
1,0.59293395
1,0.9999844
1,0.99708384
1,0.9989205
1,0.9999945
1,0.9958839
1,0.74925137
1,0.9980026
1,0.99856997
1,0.99726474
1,0.98681957
1,0.8222575
1,0.9258105
1,0.97931826
1,0.99995327
1,0.9977977
1,0.7009373
1,0.6769125
1,0.6764038
1,0.9845249
1,0.97892475
1,0.95455325
1,0.8887338
1,0.9999832
1,0.9964288
1,0.9949256
1,0.6799831
1,0.99758863
1,0.760371
1,0.8420274
1,0.7569515
1,0.9999846
1,0.8731339
1,0.8972148
1,0.9411467
1,0.9999912
1,0.9999629
1,0.9695411
1,0.893956
1,0.4555731
1,0.9475542
1,0.91394776
1,0.9996845
1,0.9424676
1,0.7996212
1,0.8593471
1,0.8161617
1,0.94198656
1,0.9949814
1,0.9993181
1,0.73548424
1,0.80962604
1,0.9891655
1,0.898121
1,0.7039404
1,0.9997533
1,0.9487407
1,0.9825539
1,0.7359088
1,0.9812951
1,0.9999999
1,0.81723714
1,0.98308927
1,0.8740887
1,0.9992863
1,0.9999677
1,0.9995158
1,0.976253
1,0.72056705
1,0.9589795
1,0.37272584
1,0.91259664
1,0.9910756
1,0.9996294
1,0.8085719
1,0.9979088
1,0.9963691
1,0.93738437
1,0.9950323
1,0.9683042
1,0.97804135
1,0.70987993
1,0.99092954
1,0.9861351
1,0.9715704
1,0.9999883
1,0.99851805
1,0.60950404
1,0.65431523
1,0.69347864
1,0.77678025
1,0.88169736
1,0.9940786
1,0.80196005
1,0.99543834
1,0.9997966
1,0.9939884
1,0.94741946
1,0.90303594
1,0.95807856
1,0.9978174
1,0.9999931
1,0.789532
1,0.8687869
1,0.99848735
1,0.99987936
1,0.96109235
1,0.943354
1,0.9079556
1,0.96495926
1,0.99980605
1,0.8719022
1,0.55192167
1,0.8091061
1,0.6878486
1,0.98022825
1,0.9965591
1,0.99827313
1,0.99999595
1,0.99999833
1,0.9991899
1,0.9975044
1,0.9900051
1,0.8329993
1,0.9978775
1,0.9942261
1,0.9997383
1,0.8665202
1,0.9986173
1,0.7204502
1,0.99606305
1,0.99999523
1,0.9986638
1,0.98443073
0,0.7586431
0,0.09401057
0,0.13388431
0,0.6681048
0,0.50363326
0,0.3301291
0,0.1618237
0,0.6602825
0,0.2678351
0,0.5659411
0,0.6376733
0,0.25488323
0,0.5875809
0,0.3550977
0,0.7584366
0,0.6727921
0,0.62498873
0,0.30638173
0,0.5271593
0,0.5021642
0,0.09750739
0,0.628409
0,0.62410104
0,0.65218
0,0.70274013
0,0.10217695
0,0.11448646
0,0.60417694
0,0.55273706
0,0.32091868
0,0.9798908
0,0.092137374
0,0.25195557
0,0.5118483
0,0.270491
0,0.61551064
0,0.1499818
0,0.88007903
0,0.43037307
0,0.63345176
0,0.6588385
0,0.19197491
0,0.6263059
0,0.09264713
0,0.6429959
0,0.9163661
0,0.64040947
0,0.0744094
0,0.18770072
0,0.44835246
0,0.64434433
0,0.53890204
0,0.17445984
0,0.99012464
0,0.8166278
0,0.39999926
0,0.6816193
0,0.7722361
0,0.46531418
0,0.19081083
0,0.9728256
0,0.27605352
0,0.6657262
0,0.28275397
0,0.8280628
0,0.6270019
0,0.9712771
0,0.52897006
0,0.64454514
0,0.4707785
0,0.9605057
0,0.5394601
0,0.39589715
0,0.6810486
0,0.5904342
0,0.9171527
0,0.94999146
0,0.82648355
0,0.09951787
0,0.8594965
0,0.11859082
0,0.46000162
0,0.23449294
0,0.45107028
0,0.68726647
0,0.63315755
0,0.5980078
0,0.07953936
0,0.4509695
0,0.59051955
0,0.58461714
0,0.6894238
0,0.28025493
0,0.31611732
0,0.5851676
0,0.2749156
0,0.5336415
0,0.3971593
0,0.13916047
0,0.6279517
0,0.5230885
0,0.2689495
0,0.5289084
0,0.4777449
0,0.028057221
0,0.8266425
0,0.8521454
0,0.46553606
0,0.6838018
0,0.83499146
0,0.80919677
0,0.43867347
0,0.6276758
0,0.6152692
0,0.4226964
0,0.27457184
0,0.98284405
0,0.54329956
0,0.6761588
0,0.5827901
0,0.22325876
0,0.6677831
0,0.49281403
0,0.3697982
0,0.18897521
0,0.7181438
0,0.3063151
0,0.6921623
0,0.62464
0,0.37172106
0,0.51929086
0,0.27684137
0,0.44690838
0,0.6096841
0,0.2739727
0,0.35954857
0,0.3847887
0,0.41983008
0,0.32669815
0,0.60460913
0,0.70154345
0,0.3929499
0,0.6114778
0,0.513514
0,0.18075803
0,0.31083262
0,0.13616225
0,0.6599687
0,0.5390702
0,0.5499776
0,0.19104119
0,0.60053843
0,0.53107655
0,0.14946555
0,0.3557004
0,0.8027526
0,0.7779432
0,0.12516674
0,0.3382196
0,0.66642576
0,0.6728593
0,0.7539303
0,0.9087031
0,0.5579481
0,0.5075
0,0.29652086
0,0.5847838
0,0.60904413
0,0.5036325
0,0.5971581
0,0.18080623
0,0.3220366
0,0.5671284
0,0.5562393
0,0.04920519
0,0.43929595
0,0.34819055
0,0.610731
0,0.8844748
0,0.68142104
0,0.38951653
0,0.540478
0,0.18350703
0,0.86542225
0,0.19644384
0,0.9917419
0,0.43590036
0,0.9981176
0,0.3499047
0,0.36108625
0,0.5713865
0,0.23243986
0,0.5339228
0,0.1434532
0,0.646575
0,0.058195885
0,0.5163385
0,0.43827766
0,0.17030469
0,0.13102104
0,0.50351757
0,0.9296071
0,0.12625164
0,0.42087552
0,0.4230321
0,0.20078097
0,0.5545811
0,0.38532695
0,0.20293906
0,0.55188966
0,0.0777271
0,0.06276509
0,0.44981024
0,0.2675472
0,0.48112187
0,0.20931052
0,0.15119411
0,0.27256852
0,0.5217419
0,0.15322858
0,0.6723559
0,0.36128074
0,0.7096086
0,0.07846028
0,0.40016297
0,0.049596094
0,0.5223937
0,0.96311516
0,0.6491822
0,0.61227643
0,0.39259696
0,0.4754708
0,0.24635062
0,0.33130676
0,0.7073869
0,0.27326962
0,0.49405235
0,0.048050348
0,0.12127105
0,0.2791034
0,0.3932382
0,0.6548092
0,0.50739944
0,0.6303286
0,0.7043269
0,0.49453777
0,0.7312203
0,0.29801536
0,0.08352537
0,0.20273398
0,0.1203939
0,0.269503
0,0.13378975
0,0.6174439
0,0.34142536
0,0.4657013
0,0.5044523
0,0.5595934
0,0.59697235
0,0.46665516
0,0.87382984
0,0.32563475
0,0.61868364
0,0.19090535
0,0.17763273
0,0.78462386
0,0.54581195
0,0.6979897
0,0.48937568
0,0.2090298
0,0.55731654
0,0.58151156
0,0.4842879
0,0.38903266
0,0.17141005
0,0.5925202
0,0.14293656
0,0.7623651
0,0.42760223
0,0.31726912
0,0.7496585
0,0.48467356
0,0.42356676
0,0.82930917
0,0.11609764
0,0.10817455
0,0.31584933
0,0.5280686
0,0.06425642
0,0.2741563
0,0.14449783
0,0.09863294
0,0.16559292
0,0.17636526
0,0.27281162
0,0.1872585
0,0.78885525
0,0.22137263
0,0.4017811
0,0.61505723
0,0.2310301
0,0.48697218
0,0.14671089
0,0.18689737
0,0.15508032
0,0.01765469
0,0.5087397
0,0.32877928
0,0.07867692
0,0.100034975
0,0.036977503
0,0.31664875
0,0.111430936
0,0.29725018
0,0.6321147
0,0.48376316
0,0.29473343
0,0.37291896
0,0.2659826
0,0.42189157
0,0.6134665
0,0.39786416
0,0.07880234
0,0.51404256
0,0.37709236
0,0.20423505
0,0.21471554
0,0.6237214
0,0.18484102
0,0.19493113
0,0.24642706
0,0.30678907
0,0.18502766
0,0.30328003
0,0.17655814
0,0.70120275
0,0.48576716
0,0.48232144
0,0.34756392
0,0.20185839
0,0.4465696
0,0.1444772
0,0.26056758
0,0.06580043
0,0.53385013
0,0.057963073
0,0.17141354
0,0.53371686
0,0.27053484
0,0.45028058
0,0.4890743
0,0.34384438
0,0.5097235
0,0.46636924
0,0.33780116
0,0.12807761
0,0.4073988
0,0.22126219
0,0.5518424
0,0.391742
0,0.70373756
0,0.1349674
0,0.4137246
0,0.27599207
0,0.08887228
0,0.5220015
0,0.31530675
0,0.31170052
0,0.11695271
0,0.48691553
0,0.59278905
0,0.33425197
0,0.20827475
0,0.2584414
0,0.38985738
0,0.19377793
0,0.8477174
0,0.936851
0,0.5557406
0,0.6494739
0,0.36685768
0,0.2797217
0,0.23011862
0,0.12339541
0,0.48336878
0,0.06302002
0,0.081329405
0,0.072954096
0,0.57369506
0,0.20491351
0,0.19261251
0,0.3595248
0,0.2313835
0,0.41177285
0,0.09355927
0,0.6228705
0,0.20467538
0,0.615356
0,0.20798133
0,0.5599626
0,0.038019054
0,0.19287112
0,0.693114
0,0.15726696
0,0.5929574
0,0.12043836
0,0.44189045
0,0.19385734
0,0.1896686
0,0.3520604
0,0.11891572
0,0.2353247
0,0.12559418
0,0.22625972
0,0.109156
0,0.35729247
0,0.096924014
0,0.49892727
0,0.36656183
0,0.54978275
0,0.18680573
0,0.43605372
0,0.56919473
0,0.30565137
0,0.34101042
0,0.11939488
0,0.5524957
0,0.17843962
0,0.056543566
0,0.5220904
0,0.033667315
0,0.3336146
0,0.046208844
0,0.37488565
0,0.44208542
0,0.47140464
0,0.17612846
0,0.58380324
0,0.16945615
0,0.050677247
0,0.8333737
0,0.04338136
0,0.26563975
0,0.5561461
0,0.23888431
0,0.16867302
0,0.93537295
0,0.44725952
0,0.67566454
0,0.4989433
0,0.46552846
0,0.1247939
0,0.4955081
0,0.44479123
0,0.5955334
0,0.5062167
0,0.27697188
0,0.2150852
0,0.35476416
0,0.2097544
0,0.16559197
0,0.471024
0,0.6959978
0,0.5556612
0,0.27891245
0,0.8504597
0,0.4668304
0,0.8947478
0,0.9997253
0,0.5130673
0,0.24964187
0,0.24466209
0,0.72193986
0,0.5884839
0,0.6441385
0,0.24509145
0,0.56469005
0,0.63737667
0,0.54591453
0,0.7130659
0,0.49219412
0,0.6722184
0,0.62635005
0,0.38296655
0,0.59483767
0,0.7036884
0,0.677505
0,0.5154372
0,0.6859484
0,0.6544935
0,0.19369861
0,0.22812434
0,0.5561266
0,0.33929282
0,0.7252817
0,0.3030919
0,0.5745514
0,0.9281053
0,0.90418404
0,0.92347276
0,0.3330343
0,0.19665107
0,0.33947942
0,0.5708579
0,0.13841622
0,0.6523864
0,0.51298064
0,0.28695434
0,0.17832063
0,0.045397136
0,0.056345064
0,0.5277973
0,0.26403287
0,0.1127211
0,0.6253385
0,0.57360876
0,0.5449296
0,0.49604997
0,0.13819338
0,0.7648565
0,0.35668302
0,0.86622834
0,0.2427357
0,0.3576715
0,0.49762926
0,0.33650118
0,0.48983577
0,0.04430522
0,0.6660022
0,0.13041127
0,0.6853219
0,0.63521665
0,0.72537357
0,0.327162
0,0.55040425
0,0.65227944
0,0.23210447
0,0.024157498
0,0.30948415
0,0.095195435
0,0.266562
0,0.37561357
0,0.4318397
0,0.108195394
0,0.9724199
0,0.61649996
0,0.9788583
0,0.9872617
0,0.16747516
0,0.8276522
0,0.6156182
0,0.49486724
0,0.18542905
0,0.24667965
0,0.56460005
0,0.29605135
0,0.117063306
0,0.15479673
0,0.108178444
0,0.89076203
0,0.28575048
0,0.6709289
0,0.6259034
0,0.32293388
0,0.29206574
0,0.19017056
0,0.32266104
0,0.7871353
0,0.33549768
0,0.6768661
0,0.082017586
0,0.752104
0,0.5153862
0,0.51151603
0,0.91424525
0,0.06647849
0,0.6532655
0,0.1540776
0,0.10866012
0,0.56208336
0,0.3240645
0,0.5879425
0,0.17527609
0,0.97081804
0,0.6838979
0,0.49534038
0,0.80102825
0,0.37887692
0,0.076173015
0,0.31889784
0,0.23795131
0,0.73906994
0,0.21646367
0,0.07781567
0,0.59427285
0,0.058111057
0,0.48525506
0,0.21196727
0,0.41995484
0,0.62110186
0,0.23001024
0,0.9376024
0,0.24273221
0,0.062009476
0,0.1907858
0,0.19425963
0,0.8092151
0,0.671869
0,0.63217396
0,0.31286514
0,0.88120383
0,0.89819837
0,0.52956617
0,0.8723249
0,0.5494351
0,0.09131017
0,0.25548494
0,0.26301667
0,0.49655685
0,0.20731458
0,0.58910257
0,0.11866836
0,0.7090745
0,0.8109104
0,0.40576607
0,0.9528017
0,0.83884436
0,0.9041776
0,0.48016208
0,0.0992958
0,0.78469455
0,0.07010386
0,0.1284137
0,0.12319315
0,0.25745425
0,0.7648599
0,0.5341782
0,0.61281055
0,0.59688276
0,0.5683737
0,0.63902605
0,0.23290202
0,0.9145435
0,0.3860024
0,0.58244205
0,0.17994519
0,0.69029915
0,0.6337373
0,0.05288738
0,0.11901463
0,0.33360127
0,0.43955466
0,0.535714
0,0.41812226
0,0.69159204
0,0.3393128
0,0.33204213
0,0.22189802
0,0.5946722
0,0.08221035
0,0.061602987
0,0.06605609
0,0.51221454
0,0.5772666
0,0.10823826
0,0.5331814
0,0.68833315
0,0.41485545
0,0.34586382
0,0.2959975
0,0.9594437
0,0.48778754
0,0.6000261
0,0.21359113
0,0.14351851
0,0.32680643
0,0.113326736
0,0.05848743
0,0.113381386
0,0.6308903
0,0.6600802
0,0.55757076
0,0.21618477
0,0.6774388
0,0.48374698
0,0.390477
0,0.37289944
0,0.63799286
0,0.06282304
0,0.6813615
0,0.15011606
0,0.6678942
0,0.07473895
0,0.7306919
0,0.566076
0,0.9951562
0,0.11664072
0,0.13840573
0,0.16313903
0,0.019009983
0,0.24697387
0,0.19916067
0,0.77491254
0,0.7576781
0,0.6487714
0,0.62991434
0,0.77956975
0,0.92163604
0,0.11394766
0,0.101993695
0,0.96225744
0,0.59243464
0,0.7123202
0,0.6751562
0,0.12001391
0,0.72165495
0,0.9545655
0,0.36893317
0,0.5210891
0,0.76879066
0,0.20941396
0,0.13359109
0,0.42744347
0,0.38299143
0,0.20387183
0,0.39995056
0,0.7500545
0,0.17501298
0,0.057493966
0,0.056955535
0,0.31296542
0,0.47232404
0,0.38629758
0,0.3171839
0,0.2708285
0,0.06363154
0,0.060171265
0,0.07135372
0,0.09243268
0,0.13402055
0,0.12618032
0,0.47038472
0,0.38697475
0,0.39403054
0,0.29269576
0,0.26431143
0,0.16560633
0,0.8008751
0,0.22354327
0,0.085485846
0,0.20885634
0,0.57009965
0,0.097700685
0,0.7186029
0,0.108726636
0,0.67693967
0,0.23775114
0,0.15817752
0,0.04756636
0,0.39560947
0,0.042454064
0,0.14001134
0,0.2064712
0,0.034852717
0,0.58590204
0,0.4642423
0,0.2864362
0,0.079059325
0,0.038972046
0,0.69325286
0,0.35573995
0,0.06345565
0,0.2897759
0,0.683957
0,0.45084462
0,0.116446234
0,0.2394837
0,0.25203574
0,0.5785659
0,0.079671666
0,0.60528874
0,0.21218204
0,0.47775844
0,0.59803385
0,0.27242762
0,0.08248954
0,0.5123708
0,0.081889115
0,0.31721392
0,0.7103328
0,0.137887
0,0.08721183
0,0.3995059
0,0.6049758
0,0.63680905
0,0.3586036
0,0.26183236
0,0.6677337
0,0.25276396
0,0.51073205
0,0.6258475
0,0.74942636
0,0.21718344
0,0.6043107
0,0.48225185
0,0.8718511
0,0.61292493
0,0.5126454
0,0.34187153
0,0.22589093
0,0.9732967
0,0.6175103
0,0.6262736
0,0.4405275
0,0.4705988
0,0.2381761
0,0.09375682
0,0.0758343
0,0.5386729
0,0.21656632
0,0.6689195
0,0.12697513
0,0.57622695
0,0.31850982
0,0.31065223
0,0.29585087
0,0.33367658
0,0.36258548
0,0.22019324
0,0.7650437
0,0.24554625
0,0.19969213
0,0.351971
0,0.34014124
0,0.42616776
0,0.5648556
0,0.15214962
0,0.08430247
0,0.10751724
0,0.98441666
0,0.5402349
0,0.09069924
0,0.19654773
0,0.13401201
0,0.056215018
0,0.18870331
0,0.051448695
0,0.51944697
0,0.063483775
0,0.3686522
0,0.110349655
0,0.10984004
0,0.12648442
0,0.08851205
0,0.060034446
0,0.22574936
0,0.24883921
0,0.15853977
0,0.5051226
0,0.22443035
0,0.0932607
0,0.56378996
0,0.46887589
0,0.060716253
0,0.7900046
0,0.43621108
0,0.77888554
0,0.4416366
0,0.1840009
0,0.22635624
0,0.47963905
0,0.23973447
0,0.25996247
0,0.49453062
0,0.15680887
0,0.49873695
0,0.067840375
0,0.048906986
0,0.34633163
0,0.092693806
0,0.07381225
0,0.4949216
0,0.3281306
0,0.15411021
0,0.38911775
0,0.46065804
0,0.20995572
0,0.05350779
0,0.5773492
0,0.1612519
0,0.22373258
0,0.0854623
0,0.019526944
0,0.6404757
0,0.31709892
0,0.46201771
0,0.48064616
0,0.049709223
0,0.30823672
0,0.23515576
0,0.083985664
0,0.37792042
0,0.11868976
0,0.7509172
0,0.042331696
0,0.58510375
0,0.13550995
0,0.6529803
0,0.10528339
0,0.05325942
0,0.090064324
0,0.629118
0,0.8280113
0,0.5918785
0,0.050209098
0,0.03620134
0,0.17791541
0,0.34381735
0,0.8142701
0,0.23674548
0,0.51297045
0,0.35512862
0,0.20910874
0,0.15572336
0,0.35921732
0,0.674201
0,0.16833203
0,0.5649485
0,0.1229026
0,0.317323
0,0.68179214
0,0.110931456
0,0.10555657
0,0.55354273
0,0.6898178
0,0.7627312
0,0.49675626
0,0.32908627
0,0.6749969
0,0.22988363
0,0.104836725
0,0.06904492
0,0.35841647
0,0.86426055
0,0.43713516
0,0.7324119
0,0.57481164
0,0.6359743
0,0.40238696
0,0.66807634
0,0.22349122
0,0.47060883
0,0.13634793
0,0.545151
0,0.4209682
0,0.55019957
0,0.106011875
0,0.24753113
0,0.35707024
0,0.083088875
0,0.6371118
0,0.18128382
0,0.72749484
0,0.15271173
0,0.4818524
0,0.41808733
0,0.2214564
0,0.3024239
0,0.037682444
0,0.07411366
0,0.2039822
0,0.045960806
0,0.3699662
0,0.08823574
0,0.06706764
0,0.11334886
0,0.99135536
0,0.38363478
0,0.44121537
0,0.7393697
0,0.049943104
0,0.6388982
0,0.24094926
0,0.26359704
0,0.07652001
0,0.09149972
0,0.6400704
0,0.3973644
0,0.5992737
0,0.4157173
0,0.28847694
0,0.06613317
0,0.25257415
0,0.6688332
0,0.6318884
0,0.38363326
0,0.67167556
0,0.1928939
0,0.47224855
0,0.20744552
0,0.12551337
0,0.2839776
0,0.17487356
0,0.6610895
0,0.22528327
0,0.2321791
0,0.31228426
0,0.14397308
0,0.1333587
0,0.08606326
0,0.0970811
0,0.1114109
0,0.53815824
0,0.109822385
0,0.1150402
0,0.61031425
0,0.3643039
0,0.60508823
0,0.621948
0,0.9955305
0,0.6621012
0,0.16388202
0,0.10633316
0,0.30936378
0,0.5602343
0,0.3819951
0,0.47460848
0,0.46770003
0,0.637557
0,0.81676364
0,0.49672338
0,0.6864307
0,0.46274573
0,0.81562924
0,0.29567102
0,0.56934613
0,0.157617
0,0.6792618
0,0.58496726
0,0.1975766
0,0.17074454
0,0.24108858
0,0.15452987
0,0.5189498
0,0.64705926
0,0.53124547
0,0.81502885
0,0.516496
0,0.31515816
0,0.7577912
0,0.8250394
0,0.6389052
0,0.8014252
0,0.42102718
0,0.21068583
0,0.70558286
0,0.40223563
0,0.6618357
0,0.8986125
0,0.5798532
0,0.20821138
0,0.48664594
0,0.68059605
0,0.47246155
0,0.50614816
0,0.23530315
0,0.46231195
0,0.636446
0,0.5994818
0,0.74462134
0,0.69029486
0,0.26530254
0,0.39578912
0,0.21180585
0,0.39025497
0,0.6120372
0,0.16081744
0,0.59529394
0,0.44796827
0,0.24476187
0,0.47603777
0,0.1502504
0,0.7151149
0,0.6201779
0,0.20742072
0,0.65693665
0,0.11806681
0,0.551972
0,0.069099635
0,0.19077939
0,0.2522057
0,0.17652038
0,0.56360453
0,0.15067664
0,0.57076937
0,0.24000524
0,0.7373288
0,0.13818657
0,0.24586737
0,0.6749172
0,0.44321012
0,0.5162557
0,0.4772726
0,0.28948995
0,0.6414372
0,0.62387013
0,0.6897706
0,0.467203
0,0.54252267
0,0.3190514
0,0.6125673
0,0.59339553
0,0.83644766
0,0.60945773
0,0.77014613
0,0.14018935
0,0.76815295
0,0.25037277
0,0.22762652
0,0.36274502
0,0.15345044
0,0.18775412
0,0.4231541
0,0.7212404
0,0.28899437
0,0.48643237
0,0.527015
0,0.95500726
0,0.7009821
0,0.366949
0,0.15619346
0,0.67148465
0,0.14366648
0,0.567853
0,0.10772161
0,0.8528541
0,0.16169901
0,0.6089473
0,0.850374
0,0.52227235
0,0.65710723
0,0.548177
0,0.5572639
0,0.56279707
0,0.1201369
0,0.50551003
0,0.54487306
0,0.24585322
0,0.18472826
0,0.6930023
0,0.5985906
0,0.76198834
0,0.96590894
0,0.63972986
0,0.09134612
0,0.6134924
0,0.2511155
0,0.8605826
0,0.36312997
0,0.54163706
0,0.46985728
0,0.6244405
0,0.1114929
0,0.9646278
0,0.5108401
0,0.45198074
0,0.3564055
0,0.47281095
0,0.8649494
0,0.57564425
0,0.80790156
0,0.80338085
0,0.68903154
0,0.29157603
0,0.33035746
0,0.59042025
0,0.1910131
0,0.61175567
0,0.44008255
0,0.5643534
0,0.70692945
0,0.5469932
0,0.6438305
0,0.6705389
0,0.8214672
0,0.62209034
0,0.6175733
0,0.1727634
0,0.51038927
0,0.12062636
0,0.6026814
0,0.39701036
0,0.6191882
0,0.65071887
0,0.4250972
0,0.2702116
0,0.19525841
0,0.39849448
0,0.4534665
0,0.22758494
0,0.458287
0,0.39245588
0,0.48592472
0,0.20960335
0,0.15118101
0,0.45360208
0,0.30850428
0,0.27993175
0,0.14384276
0,0.18932961
0,0.71297336
0,0.22734372
0,0.2128512
0,0.52186877
0,0.4840555
0,0.6641925
0,0.8301019
0,0.3096228
0,0.52313983
0,0.61375266
0,0.37024
0,0.337185
0,0.42306215
0,0.39328003
0,0.89431685
0,0.23235856
0,0.20951869
0,0.6020207
0,0.5584476
0,0.3605833
0,0.64639
0,0.3444695
0,0.627305
0,0.14045604
0,0.45509303
0,0.6103408
0,0.1973736
0,0.96477616
0,0.5184513
0,0.6469798
0,0.68909544
0,0.4810207
0,0.28054228
0,0.28053188
0,0.08841974
0,0.114853725
0,0.61423075
0,0.6275861
0,0.8897865
0,0.652995
0,0.03976163
0,0.31802854
0,0.4919318
0,0.10918556
0,0.18049
0,0.55963916
0,0.9763974
0,0.79552436
0,0.7422312
0,0.5067047
0,0.85190284
0,0.6934457
0,0.5452815
0,0.7179493
0,0.66966873
0,0.16375278
0,0.45055443
0,0.6194807
0,0.5710509
0,0.6334108
0,0.4543859
0,0.9003601
0,0.6060991
0,0.4600319
0,0.9265653
0,0.52964985
0,0.9574504
0,0.5934722
0,0.14410615
0,0.93758273
0,0.4953363
0,0.6031227
1,0.99999917
1,1.0
1,0.9981717
1,1.0
1,1.0
1,1.0
1,0.9999999
1,1.0
1,1.0
1,1.0
1,1.0
1,1.0
1,1.0
1,1.0
1,0.9999981
1,1.0
1,1.0
1,1.0
1,1.0
1,1.0
1,1.0
1,1.0
1,1.0
1,1.0
1,1.0
1,1.0
1,0.9999809
1,0.99999976
1,1.0
1,1.0
1,0.9999988
1,0.99995816
1,1.0
1,1.0
1,0.9191033
1,0.9999932
1,1.0
1,1.0
1,1.0
1,1.0
1,1.0
1,0.9999993
1,1.0
1,1.0
1,1.0
1,1.0
1,0.99999905
1,1.0
1,1.0
1,1.0
1,1.0
1,1.0
1,1.0
1,1.0
1,1.0
1,0.99999917
1,1.0
1,1.0
1,1.0
1,1.0
1,1.0
1,1.0
1,1.0
1,1.0
1,1.0
1,0.99999166
1,0.99741864
1,0.9999076
1,0.9999999
1,1.0
1,1.0
1,0.9999999
1,1.0
1,1.0
1,1.0
1,1.0
1,1.0
1,1.0
1,1.0
1,1.0
1,1.0
1,1.0
1,1.0
1,1.0
1,1.0
1,0.99999976
1,1.0
1,0.9999999
1,1.0
1,0.9999999
1,1.0
1,0.9999943
1,1.0
1,1.0
1,1.0
1,1.0
1,1.0
1,1.0
1,1.0
1,0.99995685
1,0.99912256
1,1.0
1,1.0
1,1.0
1,1.0
1,0.9999999
1,1.0
1,1.0
1,1.0
1,1.0
1,1.0
1,1.0
1,1.0
1,1.0
1,1.0
1,0.99999976
1,1.0
1,1.0
1,1.0
1,0.9999989
1,1.0
1,1.0
1,1.0
1,1.0
1,1.0
1,1.0
1,1.0
1,1.0
1,1.0
1,1.0
1,1.0
1,1.0
1,0.79096144
1,0.9999831
1,1.0
1,1.0
1,1.0
1,1.0
1,1.0
1,1.0
1,1.0
1,1.0
1,1.0
1,1.0
1,1.0
1,1.0
1,1.0
1,0.99999976
1,1.0
1,1.0
1,1.0
1,1.0
1,1.0
1,1.0
1,1.0
1,1.0
1,1.0
1,1.0
1,1.0
1,1.0
1,1.0
1,0.99999833
1,1.0
1,1.0
1,1.0
1,0.9978314
1,1.0
1,1.0
1,1.0
1,1.0
1,1.0
1,1.0
1,1.0
1,1.0
1,1.0
1,1.0
1,1.0
1,1.0
1,1.0
1,1.0
1,1.0
1,1.0
1,1.0
1,0.9999763
1,1.0
1,1.0
1,0.99999976
1,1.0
1,1.0
1,1.0
1,1.0
1,1.0
1,1.0
1,1.0
1,1.0
1,1.0
1,1.0
1,1.0
1,0.8679937
1,1.0
1,1.0
1,1.0
1,1.0
1,1.0
1,0.9999999
1,0.9999999
1,0.9999989
1,1.0
1,1.0
1,1.0
1,1.0
1,1.0
1,1.0
1,1.0
1,1.0
1,1.0
1,0.9999975
1,0.9999999
1,1.0
1,1.0
1,1.0
1,1.0
1,1.0
1,1.0
1,1.0
1,1.0
1,1.0
1,1.0
1,1.0
1,1.0
1,1.0
1,1.0
1,0.9639471
1,1.0
1,1.0
1,1.0
1,1.0
1,1.0
1,0.9999943
1,0.9999964
1,1.0
1,1.0
1,0.999979
1,0.9999994
1,1.0
1,1.0
1,1.0
1,1.0
1,1.0
1,1.0
1,1.0
1,1.0
1,1.0
1,1.0
1,1.0
1,1.0
1,1.0
1,0.99999964
1,1.0
1,1.0
1,1.0
1,1.0
1,1.0
1,0.99999785
1,0.99227905
1,1.0
1,1.0
1,1.0
1,0.9999993
1,1.0
1,1.0
1,1.0
1,1.0
1,0.99999964
1,1.0
1,1.0
1,1.0
1,1.0
1,0.999747
1,1.0
1,1.0
1,1.0
1,1.0
1,1.0
1,1.0
1,1.0
1,0.999995
1,1.0
1,1.0
1,1.0
1,1.0
1,1.0
1,1.0
1,1.0
1,1.0
1,0.9999994
1,1.0
1,0.98047286
1,1.0
1,1.0
1,0.9999999
1,1.0
1,1.0
1,1.0
1,1.0
1,0.9999982
1,1.0
1,1.0
1,1.0
1,0.99999976
1,1.0
1,1.0
1,1.0
1,1.0
1,1.0
1,0.9999999
1,1.0
1,1.0
1,1.0
1,1.0
1,1.0
1,1.0
1,1.0
1,0.99999976
1,1.0
1,1.0
1,1.0
1,1.0
1,1.0
1,1.0
1,0.75660574
1,1.0
1,1.0
1,1.0
1,1.0
1,1.0
1,1.0
1,1.0
1,1.0
1,1.0
1,1.0
1,1.0
1,1.0
1,1.0
1,1.0
1,1.0
1,1.0
1,0.99999976
1,1.0
1,1.0
1,1.0
1,1.0
1,1.0
1,1.0
1,1.0
1,1.0
1,1.0
1,1.0
1,1.0
1,1.0
1,1.0
1,1.0
1,1.0
1,0.9813756
1,1.0
1,1.0
1,1.0
1,1.0
1,1.0
1,1.0
1,1.0
1,0.9999999
1,1.0
1,1.0
1,0.9996176
1,1.0
1,1.0
1,1.0
1,0.9999999
1,1.0
1,1.0
1,1.0
1,1.0
1,1.0
1,1.0
1,1.0
1,1.0
1,1.0
1,1.0
1,1.0
1,1.0
1,0.99999976
1,1.0
1,1.0
1,1.0
1,0.9999926
1,0.9999931
1,0.9996264
1,1.0
1,1.0
1,1.0
1,0.9999999
1,1.0
1,0.9999981
1,1.0
1,1.0
1,0.9999999
1,1.0
1,1.0
1,1.0
1,1.0
1,1.0
1,1.0
1,1.0
1,1.0
1,1.0
1,1.0
1,0.99999976
1,1.0
1,1.0
1,1.0
1,0.99999976
1,0.9999999
1,1.0
1,1.0
1,1.0
1,1.0
1,1.0
1,0.99999774
1,0.9914357
1,1.0
1,1.0
1,1.0
1,1.0
1,1.0
1,1.0
1,1.0
1,1.0
1,1.0
1,1.0
1,1.0
1,1.0
1,0.9999989
1,1.0
1,1.0
1,1.0
1,1.0
1,0.9999999
1,1.0
1,1.0
1,0.9999999
1,1.0
1,1.0
1,1.0
1,1.0
1,0.9999995
1,1.0
1,1.0
1,1.0
1,1.0
1,1.0
1,1.0
1,0.9901328
1,1.0
1,1.0
1,0.9999988
1,1.0
1,1.0
1,1.0
1,0.99999595
1,1.0
1,1.0
1,1.0
1,1.0
1,1.0
1,1.0
1,1.0
1,1.0
1,1.0
1,1.0
1,1.0
1,1.0
1,1.0
1,1.0
1,1.0
1,1.0
1,1.0
1,1.0
1,1.0
1,0.9999999
1,1.0
1,1.0
1,1.0
1,0.9999995
1,1.0
1,0.99923897
1,1.0
1,1.0
1,1.0
1,0.9999993
1,1.0
1,1.0
1,1.0
1,1.0
1,1.0
1,1.0
1,1.0
1,1.0
1,1.0
1,1.0
1,1.0
1,0.99997985
1,1.0
1,1.0
1,1.0
1,1.0
1,1.0
1,1.0
1,1.0
1,1.0
1,0.9999999
1,1.0
1,1.0
1,1.0
1,1.0
1,1.0
1,1.0
1,1.0
1,0.99999964
1,0.77126455
1,1.0
1,1.0
1,1.0
1,1.0
1,1.0
1,1.0
1,1.0
1,1.0
1,1.0
1,1.0
1,1.0
1,1.0
1,1.0
1,1.0
1,1.0
1,0.9999994
1,1.0
1,1.0
1,1.0
1,0.9999999
1,1.0
1,1.0
1,1.0
1,1.0
1,1.0
1,1.0
1,1.0
1,1.0
1,1.0
1,1.0
1,1.0
1,1.0
1,0.9833831
1,0.9999999
1,1.0
1,0.9999993
1,1.0
1,1.0
1,1.0
1,1.0
1,0.99999666
1,1.0
1,1.0
1,1.0
1,1.0
1,1.0
1,1.0
1,1.0
1,1.0
1,1.0
1,1.0
1,1.0
1,1.0
1,1.0
1,1.0
1,1.0
1,1.0
1,1.0
1,1.0
1,1.0
1,1.0
1,1.0
1,0.9999999
1,1.0
1,1.0
1,0.8144476
1,0.9999995
1,0.99999034
1,1.0
1,1.0
1,1.0
1,0.9999994
1,1.0
1,1.0
1,1.0
1,1.0
1,1.0
1,0.9999999
1,1.0
1,1.0
1,1.0
1,1.0
1,1.0
1,0.9999995
1,1.0
1,1.0
1,0.99999964
1,1.0
1,1.0
1,1.0
1,1.0
1,1.0
1,1.0
1,1.0
1,1.0
1,1.0
1,1.0
1,0.9999759
1,0.9992731
1,0.9999995
1,1.0
1,1.0
1,1.0
1,1.0
1,1.0
1,0.99999976
1,1.0
1,0.9999999
1,1.0
1,1.0
1,1.0
1,1.0
1,1.0
1,1.0
1,1.0
1,1.0
1,0.9999999
1,0.9999994
1,1.0
1,1.0
1,1.0
1,1.0
1,1.0
1,1.0
1,1.0
1,1.0
1,1.0
1,1.0
1,1.0
1,1.0
1,0.9992782
1,0.756316
1,1.0
1,1.0
1,1.0
1,1.0
1,1.0
1,1.0
1,1.0
1,0.99999964
1,1.0
1,1.0
1,1.0
1,1.0
1,1.0
1,1.0
1,1.0
1,1.0
1,0.9999995
1,1.0
1,1.0
1,1.0
1,1.0
1,1.0
1,1.0
1,1.0
1,1.0
1,1.0
1,1.0
1,1.0
1,1.0
1,0.9999889
1,1.0
1,1.0
1,0.9972313
1,1.0
1,1.0
1,1.0
1,1.0
1,1.0
1,1.0
1,1.0
1,1.0
1,1.0
1,1.0
1,1.0
1,0.99999905
1,1.0
1,1.0
1,1.0
1,1.0
1,1.0
1,1.0
1,1.0
1,1.0
1,1.0
1,1.0
1,1.0
1,1.0
1,0.99999964
1,1.0
1,1.0
1,0.9999988
1,1.0
1,1.0
1,1.0
1,1.0
1,0.8323059
1,0.99999475
1,0.9999975
1,1.0
1,1.0
1,1.0
1,1.0
1,1.0
1,1.0
1,0.99991655
1,0.99999595
1,1.0
1,1.0
1,0.9999999
1,1.0
1,1.0
1,1.0
1,1.0
1,1.0
1,0.9999999
1,1.0
1,1.0
1,1.0
1,1.0
1,1.0
1,1.0
1,0.99994445
1,1.0
1,1.0
1,1.0
1,1.0
1,1.0
1,1.0
1,1.0
1,0.9997594
1,0.9999926
1,1.0
1,1.0
1,1.0
1,1.0
1,1.0
1,1.0
1,1.0
1,1.0
1,1.0
1,0.99999976
1,1.0
1,1.0
1,1.0
1,1.0
1,1.0
1,1.0
1,0.99999905
1,1.0
1,1.0
1,1.0
1,0.9999993
1,1.0
1,1.0
1,1.0
1,0.9999958
1,1.0
1,1.0
1,1.0
1,1.0
1,0.9999987
0,0.6146295
0,0.70724523
0,0.34945053
0,0.06902434
0,0.68177074
0,0.21113364
0,0.100283876
0,0.113135815
0,0.07040492
0,0.33985752
0,0.6489538
0,0.16223067
0,0.4353378
0,0.11449829
0,0.5637491
0,0.52447075
0,0.47371453
0,0.2610724
0,0.07892517
0,0.36117515
0,0.6142305
0,0.50206685
0,0.11570033
0,0.65678734
0,0.8099293
0,0.6620747
0,0.27115187
0,0.21562554
0,0.69852144
0,0.58938676
0,0.27222252
0,0.30797252
0,0.06301217
0,0.25811395
0,0.23866548
0,0.6773864
0,0.44319776
0,0.1268579
0,0.09306616
0,0.30978796
0,0.6078107
0,0.12981868
0,0.3454407
0,0.37884298
0,0.88840604
0,0.76547104
0,0.5919156
0,0.54072326
0,0.14503066
0,0.8671877
0,0.23905706
0,0.34308293
0,0.22904749
0,0.24589582
0,0.19544649
0,0.4914727
0,0.26235253
0,0.13740034
0,0.046708107
0,0.47192007
0,0.15013
0,0.10781629
0,0.4264397
0,0.22127916
0,0.106804624
0,0.5283752
0,0.024709614
0,0.12063408
0,0.9314082
0,0.043809276
0,0.30970445
0,0.52604264
0,0.13680421
0,0.13603295
0,0.465144
0,0.17059945
0,0.30161238
0,0.6564644
0,0.3552767
0,0.39194247
0,0.037733167
0,0.13008209
0,0.47417516
0,0.4307349
0,0.52157813
0,0.106522836
0,0.62585646
0,0.50105107
0,0.5650742
0,0.3128607
0,0.82535434
0,0.3593013
0,0.09073653
0,0.21839751
0,0.2825328
0,0.19034283
0,0.28837445
0,0.42625344
0,0.38574237
0,0.6459661
0,0.084152766
0,0.118842915
0,0.14452323
0,0.10177833
0,0.27219236
0,0.65795904
0,0.13479434
0,0.18109338
0,0.0875531
0,0.5912507
0,0.69603
0,0.10936523
0,0.10820715
0,0.9616642
0,0.48383525
0,0.613899
0,0.8174703
0,0.924824
0,0.19089602
0,0.2882332
0,0.14762187
0,0.56491524
0,0.27812204
0,0.08484132
0,0.2327781
0,0.18169329
0,0.11936903
0,0.59374285
0,0.2505178
0,0.17435889
0,0.22662306
0,0.5291938
0,0.6151234
0,0.22698885
0,0.35848042
0,0.6684089
0,0.6433455
0,0.060071044
0,0.032202184
0,0.7095597
0,0.20057872
0,0.20311378
0,0.42268738
0,0.6208734
0,0.25257322
0,0.45187572
0,0.11299094
0,0.2997004
0,0.15505806
0,0.39468366
0,0.090937324
0,0.111627065
0,0.23322877
0,0.22081122
0,0.031017853
0,0.32514894
0,0.96308315
0,0.3299356
0,0.8845319
0,0.43209258
0,0.17439154
0,0.23894326
0,0.04074726
0,0.09118971
0,0.28673348
0,0.11494398
0,0.636546
0,0.2879968
0,0.11602636
0,0.30628893
0,0.5783055
0,0.15111594
0,0.80283
0,0.39257225
0,0.46603274
0,0.1409029
0,0.4974634
0,0.424042
0,0.100599185
0,0.31872717
0,0.6492268
0,0.25232443
0,0.10032712
0,0.10627689
0,0.16045418
0,0.74418813
0,0.43455794
0,0.79302955
0,0.18594627
0,0.23454429
0,0.25168785
0,0.39491972
0,0.13062726
0,0.114608616
0,0.12511441
0,0.15504447
0,0.62558734
0,0.62956816
0,0.57035285
0,0.4061133
0,0.057067692
0,0.5826371
0,0.62534815
0,0.5549391
0,0.3778204
0,0.76362485
0,0.27782226
0,0.16616642
0,0.61824536
0,0.08658584
0,0.08228486
0,0.31441292
0,0.3479182
0,0.4231475
0,0.55397344
0,0.490135
0,0.06276013
0,0.18512273
0,0.10401085
0,0.09019267
0,0.5226521
0,0.15208694
0,0.61171615
0,0.15710562
0,0.7244779
0,0.30522183
0,0.8573494
0,0.79086673
0,0.3009778
0,0.17553805
0,0.10384663
0,0.45483926
0,0.6238654
0,0.59644246
0,0.17651473
0,0.4209215
0,0.05762029
0,0.12903394
0,0.5465959
0,0.3287476
0,0.6858516
0,0.1511463
0,0.39536
0,0.07582852
0,0.3607041
0,0.11731875
0,0.5048677
0,0.75891006
0,0.16052213
0,0.3903044
0,0.04305986
0,0.5004863
0,0.5651281
0,0.16272503
0,0.7045489
0,0.13688345
0,0.32565576
0,0.6720071
0,0.099092245
0,0.2119453
0,0.10167165
0,0.49474528
0,0.7358733
0,0.6397929
0,0.15460657
0,0.56939465
0,0.06267844
0,0.9922977
0,0.59127957
0,0.7459149
0,0.30233338
0,0.38307947
0,0.12971438
0,0.037007842
0,0.3586957
0,0.6276947
0,0.37750974
0,0.6183384
0,0.5769014
0,0.19788031
0,0.3465902
0,0.57672405
0,0.76475984
0,0.438767
0,0.035174895
0,0.5356271
0,0.05592678
0,0.57527024
0,0.6017215
0,0.16230944
0,0.04457632
0,0.9519487
0,0.12115226
0,0.05839612
0,0.12816574
0,0.122140676
0,0.26622245
0,0.11357404
0,0.081700295
0,0.4068918
0,0.051293146
0,0.12238359
0,0.49939182
0,0.060010877
0,0.023832316
0,0.407522
0,0.17287625
0,0.2895702
0,0.441795
0,0.54641056
0,0.088471904
0,0.24453688
0,0.2792172
0,0.77245593
0,0.19575982
0,0.11063192
0,0.049880058
0,0.062124744
0,0.061103243
0,0.76582974
0,0.26282185
0,0.22325328
0,0.70659447
0,0.56926566
0,0.29287404
0,0.20526601
0,0.6039018
0,0.18215312
0,0.086542785
0,0.09866622
0,0.040774662
0,0.16704331
0,0.51898766
0,0.5865177
0,0.4484084
0,0.6928491
0,0.62002194
0,0.26448134
0,0.7667186
0,0.028313557
0,0.09491918
0,0.6162607
0,0.7891733
0,0.09625385
0,0.21842398
0,0.34450525
0,0.53368753
0,0.29895893
0,0.671525
0,0.03559647
0,0.99134177
0,0.050268274
0,0.105746716
0,0.15135396
0,0.61765516
0,0.096114084
0,0.82727164
0,0.6538958
0,0.6057592
0,0.23579498
0,0.2653429
0,0.1418655
0,0.344449
0,0.6409341
0,0.11585231
0,0.34850514
0,0.17164549
0,0.20807846
0,0.49485573
0,0.44087616
0,0.36789677
0,0.56702954
0,0.23767416
0,0.8565259
0,0.12360735
0,0.6041852
0,0.31779817
0,0.1982251
0,0.55550736
0,0.25591248
0,0.56422025
0,0.45566997
0,0.08754927
0,0.06669175
0,0.87977815
0,0.05976133
0,0.50240326
0,0.096619375
0,0.56749165
0,0.1164036
0,0.2677868
0,0.44476208
0,0.3252937
0,0.12999158
0,0.53693557
0,0.5942758
0,0.3881952
0,0.5050762
0,0.306146
0,0.39879826
0,0.4936122
0,0.59894276
0,0.7082863
0,0.1931876
0,0.20578066
0,0.54723257
0,0.17487371
0,0.24552748
0,0.26338333
0,0.11744224
0,0.032468382
0,0.27220294
0,0.050849345
0,0.10206255
0,0.24276184
0,0.62275934
0,0.2598181
0,0.2667269
0,0.16019426
0,0.36158672
0,0.12906422
0,0.10039726
0,0.117599264
0,0.62797
0,0.6727813
0,0.4260496
0,0.101650216
0,0.15121849
0,0.18665263
0,0.1520976
0,0.1332524
0,0.4703475
0,0.117000185
0,0.042807415
0,0.17706263
0,0.042094816
0,0.11269936
0,0.22486721
0,0.7136104
0,0.095450655
0,0.119324245
0,0.063249424
0,0.9851283
0,0.20767038
0,0.67951035
0,0.78204566
0,0.25902903
0,0.03376255
0,0.06635001
0,0.20039585
0,0.14156727
0,0.13900232
0,0.12916361
0,0.35542944
0,0.15195888
0,0.17478575
0,0.5633958
0,0.14184433
0,0.56306136
0,0.4758991
0,0.117570445
0,0.29386377
0,0.02312675
0,0.078157336
0,0.073605165
0,0.21555445
0,0.24487355
0,0.03532877
0,0.4732734
0,0.728299
0,0.8268926
0,0.14383109
0,0.41398567
0,0.073857546
0,0.490736
0,0.6202443
0,0.7271625
0,0.16888283
0,0.20803824
0,0.26343992
0,0.13020217
0,0.082504965
0,0.30951992
0,0.32890612
0,0.095526375
0,0.092981875
0,0.0371016
0,0.6760013
0,0.11096127
0,0.39715216
0,0.5868254
0,0.06737194
0,0.5808454
0,0.34561586
0,0.5437691
0,0.013509372
0,0.098449975
0,0.33719078
0,0.56515753
0,0.74084395
0,0.7813478
0,0.22885403
0,0.16831347
0,0.65531653
0,0.36517784
0,0.12559658
0,0.49656138
0,0.09105065
0,0.067536585
0,0.33186743
0,0.8271234
0,0.19089055
0,0.5876703
0,0.87576914
0,0.66403484
0,0.5565729
0,0.04201632
0,0.17437649
0,0.0733931
0,0.6615036
0,0.17074093
0,0.06056653
0,0.19528274
0,0.073312126
0,0.11873458
0,0.25813627
0,0.12062836
0,0.276536
0,0.0370433
0,0.20531587
0,0.12289301
0,0.20188956
0,0.14189205
0,0.08637505
0,0.12968381
0,0.6238722
0,0.26854408
0,0.34736362
0,0.7053337
0,0.5619429
0,0.33497688
0,0.7008442
0,0.22788383
0,0.10883495
0,0.22402787
0,0.584827
0,0.3158198
0,0.12890525
0,0.18380876
0,0.5448645
0,0.034755263
0,0.23011087
0,0.68208116
0,0.46122465
0,0.76056564
0,0.047223587
0,0.2266922
0,0.7393818
0,0.29107907
0,0.45346054
0,0.16072398
0,0.4970525
0,0.024055002
0,0.5084732
0,0.06782517
0,0.11657701
0,0.20753095
0,0.23715456
0,0.91876537
0,0.045599062
0,0.09103964
0,0.26328847
0,0.050803907
0,0.04345857
0,0.87112325
0,0.3046499
0,0.39673272
0,0.18896574
0,0.120076425
0,0.6583651
0,0.31685585
0,0.22180653
0,0.7015051
0,0.100265294
0,0.26189846
0,0.06509254
0,0.47590068
0,0.1454184
0,0.36053246
0,0.038135063
0,0.4631319
0,0.054199852
0,0.5740864
0,0.06135234
0,0.49040714
0,0.3798231
0,0.6157632
0,0.2154418
0,0.53280944
0,0.051044237
0,0.6659688
0,0.63737214
0,0.6351372
0,0.058706462
0,0.59901404
0,0.27540073
0,0.12205412
0,0.43784767
0,0.66131455
0,0.9974107
0,0.13246611
0,0.55705214
0,0.43109834
0,0.3561268
0,0.62952995
0,0.07866669
0,0.08072375
0,0.099543475
0,0.25827098
0,0.87740135
0,0.18413909
0,0.5724329
0,0.12536752
0,0.62899625
0,0.61436355
0,0.05085618
0,0.477635
0,0.7218336
0,0.6656548
0,0.36024556
0,0.038344007
0,0.12080767
0,0.6025841
0,0.4404806
0,0.23542944
0,0.13997199
0,0.34596232
0,0.09740685
0,0.48469144
0,0.0331075
0,0.04618395
0,0.5861168
0,0.37949535
0,0.50744337
0,0.15322506
0,0.7417865
0,0.65446603
0,0.5857945
0,0.12789477
0,0.25423446
0,0.90949804
0,0.32414496
0,0.76421195
0,0.386899
0,0.47594535
0,0.61547756
0,0.29564768
0,0.12705345
0,0.57541704
0,0.97132987
0,0.77609026
0,0.160352
0,0.43502474
0,0.69836074
0,0.605493
0,0.48074645
0,0.58711207
0,0.761999
0,0.6414697
0,0.37528172
0,0.5659457
0,0.13360433
0,0.1907835
0,0.5016867
0,0.8102481
0,0.5418263
0,0.9093899
0,0.69812113
0,0.3523838
0,0.31194335
0,0.50775045
0,0.5331268
0,0.18634272
0,0.25239158
0,0.21210448
0,0.0513179
0,0.04877289
0,0.46011356
0,0.60711014
0,0.82513356
0,0.62969935
0,0.6491597
0,0.1086956
0,0.3891139
0,0.50850624
0,0.21177481
0,0.105302684
0,0.37499472
0,0.39835706
0,0.7127311
0,0.6322194
0,0.094565876
0,0.48004326
0,0.77463853
0,0.57884014
0,0.62793547
0,0.67917126
0,0.39645317
0,0.53899753
0,0.13875957
0,0.7640127
0,0.90635276
0,0.7336569
0,0.48417193
0,0.9362927
0,0.4215757
0,0.55871046
0,0.51462525
0,0.67771876
0,0.26576805
0,0.1582464
0,0.59971017
0,0.25815982
0,0.50854963
0,0.6872807
0,0.65672785
0,0.3780237
0,0.39578888
0,0.8076003
0,0.9938798
0,0.53993803
0,0.8519633
0,0.57337004
0,0.4443548
0,0.9922139
0,0.8343563
0,0.10527584
0,0.81570107
0,0.6407012
0,0.7422658
0,0.64098334
0,0.9802067
0,0.38010505
0,0.68609875
0,0.17564744
0,0.12519242
0,0.5036207
0,0.26330647
0,0.6354717
0,0.55706537
0,0.21962853
0,0.8882676
0,0.12574504
0,0.24818842
0,0.6134305
0,0.6486294
0,0.74391705
0,0.81514686
0,0.9545872
0,0.40675527
0,0.6346153
0,0.14885227
0,0.5025548
0,0.051609382
0,0.09413651
0,0.90361315
0,0.68817395
0,0.4743265
0,0.40631562
0,0.20578846
0,0.66574603
0,0.9827047
0,0.15296076
0,0.54317725
0,0.4794892
0,0.16055815
0,0.1993348
0,0.77211374
0,0.7728632
0,0.7074599
0,0.10680861
0,0.12633216
0,0.6160562
0,0.5182543
0,0.7568437
0,0.2019081
0,0.13192931
0,0.4984272
0,0.63340366
0,0.13244641
0,0.75827837
0,0.48463872
0,0.9471122
0,0.18891372
0,0.39906272
0,0.24113588
0,0.092557564
0,0.66102344
0,0.8189492
0,0.6062886
0,0.9328685
0,0.14102612
0,0.19817996
0,0.11547807
0,0.35813582
0,0.71238095
0,0.14834023
0,0.28962737
0,0.24669868
0,0.20971914
0,0.7321242
0,0.56973916
0,0.69160795
0,0.22396138
0,0.3209607
0,0.2988841
0,0.5556763
0,0.46226385
0,0.5606204
0,0.05922324
0,0.6673998
0,0.2632226
0,0.70089006
0,0.25775182
0,0.56568223
0,0.16089666
0,0.8545722
0,0.30848747
0,0.449258
0,0.12346149
0,0.3772933
0,0.6067791
0,0.60531485
0,0.48704454
0,0.3697243
0,0.34207723
0,0.20318429
0,0.35859105
0,0.18706131
0,0.87189496
0,0.4830804
0,0.06297256
0,0.44066212
0,0.50628096
0,0.951078
0,0.76617855
0,0.60098743
0,0.22248428
0,0.1763076
0,0.6154879
0,0.5627333
0,0.11119012
0,0.51603246
0,0.5866861
0,0.49831304
0,0.89049387
0,0.13815293
0,0.5204631
0,0.36161453
0,0.22633499
0,0.10147941
0,0.008638132
0,0.3381909
0,0.57428575
0,0.07513662
0,0.6846172
0,0.64929473
0,0.32507634
0,0.49426848
0,0.4506736
0,0.58221525
0,0.362683
0,0.52711385
0,0.2902885
0,0.60814345
0,0.059108283
0,0.24968083
0,0.48969525
0,0.3528329
0,0.15799682
0,0.29443753
0,0.096533276
0,0.4145435
0,0.06256066
0,0.25640616
0,0.14483255
0,0.44117445
0,0.60207784
0,0.8592107
0,0.44675264
0,0.18242525
0,0.57179725
0,0.08279168
0,0.5784126
0,0.286221
0,0.7015497
0,0.114720516
0,0.9945651
0,0.056139257
0,0.47156656
0,0.9143825
0,0.1648408
0,0.31280854
0,0.27769226
0,0.6544913
0,0.47912848
1,0.9290322
1,0.8145627
0,0.5973323
1,0.13588221
1,0.95477176
1,0.7961684
0,0.677718
0,0.44832
1,0.34900373
1,0.95034856
0,0.24092883
0,0.39070696
1,0.7848848
1,0.6618525
0,0.36786515
0,0.60914207
1,0.9529995
1,0.686428
0,0.54675484
1,0.47615257
1,0.97978574
1,0.788991
0,0.2916059
1,0.16325292
1,0.9253869
0,0.29478648
0,0.25801337
1,0.6174175
1,0.9315514
0,0.60052574
1,0.6092357
1,0.92342776
1,0.24833202
0,0.10770942
1,0.6049501
1,0.9647838
0,0.96972454
0,0.2735134
0,0.22883156
1,0.91788965
1,0.8199321
0,0.23283827
1,0.5912351
1,0.94550157
0,0.18288888
0,0.119506165
1,0.69417584
1,0.94169503
0,0.2618826
0,0.21630913
1,0.6306494
1,0.88195544
0,0.06278492
0,0.4646592
1,0.4668545
1,0.95346373
0,0.10153739
0,0.6544302
1,0.8109205
1,0.9904563
0,0.44286075
0,0.2847164
1,0.9448552
1,0.58614755
0,0.2564477
0,0.8279846
0,0.6107104
1,0.96795136
1,0.65325874
0,0.30633655
1,0.122584134
1,0.96199214
0,0.45276505
0,0.62067366
1,0.7522271
1,0.97165054
0,0.44395465
0,0.5348231
1,0.74292743
1,0.60657847
0,0.3187055
0,0.35091552
1,0.9617714
1,0.81376463
0,0.6992447
1,0.7279725
1,0.8650422
0,0.14527369
0,0.19257757
1,0.89827806
1,0.92156875
0,0.16766556
0,0.21019879
1,0.75489736
1,0.5876426
0,0.7364442
0,0.72762376
1,0.5770071
1,0.9709254
1,0.6906939
0,0.25606588
1,0.5900963
1,0.91459066
0,0.5170821
0,0.501393
1,0.97951734
1,0.9246114
0,0.55570036
0,0.27031922
1,0.8630652
1,0.60931
0,0.31945357
1,0.5357196
1,0.92826825
1,0.6165008
0,0.8279955
1,0.1764613
1,0.94656044
1,0.54897225
0,0.7608059
1,0.60259223
1,0.98536694
0,0.45720968
0,0.24455145
1,0.8142552
1,0.8245752
0,0.68780285
0,0.11878871
0,0.13210973
1,0.8084167
1,0.87048453
0,0.2365974
1,0.20536302
1,0.9307368
0,0.3531484
0,0.22899787
1,0.8205501
1,0.98078984
0,0.2839405
0,0.122940056
1,0.5626669
1,0.7923482
0,0.53818274
0,0.25414488
1,0.8224266
1,0.7392312
0,0.10386541
0,0.34020713
1,0.8217375
1,0.6117282
0,0.5690011
1,0.624412
1,0.9700272
0,0.14712395
0,0.57895845
0,0.75501174
1,0.79439455
1,0.81542706
0,0.34451914
1,0.4033839
1,0.9577894
1,0.0040533235
0,0.3164271
1,0.10632886
1,0.9169986
1,0.58631885
0,0.4708754
1,0.69471025
1,0.96725255
0,0.5684489
0,0.09433325
1,0.80916476
1,0.8948781
0,0.5247307
0,0.06397661
1,0.823603
1,0.8016689
0,0.6196767
0,0.18319824
1,0.9472297
1,0.8561066
0,0.680895
1,0.16621001
1,0.9666854
1,0.7665828
0,0.6948694
0,0.65825725
1,0.50624514
1,0.9161863
0,0.9316299
0,0.10277146
1,0.44128364
1,0.75843763
0,0.74858594
0,0.064143606
1,0.86236393
1,0.7326181
0,0.6139454
0,0.33489794
1,0.90440893
1,0.60778886
0,0.8593471
0,0.6076913
1,0.7736033
1,0.96603954
0,0.5337746
1,0.4739199
1,0.9539481
0,0.054187685
0,0.0666961
1,0.7486344
1,0.8533765
0,0.16253845
0,0.57973105
1,0.8087003
1,0.75570065
0,0.7285215
0,0.49950486
0,0.56573224
1,0.9955798
1,0.8912967
0,0.4294261
1,0.58726615
1,0.9308343
0,0.9334765
0,0.23621926
1,0.26647425
1,0.89882493
0,0.10313537
0,0.17134924
1,0.934394
1,0.5949704
0,0.31087986
0,0.19360344
1,0.9713688
1,0.81084764
0,0.2693324
1,0.7907419
1,0.9249669
1,0.6056396
0,0.6114556
1,0.7276671
1,0.97916526
0,0.34299374
0,0.07986601
1,0.2046687
1,0.86044383
1,0.7727464
0,0.19735473
0,0.17975363
1,0.9441751
1,0.6743011
0,0.2806288
0,0.1537722
1,0.7458525
1,0.5480583
0,0.8461638
1,0.46679586
1,0.93663657
1,0.5534529
0,0.12936917
1,0.22513613
1,0.9321906
0,0.54007256
0,0.5509144
1,0.35979718
1,0.80898666
0,0.34339207
0,0.92295074
1,0.7983857
1,0.9003563
0,0.19399461
1,0.050727986
1,0.9496576
1,0.5617531
0,0.19051532
0,0.667446
1,0.8523571
1,0.95392257
0,0.52802616
0,0.5498091
1,0.8094634
1,0.69276506
0,0.4795482
0,0.39271185
1,0.9733685
1,0.73771036
0,0.32861805
1,0.6147467
1,0.92346466
0,0.16424057
0,0.16455194
1,0.8878766
1,0.8680949
0,0.19025911
0,0.9003186
1,0.76662534
1,0.81192964
0,0.2465046
1,0.60838497
1,0.9854653
1,0.5454025
0,0.40789783
1,0.24275245
1,0.8837531
0,0.22542037
0,0.74435323
0,0.70412564
1,0.96920455
1,0.6195335
0,0.14618547
0,0.460992
1,0.82065225
1,0.87708384
0,0.2007674
1,0.6921888
1,0.9529921
0,0.14907952
0,0.43957147
1,0.669816
1,0.9641827
0,0.82427657
0,0.6512682
1,0.8253765
1,0.95000255
0,0.40423006
0,0.2738303
1,0.8942508
1,0.8690987
0,0.17684919
0,0.64234465
1,0.7870022
1,0.9528375
0,0.15968536
1,0.4724828
1,0.8538238
1,0.4777468
0,0.58244985
0,0.09174731
1,0.74749255
1,0.9471845
0,0.23934013
0,0.120919436
1,0.72548956
1,0.8335829
0,0.36849007
0,0.5835102
1,0.8373682
1,0.8685627
0,0.28528887
1,0.5565639
1,0.879049
1,0.64726406
0,0.58021814
1,0.4664701
1,0.99447256
1,0.62162066
0,0.1396437
1,0.31023103
1,0.9502026
1,0.22783172
0,0.476603
1,0.56180906
1,0.9192479
0,0.72600514
0,0.10391629
1,0.65305465
1,0.8896825
0,0.6795681
0,0.51601225
1,0.562014
1,0.9270718
0,0.13624862
0,0.5509596
1,0.7695945
1,0.6574296
0,0.4518211
0,0.13585299
1,0.6833754
1,0.94180995
0,0.85209537
1,0.23412633
1,0.9472229
1,0.29677227
0,0.23611721
1,0.55141443
1,0.97528195
0,0.6282865
0,0.45742998
1,0.7351455
1,0.9452712
0,0.59856164
0,0.12628345
1,0.66829354
1,0.8820811
0,0.24473885
0,0.713248
1,0.53054214
1,0.9302421
0,0.061795723
0,0.3091457
1,0.3496459
1,0.9661836
0,0.6667474
0,0.65099317
1,0.7389541
1,0.88447696
0,0.47082335
0,0.64983445
1,0.79249614
1,0.84513587
0,0.35741302
1,0.22202441
1,0.93692166
0,0.2589924
0,0.18503189
1,0.18573146
1,0.7259434
1,0.51790416
0,0.06227154
1,0.69554526
1,0.8257807
0,0.61688036
1,0.3775871
1,0.91236275
1,0.6111914
0,0.7770856
0,0.6545847
1,0.81407666
1,0.76904917
0,0.29023543
0,0.099475406
1,0.98219085
1,0.696683
0,0.5120162
1,0.27249515
1,0.7920279
1,0.8531576
0,0.42241296
1,0.30209693
1,0.98066574
0,0.55098885
0,0.15089191
1,0.7815285
1,0.8138329
0,0.06836706
0,0.833966
1,0.8548802
1,0.8737213
0,0.10482415
1,0.38538373
1,0.84436953
1,0.112138264
0,0.9201314
1,0.6834211
1,0.8620419
0,0.58461255
0,0.5677492
0,0.13256463
1,0.91052634
1,0.57078475
0,0.20140837
0,0.5838507
1,0.84614414
1,0.8622045
0,0.17419033
1,0.5044286
1,0.93540996
1,0.46199673
0,0.5765718
1,0.46187922
1,0.93672806
0,0.35489705
0,0.4743971
1,0.6909019
1,0.7493478
0,0.15279588
1,0.096914284
1,0.93999904
1,0.7875552
0,0.18253563
0,0.7038396
1,0.7368851
1,0.6250763
0,0.5054332
1,0.3543939
1,0.83237475
1,0.9247773
0,0.123714484
0,0.25197342
1,0.63548994
1,0.7673699
0,0.6329799
1,0.44592422
1,0.975054
1,0.5053838
0,0.11845138
1,0.6141639
1,0.9360961
0,0.30798456
1,0.6169926
1,0.98041993
1,0.59592575
0,0.29908553
1,0.5092844
1,0.88046473
0,0.695178
0,0.6186603
1,0.74720925
1,0.97897065
0,0.553819
0,0.8617772
1,0.67335117
1,0.7578367
0,0.15574175
0,0.7294828
1,0.7913452
1,0.94328666
1,0.91547596
0,0.35113746
1,0.6903154
1,0.8960683
1,0.59650946
0,0.6552381
0,0.49641764
1,0.99511033
1,0.74749213
0,0.4756042
1,0.47350276
1,0.9174598
0,0.34046316
0,0.40622935
1,0.6838266
1,0.9574254
0,0.1587167
0,0.31353366
1,0.66968465
1,0.8745161
0,0.6144861
0,0.25230727
1,0.92350066
1,0.63968945
0,0.18177877
0,0.22661431
1,0.77424186
1,0.82448477
0,0.35638967
0,0.9584135
1,0.11537177
1,0.90544295
1,0.6000224
0,0.030293383
1,0.1753182
1,0.8469555
0,0.7946911
0,0.5661187
1,0.820909
1,0.70019096
0,0.739999
1,0.21009523
1,0.94948083
1,0.7019078
0,0.088542074
1,0.7872702
1,0.9394038
0,0.5635918
0,0.67752004
1,0.84552914
1,0.6494891
0,0.58162755
1,0.17719162
1,0.8816228
1,0.38008073
0,0.46883345
1,0.85411966
1,0.96907645
0,0.62880725
0,0.6189552
0,0.14265163
1,0.8559282
1,0.66471684
0,0.4884806
0,0.19488426
1,0.7851642
1,0.88800645
0,0.21801965
1,0.25610802
1,0.92695683
1,0.5593225
0,0.08676055
1,0.5420758
1,0.95760703
0,0.07396654
0,0.50980365
1,0.51913124
1,0.8967171
0,0.30028406
0,0.11635031
1,0.84736395
1,0.93369615
0,0.49960184
1,0.12193769
1,0.9496069
0,0.26234844
0,0.087918125
1,0.36665958
1,0.87547404
1,0.8618627
0,0.22284088
0,0.17488965
1,0.8266896
1,0.6379284
0,0.38573143
0,0.5695093
1,0.9605355
1,0.69000626
0,0.31314385
1,0.51287603
1,0.9069646
1,0.052098744
0,0.14909711
1,0.5606041
1,0.9423492
0,0.99618083
0,0.9783849
1,0.9493031
1,0.65825987
0,0.20542257
0,0.49357468
1,0.9894076
1,0.8516731
0,0.5573655
1,0.2504379
1,0.9219373
1,0.06410331
0,0.052539937
0,0.48549557
1,0.4790639
1,0.9560335
0,0.18830402
0,0.32312608
1,0.8737278
1,0.6423325
0,0.7116632
1,0.46670064
1,0.913751
0,0.17227367
0,0.49745455
1,0.7487665
1,0.6800516
0,0.08558897
1,0.6195463
1,0.92668045
1,0.58344775
0,0.0762347
1,0.7289595
1,0.84602803
0,0.03747085
0,0.435088
1,0.7785326
1,0.90271586
0,0.6138308
1,0.5888831
1,0.91069657
0,0.50203836
0,0.88726753
0,0.23977613
1,0.6496753
1,0.83796114
0,0.63143235
0,0.62438625
1,0.9355867
1,0.7282389
0,0.16933876
0,0.23889908
1,0.82709974
1,0.77277815
0,0.24909751
1,0.29153615
1,0.9564872
1,0.49732807
0,0.89324635
1,0.6759656
1,0.96270996
0,0.07466264
0,0.12844871
1,0.68418705
1,0.87965196
0,0.29870614
0,0.20461649
1,0.8626504
1,0.8864261
0,0.13400611
0,0.18697165
1,0.7995029
1,0.807603
0,0.6304887
0,0.73429364
1,0.3309842
1,0.9785375
0,0.20798282
0,0.53072333
1,0.66397035
1,0.73129135
0,0.59306437
0,0.32107678
1,0.93689096
1,0.7963824
0,0.19226167
0,0.3488998
1,0.8650148
1,0.8081758
0,0.14895472
1,0.6060778
1,0.9186375
0,0.025224932
0,0.5920529
1,0.804424
1,0.7848939
0,0.057638697
0,0.31028342
0,0.5439189
0,0.10446678
1,0.6194699
1,0.8561008
0,0.7920978
0,0.45597863
0,0.3242502
1,0.8573534
1,0.65028536
0,0.10278058
0,0.21228218
1,0.96771985
1,0.2693779
0,0.13662942
1,0.19195612
1,0.9724043
1,0.24959648
0,0.14674167
1,0.79630667
1,0.7966497
0,0.26072383
0,0.4956153
1,0.83868825
1,0.85899353
0,0.29348832
0,0.35967687
1,0.6224219
1,0.7733071
0,0.16425897
1,0.109755956
1,0.9832129
1,0.5978069
0,0.52382034
0,0.6822441
1,0.791917
1,0.8426926
0,0.49332458
0,0.30500153
1,0.5556892
1,0.9617471
0,0.022823935
0,0.4442504
1,0.7988998
1,0.7433328
0,0.17547737
0,0.13272186
1,0.9644893
1,0.7914629
0,0.2989283
0,0.3020753
1,0.6699168
1,0.7377566
0,0.5406907
1,0.41577762
1,0.90042156
0,0.42918748
0,0.22082676
1,0.74526757
1,0.62632984
0,0.23496611
0,0.4267521
1,0.8453841
1,0.74279183
0,0.35241663
0,0.852277
1,0.22630596
1,0.87184656
0,0.55181146
0,0.0907544
1,0.7411452
1,0.882629
0,0.09853595
0,0.29692546
1,0.6475015
1,0.7097725
0,0.14880134
0,0.08274557
1,0.8564683
1,0.67912835
0,0.44005528
1,0.45210415
1,0.95648324
1,0.6299813
0,0.12511577
1,0.51498353
1,0.94378126
0,0.31294927
0,0.32845595
1,0.6726211
1,0.93458253
0,0.2015846
0,0.2579048
1,0.92425054
1,0.7427254
0,0.6877082
0,0.4881656
1,0.4967577
1,0.9709419
0,0.5769554
0,0.3730628
1,0.65817827
1,0.83442956
0,0.551252
0,0.17823371
1,0.6545653
1,0.88744015
0,0.3599729
0,0.20542881
1,0.7937778
1,0.5953943
0,0.4624291
1,0.061885633
1,0.9320058
1,0.39075115
0,0.43803117
1,0.7447394
1,0.869847
0,0.84789985
0,0.18635258
1,0.5289834
1,0.9504768
0,0.5433658
0,0.14221293
1,0.8925465
1,0.8931936
1,0.6207324
0,0.06655288
0,0.33082062
1,0.96901345
1,0.8845787
0,0.096512094
1,0.4219832
1,0.9231663
1,0.592788
0,0.1960084
1,0.82725805
1,0.829959
0,0.051234104
0,0.21732733
1,0.9307249
1,0.83979076
0,0.30125406
0,0.46929958
1,0.9562023
1,0.9114162
0,0.25147468
1,0.23629579
1,0.9693423
1,0.5432665
0,0.14191249
1,0.2681092
1,0.96322554
1,0.5196335
0,0.11738667
0,0.55777395
1,0.02802056
1,0.9400983
0,0.38268507
0,0.079215564
1,0.62670624
1,0.97759354
0,0.31894404
0,0.7106031
1,0.37848324
1,0.9244727
0,0.054941114
0,0.0661062
1,0.52872324
1,0.8738228
0,0.36441642
0,0.634276
1,0.7752119
1,0.6997871
0,0.12741108
0,0.1093382
1,0.9784526
1,0.6031719
0,0.3086882
1,0.16460775
1,0.8442757
1,0.5027371
0,0.16807903
1,0.4320448
1,0.8917913
0,0.45372877
0,0.70107377
0,0.029461058
1,0.71690387
1,0.44757682
0,0.451185
0,0.25041497
1,0.8948462
1,0.6432103
0,0.014016774
1,0.6309511
1,0.8677831
0,0.15829
0,0.3849565
1,0.9054847
1,0.94255376
0,0.64698905
0,0.10510315
1,0.68093467
1,0.85839635
0,0.09344663
0,0.74340945
1,0.7082877
1,0.8492757
0,0.5651723
0,0.57954437
1,0.66534746
1,0.6638994
0,0.19611233
0,0.6595475
1,0.80606824
1,0.63493145
0,0.51148796
0,0.25475636
1,0.74070364
1,0.81110364
0,0.41536465
0,0.47122377
1,0.8209206
1,0.83413965
0,0.037927393
0,0.32486978
1,0.6584707
1,0.51851374
0,0.6080715
1,0.5292207
1,0.85243565
1,0.29423916
0,0.01717469
0,0.16906571
1,0.8481589
1,0.350044
0,0.30033696
1,0.525811
1,0.940251
1,0.4487512
0,0.034163345
1,0.65250045
1,0.8626771
1,0.59404856
0,0.29974318
1,0.6296593
1,0.89495164
0,0.3998657
0,0.11012141
0,0.17177097
1,0.7104768
1,0.2734875
0,0.30038768
1,0.49781057
1,0.9564589
1,0.6702891
0,0.09318127
1,0.12577507
1,0.87287414
1,0.4068975
0,0.13775949
1,0.4187933
1,0.8419805
1,0.1569355
0,0.09049911
1,0.91223615
1,0.8594815
1,0.6409555
0,0.50064236
1,0.1150027
1,0.8993329
0,0.1757661
0,0.092610545
1,0.55343705
1,0.90635115
0,0.2450268
0,0.53517425
1,0.6916805
1,0.82325655
1,0.3868232
0,0.086766616
0,0.070713416
0,0.1348934
0,0.27321225
0,0.68390787
0,0.44101793
0,0.3091266
0,0.045860894
0,0.5613225
0,0.20674135
0,0.5752247
0,0.13921298
0,0.12743127
0,0.054201867
0,0.10570587
0,0.20286669
0,0.117669955
0,0.1815304
0,0.301693
0,0.066041976
0,0.2314384
0,0.069620475
0,0.045662966
0,0.16910766
0,0.6065926
0,0.6527087
0,0.38939193
0,0.06300597
0,0.061613623
0,0.29071447
0,0.16496314
0,0.25776923
0,0.13840003
0,0.07972929
0,0.13047422
0,0.02512745
0,0.3652975
0,0.77815086
0,0.13257359
0,0.78441006
0,0.061302274
0,0.28943506
0,0.53090626
0,0.60411686
0,0.5864316
0,0.756657
0,0.5915864
0,0.6396752
0,0.13277008
0,0.06287361
0,0.074462965
0,0.5943115
0,0.5219683
0,0.71175236
0,0.16007912
0,0.44732085
0,0.10907126
0,0.6678521
0,0.63233566
0,0.34025353
0,0.09558629
0,0.04592448
0,0.12494893
0,0.10214667
0,0.16095021
0,0.64573324
0,0.065258674
0,0.11085009
0,0.035231292
0,0.15337294
0,0.43626615
0,0.5301921
0,0.3888143
0,0.65481925
0,0.014258626
0,0.09725925
0,0.10432879
0,0.13018014
0,0.6317846
0,0.56644297
0,0.38748547
0,0.13745393
0,0.49199414
0,0.8318802
0,0.29244336
0,0.17543593
0,0.5660859
0,0.615433
0,0.14605197
0,0.071546346
0,0.45006275
0,0.17587736
0,0.92693174
0,0.11860375
0,0.11291732
0,0.02878326
0,0.1623993
0,0.8290899
0,0.698303
0,0.8544493
0,0.15501694
0,0.3424955
0,0.62909585
0,0.6929828
0,0.8764524
0,0.8623796
0,0.13066983
0,0.28351033
0,0.959902
0,0.39539003
0,0.99065536
0,0.896521
0,0.5418429
0,0.8747363
0,0.3767492
0,0.6432912
0,0.16721545
0,0.7351443
0,0.2846468
0,0.64485955
0,0.61583394
0,0.8054471
0,0.5648566
0,0.70856786
0,0.6243858
0,0.5307708
0,0.8305637
0,0.023244584
0,0.13589707
0,0.2686439
0,0.99698514
0,0.6440939
0,0.34766027
0,0.30863357
0,0.63676924
0,0.57955295
0,0.8366187
0,0.60091794
0,0.6472846
0,0.5557827
0,0.24198966
0,0.2659815
0,0.6531134
0,0.6692854
0,0.5866257
0,0.15929411
0,0.38177916
0,0.5231398
0,0.16541347
0,0.20322308
0,0.20473318
0,0.040991746
0,0.9038762
0,0.2937816
0,0.33984888
0,0.1596292
0,0.42304218
0,0.036581513
0,0.16697617
0,0.09039092
0,0.21876362
0,0.706012
0,0.13875386
0,0.1068587
0,0.57068187
0,0.10100955
0,0.14912777
0,0.18399417
0,0.06255526
0,0.19032636
0,0.30896935
0,0.28578827
0,0.06559893
0,0.48941007
0,0.6093114
0,0.3190879
0,0.75081503
0,0.93088543
0,0.11603403
0,0.25150967
0,0.38047904
0,0.13713801
0,0.640509
0,0.090200745
0,0.2604742
0,0.04993826
0,0.1604514
0,0.6254563
0,0.35438007
0,0.59471184
0,0.61506164
0,0.5200064
0,0.55400217
0,0.62110066
0,0.6581179
0,0.8147866
0,0.7012218
0,0.16435765
0,0.48420817
0,0.35725796
0,0.6923471
0,0.2024628
0,0.42176825
0,0.17558174
0,0.9798623
0,0.9951509
0,0.29707965
0,0.09232451
0,0.59611815
0,0.29352006
0,0.18969253
0,0.625752
0,0.25886405
0,0.109662354
0,0.41869602
0,0.52862906
0,0.116533384
0,0.14624664
0,0.8401181
0,0.09308926
0,0.65517235
0,0.667615
0,0.9517002
0,0.8953686
0,0.48619747
0,0.2765241
0,0.28915098
0,0.5212746
0,0.32203984
0,0.110054694
0,0.7039781
0,0.10827881
0,0.64635515
0,0.12882474
0,0.22401583
0,0.9120361
0,0.9015876
0,0.34353995
0,0.59439987
0,0.21157317
0,0.48149225
0,0.7172232
0,0.20753649
0,0.64201254
0,0.3490303
0,0.56456316
0,0.18830888
0,0.13348253
0,0.5065442
0,0.5055356
0,0.9743692
0,0.6029383
0,0.09568156
0,0.050167106
0,0.12553382
0,0.06493092
0,0.49882284
0,0.54200643
0,0.11384538
0,0.057315446
0,0.726362
0,0.49719536
0,0.5576873
0,0.96515656
0,0.473643
0,0.11211856
0,0.61315346
0,0.21928391
0,0.08602419
0,0.24801941
0,0.61189395
0,0.57540774
0,0.29657948
0,0.20660082
0,0.5005275
0,0.9757759
0,0.23211055
0,0.73942107
0,0.5998964
0,0.14773516
0,0.6068243
0,0.3781265
0,0.38081038
0,0.3252968
0,0.25763845
0,0.7020973
0,0.40587592
0,0.14648026
0,0.6964064
0,0.7112656
0,0.2770288
0,0.77269125
0,0.6008243
0,0.490639
0,0.116274655
0,0.25785238
0,0.8746973
0,0.08921027
0,0.36743072
0,0.4582198
0,0.5939081
0,0.1673179
0,0.60370153
0,0.07233226
0,0.16801259
0,0.4310189
0,0.5325908
0,0.29202107
0,0.75375944
0,0.51816875
0,0.6490362
0,0.23697284
0,0.17102797
0,0.27533457
0,0.03256132
0,0.05639205
0,0.3282623
0,0.3977323
0,0.14033517
0,0.77738243
0,0.092226416
0,0.10905368
0,0.1915117
0,0.19074987
0,0.66237164
0,0.7508308
0,0.9743449
0,0.6110334
0,0.35143232
0,0.8209405
0,0.25052807
0,0.3458197
0,0.427052
0,0.7533773
0,0.5075327
0,0.1746228
0,0.70300937
0,0.8237113
0,0.7416082
0,0.1986534
0,0.6681102
0,0.16832267
0,0.91248107
0,0.51929575
0,0.18200676
0,0.599413
0,0.83042127
0,0.13579263
0,0.6181137
0,0.51240665
0,0.2142013
0,0.49479675
0,0.6709234
0,0.26744097
0,0.69242203
0,0.6803177
0,0.8324317
0,0.8690397
0,0.07888272
0,0.3987404
0,0.4327553
0,0.08257377
0,0.16287376
0,0.25365436
0,0.15177232
0,0.8217317
0,0.28579643
0,0.24754223
0,0.8539653
0,0.37331235
0,0.59464467
0,0.26617342
0,0.13756716
0,0.30686268
0,0.060862746
0,0.20356524
0,0.34175882
0,0.27716637
0,0.10193644
0,0.2679672
0,0.20388384
0,0.12767692
0,0.13399275
0,0.9231216
0,0.5762178
0,0.6583775
0,0.117596194
0,0.6455336
0,0.17299062
0,0.03497498
0,0.16754827
0,0.15628211
0,0.53373617
0,0.15688518
0,0.24204193
0,0.11614902
0,0.12868142
0,0.73512626
0,0.15882467
0,0.17602341
0,0.15012392
0,0.066237435
0,0.056741863
0,0.07910777
0,0.22576934
0,0.61916393
0,0.5932374
0,0.18634467
0,0.37264383
0,0.031841382
0,0.12974846
0,0.32863176
0,0.31603843
0,0.53970873
0,0.11542411
0,0.07198854
0,0.058403894
0,0.053521786
0,0.09329654
0,0.051815577
0,0.6264564
0,0.52906835
0,0.41176707
0,0.48820603
0,0.3329545
0,0.26584902
0,0.72011983
0,0.7533026
0,0.080246076
0,0.21541227
0,0.545644
0,0.29943955
0,0.6591105
0,0.714372
0,0.67204475
0,0.6050183
0,0.67442197
0,0.6022487
0,0.7495544
0,0.9034285
0,0.7501214
0,0.99985087
0,0.08826912
0,0.7941745
0,0.9999436
0,0.6072278
0,0.49354994
0,0.74971867
0,0.52166796
0,0.4255435
0,0.28653136
0,0.69212925
0,0.51517063
0,0.24494196
0,0.7576404
0,0.5869755
0,0.5619566
0,0.3552419
0,0.110608205
0,0.2107356
0,0.73287237
0,0.609022
0,0.618697
0,0.7362851
0,0.43069205
0,0.37162414
0,0.56402975
0,0.5964502
0,0.22011665
0,0.4039986
0,0.5803103
0,0.5341501
0,0.33910865
0,0.46690133
0,0.29803985
0,0.07234711
0,0.2091057
0,0.21528997
0,0.2923452
0,0.23147987
0,0.288522
0,0.16533509
0,0.5539883
0,0.6240847
0,0.57749176
0,0.5932294
0,0.63244826
0,0.68875456
0,0.97859526
0,0.7320777
0,0.20557435
0,0.5875241
0,0.44056526
0,0.45044166
0,0.60538256
0,0.61197364
0,0.34402955
0,0.9601692
0,0.7700419
0,0.59104854
0,0.7158527
0,0.5152468
0,0.5375559
0,0.30022863
0,0.64623505
0,0.79273146
0,0.14751889
0,0.9572862
0,0.8384663
0,0.6155047
0,0.71042836
0,0.6253036
0,0.30604023
0,0.54847676
0,0.44598174
0,0.25372836
0,0.36695918
0,0.5337731
0,0.3084298
0,0.2775953
0,0.38586253
0,0.5406466
0,0.9588755
0,0.35750017
0,0.7376683
0,0.52869153
0,0.13377589
0,0.29282463
0,0.4731646
0,0.4797249
0,0.53890264
0,0.61319995
0,0.4925565
0,0.5607627
0,0.2663173
0,0.4564033
0,0.5924939
0,0.33921856
0,0.5728393
0,0.21998021
0,0.5600745
0,0.5494896
0,0.097577065
0,0.63446
0,0.61312294
0,0.5354149
0,0.08427978
0,0.20255958
0,0.17904371
0,0.3821436
0,0.17400397
0,0.3502034
0,0.6895573
0,0.11824801
0,0.56989
0,0.7062235
0,0.27201074
0,0.44329116
0,0.52817696
0,0.6029071
0,0.2625369
0,0.51351
0,0.47871855
0,0.5692526
0,0.24683382
0,0.2844509
0,0.50895476
0,0.5040153
0,0.16391714
0,0.42667475
0,0.10765677
0,0.38963783
0,0.50936216
0,0.9818777
0,0.6935094
0,0.6339919
0,0.99216497
0,0.35756665
0,0.84031075
0,0.8257949
0,0.8444086
0,0.99751747
0,0.9495379
0,0.8313761
0,0.2142674
0,0.75894815
0,0.71656567
0,0.7862166
0,0.65178883
0,0.29895425
0,0.6089609
0,0.31384426
0,0.6395407
0,0.5989238
0,0.5352858
0,0.61282325
0,0.5474751
0,0.41799927
0,0.54801494
0,0.84648496
0,0.41896427
0,0.6140844
0,0.6136947
0,0.5759931
0,0.6387255
0,0.5392848
0,0.35134697
0,0.6826884
0,0.15669632
0,0.4606281
0,0.39593977
0,0.67713547
0,0.12122532
0,0.35696203
0,0.5700041
0,0.59805095
0,0.5883204
0,0.82993156
0,0.8463139
0,0.40528584
0,0.7450221
0,0.2547054
0,0.68519557
0,0.17688008
0,0.7574619
0,0.49525166
0,0.343187
0,0.38399598
0,0.67932385
0,0.7192284
0,0.6541443
0,0.8850479
0,0.2902232
0,0.5621863
0,0.44710687
0,0.69389206
0,0.63824964
0,0.49665385
0,0.77647585
0,0.95847523
0,0.74911165
0,0.699737
0,0.22415791
0,0.97343904
0,0.66558665
0,0.336574
0,0.8050955
0,0.19836034
0,0.421485
0,0.59654886
0,0.5215128
0,0.6739867
0,0.8176585
0,0.40227863
0,0.59909207
0,0.43526626
0,0.69900846
0,0.7527389
0,0.64059794
0,0.15568767
0,0.71000403
0,0.4072264
0,0.85433346
0,0.7905081
0,0.9827095
0,0.5106225
0,0.6589163
0,0.66645247
0,0.23283817
0,0.13546169
0,0.37404984
0,0.28745914
0,0.45671627
0,0.42680126
0,0.9630496
0,0.30628952
0,0.6333334
0,0.5401428
0,0.694592
0,0.9813421
0,0.5744567
0,0.99472725
0,0.7391111
0,0.66467893
0,0.8400843
0,0.73399913
0,0.72427624
0,0.43428984
0,0.7022395
0,0.6226914
0,0.64046216
0,0.6035972
0,0.67713577
0,0.63334334
0,0.66857946
0,0.7197001
0,0.7547247
0,0.7573998
0,0.5332408
0,0.4437349
0,0.1812133
0,0.1974434
0,0.49098337
0,0.5584696
0,0.6627597
0,0.19507045
0,0.687832
0,0.7128965
0,0.7088648
0,0.66079664
0,0.98230207
0,0.59059227
0,0.6527499
0,0.7705137
0,0.3686218
0,0.47658917
0,0.8529153
0,0.5612899
0,0.26079237
0,0.20224461
0,0.09781323
0,0.7619955
0,0.7087381
0,0.46552387
0,0.52855164
0,0.92514205
0,0.45438093
0,0.46089205
0,0.5530301
0,0.5047121
0,0.5989343
0,0.30518007
0,0.6892584
0,0.66650194
0,0.64844775
0,0.9724275
0,0.5135679
0,0.99999416
0,0.99280024
0,0.5919517
0,0.95759207
0,0.1202013
0,0.7360745
0,0.35606718
0,0.3960904
0,0.31128517
0,0.9337876
0,0.38748828
0,0.69078565
0,0.57900643
0,0.13781042
0,0.17898612
0,0.8484982
0,0.7398689
0,0.36168262
0,0.55700046
0,0.1037089
0,0.13712054
0,0.59893787
0,0.51831394
0,0.28490898
0,0.92512524
0,0.60810995
0,0.44190356
0,0.63192534
0,0.42874813
0,0.655923
0,0.15958177
0,0.3816646
0,0.51101613
0,0.50351006
0,0.44864136
0,0.7629151
0,0.6390499
0,0.8295997
0,0.7817282
0,0.560301
0,0.5569266
0,0.5528692
0,0.74381834
0,0.1957841
0,0.59307885
0,0.75417507
0,0.1786108
0,0.21770261
0,0.08746767
0,0.6741766
0,0.47934377
0,0.7494128
0,0.66815984
0,0.0132224485
0,0.49802396
0,0.27867627
0,0.22251412
0,0.11303501
0,0.8432722
0,0.33669272
0,0.22763182
0,0.2970921
0,0.29211187
0,0.6745503
0,0.18933126
0,0.6384857
0,0.28144786
0,0.2315288
0,0.10296627
0,0.1175913
0,0.7248942
0,0.31113583
0,0.25919414
0,0.62305254
0,0.47381628
0,0.71787393
0,0.7024825
0,0.028940408
0,0.70597297
0,0.26008725
0,0.6113159
0,0.19395652
0,0.254199
0,0.4437197
0,0.61967343
0,0.15501934
0,0.47092924
0,0.3658295
0,0.32025096
0,0.18740624
0,0.57920843
0,0.5587431
0,0.34048072
0,0.1829007
0,0.5039958
0,0.7409386
0,0.36942992
0,0.14467892
0,0.40497088
0,0.6412421
0,0.48524785
0,0.7087243
0,0.5600409
0,0.46854067
0,0.1553314
0,0.6540814
0,0.17407794
0,0.39004844
0,0.22699359
0,0.5286892
0,0.1560504
0,0.64018077
0,0.8225136
0,0.583526
0,0.6259141
0,0.49394384
1,0.19352573
1,0.6431099
1,0.6703055
1,0.9978258
1,0.99994624
1,0.8629021
1,0.7841858
1,0.9864211
1,0.8751168
1,0.73200434
1,0.9946531
1,0.3846302
1,0.872285
1,0.5107562
1,0.9863516
1,0.78012955
1,0.88846827
1,0.969149
1,0.93937474
1,0.561957
1,0.99543023
1,0.99970466
1,0.36890927
1,0.8327452
1,0.8301519
1,0.95822006
1,0.9933241
1,0.6415688
1,0.74373645
1,0.73601264
1,0.5983018
1,0.987485
1,0.6486
1,0.9654348
1,0.89065933
1,0.8497314
1,0.5579965
1,0.9898462
1,0.81998086
1,0.9304658
1,0.9884924
1,0.7333392
1,0.6280661
1,0.81353223
1,0.859863
1,0.7703069
1,0.7098207
1,0.9810705
1,0.9108262
1,0.5289134
1,0.49884918
1,0.96081
1,0.9305367
1,0.6574983
1,0.98013955
1,0.57781273
1,0.94841003
1,0.5775622
1,0.6372326
1,0.6290413
1,0.63391036
1,0.8990356
1,0.5739483
1,0.99003536
1,0.6565369
1,0.991012
1,0.8919346
1,0.96011937
1,0.8385735
1,0.90421057
1,0.9043617
1,0.9653675
1,0.6475718
1,0.8165114
1,0.9992675
1,0.7459722
1,0.9764238
1,0.9034742
1,0.73725766
1,0.9524226
1,0.5603688
1,0.6228583
1,0.61835253
1,0.8381338
1,0.98878646
1,0.9324593
1,0.8543376
1,0.79811877
1,0.99673265
1,0.982805
1,0.92442024
1,0.6393755
1,0.8726756
1,0.8910636
1,0.97378427
1,0.9158283
1,0.5815878
1,0.99555224
1,0.90923643
1,0.8373531
1,0.7150261
1,0.78042614
1,0.8774371
1,0.74103105
1,0.9551881
1,0.9956334
1,0.823944
1,0.6461808
1,0.9921937
1,0.9974975
1,0.918643
1,0.5673355
1,0.96579707
1,0.6669628
1,0.8155181
1,0.65280956
1,0.62713504
1,0.9543618
1,0.7840509
1,0.9824546
1,0.67342484
1,0.9436276
1,0.6956378
1,0.9466096
1,0.6156375
1,0.8752504
1,0.92724365
1,0.61397475
1,0.9985318
1,0.6626587
1,0.68849534
1,0.6422759
1,0.95623946
1,0.961685
1,0.5971902
1,0.68824303
1,0.854812
1,0.8927092
1,0.8900811
1,0.60786766
1,0.7884196
1,0.86654645
1,0.70708877
1,0.4535351
1,0.69860923
1,0.9953733
1,0.6882253
1,0.25499356
1,0.98201525
1,0.6906598
1,0.94185996
1,0.95512
1,0.99952453
1,0.9935442
1,0.7535216
1,0.7375186
1,0.31849182
1,0.9033227
1,0.76813406
1,0.7439296
1,0.830056
1,0.9631203
1,0.64409715
1,0.65268403
1,0.96943796
1,0.73062307
1,0.5616171
1,0.50729775
1,0.9999907
1,0.69423556
1,0.7115657
1,0.6002475
1,0.4872479
1,0.8221266
1,0.9840567
1,0.935994
1,0.9978928
1,0.8134064
1,0.9841223
1,0.7000161
1,0.9868563
1,0.97198594
1,0.9847589
1,0.9953637
1,0.99129444
1,0.7735727
1,0.517975
1,0.9300459
1,0.9924023
1,0.5644668
1,0.9950375
1,0.5061196
1,0.98943347
1,0.9797968
1,0.8298393
1,0.80556077
1,0.73520654
1,0.6598994
1,0.31719735
1,0.77629477
1,0.5770168
1,0.7003725
1,0.9978879
1,0.77431077
1,0.78771144
1,0.80804324
1,0.97368747
1,0.70940256
1,0.80558854
1,0.93222004
1,0.99806875
1,0.88190854
1,0.9890888
1,0.9387796
1,0.99949086
1,0.7216901
1,0.5659149
1,0.6097441
1,0.98417735
1,0.97666025
1,0.9635163
1,0.9342892
1,0.9994382
1,0.92995024
1,0.97799623
1,0.79742604
1,0.9753797
1,0.9428045
1,0.91926837
1,0.4022175
1,0.44324434
1,0.98426163
1,0.9923341
1,0.99909234
1,0.9966601
1,0.83521235
1,0.9844124
1,0.79232115
1,0.5308412
1,0.7019554
1,0.6923161
1,0.9886438
1,0.8370657
1,0.6847344
1,0.7495836
1,0.8474876
1,0.6048534
1,0.97469455
1,0.86050093
1,0.8470895
1,0.967716
1,0.8792408
1,0.9156495
1,0.68040943
1,0.97990566
1,0.73181736
1,0.54149616
1,0.6552615
1,0.70650077
1,0.94547355
1,0.9411579
1,0.9192041
1,0.92485625
1,0.9935455
1,0.8474575
1,0.91217345
1,0.60951644
1,0.94362366
1,0.97277665
1,0.71425927
1,0.97922176
1,0.65665466
1,0.198172
1,0.6673237
1,0.9273237
1,0.93202925
1,0.94687605
1,0.6974245
1,0.93209094
1,0.43873492
1,0.6637581
1,0.6368107
1,0.8135486
1,0.41575298
1,0.5954957
1,0.8492402
1,0.9502744
1,0.9808755
1,0.7390979
1,0.44650328
1,0.95774174
1,0.8082657
1,0.59021956
1,0.9981781
1,0.9876995
1,0.86841714
1,0.5693748
1,0.9825556
1,0.90049374
1,0.6996469
1,0.8119863
1,0.341836
1,0.9730688
1,0.6606625
1,0.75909096
1,0.19686002
1,0.73347723
1,0.85079074
1,0.5402299
1,0.7713139
1,0.999925
1,0.99994946
1,0.89566344
1,0.9773589
1,0.9907725
1,0.939918
1,0.8712576
1,0.55138713
1,0.8727404
1,0.605348
1,0.9266848
1,0.7615526
1,0.7798645
1,0.522587
1,0.9721633
1,0.987394
1,0.83652747
1,0.6080212
1,0.80610335
1,0.97400475
1,0.7562547
1,0.64661014
1,0.8796644
1,0.17592913
1,0.85564417
1,0.9650105
1,0.6516355
1,0.9748683
1,0.94887227
1,0.86271316
1,0.3468102
1,0.6628336
1,0.99845386
1,0.7108651
1,0.58458686
1,0.72018903
1,0.59455067
1,0.97397965
1,0.31961447
1,0.32221574
1,0.7348091
1,0.8757897
1,0.41259575
1,0.7194219
1,0.7605529
1,0.99626625
1,0.8178795
1,0.70069844
1,0.49856973
1,0.9855972
1,0.9937093
1,0.96684563
1,0.94073284
1,0.62713087
1,0.82102275
1,0.28766525
1,0.8857774
1,0.98585325
1,0.89194196
1,0.93453956
1,0.99498594
1,0.55716056
1,0.9689696
1,0.9561585
1,0.90321857
1,0.995252
1,0.9266362
1,0.8469971
1,0.8595487
1,0.74369407
1,0.81249696
1,0.87580967
1,0.7155215
1,0.77333784
1,0.8641152
1,0.62411326
1,0.9660988
1,0.37892413
1,0.7867698
1,0.564527
1,0.83429337
1,0.69485915
1,0.9850049
1,0.69597584
1,0.9083828
1,0.8267193
1,0.85051703
1,0.91966385
1,0.81451213
1,0.6669501
1,0.9117223
1,0.68368816
1,0.7594669
1,0.58949775
1,0.97894645
1,0.6641726
1,0.6368384
1,0.46790478
1,0.82974917
1,0.9454697
1,0.78802705
1,0.40374148
1,0.960974
1,0.9994048
1,0.6790849
1,0.5811473
1,0.9952212
1,0.5778678
1,0.83957654
1,0.47430095
1,0.33057705
1,0.5758994
1,0.97965354
1,0.9628246
1,0.8754559
1,0.8014387
1,0.746252
1,0.544912
1,0.66855156
1,0.81322235
1,0.49426812
1,0.87235457
1,0.85833544
1,0.59926313
1,0.6653477
1,0.9019192
1,0.628117
1,0.5564223
1,0.7432477
1,0.7281822
1,0.8075397
1,0.51921
1,0.9407205
1,0.9607912
1,0.94365245
1,0.565231
1,0.8242807
1,0.5955766
1,0.77603155
1,0.29092085
1,0.7316191
1,0.56067866
1,0.8482355
1,0.9310552
1,0.540169
1,0.6752948
1,0.7933402
1,0.7517101
1,0.7767005
1,0.28081882
1,0.5866221
1,0.9839974
1,0.51258135
1,0.69243264
1,0.9965042
1,0.74240303
1,0.9786068
1,0.37716147
1,0.9383756
1,0.5705484
1,0.83982533
1,0.9835625
1,0.7414088
1,0.9973737
1,0.84065485
1,0.9105783
1,0.9260174
1,0.95552266
1,0.68033254
1,0.86431444
1,0.7780077
1,0.9960383
1,0.9999137
1,0.8516567
1,0.6446017
1,0.8948676
1,0.89881915
1,0.6658115
1,0.2866967
1,0.78577995
1,0.7043902
1,0.69019306
1,0.35920858
1,0.84978753
1,0.76133627
1,0.8709713
1,0.49464515
1,0.9850192
1,0.82483894
1,0.9965724
1,0.8328703
1,0.99841166
1,0.8755502
1,0.9253771
1,0.8984431
1,0.9621849
1,0.7151783
1,0.9529337
1,0.63495886
1,0.98284596
1,0.6176023
1,0.8329698
1,0.827018
1,0.98880345
1,0.99362624
1,0.83870864
1,0.29768345
1,0.966949
1,0.99987984
1,0.87663794
1,0.8780121
1,0.8778899
1,0.97477305
1,0.7023642
1,0.52613527
1,0.87093043
1,0.6368282
1,0.85679185
1,0.60414267
1,0.9997408
1,0.76739866
1,0.981557
1,0.98866546
1,0.59691864
1,0.832354
1,0.6349111
1,0.9991903
1,0.8148783
1,0.4712393
1,0.9037845
1,0.9972088
1,0.88899636
1,0.88277644
1,0.8825528
1,0.99944156
1,0.99965775
1,0.42602712
1,0.9343432
1,0.96112067
1,0.81709945
1,0.6860511
1,0.83957815
1,0.99940336
1,0.90289277
1,0.99417955
1,0.7947881
1,0.83520144
1,0.91048187
1,0.89583015
1,0.99695975
1,0.8266908
1,0.96174353
1,0.99939954
1,0.6746341
1,0.8754811
1,0.9614451
1,0.99319166
1,0.46740973
1,0.9561054
1,0.6272054
1,0.87455916
1,0.6302421
1,0.68223196
1,0.7740757
1,0.6788902
1,0.9941373
1,0.5318889
1,0.9992611
1,0.9798741
1,0.93487585
1,0.9884222
1,0.9035511
1,0.99861825
1,0.986834
1,0.81435317
1,0.9894818
1,0.68280923
1,0.7846156
1,0.8271591
1,0.97109544
1,0.9957905
1,0.8586532
1,0.7137862
1,0.99825686
1,0.92883015
1,0.52060026
1,0.56702805
1,0.6559707
1,0.9353326
1,0.9987904
1,0.9771564
1,0.7516512
1,0.87465066
1,0.99789584
1,0.80815494
1,0.980141
1,0.88796747
1,0.7886055
1,0.6133083
1,0.94259614
1,0.99517643
1,0.84887004
1,0.9990379
1,0.88693696
1,0.520481
1,0.9994745
1,0.6288769
1,0.9905378
1,0.7646906
1,0.315545
1,0.7477423
1,0.5479808
1,0.99983716
1,0.97129965
1,0.7947567
1,0.6888028
1,0.8129092
1,0.7786908
1,0.9177794
1,0.92724353
1,0.9447322
1,0.82685727
1,0.83831054
1,0.9526991
1,0.5277662
1,0.9796127
1,0.5378183
1,0.7349218
1,0.9957537
1,0.6973189
1,0.637735
1,0.72330856
1,0.9901397
1,0.62523705
1,0.65782565
1,0.7621994
1,0.64757144
1,0.74206966
1,0.9845159
1,0.5964125
1,0.8706007
1,0.67838854
1,0.48972744
1,0.80593616
1,0.9786237
1,0.8883497
1,0.84721357
1,0.67344034
1,0.9900461
1,0.9175009
1,0.81712735
1,0.9996944
1,0.9531428
1,0.9292094
1,0.67304915
1,0.9467717
1,0.95341593
1,0.87435955
1,0.656825
1,0.7959804
1,0.5307738
1,0.9689627
1,0.9567154
1,0.79872084
1,0.69597274
1,0.98295414
1,0.66121733
1,0.7883277
1,0.97031116
1,0.9965127
1,0.859078
1,0.97232985
1,0.6291053
1,0.72202915
1,0.9905233
1,0.99376184
1,0.82793874
1,0.5142621
1,0.9681457
1,0.2992512
1,0.72481364
1,0.62164855
1,0.34934193
1,0.6144455
1,0.58723736
1,0.71573985
1,0.6246411
1,0.64500713
1,0.9676233
1,0.82884425
1,0.80199075
1,0.7157663
1,0.7242931
1,0.3514339
1,0.06175026
1,0.93164927
1,0.66614884
1,0.6674431
1,0.5537206
1,0.95629966
1,0.75615704
1,0.792625
1,0.47408298
1,0.6308773
1,0.99782145
1,0.2967364
1,0.77678716
1,0.54096544
1,0.21351273
1,0.7701914
1,0.63903576
1,0.5371459
1,0.5500531
1,0.9512375
1,0.84257174
1,0.9949808
1,0.48666903
1,0.675598
1,0.9236771
1,0.56556964
1,0.29737106
1,0.4700278
1,0.64852136
1,0.63245255
1,0.34521192
1,0.6375219
1,0.6887528
1,0.60824275
1,0.8978204
1,0.5089494
1,0.9195612
1,0.7564321
1,0.30580616
1,0.2616963
1,0.9315878
1,0.7675409
1,0.6402672
1,0.80973995
1,0.7127746
1,0.9488236
1,0.7390052
1,0.468998
1,0.91012675
1,0.3861473
1,0.6642701
1,0.7376048
1,0.17845422
1,0.18731159
1,0.9851927
1,0.8690774
1,0.2807634
1,0.9699214
1,0.50792474
1,0.74573094
1,0.70604205
1,0.9954234
1,0.48912498
1,0.6836829
1,0.5623108
1,0.9163471
1,0.91672456
1,0.5916322
1,0.66919905
1,0.60238945
1,0.9494649
1,0.9343526
1,0.922624
1,0.83697474
1,0.87446034
1,0.9948789
1,0.37858987
1,0.7038379
1,0.6775082
1,0.94587153
1,0.69795966
1,0.59011984
1,0.74491763
1,0.6445484
1,0.4497427
1,0.9999378
1,0.8287615
1,0.83516645
1,0.693135
1,0.80872947
1,0.6036885
1,0.461709
1,0.92915976
1,0.6341982
1,0.78812253
1,0.821713
1,0.99609214
1,0.68243474
1,0.86521494
1,0.9162339
1,0.97380936
1,0.6500803
1,0.5433905
1,0.6395856
1,0.91921407
1,0.60405934
0,0.09943131
0,0.04807156
1,0.22560844
1,0.78655076
1,0.73207814
1,0.82846105
1,0.90446305
1,0.6208092
1,0.85858303
1,0.99838555
1,0.8208296
1,0.52074414
1,0.99962723
1,0.5720498
1,0.68536085
1,0.59796757
1,0.99377877
1,0.7664672
1,0.60089236
1,0.38789737
1,0.9995678
1,0.5976612
1,0.5852203
1,0.6998208
1,0.3073223
1,0.8291456
1,0.6560833
1,0.5418356
1,0.92991817
1,0.94284904
1,0.6452694
1,0.6332102
1,0.75490755
1,0.4559907
1,0.9199556
1,0.36543113
1,0.9820733
1,0.8782908
1,0.67433923
1,0.73555285
1,0.9982527
1,0.7703374
1,0.5563177
1,0.6681807
1,0.6599158
1,0.5698483
1,0.58522856
1,0.991738
1,0.917837
1,0.6520377
1,0.9214097
1,0.99964356
1,0.716257
1,0.5653105
1,0.6366209
1,0.8433703
1,0.99804556
1,0.9045294
1,0.85365254
1,0.74743676
1,0.9966588
1,0.9933106
1,0.5932439
1,0.5923449
1,0.6159336
1,0.9861139
1,0.64699775
1,0.41536203
1,0.90323627
1,0.71010655
1,0.6647155
1,0.51081514
1,0.73016906
1,0.6413466
1,0.6324654
1,0.9954636
1,0.93950194
1,0.90906477
1,0.8552022
1,0.9448463
1,0.6714645
1,0.71954054
1,0.9007133
1,0.8561893
1,0.8959497
1,0.7996547
1,0.9989826
1,0.29892927
1,0.6350142
1,0.96788466
1,0.86101586
1,0.5610129
1,0.687068
1,0.5734049
1,0.47368526
1,0.62031776
1,0.9985067
1,0.995578
1,0.7405108
1,0.9917789
1,0.8962484
1,0.99996185
1,0.828714
1,0.4446707
1,0.6792681
1,0.8864417
1,0.7928471
1,0.96860707
1,0.924062
1,0.8625791
1,0.6114111
1,0.6522307
1,0.8046983
1,0.97410065
1,0.7229214
1,0.7719088
1,0.82179457
1,0.6689092
1,0.89682245
1,0.692662
1,0.8329519
1,0.9593325
1,0.8747735
1,0.8017015
1,0.7609511
1,0.9986628
1,0.808887
1,0.74599344
1,0.9308784
1,0.57283324
1,0.4155384
1,0.7534025
1,0.9200804
1,0.9985946
1,0.970022
1,0.87408096
1,0.84655935
1,0.89029884
1,0.9874576
1,0.5391898
1,0.8488296
1,0.99951386
1,0.95969504
1,0.9969964
1,0.9884165
1,0.5769609
1,0.8458825
1,0.71809554
1,0.64243734
1,0.92171395
1,0.9993611
1,0.6982272
1,0.8860119
1,0.98218936
1,0.6594548
1,0.6172425
1,0.425993
1,0.9956065
1,0.82263595
1,0.5767018
1,0.956728
1,0.67505723
1,0.8388367
1,0.80213857
1,0.99675804
1,0.69430244
1,0.81605494
1,0.53923297
1,0.47811455
1,0.6443135
1,0.42873418
1,0.9376647
1,0.78143394
1,0.24482702
1,0.7814071
1,0.9979747
1,0.9377906
1,0.7602415
1,0.5018769
1,0.6465928
1,0.88482654
1,0.9836421
1,0.56566703
1,0.8436958
1,0.9801051
1,0.7085395
1,0.763086
1,0.71978885
1,0.8808062
1,0.67032015
1,0.7374207
1,0.73904806
1,0.8336461
1,0.87413925
1,0.6882895
1,0.9996011
1,0.6975374
1,0.6896888
1,0.7589923
1,0.8926159
1,0.5639635
1,0.7989297
1,0.50102437
1,0.7886602
1,0.78049666
1,0.42007682
1,0.5806195
1,0.09994092
1,0.2865952
1,0.9919871
1,0.5600716
1,0.9464452
1,0.9906641
1,0.90704364
1,0.9981351
1,0.9576411
1,0.55932146
1,0.55062306
1,0.89178216
1,0.9958412
1,0.8207758
1,0.72215986
1,0.6724476
1,0.924452
1,0.9476197
1,0.8848836
1,0.832803
1,0.5708241
1,0.70763886
1,0.8952266
1,0.5933532
1,0.7405503
1,0.9720456
1,0.6681635
1,0.73508567
1,0.69979525
1,0.994294
1,0.8730036
1,0.6083122
1,0.8427556
1,0.9891914
1,0.6405685
1,0.9716631
1,0.52943647
1,0.8298241
1,0.99988794
1,0.77260894
1,0.9980545
1,0.9928853
1,0.6219344
1,0.6715015
1,0.83387905
1,0.7328239
1,0.76270545
1,0.6333508
1,0.54377866
1,0.6942863
1,0.6954585
1,0.70227575
1,0.9261718
1,0.8323638
1,0.658956
1,0.78366685
1,0.99920726
1,0.4644396
1,0.7437127
1,0.8157784
1,0.7694465
1,0.9996542
1,0.6929678
1,0.93929046
1,0.67849547
1,0.4308293
1,0.89408076
1,0.7506997
1,0.9004454
1,0.9901813
1,0.81298137
1,0.97608227
1,0.64913064
1,0.8358036
1,0.9729857
1,0.8149048
1,0.8682323
1,0.9983432
1,0.73399186
1,0.74268645
1,0.70488656
1,0.9790383
1,0.749149
1,0.98007923
1,0.976862
1,0.75494695
1,0.65672827
1,0.9533281
1,0.94530964
1,0.9186127
1,0.61857903
1,0.6928621
1,0.7526958
1,0.65649647
1,0.53226036
1,0.70057493
1,0.8158745
1,0.7729001
1,0.62658954
1,0.9987404
1,0.92164195
1,0.61502147
1,0.60106933
1,0.8274565
1,0.99965966
1,0.79855245
1,0.6090085
1,0.62865466
1,0.6797779
1,0.7805634
1,0.9211153
1,0.9764598
1,0.99937177
1,0.9965899
1,0.87868094
1,0.9199789
1,0.97652406
1,0.93034184
1,0.8185263
1,0.9999825
1,0.99913394
1,0.8707548
1,0.9924021
1,0.7139759
1,0.87867147
1,0.74408203
1,0.5500674
1,0.9921829
1,0.8307438
1,0.46898305
1,0.8239042
1,0.9759495
1,0.86392665
1,0.9813902
1,0.84028846
1,0.611803
1,0.60604036
1,0.8641991
1,0.3536901
1,0.72472984
1,0.9086893
1,0.8085909
1,0.31804752
1,0.8599531
1,0.9419188
1,0.88873416
1,0.62624127
1,0.49807316
1,0.6545534
1,0.52281284
1,0.81472015
1,0.8518519
1,0.6687104
1,0.85852623
1,0.9823711
1,0.78151304
1,0.52483857
1,0.97956455
1,0.9865676
1,0.78300077
1,0.7050667
1,0.8410757
1,0.9997901
1,0.7979171
1,0.70894474
1,0.9977882
1,0.61643827
1,0.62404466
1,0.8116613
1,0.5792139
1,0.8276674
1,0.6142699
1,0.71909285
1,0.99968475
1,0.6295406
1,0.685845
1,0.4765423
0,0.57568467
0,0.11519666
0,0.23890978
0,0.37641856
0,0.17837046
0,0.17047286
0,0.026137982
0,0.18449762
0,0.4948354
0,0.6275045
0,0.5916638
0,0.08714567
0,0.24444707
0,0.065413125
0,0.112150736
0,0.43957967
0,0.21238251
0,0.14293094
0,0.082604714
0,0.1161854
0,0.06327888
0,0.44791526
0,0.023420157
0,0.5452352
0,0.046449486
0,0.16967902
0,0.18659922
0,0.0734817
0,0.66465586
0,0.20392147
0,0.19366565
0,0.18661396
0,0.43685147
0,0.45126814
0,0.035784464
0,0.054064706
0,0.22458248
0,0.23167756
0,0.12551093
0,0.64010286
0,0.048147663
0,0.3819149
0,0.70926857
0,0.5981001
0,0.5531583
0,0.14471598
0,0.03992756
0,0.5425136
0,0.093981385
0,0.79761887
0,0.13370779
0,0.53077704
0,0.5310204
0,0.5193505
0,0.43023118
0,0.109052554
0,0.7687793
0,0.22771181
0,0.39465657
0,0.7825717
0,0.10693163
0,0.040837955
0,0.048452888
0,0.040803228
0,0.41119692
0,0.727066
0,0.45454085
0,0.63678515
0,0.027575262
0,0.3527519
0,0.15056807
0,0.6356787
0,0.54047143
0,0.7503094
0,0.06239468
0,0.07215434
0,0.54687804
0,0.50888646
0,0.56053424
0,0.21255106
0,0.7245686
0,0.08636527
0,0.62417674
0,0.51343685
